<?xml version="1.0" encoding="UTF-8"?>
<gpx xmlns="http://www.topografix.com/GPX/1/1" xmlns:gpxtpx="http://www.garmin.com/xmlschemas/TrackPointExtension/v1" xmlns:xsi="http://www.w3.org/2001/XMLSchema-instance" xsi:schemaLocation="http://www.topografix.com/GPX/1/1 http://www.topografix.com/GPX/1/1/gpx.xsd" version="1.1" creator="gpx.py -- https://github.com/tkrajina/gpxpy">
  <trk>
    <name>gpx from keep</name>
    <type>Run</type>
    <trkseg>
      <trkpt lat="31.922656016490503" lon="120.59129258043242">
        <ele>7.574271759018302</ele>
        <time>7530-07-26T01:25:41Z</time>
      </trkpt>
      <trkpt lat="31.922642599666702" lon="120.59128759155169">
        <ele>7.501873858273029</ele>
        <time>1970-01-01T00:00:00.900000Z</time>
        <extensions>
          <gpxtpx:TrackPointExtension>
            <gpxtpx:hr>117</gpxtpx:hr>
          </gpxtpx:TrackPointExtension>
        </extensions>
      </trkpt>
      <trkpt lat="31.922622921512076" lon="120.59127817899669">
        <ele>7.39887691475451</ele>
        <time>1970-01-01T00:00:02.500000Z</time>
        <extensions>
          <gpxtpx:TrackPointExtension>
            <gpxtpx:hr>117</gpxtpx:hr>
          </gpxtpx:TrackPointExtension>
        </extensions>
      </trkpt>
      <trkpt lat="31.922610197577416" lon="120.5912708526798">
        <ele>7.331415392458439</ele>
        <time>1970-01-01T00:00:03.500000Z</time>
        <extensions>
          <gpxtpx:TrackPointExtension>
            <gpxtpx:hr>121</gpxtpx:hr>
          </gpxtpx:TrackPointExtension>
        </extensions>
      </trkpt>
      <trkpt lat="31.922597207522994" lon="120.59126315602977">
        <ele>7.2655223133042455</ele>
        <time>1970-01-01T00:00:04.500000Z</time>
        <extensions>
          <gpxtpx:TrackPointExtension>
            <gpxtpx:hr>121</gpxtpx:hr>
          </gpxtpx:TrackPointExtension>
        </extensions>
      </trkpt>
      <trkpt lat="31.92258416522674" lon="120.59125530974913">
        <ele>7.202605240046978</ele>
        <time>1970-01-01T00:00:05.500000Z</time>
        <extensions>
          <gpxtpx:TrackPointExtension>
            <gpxtpx:hr>121</gpxtpx:hr>
          </gpxtpx:TrackPointExtension>
        </extensions>
      </trkpt>
      <trkpt lat="31.922572172387753" lon="120.59124616440917">
        <ele>7.141983635723591</ele>
        <time>1970-01-01T00:00:06.500000Z</time>
        <extensions>
          <gpxtpx:TrackPointExtension>
            <gpxtpx:hr>121</gpxtpx:hr>
          </gpxtpx:TrackPointExtension>
        </extensions>
      </trkpt>
      <trkpt lat="31.9225608182459" lon="120.59123591263423">
        <ele>7.079399605281651</ele>
        <time>1970-01-01T00:00:07.500000Z</time>
        <extensions>
          <gpxtpx:TrackPointExtension>
            <gpxtpx:hr>121</gpxtpx:hr>
          </gpxtpx:TrackPointExtension>
        </extensions>
      </trkpt>
      <trkpt lat="31.922549055064007" lon="120.59122657226737">
        <ele>7.022561566904187</ele>
        <time>1970-01-01T00:00:08.500000Z</time>
        <extensions>
          <gpxtpx:TrackPointExtension>
            <gpxtpx:hr>124</gpxtpx:hr>
          </gpxtpx:TrackPointExtension>
        </extensions>
      </trkpt>
      <trkpt lat="31.92253674957605" lon="120.59121850011117">
        <ele>6.9698259979486465</ele>
        <time>1970-01-01T00:00:09.500000Z</time>
        <extensions>
          <gpxtpx:TrackPointExtension>
            <gpxtpx:hr>124</gpxtpx:hr>
          </gpxtpx:TrackPointExtension>
        </extensions>
      </trkpt>
      <trkpt lat="31.922524442727234" lon="120.59121063502387">
        <ele>6.921605842188001</ele>
        <time>1970-01-01T00:00:10.500000Z</time>
        <extensions>
          <gpxtpx:TrackPointExtension>
            <gpxtpx:hr>124</gpxtpx:hr>
          </gpxtpx:TrackPointExtension>
        </extensions>
      </trkpt>
      <trkpt lat="31.922512217365792" lon="120.59120255593842">
        <ele>6.877240818925202</ele>
        <time>1970-01-01T00:00:11.500000Z</time>
        <extensions>
          <gpxtpx:TrackPointExtension>
            <gpxtpx:hr>124</gpxtpx:hr>
          </gpxtpx:TrackPointExtension>
        </extensions>
      </trkpt>
      <trkpt lat="31.92249968874274" lon="120.59119498399272">
        <ele>6.824542552232742</ele>
        <time>1970-01-01T00:00:12.500000Z</time>
        <extensions>
          <gpxtpx:TrackPointExtension>
            <gpxtpx:hr>124</gpxtpx:hr>
          </gpxtpx:TrackPointExtension>
        </extensions>
      </trkpt>
      <trkpt lat="31.922486988665277" lon="120.59118823913253">
        <ele>6.765564914792776</ele>
        <time>1970-01-01T00:00:13.500000Z</time>
        <extensions>
          <gpxtpx:TrackPointExtension>
            <gpxtpx:hr>124</gpxtpx:hr>
          </gpxtpx:TrackPointExtension>
        </extensions>
      </trkpt>
      <trkpt lat="31.92247448654629" lon="120.59118171417758">
        <ele>6.699420128017664</ele>
        <time>1970-01-01T00:00:14.500000Z</time>
        <extensions>
          <gpxtpx:TrackPointExtension>
            <gpxtpx:hr>124</gpxtpx:hr>
          </gpxtpx:TrackPointExtension>
        </extensions>
      </trkpt>
      <trkpt lat="31.922462384966856" lon="120.59117489449896">
        <ele>6.628271740861237</ele>
        <time>1970-01-01T00:00:15.500000Z</time>
        <extensions>
          <gpxtpx:TrackPointExtension>
            <gpxtpx:hr>124</gpxtpx:hr>
          </gpxtpx:TrackPointExtension>
        </extensions>
      </trkpt>
      <trkpt lat="31.92245087567251" lon="120.591167258443">
        <ele>6.5517825447022915</ele>
        <time>1970-01-01T00:00:16.500000Z</time>
        <extensions>
          <gpxtpx:TrackPointExtension>
            <gpxtpx:hr>124</gpxtpx:hr>
          </gpxtpx:TrackPointExtension>
        </extensions>
      </trkpt>
      <trkpt lat="31.922439131368414" lon="120.59116060671838">
        <ele>6.48682211432606</ele>
        <time>1970-01-01T00:00:17.500000Z</time>
        <extensions>
          <gpxtpx:TrackPointExtension>
            <gpxtpx:hr>124</gpxtpx:hr>
          </gpxtpx:TrackPointExtension>
        </extensions>
      </trkpt>
      <trkpt lat="31.922427061743594" lon="120.59115526456692">
        <ele>6.423444245010614</ele>
        <time>1970-01-01T00:00:18.500000Z</time>
        <extensions>
          <gpxtpx:TrackPointExtension>
            <gpxtpx:hr>124</gpxtpx:hr>
          </gpxtpx:TrackPointExtension>
        </extensions>
      </trkpt>
      <trkpt lat="31.922415119803308" lon="120.59114952882268">
        <ele>6.354957860894501</ele>
        <time>1970-01-01T00:00:19.500000Z</time>
        <extensions>
          <gpxtpx:TrackPointExtension>
            <gpxtpx:hr>124</gpxtpx:hr>
          </gpxtpx:TrackPointExtension>
        </extensions>
      </trkpt>
      <trkpt lat="31.92240330431697" lon="120.59114353928625">
        <ele>6.285919880494475</ele>
        <time>1970-01-01T00:00:20.500000Z</time>
        <extensions>
          <gpxtpx:TrackPointExtension>
            <gpxtpx:hr>124</gpxtpx:hr>
          </gpxtpx:TrackPointExtension>
        </extensions>
      </trkpt>
      <trkpt lat="31.922391425301488" lon="120.5911379360425">
        <ele>6.222818315029144</ele>
        <time>1970-01-01T00:00:21.500000Z</time>
        <extensions>
          <gpxtpx:TrackPointExtension>
            <gpxtpx:hr>122</gpxtpx:hr>
          </gpxtpx:TrackPointExtension>
        </extensions>
      </trkpt>
      <trkpt lat="31.922379465830932" lon="120.59113131196055">
        <ele>6.155327416025102</ele>
        <time>1970-01-01T00:00:22.500000Z</time>
        <extensions>
          <gpxtpx:TrackPointExtension>
            <gpxtpx:hr>122</gpxtpx:hr>
          </gpxtpx:TrackPointExtension>
        </extensions>
      </trkpt>
      <trkpt lat="31.922367564651037" lon="120.5911233131188">
        <ele>6.086919351480901</ele>
        <time>1970-01-01T00:00:23.500000Z</time>
        <extensions>
          <gpxtpx:TrackPointExtension>
            <gpxtpx:hr>122</gpxtpx:hr>
          </gpxtpx:TrackPointExtension>
        </extensions>
      </trkpt>
      <trkpt lat="31.922355539824245" lon="120.59111544818886">
        <ele>6.01737164426595</ele>
        <time>1970-01-01T00:00:24.500000Z</time>
        <extensions>
          <gpxtpx:TrackPointExtension>
            <gpxtpx:hr>122</gpxtpx:hr>
          </gpxtpx:TrackPointExtension>
        </extensions>
      </trkpt>
      <trkpt lat="31.922343013006476" lon="120.59110840010872">
        <ele>5.947177066467702</ele>
        <time>1970-01-01T00:00:25.500000Z</time>
        <extensions>
          <gpxtpx:TrackPointExtension>
            <gpxtpx:hr>122</gpxtpx:hr>
          </gpxtpx:TrackPointExtension>
        </extensions>
      </trkpt>
      <trkpt lat="31.92233040663001" lon="120.59110142931331">
        <ele>5.889671112410724</ele>
        <time>1970-01-01T00:00:26.500000Z</time>
        <extensions>
          <gpxtpx:TrackPointExtension>
            <gpxtpx:hr>122</gpxtpx:hr>
          </gpxtpx:TrackPointExtension>
        </extensions>
      </trkpt>
      <trkpt lat="31.922317586135453" lon="120.59109458395707">
        <ele>5.835150529630482</ele>
        <time>1970-01-01T00:00:27.500000Z</time>
        <extensions>
          <gpxtpx:TrackPointExtension>
            <gpxtpx:hr>124</gpxtpx:hr>
          </gpxtpx:TrackPointExtension>
        </extensions>
      </trkpt>
      <trkpt lat="31.92230438351803" lon="120.5910884869905">
        <ele>5.788544385693967</ele>
        <time>1970-01-01T00:00:28.500000Z</time>
        <extensions>
          <gpxtpx:TrackPointExtension>
            <gpxtpx:hr>124</gpxtpx:hr>
          </gpxtpx:TrackPointExtension>
        </extensions>
      </trkpt>
      <trkpt lat="31.922291431081156" lon="120.59108233457482">
        <ele>5.732979387044907</ele>
        <time>1970-01-01T00:00:29.500000Z</time>
        <extensions>
          <gpxtpx:TrackPointExtension>
            <gpxtpx:hr>124</gpxtpx:hr>
          </gpxtpx:TrackPointExtension>
        </extensions>
      </trkpt>
      <trkpt lat="31.922278810468857" lon="120.59107560458177">
        <ele>5.683489244431257</ele>
        <time>1970-01-01T00:00:30.500000Z</time>
        <extensions>
          <gpxtpx:TrackPointExtension>
            <gpxtpx:hr>124</gpxtpx:hr>
          </gpxtpx:TrackPointExtension>
        </extensions>
      </trkpt>
      <trkpt lat="31.92226637794566" lon="120.59106844485393">
        <ele>5.636814377270639</ele>
        <time>1970-01-01T00:00:31.500000Z</time>
        <extensions>
          <gpxtpx:TrackPointExtension>
            <gpxtpx:hr>124</gpxtpx:hr>
          </gpxtpx:TrackPointExtension>
        </extensions>
      </trkpt>
      <trkpt lat="31.92225394633504" lon="120.5910612268448">
        <ele>5.595340964384377</ele>
        <time>1970-01-01T00:00:32.500000Z</time>
        <extensions>
          <gpxtpx:TrackPointExtension>
            <gpxtpx:hr>118</gpxtpx:hr>
          </gpxtpx:TrackPointExtension>
        </extensions>
      </trkpt>
      <trkpt lat="31.92224119326059" lon="120.59105405100148">
        <ele>5.562184977345169</ele>
        <time>1970-01-01T00:00:33.500000Z</time>
        <extensions>
          <gpxtpx:TrackPointExtension>
            <gpxtpx:hr>118</gpxtpx:hr>
          </gpxtpx:TrackPointExtension>
        </extensions>
      </trkpt>
      <trkpt lat="31.922227836076082" lon="120.5910468052205">
        <ele>5.541984619572759</ele>
        <time>1970-01-01T00:00:34.500000Z</time>
        <extensions>
          <gpxtpx:TrackPointExtension>
            <gpxtpx:hr>118</gpxtpx:hr>
          </gpxtpx:TrackPointExtension>
        </extensions>
      </trkpt>
      <trkpt lat="31.92221384750501" lon="120.59103935219237">
        <ele>5.525537058711052</ele>
        <time>1970-01-01T00:00:35.500000Z</time>
        <extensions>
          <gpxtpx:TrackPointExtension>
            <gpxtpx:hr>118</gpxtpx:hr>
          </gpxtpx:TrackPointExtension>
        </extensions>
      </trkpt>
      <trkpt lat="31.92219916680197" lon="120.5910311090436">
        <ele>5.512230417691171</ele>
        <time>1970-01-01T00:00:36.500000Z</time>
        <extensions>
          <gpxtpx:TrackPointExtension>
            <gpxtpx:hr>118</gpxtpx:hr>
          </gpxtpx:TrackPointExtension>
        </extensions>
      </trkpt>
      <trkpt lat="31.92218390568404" lon="120.59102302767536">
        <ele>5.522469441406429</ele>
        <time>1970-01-01T00:00:37.500000Z</time>
        <extensions>
          <gpxtpx:TrackPointExtension>
            <gpxtpx:hr>118</gpxtpx:hr>
          </gpxtpx:TrackPointExtension>
        </extensions>
      </trkpt>
      <trkpt lat="31.922168655064695" lon="120.59101555293941">
        <ele>5.55410807300359</ele>
        <time>1970-01-01T00:00:38.500000Z</time>
        <extensions>
          <gpxtpx:TrackPointExtension>
            <gpxtpx:hr>118</gpxtpx:hr>
          </gpxtpx:TrackPointExtension>
        </extensions>
      </trkpt>
      <trkpt lat="31.922153882513815" lon="120.59100777766135">
        <ele>5.5942459888756275</ele>
        <time>1970-01-01T00:00:39.500000Z</time>
        <extensions>
          <gpxtpx:TrackPointExtension>
            <gpxtpx:hr>118</gpxtpx:hr>
          </gpxtpx:TrackPointExtension>
        </extensions>
      </trkpt>
      <trkpt lat="31.922139578787977" lon="120.59099912345438">
        <ele>5.651051977649331</ele>
        <time>1970-01-01T00:00:40.500000Z</time>
        <extensions>
          <gpxtpx:TrackPointExtension>
            <gpxtpx:hr>118</gpxtpx:hr>
          </gpxtpx:TrackPointExtension>
        </extensions>
      </trkpt>
      <trkpt lat="31.92212542224884" lon="120.59099051897002">
        <ele>5.715516209602356</ele>
        <time>1970-01-01T00:00:41.500000Z</time>
        <extensions>
          <gpxtpx:TrackPointExtension>
            <gpxtpx:hr>118</gpxtpx:hr>
          </gpxtpx:TrackPointExtension>
        </extensions>
      </trkpt>
      <trkpt lat="31.922110959270256" lon="120.59098346000373">
        <ele>5.789184965193272</ele>
        <time>1970-01-01T00:00:42.500000Z</time>
        <extensions>
          <gpxtpx:TrackPointExtension>
            <gpxtpx:hr>118</gpxtpx:hr>
          </gpxtpx:TrackPointExtension>
        </extensions>
      </trkpt>
      <trkpt lat="31.922096336774903" lon="120.59097729985099">
        <ele>5.85331348516047</ele>
        <time>1970-01-01T00:00:43.500000Z</time>
        <extensions>
          <gpxtpx:TrackPointExtension>
            <gpxtpx:hr>118</gpxtpx:hr>
          </gpxtpx:TrackPointExtension>
        </extensions>
      </trkpt>
      <trkpt lat="31.922081924625363" lon="120.59097048425036">
        <ele>5.935711952857673</ele>
        <time>1970-01-01T00:00:44.500000Z</time>
        <extensions>
          <gpxtpx:TrackPointExtension>
            <gpxtpx:hr>118</gpxtpx:hr>
          </gpxtpx:TrackPointExtension>
        </extensions>
      </trkpt>
      <trkpt lat="31.922067553769594" lon="120.59096341016517">
        <ele>6.019103401340544</ele>
        <time>1970-01-01T00:00:45.500000Z</time>
        <extensions>
          <gpxtpx:TrackPointExtension>
            <gpxtpx:hr>118</gpxtpx:hr>
          </gpxtpx:TrackPointExtension>
        </extensions>
      </trkpt>
      <trkpt lat="31.922052755982506" lon="120.59095744812147">
        <ele>6.099534031003714</ele>
        <time>1970-01-01T00:00:46.500000Z</time>
        <extensions>
          <gpxtpx:TrackPointExtension>
            <gpxtpx:hr>118</gpxtpx:hr>
          </gpxtpx:TrackPointExtension>
        </extensions>
      </trkpt>
      <trkpt lat="31.922037411196957" lon="120.59095364973928">
        <ele>6.166440742090344</ele>
        <time>1970-01-01T00:00:47.500000Z</time>
        <extensions>
          <gpxtpx:TrackPointExtension>
            <gpxtpx:hr>118</gpxtpx:hr>
          </gpxtpx:TrackPointExtension>
        </extensions>
      </trkpt>
      <trkpt lat="31.922021638316817" lon="120.59095111764924">
        <ele>6.204474875703454</ele>
        <time>1970-01-01T00:00:48.500000Z</time>
        <extensions>
          <gpxtpx:TrackPointExtension>
            <gpxtpx:hr>118</gpxtpx:hr>
          </gpxtpx:TrackPointExtension>
        </extensions>
      </trkpt>
      <trkpt lat="31.92200614499628" lon="120.59094779508855">
        <ele>6.247528153471649</ele>
        <time>1970-01-01T00:00:49.500000Z</time>
        <extensions>
          <gpxtpx:TrackPointExtension>
            <gpxtpx:hr>118</gpxtpx:hr>
          </gpxtpx:TrackPointExtension>
        </extensions>
      </trkpt>
      <trkpt lat="31.921991281950906" lon="120.59094330415623">
        <ele>6.270727114751935</ele>
        <time>1970-01-01T00:00:50.500000Z</time>
        <extensions>
          <gpxtpx:TrackPointExtension>
            <gpxtpx:hr>118</gpxtpx:hr>
          </gpxtpx:TrackPointExtension>
        </extensions>
      </trkpt>
      <trkpt lat="31.92197706145084" lon="120.59093712009627">
        <ele>6.278900844044983</ele>
        <time>1970-01-01T00:00:51.500000Z</time>
        <extensions>
          <gpxtpx:TrackPointExtension>
            <gpxtpx:hr>119</gpxtpx:hr>
          </gpxtpx:TrackPointExtension>
        </extensions>
      </trkpt>
      <trkpt lat="31.92196297528294" lon="120.59093011404941">
        <ele>6.280336094088852</ele>
        <time>1970-01-01T00:00:52.500000Z</time>
        <extensions>
          <gpxtpx:TrackPointExtension>
            <gpxtpx:hr>119</gpxtpx:hr>
          </gpxtpx:TrackPointExtension>
        </extensions>
      </trkpt>
      <trkpt lat="31.921948737129544" lon="120.59092342517704">
        <ele>6.263529296033084</ele>
        <time>1970-01-01T00:00:53.500000Z</time>
        <extensions>
          <gpxtpx:TrackPointExtension>
            <gpxtpx:hr>119</gpxtpx:hr>
          </gpxtpx:TrackPointExtension>
        </extensions>
      </trkpt>
      <trkpt lat="31.921934350640228" lon="120.5909165306853">
        <ele>6.240118188783526</ele>
        <time>1970-01-01T00:00:54.500000Z</time>
        <extensions>
          <gpxtpx:TrackPointExtension>
            <gpxtpx:hr>119</gpxtpx:hr>
          </gpxtpx:TrackPointExtension>
        </extensions>
      </trkpt>
      <trkpt lat="31.921920045263253" lon="120.59090949757511">
        <ele>6.192583464086056</ele>
        <time>1970-01-01T00:00:55.500000Z</time>
        <extensions>
          <gpxtpx:TrackPointExtension>
            <gpxtpx:hr>119</gpxtpx:hr>
          </gpxtpx:TrackPointExtension>
        </extensions>
      </trkpt>
      <trkpt lat="31.921906322865773" lon="120.59090210483514">
        <ele>6.128785559907556</ele>
        <time>1970-01-01T00:00:56.500000Z</time>
        <extensions>
          <gpxtpx:TrackPointExtension>
            <gpxtpx:hr>119</gpxtpx:hr>
          </gpxtpx:TrackPointExtension>
        </extensions>
      </trkpt>
      <trkpt lat="31.9218934990932" lon="120.59089351990467">
        <ele>6.054697449319065</ele>
        <time>1970-01-01T00:00:57.500000Z</time>
        <extensions>
          <gpxtpx:TrackPointExtension>
            <gpxtpx:hr>119</gpxtpx:hr>
          </gpxtpx:TrackPointExtension>
        </extensions>
      </trkpt>
      <trkpt lat="31.921881231248808" lon="120.59088393545692">
        <ele>5.97148816101253</ele>
        <time>1970-01-01T00:00:58.500000Z</time>
        <extensions>
          <gpxtpx:TrackPointExtension>
            <gpxtpx:hr>119</gpxtpx:hr>
          </gpxtpx:TrackPointExtension>
        </extensions>
      </trkpt>
      <trkpt lat="31.921868746825897" lon="120.59087409703082">
        <ele>5.881218371912837</ele>
        <time>1970-01-01T00:00:59.500000Z</time>
        <extensions>
          <gpxtpx:TrackPointExtension>
            <gpxtpx:hr>119</gpxtpx:hr>
          </gpxtpx:TrackPointExtension>
        </extensions>
      </trkpt>
      <trkpt lat="31.92185573682458" lon="120.59086442597454">
        <ele>5.778036651201546</ele>
        <time>1970-01-01T00:01:00.500000Z</time>
        <extensions>
          <gpxtpx:TrackPointExtension>
            <gpxtpx:hr>119</gpxtpx:hr>
          </gpxtpx:TrackPointExtension>
        </extensions>
      </trkpt>
      <trkpt lat="31.921842410979583" lon="120.590855127865">
        <ele>5.678107784129679</ele>
        <time>1970-01-01T00:01:01.500000Z</time>
        <extensions>
          <gpxtpx:TrackPointExtension>
            <gpxtpx:hr>120</gpxtpx:hr>
          </gpxtpx:TrackPointExtension>
        </extensions>
      </trkpt>
      <trkpt lat="31.92182911455052" lon="120.59084546130265">
        <ele>5.569349583238363</ele>
        <time>1970-01-01T00:01:02.500000Z</time>
        <extensions>
          <gpxtpx:TrackPointExtension>
            <gpxtpx:hr>120</gpxtpx:hr>
          </gpxtpx:TrackPointExtension>
        </extensions>
      </trkpt>
      <trkpt lat="31.921815896493715" lon="120.59083571082954">
        <ele>5.460525378584862</ele>
        <time>1970-01-01T00:01:03.500000Z</time>
        <extensions>
          <gpxtpx:TrackPointExtension>
            <gpxtpx:hr>120</gpxtpx:hr>
          </gpxtpx:TrackPointExtension>
        </extensions>
      </trkpt>
      <trkpt lat="31.921802758149372" lon="120.5908260494204">
        <ele>5.351090453565121</ele>
        <time>1970-01-01T00:01:04.500000Z</time>
        <extensions>
          <gpxtpx:TrackPointExtension>
            <gpxtpx:hr>120</gpxtpx:hr>
          </gpxtpx:TrackPointExtension>
        </extensions>
      </trkpt>
      <trkpt lat="31.921789598733913" lon="120.59081628773538">
        <ele>5.2493096347898245</ele>
        <time>1970-01-01T00:01:05.500000Z</time>
        <extensions>
          <gpxtpx:TrackPointExtension>
            <gpxtpx:hr>122</gpxtpx:hr>
          </gpxtpx:TrackPointExtension>
        </extensions>
      </trkpt>
      <trkpt lat="31.92177605586137" lon="120.59080746276915">
        <ele>5.144257168285549</ele>
        <time>1970-01-01T00:01:06.500000Z</time>
        <extensions>
          <gpxtpx:TrackPointExtension>
            <gpxtpx:hr>122</gpxtpx:hr>
          </gpxtpx:TrackPointExtension>
        </extensions>
      </trkpt>
      <trkpt lat="31.921762185825344" lon="120.59079914870814">
        <ele>5.038712644949555</ele>
        <time>1970-01-01T00:01:07.500000Z</time>
        <extensions>
          <gpxtpx:TrackPointExtension>
            <gpxtpx:hr>122</gpxtpx:hr>
          </gpxtpx:TrackPointExtension>
        </extensions>
      </trkpt>
      <trkpt lat="31.921748368079683" lon="120.59079032643251">
        <ele>4.939067533239722</ele>
        <time>1970-01-01T00:01:08.500000Z</time>
        <extensions>
          <gpxtpx:TrackPointExtension>
            <gpxtpx:hr>122</gpxtpx:hr>
          </gpxtpx:TrackPointExtension>
        </extensions>
      </trkpt>
      <trkpt lat="31.9217347550299" lon="120.59078108532098">
        <ele>4.835298150777817</ele>
        <time>1970-01-01T00:01:09.500000Z</time>
        <extensions>
          <gpxtpx:TrackPointExtension>
            <gpxtpx:hr>122</gpxtpx:hr>
          </gpxtpx:TrackPointExtension>
        </extensions>
      </trkpt>
      <trkpt lat="31.921721154501824" lon="120.59077178704393">
        <ele>4.739222384057939</ele>
        <time>1970-01-01T00:01:10.500000Z</time>
        <extensions>
          <gpxtpx:TrackPointExtension>
            <gpxtpx:hr>122</gpxtpx:hr>
          </gpxtpx:TrackPointExtension>
        </extensions>
      </trkpt>
      <trkpt lat="31.92170741714512" lon="120.59076269091224">
        <ele>4.657552131451666</ele>
        <time>1970-01-01T00:01:11.500000Z</time>
        <extensions>
          <gpxtpx:TrackPointExtension>
            <gpxtpx:hr>122</gpxtpx:hr>
          </gpxtpx:TrackPointExtension>
        </extensions>
      </trkpt>
      <trkpt lat="31.92169345508484" lon="120.5907541711538">
        <ele>4.5764368418604136</ele>
        <time>1970-01-01T00:01:12.500000Z</time>
        <extensions>
          <gpxtpx:TrackPointExtension>
            <gpxtpx:hr>122</gpxtpx:hr>
          </gpxtpx:TrackPointExtension>
        </extensions>
      </trkpt>
      <trkpt lat="31.92167925483048" lon="120.59074595453309">
        <ele>4.4981341771781445</ele>
        <time>1970-01-01T00:01:13.500000Z</time>
        <extensions>
          <gpxtpx:TrackPointExtension>
            <gpxtpx:hr>122</gpxtpx:hr>
          </gpxtpx:TrackPointExtension>
        </extensions>
      </trkpt>
      <trkpt lat="31.92166521577634" lon="120.59073728782664">
        <ele>4.412205010652542</ele>
        <time>1970-01-01T00:01:14.500000Z</time>
        <extensions>
          <gpxtpx:TrackPointExtension>
            <gpxtpx:hr>122</gpxtpx:hr>
          </gpxtpx:TrackPointExtension>
        </extensions>
      </trkpt>
      <trkpt lat="31.92165162364497" lon="120.59072822263768">
        <ele>4.331878655590117</ele>
        <time>1970-01-01T00:01:15.500000Z</time>
        <extensions>
          <gpxtpx:TrackPointExtension>
            <gpxtpx:hr>122</gpxtpx:hr>
          </gpxtpx:TrackPointExtension>
        </extensions>
      </trkpt>
      <trkpt lat="31.921638967122867" lon="120.59071946331994">
        <ele>4.254962666891515</ele>
        <time>1970-01-01T00:01:16.500000Z</time>
        <extensions>
          <gpxtpx:TrackPointExtension>
            <gpxtpx:hr>124</gpxtpx:hr>
          </gpxtpx:TrackPointExtension>
        </extensions>
      </trkpt>
      <trkpt lat="31.921627154216583" lon="120.59071106096857">
        <ele>4.189240182749927</ele>
        <time>1970-01-01T00:01:17.500000Z</time>
        <extensions>
          <gpxtpx:TrackPointExtension>
            <gpxtpx:hr>124</gpxtpx:hr>
          </gpxtpx:TrackPointExtension>
        </extensions>
      </trkpt>
      <trkpt lat="31.921615714139364" lon="120.59070244906356">
        <ele>4.129108889959753</ele>
        <time>1970-01-01T00:01:18.500000Z</time>
        <extensions>
          <gpxtpx:TrackPointExtension>
            <gpxtpx:hr>124</gpxtpx:hr>
          </gpxtpx:TrackPointExtension>
        </extensions>
      </trkpt>
      <trkpt lat="31.921604191198714" lon="120.59069370451932">
        <ele>4.082488198764622</ele>
        <time>1970-01-01T00:01:19.500000Z</time>
        <extensions>
          <gpxtpx:TrackPointExtension>
            <gpxtpx:hr>124</gpxtpx:hr>
          </gpxtpx:TrackPointExtension>
        </extensions>
      </trkpt>
      <trkpt lat="31.92159213350313" lon="120.59068565131149">
        <ele>4.036210569553077</ele>
        <time>1970-01-01T00:01:20.500000Z</time>
        <extensions>
          <gpxtpx:TrackPointExtension>
            <gpxtpx:hr>124</gpxtpx:hr>
          </gpxtpx:TrackPointExtension>
        </extensions>
      </trkpt>
      <trkpt lat="31.921579067320966" lon="120.59067944243446">
        <ele>3.977447682991624</ele>
        <time>1970-01-01T00:01:21.500000Z</time>
        <extensions>
          <gpxtpx:TrackPointExtension>
            <gpxtpx:hr>122</gpxtpx:hr>
          </gpxtpx:TrackPointExtension>
        </extensions>
      </trkpt>
      <trkpt lat="31.921565680305978" lon="120.59067408132766">
        <ele>3.929056767374277</ele>
        <time>1970-01-01T00:01:22.500000Z</time>
        <extensions>
          <gpxtpx:TrackPointExtension>
            <gpxtpx:hr>122</gpxtpx:hr>
          </gpxtpx:TrackPointExtension>
        </extensions>
      </trkpt>
      <trkpt lat="31.92155261381815" lon="120.59066843962584">
        <ele>3.896978891454637</ele>
        <time>1970-01-01T00:01:23.500000Z</time>
        <extensions>
          <gpxtpx:TrackPointExtension>
            <gpxtpx:hr>122</gpxtpx:hr>
          </gpxtpx:TrackPointExtension>
        </extensions>
      </trkpt>
      <trkpt lat="31.921540481831858" lon="120.59066143018931">
        <ele>3.8643731893971562</ele>
        <time>1970-01-01T00:01:24.500000Z</time>
        <extensions>
          <gpxtpx:TrackPointExtension>
            <gpxtpx:hr>122</gpxtpx:hr>
          </gpxtpx:TrackPointExtension>
        </extensions>
      </trkpt>
      <trkpt lat="31.921528879714806" lon="120.59065311242638">
        <ele>3.8386272406205535</ele>
        <time>1970-01-01T00:01:25.500000Z</time>
        <extensions>
          <gpxtpx:TrackPointExtension>
            <gpxtpx:hr>122</gpxtpx:hr>
          </gpxtpx:TrackPointExtension>
        </extensions>
      </trkpt>
      <trkpt lat="31.921516530875603" lon="120.5906456109354">
        <ele>3.8204075964167714</ele>
        <time>1970-01-01T00:01:26.500000Z</time>
        <extensions>
          <gpxtpx:TrackPointExtension>
            <gpxtpx:hr>122</gpxtpx:hr>
          </gpxtpx:TrackPointExtension>
        </extensions>
      </trkpt>
      <trkpt lat="31.92150288479819" lon="120.59063905042414">
        <ele>3.812170053832233</ele>
        <time>1970-01-01T00:01:27.500000Z</time>
        <extensions>
          <gpxtpx:TrackPointExtension>
            <gpxtpx:hr>122</gpxtpx:hr>
          </gpxtpx:TrackPointExtension>
        </extensions>
      </trkpt>
      <trkpt lat="31.921488614281717" lon="120.59063248246072">
        <ele>3.8049722211435437</ele>
        <time>1970-01-01T00:01:28.500000Z</time>
        <extensions>
          <gpxtpx:TrackPointExtension>
            <gpxtpx:hr>122</gpxtpx:hr>
          </gpxtpx:TrackPointExtension>
        </extensions>
      </trkpt>
      <trkpt lat="31.921474636689844" lon="120.59062573206315">
        <ele>3.8031043680384755</ele>
        <time>1970-01-01T00:01:29.500000Z</time>
        <extensions>
          <gpxtpx:TrackPointExtension>
            <gpxtpx:hr>122</gpxtpx:hr>
          </gpxtpx:TrackPointExtension>
        </extensions>
      </trkpt>
      <trkpt lat="31.921460855308574" lon="120.59061889068859">
        <ele>3.8055172814056277</ele>
        <time>1970-01-01T00:01:30.500000Z</time>
        <extensions>
          <gpxtpx:TrackPointExtension>
            <gpxtpx:hr>122</gpxtpx:hr>
          </gpxtpx:TrackPointExtension>
        </extensions>
      </trkpt>
      <trkpt lat="31.921447133638154" lon="120.59061196852488">
        <ele>3.8087825709953904</ele>
        <time>1970-01-01T00:01:31.500000Z</time>
        <extensions>
          <gpxtpx:TrackPointExtension>
            <gpxtpx:hr>121</gpxtpx:hr>
          </gpxtpx:TrackPointExtension>
        </extensions>
      </trkpt>
      <trkpt lat="31.921433597804103" lon="120.59060535695224">
        <ele>3.811866268515587</ele>
        <time>1970-01-01T00:01:32.500000Z</time>
        <extensions>
          <gpxtpx:TrackPointExtension>
            <gpxtpx:hr>121</gpxtpx:hr>
          </gpxtpx:TrackPointExtension>
        </extensions>
      </trkpt>
      <trkpt lat="31.92142049260918" lon="120.59059859560409">
        <ele>3.82842200063169</ele>
        <time>1970-01-01T00:01:33.500000Z</time>
        <extensions>
          <gpxtpx:TrackPointExtension>
            <gpxtpx:hr>121</gpxtpx:hr>
          </gpxtpx:TrackPointExtension>
        </extensions>
      </trkpt>
      <trkpt lat="31.921407976798395" lon="120.59059141501535">
        <ele>3.8470970140770078</ele>
        <time>1970-01-01T00:01:34.500000Z</time>
        <extensions>
          <gpxtpx:TrackPointExtension>
            <gpxtpx:hr>121</gpxtpx:hr>
          </gpxtpx:TrackPointExtension>
        </extensions>
      </trkpt>
      <trkpt lat="31.921395840657407" lon="120.59058375176205">
        <ele>3.8702601520344615</ele>
        <time>1970-01-01T00:01:35.500000Z</time>
        <extensions>
          <gpxtpx:TrackPointExtension>
            <gpxtpx:hr>121</gpxtpx:hr>
          </gpxtpx:TrackPointExtension>
        </extensions>
      </trkpt>
      <trkpt lat="31.921383620434113" lon="120.59057603655467">
        <ele>3.893036659806967</ele>
        <time>1970-01-01T00:01:36.500000Z</time>
        <extensions>
          <gpxtpx:TrackPointExtension>
            <gpxtpx:hr>124</gpxtpx:hr>
          </gpxtpx:TrackPointExtension>
        </extensions>
      </trkpt>
      <trkpt lat="31.92137125604568" lon="120.59056931696452">
        <ele>3.9131667958572507</ele>
        <time>1970-01-01T00:01:37.500000Z</time>
        <extensions>
          <gpxtpx:TrackPointExtension>
            <gpxtpx:hr>124</gpxtpx:hr>
          </gpxtpx:TrackPointExtension>
        </extensions>
      </trkpt>
      <trkpt lat="31.92135856352573" lon="120.59056362567864">
        <ele>3.9345247289165854</ele>
        <time>1970-01-01T00:01:38.500000Z</time>
        <extensions>
          <gpxtpx:TrackPointExtension>
            <gpxtpx:hr>124</gpxtpx:hr>
          </gpxtpx:TrackPointExtension>
        </extensions>
      </trkpt>
      <trkpt lat="31.921345944841388" lon="120.59055824683219">
        <ele>3.9534756457433105</ele>
        <time>1970-01-01T00:01:39.500000Z</time>
        <extensions>
          <gpxtpx:TrackPointExtension>
            <gpxtpx:hr>124</gpxtpx:hr>
          </gpxtpx:TrackPointExtension>
        </extensions>
      </trkpt>
      <trkpt lat="31.921333909695765" lon="120.59055241713756">
        <ele>3.9684830820187926</ele>
        <time>1970-01-01T00:01:40.500000Z</time>
        <extensions>
          <gpxtpx:TrackPointExtension>
            <gpxtpx:hr>124</gpxtpx:hr>
          </gpxtpx:TrackPointExtension>
        </extensions>
      </trkpt>
      <trkpt lat="31.921322301984983" lon="120.59054551282753">
        <ele>3.983521683141589</ele>
        <time>1970-01-01T00:01:41.500000Z</time>
        <extensions>
          <gpxtpx:TrackPointExtension>
            <gpxtpx:hr>125</gpxtpx:hr>
          </gpxtpx:TrackPointExtension>
        </extensions>
      </trkpt>
      <trkpt lat="31.92131069086293" lon="120.5905381446154">
        <ele>4.008114003576338</ele>
        <time>1970-01-01T00:01:42.500000Z</time>
        <extensions>
          <gpxtpx:TrackPointExtension>
            <gpxtpx:hr>125</gpxtpx:hr>
          </gpxtpx:TrackPointExtension>
        </extensions>
      </trkpt>
      <trkpt lat="31.921298809764398" lon="120.59053134742787">
        <ele>4.03622511960566</ele>
        <time>1970-01-01T00:01:43.500000Z</time>
        <extensions>
          <gpxtpx:TrackPointExtension>
            <gpxtpx:hr>125</gpxtpx:hr>
          </gpxtpx:TrackPointExtension>
        </extensions>
      </trkpt>
      <trkpt lat="31.921286731225347" lon="120.59052496792245">
        <ele>4.061401314102113</ele>
        <time>1970-01-01T00:01:44.500000Z</time>
        <extensions>
          <gpxtpx:TrackPointExtension>
            <gpxtpx:hr>125</gpxtpx:hr>
          </gpxtpx:TrackPointExtension>
        </extensions>
      </trkpt>
      <trkpt lat="31.921274718180232" lon="120.59051850876601">
        <ele>4.0823332387954</ele>
        <time>1970-01-01T00:01:45.500000Z</time>
        <extensions>
          <gpxtpx:TrackPointExtension>
            <gpxtpx:hr>126</gpxtpx:hr>
          </gpxtpx:TrackPointExtension>
        </extensions>
      </trkpt>
      <trkpt lat="31.921262920880267" lon="120.59051191591287">
        <ele>4.103231670334935</ele>
        <time>1970-01-01T00:01:46.500000Z</time>
        <extensions>
          <gpxtpx:TrackPointExtension>
            <gpxtpx:hr>126</gpxtpx:hr>
          </gpxtpx:TrackPointExtension>
        </extensions>
      </trkpt>
      <trkpt lat="31.921251205439795" lon="120.59050492070595">
        <ele>4.125683067366481</ele>
        <time>1970-01-01T00:01:47.500000Z</time>
        <extensions>
          <gpxtpx:TrackPointExtension>
            <gpxtpx:hr>126</gpxtpx:hr>
          </gpxtpx:TrackPointExtension>
        </extensions>
      </trkpt>
      <trkpt lat="31.921239778694638" lon="120.5904976805152">
        <ele>4.149234018288553</ele>
        <time>1970-01-01T00:01:48.500000Z</time>
        <extensions>
          <gpxtpx:TrackPointExtension>
            <gpxtpx:hr>126</gpxtpx:hr>
          </gpxtpx:TrackPointExtension>
        </extensions>
      </trkpt>
      <trkpt lat="31.92122838541213" lon="120.59049086417413">
        <ele>4.169589116238058</ele>
        <time>1970-01-01T00:01:49.500000Z</time>
        <extensions>
          <gpxtpx:TrackPointExtension>
            <gpxtpx:hr>126</gpxtpx:hr>
          </gpxtpx:TrackPointExtension>
        </extensions>
      </trkpt>
      <trkpt lat="31.921216770117997" lon="120.59048485668117">
        <ele>4.193161498755217</ele>
        <time>1970-01-01T00:01:50.500000Z</time>
        <extensions>
          <gpxtpx:TrackPointExtension>
            <gpxtpx:hr>126</gpxtpx:hr>
          </gpxtpx:TrackPointExtension>
        </extensions>
      </trkpt>
      <trkpt lat="31.921204998597176" lon="120.59047921141291">
        <ele>4.226571641862392</ele>
        <time>1970-01-01T00:01:51.500000Z</time>
        <extensions>
          <gpxtpx:TrackPointExtension>
            <gpxtpx:hr>126</gpxtpx:hr>
          </gpxtpx:TrackPointExtension>
        </extensions>
      </trkpt>
      <trkpt lat="31.921193068420227" lon="120.59047331564192">
        <ele>4.26076543610543</ele>
        <time>1970-01-01T00:01:52.500000Z</time>
        <extensions>
          <gpxtpx:TrackPointExtension>
            <gpxtpx:hr>126</gpxtpx:hr>
          </gpxtpx:TrackPointExtension>
        </extensions>
      </trkpt>
      <trkpt lat="31.92118138331971" lon="120.59046724873426">
        <ele>4.298953855410218</ele>
        <time>1970-01-01T00:01:53.500000Z</time>
        <extensions>
          <gpxtpx:TrackPointExtension>
            <gpxtpx:hr>126</gpxtpx:hr>
          </gpxtpx:TrackPointExtension>
        </extensions>
      </trkpt>
      <trkpt lat="31.921169840114807" lon="120.59046083739841">
        <ele>4.335666539147496</ele>
        <time>1970-01-01T00:01:54.500000Z</time>
        <extensions>
          <gpxtpx:TrackPointExtension>
            <gpxtpx:hr>126</gpxtpx:hr>
          </gpxtpx:TrackPointExtension>
        </extensions>
      </trkpt>
      <trkpt lat="31.921158026666358" lon="120.59045446687027">
        <ele>4.37131183501333</ele>
        <time>1970-01-01T00:01:55.500000Z</time>
        <extensions>
          <gpxtpx:TrackPointExtension>
            <gpxtpx:hr>126</gpxtpx:hr>
          </gpxtpx:TrackPointExtension>
        </extensions>
      </trkpt>
      <trkpt lat="31.921146158554198" lon="120.59044829253979">
        <ele>4.3997882679104805</ele>
        <time>1970-01-01T00:01:56.500000Z</time>
        <extensions>
          <gpxtpx:TrackPointExtension>
            <gpxtpx:hr>129</gpxtpx:hr>
          </gpxtpx:TrackPointExtension>
        </extensions>
      </trkpt>
      <trkpt lat="31.92113440428064" lon="120.59044196229539">
        <ele>4.429722471162677</ele>
        <time>1970-01-01T00:01:57.500000Z</time>
        <extensions>
          <gpxtpx:TrackPointExtension>
            <gpxtpx:hr>129</gpxtpx:hr>
          </gpxtpx:TrackPointExtension>
        </extensions>
      </trkpt>
      <trkpt lat="31.921122809826127" lon="120.59043558086375">
        <ele>4.462999438866973</ele>
        <time>1970-01-01T00:01:58.500000Z</time>
        <extensions>
          <gpxtpx:TrackPointExtension>
            <gpxtpx:hr>129</gpxtpx:hr>
          </gpxtpx:TrackPointExtension>
        </extensions>
      </trkpt>
      <trkpt lat="31.921111481363155" lon="120.59042907602176">
        <ele>4.491443826816976</ele>
        <time>1970-01-01T00:01:59.500000Z</time>
        <extensions>
          <gpxtpx:TrackPointExtension>
            <gpxtpx:hr>129</gpxtpx:hr>
          </gpxtpx:TrackPointExtension>
        </extensions>
      </trkpt>
      <trkpt lat="31.92110046272711" lon="120.59042189696562">
        <ele>4.539422678761184</ele>
        <time>1970-01-01T00:02:00.500000Z</time>
        <extensions>
          <gpxtpx:TrackPointExtension>
            <gpxtpx:hr>129</gpxtpx:hr>
          </gpxtpx:TrackPointExtension>
        </extensions>
      </trkpt>
      <trkpt lat="31.921089184801648" lon="120.59041455879559">
        <ele>4.589691914618015</ele>
        <time>1970-01-01T00:02:01.500000Z</time>
        <extensions>
          <gpxtpx:TrackPointExtension>
            <gpxtpx:hr>128</gpxtpx:hr>
          </gpxtpx:TrackPointExtension>
        </extensions>
      </trkpt>
      <trkpt lat="31.921077309566904" lon="120.59040785314346">
        <ele>4.6484753070399165</ele>
        <time>1970-01-01T00:02:02.500000Z</time>
        <extensions>
          <gpxtpx:TrackPointExtension>
            <gpxtpx:hr>128</gpxtpx:hr>
          </gpxtpx:TrackPointExtension>
        </extensions>
      </trkpt>
      <trkpt lat="31.921065022120356" lon="120.59040168327255">
        <ele>4.6910763420164585</ele>
        <time>1970-01-01T00:02:03.500000Z</time>
        <extensions>
          <gpxtpx:TrackPointExtension>
            <gpxtpx:hr>128</gpxtpx:hr>
          </gpxtpx:TrackPointExtension>
        </extensions>
      </trkpt>
      <trkpt lat="31.921052629482613" lon="120.59039537327898">
        <ele>4.725927535444498</ele>
        <time>1970-01-01T00:02:04.500000Z</time>
        <extensions>
          <gpxtpx:TrackPointExtension>
            <gpxtpx:hr>128</gpxtpx:hr>
          </gpxtpx:TrackPointExtension>
        </extensions>
      </trkpt>
      <trkpt lat="31.921040220379783" lon="120.59038823881215">
        <ele>4.77580189704895</ele>
        <time>1970-01-01T00:02:05.500000Z</time>
        <extensions>
          <gpxtpx:TrackPointExtension>
            <gpxtpx:hr>128</gpxtpx:hr>
          </gpxtpx:TrackPointExtension>
        </extensions>
      </trkpt>
      <trkpt lat="31.921027856153366" lon="120.59038054606606">
        <ele>4.809553658589721</ele>
        <time>1970-01-01T00:02:06.500000Z</time>
        <extensions>
          <gpxtpx:TrackPointExtension>
            <gpxtpx:hr>126</gpxtpx:hr>
          </gpxtpx:TrackPointExtension>
        </extensions>
      </trkpt>
      <trkpt lat="31.92101538854555" lon="120.59037279223547">
        <ele>4.833508471958339</ele>
        <time>1970-01-01T00:02:07.500000Z</time>
        <extensions>
          <gpxtpx:TrackPointExtension>
            <gpxtpx:hr>126</gpxtpx:hr>
          </gpxtpx:TrackPointExtension>
        </extensions>
      </trkpt>
      <trkpt lat="31.921002387585574" lon="120.59036584294026">
        <ele>4.843389046378434</ele>
        <time>1970-01-01T00:02:08.500000Z</time>
        <extensions>
          <gpxtpx:TrackPointExtension>
            <gpxtpx:hr>126</gpxtpx:hr>
          </gpxtpx:TrackPointExtension>
        </extensions>
      </trkpt>
      <trkpt lat="31.920988731442943" lon="120.59036006047366">
        <ele>4.846691623330116</ele>
        <time>1970-01-01T00:02:09.500000Z</time>
        <extensions>
          <gpxtpx:TrackPointExtension>
            <gpxtpx:hr>126</gpxtpx:hr>
          </gpxtpx:TrackPointExtension>
        </extensions>
      </trkpt>
      <trkpt lat="31.920975040276844" lon="120.59035391137103">
        <ele>4.832674709148705</ele>
        <time>1970-01-01T00:02:10.500000Z</time>
        <extensions>
          <gpxtpx:TrackPointExtension>
            <gpxtpx:hr>126</gpxtpx:hr>
          </gpxtpx:TrackPointExtension>
        </extensions>
      </trkpt>
      <trkpt lat="31.920961800055178" lon="120.59034625473468">
        <ele>4.8193462416529655</ele>
        <time>1970-01-01T00:02:11.500000Z</time>
        <extensions>
          <gpxtpx:TrackPointExtension>
            <gpxtpx:hr>126</gpxtpx:hr>
          </gpxtpx:TrackPointExtension>
        </extensions>
      </trkpt>
      <trkpt lat="31.920948919627726" lon="120.59033770621883">
        <ele>4.819169790484011</ele>
        <time>1970-01-01T00:02:12.500000Z</time>
        <extensions>
          <gpxtpx:TrackPointExtension>
            <gpxtpx:hr>126</gpxtpx:hr>
          </gpxtpx:TrackPointExtension>
        </extensions>
      </trkpt>
      <trkpt lat="31.92093622795701" lon="120.5903285536016">
        <ele>4.812051145359874</ele>
        <time>1970-01-01T00:02:13.500000Z</time>
        <extensions>
          <gpxtpx:TrackPointExtension>
            <gpxtpx:hr>126</gpxtpx:hr>
          </gpxtpx:TrackPointExtension>
        </extensions>
      </trkpt>
      <trkpt lat="31.920923038456763" lon="120.59032000179495">
        <ele>4.800530957989395</ele>
        <time>1970-01-01T00:02:14.500000Z</time>
        <extensions>
          <gpxtpx:TrackPointExtension>
            <gpxtpx:hr>126</gpxtpx:hr>
          </gpxtpx:TrackPointExtension>
        </extensions>
      </trkpt>
      <trkpt lat="31.92090890689107" lon="120.59031255613647">
        <ele>4.771354926750064</ele>
        <time>1970-01-01T00:02:15.500000Z</time>
        <extensions>
          <gpxtpx:TrackPointExtension>
            <gpxtpx:hr>126</gpxtpx:hr>
          </gpxtpx:TrackPointExtension>
        </extensions>
      </trkpt>
      <trkpt lat="31.920894777099633" lon="120.59030485193183">
        <ele>4.741130780428648</ele>
        <time>1970-01-01T00:02:16.500000Z</time>
        <extensions>
          <gpxtpx:TrackPointExtension>
            <gpxtpx:hr>126</gpxtpx:hr>
          </gpxtpx:TrackPointExtension>
        </extensions>
      </trkpt>
      <trkpt lat="31.920880707894902" lon="120.5902970265578">
        <ele>4.704027491621673</ele>
        <time>1970-01-01T00:02:17.500000Z</time>
        <extensions>
          <gpxtpx:TrackPointExtension>
            <gpxtpx:hr>124</gpxtpx:hr>
          </gpxtpx:TrackPointExtension>
        </extensions>
      </trkpt>
      <trkpt lat="31.920866373072286" lon="120.59028936835881">
        <ele>4.679668120108545</ele>
        <time>1970-01-01T00:02:18.500000Z</time>
        <extensions>
          <gpxtpx:TrackPointExtension>
            <gpxtpx:hr>124</gpxtpx:hr>
          </gpxtpx:TrackPointExtension>
        </extensions>
      </trkpt>
      <trkpt lat="31.920852006300162" lon="120.59028169962068">
        <ele>4.668330999091268</ele>
        <time>1970-01-01T00:02:19.500000Z</time>
        <extensions>
          <gpxtpx:TrackPointExtension>
            <gpxtpx:hr>124</gpxtpx:hr>
          </gpxtpx:TrackPointExtension>
        </extensions>
      </trkpt>
      <trkpt lat="31.92083736651927" lon="120.59027388493793">
        <ele>4.66249599866569</ele>
        <time>1970-01-01T00:02:20.500000Z</time>
        <extensions>
          <gpxtpx:TrackPointExtension>
            <gpxtpx:hr>124</gpxtpx:hr>
          </gpxtpx:TrackPointExtension>
        </extensions>
      </trkpt>
      <trkpt lat="31.92082208418912" lon="120.59026571786957">
        <ele>4.659978323616087</ele>
        <time>1970-01-01T00:02:21.500000Z</time>
        <extensions>
          <gpxtpx:TrackPointExtension>
            <gpxtpx:hr>124</gpxtpx:hr>
          </gpxtpx:TrackPointExtension>
        </extensions>
      </trkpt>
      <trkpt lat="31.920806129018768" lon="120.59025817315838">
        <ele>4.672254895791411</ele>
        <time>1970-01-01T00:02:22.500000Z</time>
        <extensions>
          <gpxtpx:TrackPointExtension>
            <gpxtpx:hr>124</gpxtpx:hr>
          </gpxtpx:TrackPointExtension>
        </extensions>
      </trkpt>
      <trkpt lat="31.920790057162154" lon="120.59025059445018">
        <ele>4.690329424105585</ele>
        <time>1970-01-01T00:02:23.500000Z</time>
        <extensions>
          <gpxtpx:TrackPointExtension>
            <gpxtpx:hr>124</gpxtpx:hr>
          </gpxtpx:TrackPointExtension>
        </extensions>
      </trkpt>
      <trkpt lat="31.92077441592507" lon="120.59024213356761">
        <ele>4.7125838957726955</ele>
        <time>1970-01-01T00:02:24.500000Z</time>
        <extensions>
          <gpxtpx:TrackPointExtension>
            <gpxtpx:hr>124</gpxtpx:hr>
          </gpxtpx:TrackPointExtension>
        </extensions>
      </trkpt>
      <trkpt lat="31.92075880923418" lon="120.59023352661062">
        <ele>4.734134566038847</ele>
        <time>1970-01-01T00:02:25.500000Z</time>
        <extensions>
          <gpxtpx:TrackPointExtension>
            <gpxtpx:hr>124</gpxtpx:hr>
          </gpxtpx:TrackPointExtension>
        </extensions>
      </trkpt>
      <trkpt lat="31.920742679346528" lon="120.5902254488356">
        <ele>4.778942557051778</ele>
        <time>1970-01-01T00:02:26.500000Z</time>
        <extensions>
          <gpxtpx:TrackPointExtension>
            <gpxtpx:hr>126</gpxtpx:hr>
          </gpxtpx:TrackPointExtension>
        </extensions>
      </trkpt>
      <trkpt lat="31.920726410129802" lon="120.5902179990332">
        <ele>4.821457619778812</ele>
        <time>1970-01-01T00:02:27.500000Z</time>
        <extensions>
          <gpxtpx:TrackPointExtension>
            <gpxtpx:hr>126</gpxtpx:hr>
          </gpxtpx:TrackPointExtension>
        </extensions>
      </trkpt>
      <trkpt lat="31.920710200417652" lon="120.59021061916334">
        <ele>4.870057954452932</ele>
        <time>1970-01-01T00:02:28.500000Z</time>
        <extensions>
          <gpxtpx:TrackPointExtension>
            <gpxtpx:hr>126</gpxtpx:hr>
          </gpxtpx:TrackPointExtension>
        </extensions>
      </trkpt>
      <trkpt lat="31.920693474191854" lon="120.59020321197055">
        <ele>4.921783017925918</ele>
        <time>1970-01-01T00:02:29.500000Z</time>
        <extensions>
          <gpxtpx:TrackPointExtension>
            <gpxtpx:hr>126</gpxtpx:hr>
          </gpxtpx:TrackPointExtension>
        </extensions>
      </trkpt>
      <trkpt lat="31.920676148992378" lon="120.59019646934995">
        <ele>4.9760871976614</ele>
        <time>1970-01-01T00:02:30.500000Z</time>
        <extensions>
          <gpxtpx:TrackPointExtension>
            <gpxtpx:hr>126</gpxtpx:hr>
          </gpxtpx:TrackPointExtension>
        </extensions>
      </trkpt>
      <trkpt lat="31.920658995694335" lon="120.59019028862454">
        <ele>5.01981348823756</ele>
        <time>1970-01-01T00:02:31.500000Z</time>
        <extensions>
          <gpxtpx:TrackPointExtension>
            <gpxtpx:hr>126</gpxtpx:hr>
          </gpxtpx:TrackPointExtension>
        </extensions>
      </trkpt>
      <trkpt lat="31.920641519147306" lon="120.5901851035162">
        <ele>5.0595269268378615</ele>
        <time>1970-01-01T00:02:32.500000Z</time>
        <extensions>
          <gpxtpx:TrackPointExtension>
            <gpxtpx:hr>125</gpxtpx:hr>
          </gpxtpx:TrackPointExtension>
        </extensions>
      </trkpt>
      <trkpt lat="31.920623864193153" lon="120.59017983899356">
        <ele>5.0975909465923905</ele>
        <time>1970-01-01T00:02:33.500000Z</time>
        <extensions>
          <gpxtpx:TrackPointExtension>
            <gpxtpx:hr>125</gpxtpx:hr>
          </gpxtpx:TrackPointExtension>
        </extensions>
      </trkpt>
      <trkpt lat="31.920606287733104" lon="120.59017291468803">
        <ele>5.123628990724683</ele>
        <time>1970-01-01T00:02:34.500000Z</time>
        <extensions>
          <gpxtpx:TrackPointExtension>
            <gpxtpx:hr>125</gpxtpx:hr>
          </gpxtpx:TrackPointExtension>
        </extensions>
      </trkpt>
      <trkpt lat="31.92058897799595" lon="120.5901653409648">
        <ele>5.140271112322807</ele>
        <time>1970-01-01T00:02:35.500000Z</time>
        <extensions>
          <gpxtpx:TrackPointExtension>
            <gpxtpx:hr>125</gpxtpx:hr>
          </gpxtpx:TrackPointExtension>
        </extensions>
      </trkpt>
      <trkpt lat="31.9205726443045" lon="120.59015680592582">
        <ele>5.145631396211684</ele>
        <time>1970-01-01T00:02:36.500000Z</time>
        <extensions>
          <gpxtpx:TrackPointExtension>
            <gpxtpx:hr>125</gpxtpx:hr>
          </gpxtpx:TrackPointExtension>
        </extensions>
      </trkpt>
      <trkpt lat="31.92055651175732" lon="120.59014809083308">
        <ele>5.137181318365037</ele>
        <time>1970-01-01T00:02:37.500000Z</time>
        <extensions>
          <gpxtpx:TrackPointExtension>
            <gpxtpx:hr>122</gpxtpx:hr>
          </gpxtpx:TrackPointExtension>
        </extensions>
      </trkpt>
      <trkpt lat="31.920539708042014" lon="120.5901408093679">
        <ele>5.123105296865106</ele>
        <time>1970-01-01T00:02:38.500000Z</time>
        <extensions>
          <gpxtpx:TrackPointExtension>
            <gpxtpx:hr>122</gpxtpx:hr>
          </gpxtpx:TrackPointExtension>
        </extensions>
      </trkpt>
      <trkpt lat="31.92052246750566" lon="120.59013434291106">
        <ele>5.1021175580099225</ele>
        <time>1970-01-01T00:02:39.500000Z</time>
        <extensions>
          <gpxtpx:TrackPointExtension>
            <gpxtpx:hr>122</gpxtpx:hr>
          </gpxtpx:TrackPointExtension>
        </extensions>
      </trkpt>
      <trkpt lat="31.920505620360984" lon="120.59012797111907">
        <ele>5.073929198086262</ele>
        <time>1970-01-01T00:02:40.500000Z</time>
        <extensions>
          <gpxtpx:TrackPointExtension>
            <gpxtpx:hr>122</gpxtpx:hr>
          </gpxtpx:TrackPointExtension>
        </extensions>
      </trkpt>
      <trkpt lat="31.920489155682002" lon="120.59012142429498">
        <ele>5.039482617750764</ele>
        <time>1970-01-01T00:02:41.500000Z</time>
        <extensions>
          <gpxtpx:TrackPointExtension>
            <gpxtpx:hr>122</gpxtpx:hr>
          </gpxtpx:TrackPointExtension>
        </extensions>
      </trkpt>
      <trkpt lat="31.920473212566865" lon="120.59011445536964">
        <ele>5.001410687342286</ele>
        <time>1970-01-01T00:02:42.500000Z</time>
        <extensions>
          <gpxtpx:TrackPointExtension>
            <gpxtpx:hr>122</gpxtpx:hr>
          </gpxtpx:TrackPointExtension>
        </extensions>
      </trkpt>
      <trkpt lat="31.920457926295587" lon="120.59010704532405">
        <ele>4.948398953303695</ele>
        <time>1970-01-01T00:02:43.500000Z</time>
        <extensions>
          <gpxtpx:TrackPointExtension>
            <gpxtpx:hr>127</gpxtpx:hr>
          </gpxtpx:TrackPointExtension>
        </extensions>
      </trkpt>
      <trkpt lat="31.920442952818295" lon="120.59009911719887">
        <ele>4.894291422329843</ele>
        <time>1970-01-01T00:02:44.500000Z</time>
        <extensions>
          <gpxtpx:TrackPointExtension>
            <gpxtpx:hr>127</gpxtpx:hr>
          </gpxtpx:TrackPointExtension>
        </extensions>
      </trkpt>
      <trkpt lat="31.920428172087796" lon="120.59009062290072">
        <ele>4.842361766844988</ele>
        <time>1970-01-01T00:02:45.500000Z</time>
        <extensions>
          <gpxtpx:TrackPointExtension>
            <gpxtpx:hr>127</gpxtpx:hr>
          </gpxtpx:TrackPointExtension>
        </extensions>
      </trkpt>
      <trkpt lat="31.920413937396827" lon="120.59008116139655">
        <ele>4.785777056589723</ele>
        <time>1970-01-01T00:02:46.500000Z</time>
        <extensions>
          <gpxtpx:TrackPointExtension>
            <gpxtpx:hr>127</gpxtpx:hr>
          </gpxtpx:TrackPointExtension>
        </extensions>
      </trkpt>
      <trkpt lat="31.920399810440095" lon="120.59007142262367">
        <ele>4.740002885460854</ele>
        <time>1970-01-01T00:02:47.500000Z</time>
        <extensions>
          <gpxtpx:TrackPointExtension>
            <gpxtpx:hr>127</gpxtpx:hr>
          </gpxtpx:TrackPointExtension>
        </extensions>
      </trkpt>
      <trkpt lat="31.920385058630966" lon="120.59006289001672">
        <ele>4.689734425395727</ele>
        <time>1970-01-01T00:02:48.500000Z</time>
        <extensions>
          <gpxtpx:TrackPointExtension>
            <gpxtpx:hr>129</gpxtpx:hr>
          </gpxtpx:TrackPointExtension>
        </extensions>
      </trkpt>
      <trkpt lat="31.920370134567737" lon="120.59005530455157">
        <ele>4.626475884579122</ele>
        <time>1970-01-01T00:02:49.500000Z</time>
        <extensions>
          <gpxtpx:TrackPointExtension>
            <gpxtpx:hr>129</gpxtpx:hr>
          </gpxtpx:TrackPointExtension>
        </extensions>
      </trkpt>
      <trkpt lat="31.920355325946552" lon="120.59004754291854">
        <ele>4.564805845730007</ele>
        <time>1970-01-01T00:02:50.500000Z</time>
        <extensions>
          <gpxtpx:TrackPointExtension>
            <gpxtpx:hr>129</gpxtpx:hr>
          </gpxtpx:TrackPointExtension>
        </extensions>
      </trkpt>
      <trkpt lat="31.920340655261793" lon="120.59003891693628">
        <ele>4.487729884684086</ele>
        <time>1970-01-01T00:02:51.500000Z</time>
        <extensions>
          <gpxtpx:TrackPointExtension>
            <gpxtpx:hr>129</gpxtpx:hr>
          </gpxtpx:TrackPointExtension>
        </extensions>
      </trkpt>
      <trkpt lat="31.920326074150182" lon="120.59003007457835">
        <ele>4.413125429302454</ele>
        <time>1970-01-01T00:02:52.500000Z</time>
        <extensions>
          <gpxtpx:TrackPointExtension>
            <gpxtpx:hr>129</gpxtpx:hr>
          </gpxtpx:TrackPointExtension>
        </extensions>
      </trkpt>
      <trkpt lat="31.92031142702074" lon="120.59002188960226">
        <ele>4.345594570040703</ele>
        <time>1970-01-01T00:02:53.500000Z</time>
        <extensions>
          <gpxtpx:TrackPointExtension>
            <gpxtpx:hr>129</gpxtpx:hr>
          </gpxtpx:TrackPointExtension>
        </extensions>
      </trkpt>
      <trkpt lat="31.920296733786916" lon="120.59001381812855">
        <ele>4.296694090589881</ele>
        <time>1970-01-01T00:02:54.500000Z</time>
        <extensions>
          <gpxtpx:TrackPointExtension>
            <gpxtpx:hr>129</gpxtpx:hr>
          </gpxtpx:TrackPointExtension>
        </extensions>
      </trkpt>
      <trkpt lat="31.9202817221431" lon="120.59000536438181">
        <ele>4.244979179464281</ele>
        <time>1970-01-01T00:02:55.500000Z</time>
        <extensions>
          <gpxtpx:TrackPointExtension>
            <gpxtpx:hr>129</gpxtpx:hr>
          </gpxtpx:TrackPointExtension>
        </extensions>
      </trkpt>
      <trkpt lat="31.92026632197023" lon="120.589997350356">
        <ele>4.205806730315089</ele>
        <time>1970-01-01T00:02:56.500000Z</time>
        <extensions>
          <gpxtpx:TrackPointExtension>
            <gpxtpx:hr>129</gpxtpx:hr>
          </gpxtpx:TrackPointExtension>
        </extensions>
      </trkpt>
      <trkpt lat="31.920251242929368" lon="120.58998932121855">
        <ele>4.145301315933466</ele>
        <time>1970-01-01T00:02:57.500000Z</time>
        <extensions>
          <gpxtpx:TrackPointExtension>
            <gpxtpx:hr>127</gpxtpx:hr>
          </gpxtpx:TrackPointExtension>
        </extensions>
      </trkpt>
      <trkpt lat="31.92023659299889" lon="120.5899801772457">
        <ele>4.095237458124757</ele>
        <time>1970-01-01T00:02:58.500000Z</time>
        <extensions>
          <gpxtpx:TrackPointExtension>
            <gpxtpx:hr>127</gpxtpx:hr>
          </gpxtpx:TrackPointExtension>
        </extensions>
      </trkpt>
      <trkpt lat="31.920222078353817" lon="120.58997029536235">
        <ele>4.042163646779954</ele>
        <time>1970-01-01T00:02:59.500000Z</time>
        <extensions>
          <gpxtpx:TrackPointExtension>
            <gpxtpx:hr>127</gpxtpx:hr>
          </gpxtpx:TrackPointExtension>
        </extensions>
      </trkpt>
      <trkpt lat="31.920207105725606" lon="120.58996071340884">
        <ele>3.9883442455902696</ele>
        <time>1970-01-01T00:03:00.500000Z</time>
        <extensions>
          <gpxtpx:TrackPointExtension>
            <gpxtpx:hr>127</gpxtpx:hr>
          </gpxtpx:TrackPointExtension>
        </extensions>
      </trkpt>
      <trkpt lat="31.920192130697476" lon="120.58995067495958">
        <ele>3.936310473829508</ele>
        <time>1970-01-01T00:03:01.500000Z</time>
        <extensions>
          <gpxtpx:TrackPointExtension>
            <gpxtpx:hr>127</gpxtpx:hr>
          </gpxtpx:TrackPointExtension>
        </extensions>
      </trkpt>
      <trkpt lat="31.92017771656242" lon="120.58993980675693">
        <ele>3.9000867577269673</ele>
        <time>1970-01-01T00:03:02.500000Z</time>
        <extensions>
          <gpxtpx:TrackPointExtension>
            <gpxtpx:hr>127</gpxtpx:hr>
          </gpxtpx:TrackPointExtension>
        </extensions>
      </trkpt>
      <trkpt lat="31.920162922409926" lon="120.58992901539862">
        <ele>3.856956888921559</ele>
        <time>1970-01-01T00:03:03.500000Z</time>
        <extensions>
          <gpxtpx:TrackPointExtension>
            <gpxtpx:hr>127</gpxtpx:hr>
          </gpxtpx:TrackPointExtension>
        </extensions>
      </trkpt>
      <trkpt lat="31.920147640095827" lon="120.58991877037066">
        <ele>3.8319244207814336</ele>
        <time>1970-01-01T00:03:04.500000Z</time>
        <extensions>
          <gpxtpx:TrackPointExtension>
            <gpxtpx:hr>127</gpxtpx:hr>
          </gpxtpx:TrackPointExtension>
        </extensions>
      </trkpt>
      <trkpt lat="31.920132158741406" lon="120.58990822686236">
        <ele>3.799969487823546</ele>
        <time>1970-01-01T00:03:05.500000Z</time>
        <extensions>
          <gpxtpx:TrackPointExtension>
            <gpxtpx:hr>127</gpxtpx:hr>
          </gpxtpx:TrackPointExtension>
        </extensions>
      </trkpt>
      <trkpt lat="31.92011667525408" lon="120.58989716108586">
        <ele>3.7718407195061445</ele>
        <time>1970-01-01T00:03:06.500000Z</time>
        <extensions>
          <gpxtpx:TrackPointExtension>
            <gpxtpx:hr>126</gpxtpx:hr>
          </gpxtpx:TrackPointExtension>
        </extensions>
      </trkpt>
      <trkpt lat="31.92010119368764" lon="120.58988603200461">
        <ele>3.740884305909276</ele>
        <time>1970-01-01T00:03:07.500000Z</time>
        <extensions>
          <gpxtpx:TrackPointExtension>
            <gpxtpx:hr>126</gpxtpx:hr>
          </gpxtpx:TrackPointExtension>
        </extensions>
      </trkpt>
      <trkpt lat="31.92008543887017" lon="120.58987525166745">
        <ele>3.719738251529634</ele>
        <time>1970-01-01T00:03:08.500000Z</time>
        <extensions>
          <gpxtpx:TrackPointExtension>
            <gpxtpx:hr>126</gpxtpx:hr>
          </gpxtpx:TrackPointExtension>
        </extensions>
      </trkpt>
      <trkpt lat="31.92006890138167" lon="120.58986461930402">
        <ele>3.699084428139031</ele>
        <time>1970-01-01T00:03:09.500000Z</time>
        <extensions>
          <gpxtpx:TrackPointExtension>
            <gpxtpx:hr>126</gpxtpx:hr>
          </gpxtpx:TrackPointExtension>
        </extensions>
      </trkpt>
      <trkpt lat="31.920050407144018" lon="120.5898533857991">
        <ele>3.6831218330189586</ele>
        <time>1970-01-01T00:03:10.500000Z</time>
        <extensions>
          <gpxtpx:TrackPointExtension>
            <gpxtpx:hr>126</gpxtpx:hr>
          </gpxtpx:TrackPointExtension>
        </extensions>
      </trkpt>
      <trkpt lat="31.920028830379543" lon="120.58984094356353">
        <ele>3.6667697867378592</ele>
        <time>1970-01-01T00:03:11.500000Z</time>
        <extensions>
          <gpxtpx:TrackPointExtension>
            <gpxtpx:hr>126</gpxtpx:hr>
          </gpxtpx:TrackPointExtension>
        </extensions>
      </trkpt>
      <trkpt lat="31.9200084124161" lon="120.58982936507584">
        <ele>3.6573179699480534</ele>
        <time>1970-01-01T00:03:12.500000Z</time>
        <extensions>
          <gpxtpx:TrackPointExtension>
            <gpxtpx:hr>126</gpxtpx:hr>
          </gpxtpx:TrackPointExtension>
        </extensions>
      </trkpt>
      <trkpt lat="31.9199913107046" lon="120.58981942324819">
        <ele>3.6381064960733056</ele>
        <time>1970-01-01T00:03:13.500000Z</time>
        <extensions>
          <gpxtpx:TrackPointExtension>
            <gpxtpx:hr>127</gpxtpx:hr>
          </gpxtpx:TrackPointExtension>
        </extensions>
      </trkpt>
      <trkpt lat="31.91997469549026" lon="120.5898096421916">
        <ele>3.628175155259669</ele>
        <time>1970-01-01T00:03:14.500000Z</time>
        <extensions>
          <gpxtpx:TrackPointExtension>
            <gpxtpx:hr>127</gpxtpx:hr>
          </gpxtpx:TrackPointExtension>
        </extensions>
      </trkpt>
      <trkpt lat="31.919958234930718" lon="120.589800264743">
        <ele>3.62089048884809</ele>
        <time>1970-01-01T00:03:15.500000Z</time>
        <extensions>
          <gpxtpx:TrackPointExtension>
            <gpxtpx:hr>127</gpxtpx:hr>
          </gpxtpx:TrackPointExtension>
        </extensions>
      </trkpt>
      <trkpt lat="31.919941106017838" lon="120.58979047554828">
        <ele>3.6093485606834292</ele>
        <time>1970-01-01T00:03:16.500000Z</time>
        <extensions>
          <gpxtpx:TrackPointExtension>
            <gpxtpx:hr>127</gpxtpx:hr>
          </gpxtpx:TrackPointExtension>
        </extensions>
      </trkpt>
      <trkpt lat="31.919923691370904" lon="120.58978049240646">
        <ele>3.6017391430214047</ele>
        <time>1970-01-01T00:03:17.500000Z</time>
        <extensions>
          <gpxtpx:TrackPointExtension>
            <gpxtpx:hr>127</gpxtpx:hr>
          </gpxtpx:TrackPointExtension>
        </extensions>
      </trkpt>
      <trkpt lat="31.919906655069784" lon="120.5897712682816">
        <ele>3.569695323705673</ele>
        <time>1970-01-01T00:03:18.500000Z</time>
        <extensions>
          <gpxtpx:TrackPointExtension>
            <gpxtpx:hr>128</gpxtpx:hr>
          </gpxtpx:TrackPointExtension>
        </extensions>
      </trkpt>
      <trkpt lat="31.919889232421163" lon="120.58976201387019">
        <ele>3.5437214272096753</ele>
        <time>1970-01-01T00:03:19.500000Z</time>
        <extensions>
          <gpxtpx:TrackPointExtension>
            <gpxtpx:hr>128</gpxtpx:hr>
          </gpxtpx:TrackPointExtension>
        </extensions>
      </trkpt>
      <trkpt lat="31.919871930614686" lon="120.58975242929739">
        <ele>3.5225481223315</ele>
        <time>1970-01-01T00:03:20.500000Z</time>
        <extensions>
          <gpxtpx:TrackPointExtension>
            <gpxtpx:hr>128</gpxtpx:hr>
          </gpxtpx:TrackPointExtension>
        </extensions>
      </trkpt>
      <trkpt lat="31.91985545294381" lon="120.58974306258519">
        <ele>3.5037503857165575</ele>
        <time>1970-01-01T00:03:21.500000Z</time>
        <extensions>
          <gpxtpx:TrackPointExtension>
            <gpxtpx:hr>128</gpxtpx:hr>
          </gpxtpx:TrackPointExtension>
        </extensions>
      </trkpt>
      <trkpt lat="31.919839241900657" lon="120.58973335575523">
        <ele>3.47619207855314</ele>
        <time>1970-01-01T00:03:22.500000Z</time>
        <extensions>
          <gpxtpx:TrackPointExtension>
            <gpxtpx:hr>128</gpxtpx:hr>
          </gpxtpx:TrackPointExtension>
        </extensions>
      </trkpt>
      <trkpt lat="31.919822329945738" lon="120.5897230958583">
        <ele>3.444841234944761</ele>
        <time>1970-01-01T00:03:23.500000Z</time>
        <extensions>
          <gpxtpx:TrackPointExtension>
            <gpxtpx:hr>129</gpxtpx:hr>
          </gpxtpx:TrackPointExtension>
        </extensions>
      </trkpt>
      <trkpt lat="31.919804499117898" lon="120.58971314563641">
        <ele>3.4137887600809336</ele>
        <time>1970-01-01T00:03:24.500000Z</time>
        <extensions>
          <gpxtpx:TrackPointExtension>
            <gpxtpx:hr>129</gpxtpx:hr>
          </gpxtpx:TrackPointExtension>
        </extensions>
      </trkpt>
      <trkpt lat="31.919786795012023" lon="120.58970395976938">
        <ele>3.384185053408146</ele>
        <time>1970-01-01T00:03:25.500000Z</time>
        <extensions>
          <gpxtpx:TrackPointExtension>
            <gpxtpx:hr>129</gpxtpx:hr>
          </gpxtpx:TrackPointExtension>
        </extensions>
      </trkpt>
      <trkpt lat="31.919769369872544" lon="120.58969491720916">
        <ele>3.35215500369668</ele>
        <time>1970-01-01T00:03:26.500000Z</time>
        <extensions>
          <gpxtpx:TrackPointExtension>
            <gpxtpx:hr>129</gpxtpx:hr>
          </gpxtpx:TrackPointExtension>
        </extensions>
      </trkpt>
      <trkpt lat="31.91975199160047" lon="120.58968532451065">
        <ele>3.3230960946530104</ele>
        <time>1970-01-01T00:03:27.500000Z</time>
        <extensions>
          <gpxtpx:TrackPointExtension>
            <gpxtpx:hr>129</gpxtpx:hr>
          </gpxtpx:TrackPointExtension>
        </extensions>
      </trkpt>
      <trkpt lat="31.919733553999844" lon="120.58967492468913">
        <ele>3.2881493782624602</ele>
        <time>1970-01-01T00:03:28.500000Z</time>
        <extensions>
          <gpxtpx:TrackPointExtension>
            <gpxtpx:hr>131</gpxtpx:hr>
          </gpxtpx:TrackPointExtension>
        </extensions>
      </trkpt>
      <trkpt lat="31.919712468510486" lon="120.58966350840781">
        <ele>3.2571189049631357</ele>
        <time>1970-01-01T00:03:29.500000Z</time>
        <extensions>
          <gpxtpx:TrackPointExtension>
            <gpxtpx:hr>131</gpxtpx:hr>
          </gpxtpx:TrackPointExtension>
        </extensions>
      </trkpt>
      <trkpt lat="31.91969249900794" lon="120.58965327575193">
        <ele>3.23028149176389</ele>
        <time>1970-01-01T00:03:30.500000Z</time>
        <extensions>
          <gpxtpx:TrackPointExtension>
            <gpxtpx:hr>131</gpxtpx:hr>
          </gpxtpx:TrackPointExtension>
        </extensions>
      </trkpt>
      <trkpt lat="31.919675802505292" lon="120.58964495284174">
        <ele>3.2098518637940288</ele>
        <time>1970-01-01T00:03:31.500000Z</time>
        <extensions>
          <gpxtpx:TrackPointExtension>
            <gpxtpx:hr>131</gpxtpx:hr>
          </gpxtpx:TrackPointExtension>
        </extensions>
      </trkpt>
      <trkpt lat="31.919660238450817" lon="120.58963666757005">
        <ele>3.195107590407133</ele>
        <time>1970-01-01T00:03:32.500000Z</time>
        <extensions>
          <gpxtpx:TrackPointExtension>
            <gpxtpx:hr>131</gpxtpx:hr>
          </gpxtpx:TrackPointExtension>
        </extensions>
      </trkpt>
      <trkpt lat="31.91964504327693" lon="120.58962791964433">
        <ele>3.190794358961284</ele>
        <time>1970-01-01T00:03:33.500000Z</time>
        <extensions>
          <gpxtpx:TrackPointExtension>
            <gpxtpx:hr>134</gpxtpx:hr>
          </gpxtpx:TrackPointExtension>
        </extensions>
      </trkpt>
      <trkpt lat="31.919629299506784" lon="120.58961937569136">
        <ele>3.201140956953168</ele>
        <time>1970-01-01T00:03:34.500000Z</time>
        <extensions>
          <gpxtpx:TrackPointExtension>
            <gpxtpx:hr>134</gpxtpx:hr>
          </gpxtpx:TrackPointExtension>
        </extensions>
      </trkpt>
      <trkpt lat="31.91961278831233" lon="120.58961053665004">
        <ele>3.2141219452023506</ele>
        <time>1970-01-01T00:03:35.500000Z</time>
        <extensions>
          <gpxtpx:TrackPointExtension>
            <gpxtpx:hr>134</gpxtpx:hr>
          </gpxtpx:TrackPointExtension>
        </extensions>
      </trkpt>
      <trkpt lat="31.919596460936532" lon="120.58960107663557">
        <ele>3.2110252678394318</ele>
        <time>1970-01-01T00:03:36.500000Z</time>
        <extensions>
          <gpxtpx:TrackPointExtension>
            <gpxtpx:hr>134</gpxtpx:hr>
          </gpxtpx:TrackPointExtension>
        </extensions>
      </trkpt>
      <trkpt lat="31.919580771932026" lon="120.58959176209625">
        <ele>3.216692836023867</ele>
        <time>1970-01-01T00:03:37.500000Z</time>
        <extensions>
          <gpxtpx:TrackPointExtension>
            <gpxtpx:hr>134</gpxtpx:hr>
          </gpxtpx:TrackPointExtension>
        </extensions>
      </trkpt>
      <trkpt lat="31.919564810719468" lon="120.58958297022409">
        <ele>3.225194511935115</ele>
        <time>1970-01-01T00:03:38.500000Z</time>
        <extensions>
          <gpxtpx:TrackPointExtension>
            <gpxtpx:hr>134</gpxtpx:hr>
          </gpxtpx:TrackPointExtension>
        </extensions>
      </trkpt>
      <trkpt lat="31.919548000173346" lon="120.58957439092264">
        <ele>3.2294252328574657</ele>
        <time>1970-01-01T00:03:39.500000Z</time>
        <extensions>
          <gpxtpx:TrackPointExtension>
            <gpxtpx:hr>134</gpxtpx:hr>
          </gpxtpx:TrackPointExtension>
        </extensions>
      </trkpt>
      <trkpt lat="31.91953110808062" lon="120.58956552423935">
        <ele>3.224099528975785</ele>
        <time>1970-01-01T00:03:40.500000Z</time>
        <extensions>
          <gpxtpx:TrackPointExtension>
            <gpxtpx:hr>134</gpxtpx:hr>
          </gpxtpx:TrackPointExtension>
        </extensions>
      </trkpt>
      <trkpt lat="31.919514816874138" lon="120.58955613883626">
        <ele>3.222045175731182</ele>
        <time>1970-01-01T00:03:41.500000Z</time>
        <extensions>
          <gpxtpx:TrackPointExtension>
            <gpxtpx:hr>134</gpxtpx:hr>
          </gpxtpx:TrackPointExtension>
        </extensions>
      </trkpt>
      <trkpt lat="31.919498536971165" lon="120.58954656798684">
        <ele>3.218085866421461</ele>
        <time>1970-01-01T00:03:42.500000Z</time>
        <extensions>
          <gpxtpx:TrackPointExtension>
            <gpxtpx:hr>134</gpxtpx:hr>
          </gpxtpx:TrackPointExtension>
        </extensions>
      </trkpt>
      <trkpt lat="31.919482155573988" lon="120.58953676673475">
        <ele>3.2123965499922633</ele>
        <time>1970-01-01T00:03:43.500000Z</time>
        <extensions>
          <gpxtpx:TrackPointExtension>
            <gpxtpx:hr>134</gpxtpx:hr>
          </gpxtpx:TrackPointExtension>
        </extensions>
      </trkpt>
      <trkpt lat="31.919465006913182" lon="120.58952740027893">
        <ele>3.1943507939577103</ele>
        <time>1970-01-01T00:03:44.500000Z</time>
        <extensions>
          <gpxtpx:TrackPointExtension>
            <gpxtpx:hr>134</gpxtpx:hr>
          </gpxtpx:TrackPointExtension>
        </extensions>
      </trkpt>
      <trkpt lat="31.919448098439652" lon="120.58951784480496">
        <ele>3.1809004647657275</ele>
        <time>1970-01-01T00:03:45.500000Z</time>
        <extensions>
          <gpxtpx:TrackPointExtension>
            <gpxtpx:hr>134</gpxtpx:hr>
          </gpxtpx:TrackPointExtension>
        </extensions>
      </trkpt>
      <trkpt lat="31.9194316913583" lon="120.58950889009957">
        <ele>3.176001572981477</ele>
        <time>1970-01-01T00:03:46.500000Z</time>
        <extensions>
          <gpxtpx:TrackPointExtension>
            <gpxtpx:hr>129</gpxtpx:hr>
          </gpxtpx:TrackPointExtension>
        </extensions>
      </trkpt>
      <trkpt lat="31.919414894169662" lon="120.58950041086209">
        <ele>3.1614285754039884</ele>
        <time>1970-01-01T00:03:47.500000Z</time>
        <extensions>
          <gpxtpx:TrackPointExtension>
            <gpxtpx:hr>129</gpxtpx:hr>
          </gpxtpx:TrackPointExtension>
        </extensions>
      </trkpt>
      <trkpt lat="31.919398166384426" lon="120.58949132996082">
        <ele>3.1497270837426186</ele>
        <time>1970-01-01T00:03:48.500000Z</time>
        <extensions>
          <gpxtpx:TrackPointExtension>
            <gpxtpx:hr>129</gpxtpx:hr>
          </gpxtpx:TrackPointExtension>
        </extensions>
      </trkpt>
      <trkpt lat="31.919382095031942" lon="120.58948207428867">
        <ele>3.1224587969481945</ele>
        <time>1970-01-01T00:03:49.500000Z</time>
        <extensions>
          <gpxtpx:TrackPointExtension>
            <gpxtpx:hr>129</gpxtpx:hr>
          </gpxtpx:TrackPointExtension>
        </extensions>
      </trkpt>
      <trkpt lat="31.919366458482656" lon="120.5894731985702">
        <ele>3.0986320916563272</ele>
        <time>1970-01-01T00:03:50.500000Z</time>
        <extensions>
          <gpxtpx:TrackPointExtension>
            <gpxtpx:hr>129</gpxtpx:hr>
          </gpxtpx:TrackPointExtension>
        </extensions>
      </trkpt>
      <trkpt lat="31.91935092403636" lon="120.5894637971669">
        <ele>3.072634789161384</ele>
        <time>1970-01-01T00:03:51.500000Z</time>
        <extensions>
          <gpxtpx:TrackPointExtension>
            <gpxtpx:hr>129</gpxtpx:hr>
          </gpxtpx:TrackPointExtension>
        </extensions>
      </trkpt>
      <trkpt lat="31.919334845492877" lon="120.58945362305597">
        <ele>3.0617715241387486</ele>
        <time>1970-01-01T00:03:52.500000Z</time>
        <extensions>
          <gpxtpx:TrackPointExtension>
            <gpxtpx:hr>129</gpxtpx:hr>
          </gpxtpx:TrackPointExtension>
        </extensions>
      </trkpt>
      <trkpt lat="31.91931636822559" lon="120.58944225347568">
        <ele>3.0501146987080574</ele>
        <time>1970-01-01T00:03:53.500000Z</time>
        <extensions>
          <gpxtpx:TrackPointExtension>
            <gpxtpx:hr>129</gpxtpx:hr>
          </gpxtpx:TrackPointExtension>
        </extensions>
      </trkpt>
      <trkpt lat="31.919294928774054" lon="120.58942878423984">
        <ele>3.046440213918686</ele>
        <time>1970-01-01T00:03:54.500000Z</time>
        <extensions>
          <gpxtpx:TrackPointExtension>
            <gpxtpx:hr>133</gpxtpx:hr>
          </gpxtpx:TrackPointExtension>
        </extensions>
      </trkpt>
      <trkpt lat="31.919271911312684" lon="120.58941495520801">
        <ele>3.0468694986775517</ele>
        <time>1970-01-01T00:03:55.500000Z</time>
        <extensions>
          <gpxtpx:TrackPointExtension>
            <gpxtpx:hr>133</gpxtpx:hr>
          </gpxtpx:TrackPointExtension>
        </extensions>
      </trkpt>
      <trkpt lat="31.919249632387874" lon="120.58940145034488">
        <ele>3.0581650156527758</ele>
        <time>1970-01-01T00:03:56.500000Z</time>
        <extensions>
          <gpxtpx:TrackPointExtension>
            <gpxtpx:hr>133</gpxtpx:hr>
          </gpxtpx:TrackPointExtension>
        </extensions>
      </trkpt>
      <trkpt lat="31.919228791537588" lon="120.58938854354474">
        <ele>3.072104145772755</ele>
        <time>1970-01-01T00:03:57.500000Z</time>
        <extensions>
          <gpxtpx:TrackPointExtension>
            <gpxtpx:hr>133</gpxtpx:hr>
          </gpxtpx:TrackPointExtension>
        </extensions>
      </trkpt>
      <trkpt lat="31.919208749239413" lon="120.58937640429764">
        <ele>3.099724195897579</ele>
        <time>1970-01-01T00:03:58.500000Z</time>
        <extensions>
          <gpxtpx:TrackPointExtension>
            <gpxtpx:hr>133</gpxtpx:hr>
          </gpxtpx:TrackPointExtension>
        </extensions>
      </trkpt>
      <trkpt lat="31.919188938805238" lon="120.589364511241">
        <ele>3.13037468213588</ele>
        <time>1970-01-01T00:03:59.500000Z</time>
        <extensions>
          <gpxtpx:TrackPointExtension>
            <gpxtpx:hr>133</gpxtpx:hr>
          </gpxtpx:TrackPointExtension>
        </extensions>
      </trkpt>
      <trkpt lat="31.919169198494973" lon="120.58935209661085">
        <ele>3.1666868505999446</ele>
        <time>1970-01-01T00:04:00.500000Z</time>
        <extensions>
          <gpxtpx:TrackPointExtension>
            <gpxtpx:hr>133</gpxtpx:hr>
          </gpxtpx:TrackPointExtension>
        </extensions>
      </trkpt>
      <trkpt lat="31.919149470799915" lon="120.58933999419894">
        <ele>3.2141181332990527</ele>
        <time>1970-01-01T00:04:01.500000Z</time>
        <extensions>
          <gpxtpx:TrackPointExtension>
            <gpxtpx:hr>138</gpxtpx:hr>
          </gpxtpx:TrackPointExtension>
        </extensions>
      </trkpt>
      <trkpt lat="31.91912975256961" lon="120.589328496157">
        <ele>3.2706214860081673</ele>
        <time>1970-01-01T00:04:02.500000Z</time>
        <extensions>
          <gpxtpx:TrackPointExtension>
            <gpxtpx:hr>138</gpxtpx:hr>
          </gpxtpx:TrackPointExtension>
        </extensions>
      </trkpt>
      <trkpt lat="31.919110609901516" lon="120.58931720103276">
        <ele>3.326396438293159</ele>
        <time>1970-01-01T00:04:03.500000Z</time>
        <extensions>
          <gpxtpx:TrackPointExtension>
            <gpxtpx:hr>138</gpxtpx:hr>
          </gpxtpx:TrackPointExtension>
        </extensions>
      </trkpt>
      <trkpt lat="31.91909194858978" lon="120.58930563149484">
        <ele>3.3858714578673244</ele>
        <time>1970-01-01T00:04:04.500000Z</time>
        <extensions>
          <gpxtpx:TrackPointExtension>
            <gpxtpx:hr>138</gpxtpx:hr>
          </gpxtpx:TrackPointExtension>
        </extensions>
      </trkpt>
      <trkpt lat="31.91907360396544" lon="120.58929402694791">
        <ele>3.456562167033553</ele>
        <time>1970-01-01T00:04:05.500000Z</time>
        <extensions>
          <gpxtpx:TrackPointExtension>
            <gpxtpx:hr>138</gpxtpx:hr>
          </gpxtpx:TrackPointExtension>
        </extensions>
      </trkpt>
      <trkpt lat="31.91905545485384" lon="120.58928330707633">
        <ele>3.5435499381273985</ele>
        <time>1970-01-01T00:04:06.500000Z</time>
        <extensions>
          <gpxtpx:TrackPointExtension>
            <gpxtpx:hr>138</gpxtpx:hr>
          </gpxtpx:TrackPointExtension>
        </extensions>
      </trkpt>
      <trkpt lat="31.919036950403235" lon="120.58927351509122">
        <ele>3.6338124172762036</ele>
        <time>1970-01-01T00:04:07.500000Z</time>
        <extensions>
          <gpxtpx:TrackPointExtension>
            <gpxtpx:hr>138</gpxtpx:hr>
          </gpxtpx:TrackPointExtension>
        </extensions>
      </trkpt>
      <trkpt lat="31.919018065381564" lon="120.58926378262458">
        <ele>3.7384431976825</ele>
        <time>1970-01-01T00:04:08.500000Z</time>
        <extensions>
          <gpxtpx:TrackPointExtension>
            <gpxtpx:hr>137</gpxtpx:hr>
          </gpxtpx:TrackPointExtension>
        </extensions>
      </trkpt>
      <trkpt lat="31.918999655274646" lon="120.58925307678155">
        <ele>3.8507171608507633</ele>
        <time>1970-01-01T00:04:09.500000Z</time>
        <extensions>
          <gpxtpx:TrackPointExtension>
            <gpxtpx:hr>137</gpxtpx:hr>
          </gpxtpx:TrackPointExtension>
        </extensions>
      </trkpt>
      <trkpt lat="31.9189817943356" lon="120.58924214433497">
        <ele>3.941987058147788</ele>
        <time>1970-01-01T00:04:10.500000Z</time>
        <extensions>
          <gpxtpx:TrackPointExtension>
            <gpxtpx:hr>137</gpxtpx:hr>
          </gpxtpx:TrackPointExtension>
        </extensions>
      </trkpt>
      <trkpt lat="31.918963739914815" lon="120.58923157894688">
        <ele>4.021085873246193</ele>
        <time>1970-01-01T00:04:11.500000Z</time>
        <extensions>
          <gpxtpx:TrackPointExtension>
            <gpxtpx:hr>137</gpxtpx:hr>
          </gpxtpx:TrackPointExtension>
        </extensions>
      </trkpt>
      <trkpt lat="31.918945134502717" lon="120.58922141470259">
        <ele>4.113296253606677</ele>
        <time>1970-01-01T00:04:12.500000Z</time>
        <extensions>
          <gpxtpx:TrackPointExtension>
            <gpxtpx:hr>137</gpxtpx:hr>
          </gpxtpx:TrackPointExtension>
        </extensions>
      </trkpt>
      <trkpt lat="31.9189261020973" lon="120.58921091269684">
        <ele>4.201479194685817</ele>
        <time>1970-01-01T00:04:13.500000Z</time>
        <extensions>
          <gpxtpx:TrackPointExtension>
            <gpxtpx:hr>138</gpxtpx:hr>
          </gpxtpx:TrackPointExtension>
        </extensions>
      </trkpt>
      <trkpt lat="31.91890701943155" lon="120.58920029991424">
        <ele>4.293524074368179</ele>
        <time>1970-01-01T00:04:14.500000Z</time>
        <extensions>
          <gpxtpx:TrackPointExtension>
            <gpxtpx:hr>138</gpxtpx:hr>
          </gpxtpx:TrackPointExtension>
        </extensions>
      </trkpt>
      <trkpt lat="31.918887808160285" lon="120.5891897923014">
        <ele>4.363355346024036</ele>
        <time>1970-01-01T00:04:15.500000Z</time>
        <extensions>
          <gpxtpx:TrackPointExtension>
            <gpxtpx:hr>138</gpxtpx:hr>
          </gpxtpx:TrackPointExtension>
        </extensions>
      </trkpt>
      <trkpt lat="31.918868780527262" lon="120.58917974990837">
        <ele>4.428129578009248</ele>
        <time>1970-01-01T00:04:16.500000Z</time>
        <extensions>
          <gpxtpx:TrackPointExtension>
            <gpxtpx:hr>139</gpxtpx:hr>
          </gpxtpx:TrackPointExtension>
        </extensions>
      </trkpt>
      <trkpt lat="31.91884993364299" lon="120.58917011044473">
        <ele>4.473600806668401</ele>
        <time>1970-01-01T00:04:17.500000Z</time>
        <extensions>
          <gpxtpx:TrackPointExtension>
            <gpxtpx:hr>139</gpxtpx:hr>
          </gpxtpx:TrackPointExtension>
        </extensions>
      </trkpt>
      <trkpt lat="31.918830833259108" lon="120.58916035235437">
        <ele>4.517861695960164</ele>
        <time>1970-01-01T00:04:18.500000Z</time>
        <extensions>
          <gpxtpx:TrackPointExtension>
            <gpxtpx:hr>139</gpxtpx:hr>
          </gpxtpx:TrackPointExtension>
        </extensions>
      </trkpt>
      <trkpt lat="31.918811679355986" lon="120.5891500601429">
        <ele>4.528617297299206</ele>
        <time>1970-01-01T00:04:19.500000Z</time>
        <extensions>
          <gpxtpx:TrackPointExtension>
            <gpxtpx:hr>139</gpxtpx:hr>
          </gpxtpx:TrackPointExtension>
        </extensions>
      </trkpt>
      <trkpt lat="31.91879340618306" lon="120.58913959592137">
        <ele>4.528092322871089</ele>
        <time>1970-01-01T00:04:20.500000Z</time>
        <extensions>
          <gpxtpx:TrackPointExtension>
            <gpxtpx:hr>140</gpxtpx:hr>
          </gpxtpx:TrackPointExtension>
        </extensions>
      </trkpt>
      <trkpt lat="31.918775957075066" lon="120.58912892903824">
        <ele>4.5124284867197275</ele>
        <time>1970-01-01T00:04:21.500000Z</time>
        <extensions>
          <gpxtpx:TrackPointExtension>
            <gpxtpx:hr>140</gpxtpx:hr>
          </gpxtpx:TrackPointExtension>
        </extensions>
      </trkpt>
      <trkpt lat="31.91875827490566" lon="120.589117133345">
        <ele>4.49371499940753</ele>
        <time>1970-01-01T00:04:22.500000Z</time>
        <extensions>
          <gpxtpx:TrackPointExtension>
            <gpxtpx:hr>140</gpxtpx:hr>
          </gpxtpx:TrackPointExtension>
        </extensions>
      </trkpt>
      <trkpt lat="31.91873993636618" lon="120.5891046765202">
        <ele>4.453554990701377</ele>
        <time>1970-01-01T00:04:23.500000Z</time>
        <extensions>
          <gpxtpx:TrackPointExtension>
            <gpxtpx:hr>140</gpxtpx:hr>
          </gpxtpx:TrackPointExtension>
        </extensions>
      </trkpt>
      <trkpt lat="31.918721431514953" lon="120.58909233347326">
        <ele>4.409410851076245</ele>
        <time>1970-01-01T00:04:24.500000Z</time>
        <extensions>
          <gpxtpx:TrackPointExtension>
            <gpxtpx:hr>140</gpxtpx:hr>
          </gpxtpx:TrackPointExtension>
        </extensions>
      </trkpt>
      <trkpt lat="31.918703187589045" lon="120.58908054931774">
        <ele>4.361711919307709</ele>
        <time>1970-01-01T00:04:25.500000Z</time>
        <extensions>
          <gpxtpx:TrackPointExtension>
            <gpxtpx:hr>140</gpxtpx:hr>
          </gpxtpx:TrackPointExtension>
        </extensions>
      </trkpt>
      <trkpt lat="31.918685315383875" lon="120.58906856203119">
        <ele>4.308115533553064</ele>
        <time>1970-01-01T00:04:26.500000Z</time>
        <extensions>
          <gpxtpx:TrackPointExtension>
            <gpxtpx:hr>142</gpxtpx:hr>
          </gpxtpx:TrackPointExtension>
        </extensions>
      </trkpt>
      <trkpt lat="31.918667557341607" lon="120.58905616081901">
        <ele>4.234836203977466</ele>
        <time>1970-01-01T00:04:27.500000Z</time>
        <extensions>
          <gpxtpx:TrackPointExtension>
            <gpxtpx:hr>142</gpxtpx:hr>
          </gpxtpx:TrackPointExtension>
        </extensions>
      </trkpt>
      <trkpt lat="31.918649633674942" lon="120.58904329917476">
        <ele>4.17311043664813</ele>
        <time>1970-01-01T00:04:28.500000Z</time>
        <extensions>
          <gpxtpx:TrackPointExtension>
            <gpxtpx:hr>142</gpxtpx:hr>
          </gpxtpx:TrackPointExtension>
        </extensions>
      </trkpt>
      <trkpt lat="31.918631881627366" lon="120.58903072646255">
        <ele>4.099163711071014</ele>
        <time>1970-01-01T00:04:29.500000Z</time>
        <extensions>
          <gpxtpx:TrackPointExtension>
            <gpxtpx:hr>142</gpxtpx:hr>
          </gpxtpx:TrackPointExtension>
        </extensions>
      </trkpt>
      <trkpt lat="31.918614735668797" lon="120.58901748893463">
        <ele>4.010534500703216</ele>
        <time>1970-01-01T00:04:30.500000Z</time>
        <extensions>
          <gpxtpx:TrackPointExtension>
            <gpxtpx:hr>143</gpxtpx:hr>
          </gpxtpx:TrackPointExtension>
        </extensions>
      </trkpt>
      <trkpt lat="31.91859817241273" lon="120.58900298888213">
        <ele>3.9175219302996993</ele>
        <time>1970-01-01T00:04:31.500000Z</time>
        <extensions>
          <gpxtpx:TrackPointExtension>
            <gpxtpx:hr>143</gpxtpx:hr>
          </gpxtpx:TrackPointExtension>
        </extensions>
      </trkpt>
      <trkpt lat="31.918581540396158" lon="120.58898825912489">
        <ele>3.8341204216703773</ele>
        <time>1970-01-01T00:04:32.500000Z</time>
        <extensions>
          <gpxtpx:TrackPointExtension>
            <gpxtpx:hr>143</gpxtpx:hr>
          </gpxtpx:TrackPointExtension>
        </extensions>
      </trkpt>
      <trkpt lat="31.918564934432943" lon="120.58897364097564">
        <ele>3.7444006456062198</ele>
        <time>1970-01-01T00:04:33.500000Z</time>
        <extensions>
          <gpxtpx:TrackPointExtension>
            <gpxtpx:hr>143</gpxtpx:hr>
          </gpxtpx:TrackPointExtension>
        </extensions>
      </trkpt>
      <trkpt lat="31.918548347856046" lon="120.5889588352144">
        <ele>3.669598100706935</ele>
        <time>1970-01-01T00:04:34.500000Z</time>
        <extensions>
          <gpxtpx:TrackPointExtension>
            <gpxtpx:hr>143</gpxtpx:hr>
          </gpxtpx:TrackPointExtension>
        </extensions>
      </trkpt>
      <trkpt lat="31.918531568085502" lon="120.58894287766773">
        <ele>3.5911230836063623</ele>
        <time>1970-01-01T00:04:35.500000Z</time>
        <extensions>
          <gpxtpx:TrackPointExtension>
            <gpxtpx:hr>143</gpxtpx:hr>
          </gpxtpx:TrackPointExtension>
        </extensions>
      </trkpt>
      <trkpt lat="31.9185146978859" lon="120.58892667334268">
        <ele>3.504295028746128</ele>
        <time>1970-01-01T00:04:36.500000Z</time>
        <extensions>
          <gpxtpx:TrackPointExtension>
            <gpxtpx:hr>142</gpxtpx:hr>
          </gpxtpx:TrackPointExtension>
        </extensions>
      </trkpt>
      <trkpt lat="31.91849756197381" lon="120.58891125914185">
        <ele>3.424385329708457</ele>
        <time>1970-01-01T00:04:37.500000Z</time>
        <extensions>
          <gpxtpx:TrackPointExtension>
            <gpxtpx:hr>142</gpxtpx:hr>
          </gpxtpx:TrackPointExtension>
        </extensions>
      </trkpt>
      <trkpt lat="31.91848079901642" lon="120.58889647605793">
        <ele>3.3481438793241978</ele>
        <time>1970-01-01T00:04:38.500000Z</time>
        <extensions>
          <gpxtpx:TrackPointExtension>
            <gpxtpx:hr>142</gpxtpx:hr>
          </gpxtpx:TrackPointExtension>
        </extensions>
      </trkpt>
      <trkpt lat="31.918465460143857" lon="120.58888126566478">
        <ele>3.2878101943060756</ele>
        <time>1970-01-01T00:04:39.500000Z</time>
        <extensions>
          <gpxtpx:TrackPointExtension>
            <gpxtpx:hr>142</gpxtpx:hr>
          </gpxtpx:TrackPointExtension>
        </extensions>
      </trkpt>
      <trkpt lat="31.918451144828232" lon="120.58886572912516">
        <ele>3.2323402762413025</ele>
        <time>1970-01-01T00:04:40.500000Z</time>
        <extensions>
          <gpxtpx:TrackPointExtension>
            <gpxtpx:hr>142</gpxtpx:hr>
          </gpxtpx:TrackPointExtension>
        </extensions>
      </trkpt>
      <trkpt lat="31.918436782951876" lon="120.58884927371238">
        <ele>3.181692846119404</ele>
        <time>1970-01-01T00:04:41.500000Z</time>
        <extensions>
          <gpxtpx:TrackPointExtension>
            <gpxtpx:hr>140</gpxtpx:hr>
          </gpxtpx:TrackPointExtension>
        </extensions>
      </trkpt>
      <trkpt lat="31.918422405812358" lon="120.58883128112161">
        <ele>3.12612415663898</ele>
        <time>1970-01-01T00:04:42.500000Z</time>
        <extensions>
          <gpxtpx:TrackPointExtension>
            <gpxtpx:hr>140</gpxtpx:hr>
          </gpxtpx:TrackPointExtension>
        </extensions>
      </trkpt>
      <trkpt lat="31.91840843694627" lon="120.5888122648317">
        <ele>3.076158629730344</ele>
        <time>1970-01-01T00:04:43.500000Z</time>
        <extensions>
          <gpxtpx:TrackPointExtension>
            <gpxtpx:hr>140</gpxtpx:hr>
          </gpxtpx:TrackPointExtension>
        </extensions>
      </trkpt>
      <trkpt lat="31.918395107458203" lon="120.58879317725679">
        <ele>3.0329939424991608</ele>
        <time>1970-01-01T00:04:44.500000Z</time>
        <extensions>
          <gpxtpx:TrackPointExtension>
            <gpxtpx:hr>140</gpxtpx:hr>
          </gpxtpx:TrackPointExtension>
        </extensions>
      </trkpt>
      <trkpt lat="31.918382259726016" lon="120.58877446507896">
        <ele>2.9924087524414062</ele>
        <time>1970-01-01T00:04:45.500000Z</time>
        <extensions>
          <gpxtpx:TrackPointExtension>
            <gpxtpx:hr>140</gpxtpx:hr>
          </gpxtpx:TrackPointExtension>
        </extensions>
      </trkpt>
      <trkpt lat="31.918369993906857" lon="120.58875548335882">
        <ele>2.9661454958841205</ele>
        <time>1970-01-01T00:04:46.500000Z</time>
        <extensions>
          <gpxtpx:TrackPointExtension>
            <gpxtpx:hr>140</gpxtpx:hr>
          </gpxtpx:TrackPointExtension>
        </extensions>
      </trkpt>
      <trkpt lat="31.918357934863938" lon="120.58873586326446">
        <ele>2.940418462269008</ele>
        <time>1970-01-01T00:04:47.500000Z</time>
        <extensions>
          <gpxtpx:TrackPointExtension>
            <gpxtpx:hr>141</gpxtpx:hr>
          </gpxtpx:TrackPointExtension>
        </extensions>
      </trkpt>
      <trkpt lat="31.918346215192145" lon="120.5887152051292">
        <ele>2.92908969335258</ele>
        <time>1970-01-01T00:04:48.500000Z</time>
        <extensions>
          <gpxtpx:TrackPointExtension>
            <gpxtpx:hr>141</gpxtpx:hr>
          </gpxtpx:TrackPointExtension>
        </extensions>
      </trkpt>
      <trkpt lat="31.918335503991724" lon="120.5886938290064">
        <ele>2.915289666503668</ele>
        <time>1970-01-01T00:04:49.500000Z</time>
        <extensions>
          <gpxtpx:TrackPointExtension>
            <gpxtpx:hr>141</gpxtpx:hr>
          </gpxtpx:TrackPointExtension>
        </extensions>
      </trkpt>
      <trkpt lat="31.91832620420561" lon="120.5886720660085">
        <ele>2.9152312129735947</ele>
        <time>1970-01-01T00:04:50.500000Z</time>
        <extensions>
          <gpxtpx:TrackPointExtension>
            <gpxtpx:hr>141</gpxtpx:hr>
          </gpxtpx:TrackPointExtension>
        </extensions>
      </trkpt>
      <trkpt lat="31.918317761785236" lon="120.58865009147563">
        <ele>2.913744829595089</ele>
        <time>1970-01-01T00:04:51.500000Z</time>
        <extensions>
          <gpxtpx:TrackPointExtension>
            <gpxtpx:hr>141</gpxtpx:hr>
          </gpxtpx:TrackPointExtension>
        </extensions>
      </trkpt>
      <trkpt lat="31.91830977984769" lon="120.58862791335633">
        <ele>2.9246380170807242</ele>
        <time>1970-01-01T00:04:52.500000Z</time>
        <extensions>
          <gpxtpx:TrackPointExtension>
            <gpxtpx:hr>141</gpxtpx:hr>
          </gpxtpx:TrackPointExtension>
        </extensions>
      </trkpt>
      <trkpt lat="31.918302096559497" lon="120.58860613643901">
        <ele>2.9391207424923778</ele>
        <time>1970-01-01T00:04:53.500000Z</time>
        <extensions>
          <gpxtpx:TrackPointExtension>
            <gpxtpx:hr>143</gpxtpx:hr>
          </gpxtpx:TrackPointExtension>
        </extensions>
      </trkpt>
      <trkpt lat="31.918294485306753" lon="120.5885847169731">
        <ele>2.962076699361205</ele>
        <time>1970-01-01T00:04:54.500000Z</time>
        <extensions>
          <gpxtpx:TrackPointExtension>
            <gpxtpx:hr>143</gpxtpx:hr>
          </gpxtpx:TrackPointExtension>
        </extensions>
      </trkpt>
      <trkpt lat="31.918286999581778" lon="120.58856320616538">
        <ele>2.9843393098562956</ele>
        <time>1970-01-01T00:04:55.500000Z</time>
        <extensions>
          <gpxtpx:TrackPointExtension>
            <gpxtpx:hr>143</gpxtpx:hr>
          </gpxtpx:TrackPointExtension>
        </extensions>
      </trkpt>
      <trkpt lat="31.91827923105824" lon="120.58854171322392">
        <ele>3.0051129907369614</ele>
        <time>1970-01-01T00:04:56.500000Z</time>
        <extensions>
          <gpxtpx:TrackPointExtension>
            <gpxtpx:hr>143</gpxtpx:hr>
          </gpxtpx:TrackPointExtension>
        </extensions>
      </trkpt>
      <trkpt lat="31.91827057079535" lon="120.58852076916946">
        <ele>3.029402601532638</ele>
        <time>1970-01-01T00:04:57.500000Z</time>
        <extensions>
          <gpxtpx:TrackPointExtension>
            <gpxtpx:hr>143</gpxtpx:hr>
          </gpxtpx:TrackPointExtension>
        </extensions>
      </trkpt>
      <trkpt lat="31.918261214001085" lon="120.58850016373991">
        <ele>3.0539863500744104</ele>
        <time>1970-01-01T00:04:58.500000Z</time>
        <extensions>
          <gpxtpx:TrackPointExtension>
            <gpxtpx:hr>144</gpxtpx:hr>
          </gpxtpx:TrackPointExtension>
        </extensions>
      </trkpt>
      <trkpt lat="31.918252671922684" lon="120.5884786927134">
        <ele>3.0886866617947817</ele>
        <time>1970-01-01T00:04:59.500000Z</time>
        <extensions>
          <gpxtpx:TrackPointExtension>
            <gpxtpx:hr>144</gpxtpx:hr>
          </gpxtpx:TrackPointExtension>
        </extensions>
      </trkpt>
      <trkpt lat="31.918245413531864" lon="120.58845693430696">
        <ele>3.113259115256369</ele>
        <time>1970-01-01T00:05:00.500000Z</time>
        <extensions>
          <gpxtpx:TrackPointExtension>
            <gpxtpx:hr>144</gpxtpx:hr>
          </gpxtpx:TrackPointExtension>
        </extensions>
      </trkpt>
      <trkpt lat="31.918239467491972" lon="120.58843523919016">
        <ele>3.1285674944519997</ele>
        <time>1970-01-01T00:05:01.500000Z</time>
        <extensions>
          <gpxtpx:TrackPointExtension>
            <gpxtpx:hr>144</gpxtpx:hr>
          </gpxtpx:TrackPointExtension>
        </extensions>
      </trkpt>
      <trkpt lat="31.918234013698694" lon="120.58841322501986">
        <ele>3.135554289445281</ele>
        <time>1970-01-01T00:05:02.500000Z</time>
        <extensions>
          <gpxtpx:TrackPointExtension>
            <gpxtpx:hr>143</gpxtpx:hr>
          </gpxtpx:TrackPointExtension>
        </extensions>
      </trkpt>
      <trkpt lat="31.918228501020703" lon="120.58839046931843">
        <ele>3.1459255246445537</ele>
        <time>1970-01-01T00:05:03.500000Z</time>
        <extensions>
          <gpxtpx:TrackPointExtension>
            <gpxtpx:hr>143</gpxtpx:hr>
          </gpxtpx:TrackPointExtension>
        </extensions>
      </trkpt>
      <trkpt lat="31.918222324789742" lon="120.58836781381817">
        <ele>3.162459443323314</ele>
        <time>1970-01-01T00:05:04.500000Z</time>
        <extensions>
          <gpxtpx:TrackPointExtension>
            <gpxtpx:hr>143</gpxtpx:hr>
          </gpxtpx:TrackPointExtension>
        </extensions>
      </trkpt>
      <trkpt lat="31.918215320771502" lon="120.58834537873177">
        <ele>3.1715706093236804</ele>
        <time>1970-01-01T00:05:05.500000Z</time>
        <extensions>
          <gpxtpx:TrackPointExtension>
            <gpxtpx:hr>143</gpxtpx:hr>
          </gpxtpx:TrackPointExtension>
        </extensions>
      </trkpt>
      <trkpt lat="31.91820833103903" lon="120.58832259586059">
        <ele>3.179221681319177</ele>
        <time>1970-01-01T00:05:06.500000Z</time>
        <extensions>
          <gpxtpx:TrackPointExtension>
            <gpxtpx:hr>143</gpxtpx:hr>
          </gpxtpx:TrackPointExtension>
        </extensions>
      </trkpt>
      <trkpt lat="31.91820197355216" lon="120.58829985966192">
        <ele>3.1809190465137362</ele>
        <time>1970-01-01T00:05:07.500000Z</time>
        <extensions>
          <gpxtpx:TrackPointExtension>
            <gpxtpx:hr>143</gpxtpx:hr>
          </gpxtpx:TrackPointExtension>
        </extensions>
      </trkpt>
      <trkpt lat="31.918196445765382" lon="120.5882774560932">
        <ele>3.1843013986945152</ele>
        <time>1970-01-01T00:05:08.500000Z</time>
        <extensions>
          <gpxtpx:TrackPointExtension>
            <gpxtpx:hr>143</gpxtpx:hr>
          </gpxtpx:TrackPointExtension>
        </extensions>
      </trkpt>
      <trkpt lat="31.91819148722089" lon="120.58825493258041">
        <ele>3.1931954631581903</ele>
        <time>1970-01-01T00:05:09.500000Z</time>
        <extensions>
          <gpxtpx:TrackPointExtension>
            <gpxtpx:hr>143</gpxtpx:hr>
          </gpxtpx:TrackPointExtension>
        </extensions>
      </trkpt>
      <trkpt lat="31.91818690149014" lon="120.58823229950626">
        <ele>3.1929565612226725</ele>
        <time>1970-01-01T00:05:10.500000Z</time>
        <extensions>
          <gpxtpx:TrackPointExtension>
            <gpxtpx:hr>143</gpxtpx:hr>
          </gpxtpx:TrackPointExtension>
        </extensions>
      </trkpt>
      <trkpt lat="31.918181869418117" lon="120.58821015324047">
        <ele>3.195672038011253</ele>
        <time>1970-01-01T00:05:11.500000Z</time>
        <extensions>
          <gpxtpx:TrackPointExtension>
            <gpxtpx:hr>143</gpxtpx:hr>
          </gpxtpx:TrackPointExtension>
        </extensions>
      </trkpt>
      <trkpt lat="31.91817565149989" lon="120.58818818026326">
        <ele>3.196594496257603</ele>
        <time>1970-01-01T00:05:12.500000Z</time>
        <extensions>
          <gpxtpx:TrackPointExtension>
            <gpxtpx:hr>142</gpxtpx:hr>
          </gpxtpx:TrackPointExtension>
        </extensions>
      </trkpt>
      <trkpt lat="31.918168041522627" lon="120.58816648057957">
        <ele>3.1984684076160192</ele>
        <time>1970-01-01T00:05:13.500000Z</time>
        <extensions>
          <gpxtpx:TrackPointExtension>
            <gpxtpx:hr>142</gpxtpx:hr>
          </gpxtpx:TrackPointExtension>
        </extensions>
      </trkpt>
      <trkpt lat="31.918160070864268" lon="120.58814451941072">
        <ele>3.1942970184609294</ele>
        <time>1970-01-01T00:05:14.500000Z</time>
        <extensions>
          <gpxtpx:TrackPointExtension>
            <gpxtpx:hr>142</gpxtpx:hr>
          </gpxtpx:TrackPointExtension>
        </extensions>
      </trkpt>
      <trkpt lat="31.91815298359193" lon="120.58812199330812">
        <ele>3.199463928118348</ele>
        <time>1970-01-01T00:05:15.500000Z</time>
        <extensions>
          <gpxtpx:TrackPointExtension>
            <gpxtpx:hr>142</gpxtpx:hr>
          </gpxtpx:TrackPointExtension>
        </extensions>
      </trkpt>
      <trkpt lat="31.91814661223016" lon="120.58809915346872">
        <ele>3.2101255115121603</ele>
        <time>1970-01-01T00:05:16.500000Z</time>
        <extensions>
          <gpxtpx:TrackPointExtension>
            <gpxtpx:hr>143</gpxtpx:hr>
          </gpxtpx:TrackPointExtension>
        </extensions>
      </trkpt>
      <trkpt lat="31.91814092633265" lon="120.58807618807234">
        <ele>3.217466354370117</ele>
        <time>1970-01-01T00:05:17.500000Z</time>
        <extensions>
          <gpxtpx:TrackPointExtension>
            <gpxtpx:hr>143</gpxtpx:hr>
          </gpxtpx:TrackPointExtension>
        </extensions>
      </trkpt>
      <trkpt lat="31.918136015297076" lon="120.58805324744415">
        <ele>3.2340059792622924</ele>
        <time>1970-01-01T00:05:18.500000Z</time>
        <extensions>
          <gpxtpx:TrackPointExtension>
            <gpxtpx:hr>143</gpxtpx:hr>
          </gpxtpx:TrackPointExtension>
        </extensions>
      </trkpt>
      <trkpt lat="31.918131772605943" lon="120.58802987965929">
        <ele>3.2388530476018786</ele>
        <time>1970-01-01T00:05:19.500000Z</time>
        <extensions>
          <gpxtpx:TrackPointExtension>
            <gpxtpx:hr>144</gpxtpx:hr>
          </gpxtpx:TrackPointExtension>
        </extensions>
      </trkpt>
      <trkpt lat="31.918127687152058" lon="120.58800663787085">
        <ele>3.256611706689</ele>
        <time>1970-01-01T00:05:20.500000Z</time>
        <extensions>
          <gpxtpx:TrackPointExtension>
            <gpxtpx:hr>144</gpxtpx:hr>
          </gpxtpx:TrackPointExtension>
        </extensions>
      </trkpt>
      <trkpt lat="31.91812343149917" lon="120.58798363227824">
        <ele>3.264075119048357</ele>
        <time>1970-01-01T00:05:21.500000Z</time>
        <extensions>
          <gpxtpx:TrackPointExtension>
            <gpxtpx:hr>144</gpxtpx:hr>
          </gpxtpx:TrackPointExtension>
        </extensions>
      </trkpt>
      <trkpt lat="31.91811851766931" lon="120.58796044784286">
        <ele>3.2772659985348582</ele>
        <time>1970-01-01T00:05:22.500000Z</time>
        <extensions>
          <gpxtpx:TrackPointExtension>
            <gpxtpx:hr>144</gpxtpx:hr>
          </gpxtpx:TrackPointExtension>
        </extensions>
      </trkpt>
      <trkpt lat="31.918112990443113" lon="120.58793669665381">
        <ele>3.2900214977562428</ele>
        <time>1970-01-01T00:05:23.500000Z</time>
        <extensions>
          <gpxtpx:TrackPointExtension>
            <gpxtpx:hr>144</gpxtpx:hr>
          </gpxtpx:TrackPointExtension>
        </extensions>
      </trkpt>
      <trkpt lat="31.91810758885114" lon="120.58791258063765">
        <ele>3.308541487902403</ele>
        <time>1970-01-01T00:05:24.500000Z</time>
        <extensions>
          <gpxtpx:TrackPointExtension>
            <gpxtpx:hr>144</gpxtpx:hr>
          </gpxtpx:TrackPointExtension>
        </extensions>
      </trkpt>
      <trkpt lat="31.918102525486553" lon="120.58788812132516">
        <ele>3.3252952061593533</ele>
        <time>1970-01-01T00:05:25.500000Z</time>
        <extensions>
          <gpxtpx:TrackPointExtension>
            <gpxtpx:hr>144</gpxtpx:hr>
          </gpxtpx:TrackPointExtension>
        </extensions>
      </trkpt>
      <trkpt lat="31.91809767503961" lon="120.5878634876219">
        <ele>3.3381602177396417</ele>
        <time>1970-01-01T00:05:26.500000Z</time>
        <extensions>
          <gpxtpx:TrackPointExtension>
            <gpxtpx:hr>145</gpxtpx:hr>
          </gpxtpx:TrackPointExtension>
        </extensions>
      </trkpt>
      <trkpt lat="31.918092478908672" lon="120.58783895324505">
        <ele>3.3484216118231416</ele>
        <time>1970-01-01T00:05:27.500000Z</time>
        <extensions>
          <gpxtpx:TrackPointExtension>
            <gpxtpx:hr>145</gpxtpx:hr>
          </gpxtpx:TrackPointExtension>
        </extensions>
      </trkpt>
      <trkpt lat="31.918087279630768" lon="120.58781442801546">
        <ele>3.3572121867910028</ele>
        <time>1970-01-01T00:05:28.500000Z</time>
        <extensions>
          <gpxtpx:TrackPointExtension>
            <gpxtpx:hr>145</gpxtpx:hr>
          </gpxtpx:TrackPointExtension>
        </extensions>
      </trkpt>
      <trkpt lat="31.91808231653759" lon="120.58779020020077">
        <ele>3.3635916505008936</ele>
        <time>1970-01-01T00:05:29.500000Z</time>
        <extensions>
          <gpxtpx:TrackPointExtension>
            <gpxtpx:hr>145</gpxtpx:hr>
          </gpxtpx:TrackPointExtension>
        </extensions>
      </trkpt>
      <trkpt lat="31.918078022204313" lon="120.58776611875903">
        <ele>3.3708644341677427</ele>
        <time>1970-01-01T00:05:30.500000Z</time>
        <extensions>
          <gpxtpx:TrackPointExtension>
            <gpxtpx:hr>145</gpxtpx:hr>
          </gpxtpx:TrackPointExtension>
        </extensions>
      </trkpt>
      <trkpt lat="31.91807440578174" lon="120.58774234959682">
        <ele>3.3722957065328956</ele>
        <time>1970-01-01T00:05:31.500000Z</time>
        <extensions>
          <gpxtpx:TrackPointExtension>
            <gpxtpx:hr>147</gpxtpx:hr>
          </gpxtpx:TrackPointExtension>
        </extensions>
      </trkpt>
      <trkpt lat="31.918071683249728" lon="120.58771858362581">
        <ele>3.3759645456448197</ele>
        <time>1970-01-01T00:05:32.500000Z</time>
        <extensions>
          <gpxtpx:TrackPointExtension>
            <gpxtpx:hr>147</gpxtpx:hr>
          </gpxtpx:TrackPointExtension>
        </extensions>
      </trkpt>
      <trkpt lat="31.918069416850173" lon="120.58769497682897">
        <ele>3.3718080120161176</ele>
        <time>1970-01-01T00:05:33.500000Z</time>
        <extensions>
          <gpxtpx:TrackPointExtension>
            <gpxtpx:hr>147</gpxtpx:hr>
          </gpxtpx:TrackPointExtension>
        </extensions>
      </trkpt>
      <trkpt lat="31.918067762255866" lon="120.58767155883409">
        <ele>3.3577755922451615</ele>
        <time>1970-01-01T00:05:34.500000Z</time>
        <extensions>
          <gpxtpx:TrackPointExtension>
            <gpxtpx:hr>147</gpxtpx:hr>
          </gpxtpx:TrackPointExtension>
        </extensions>
      </trkpt>
      <trkpt lat="31.918067168679453" lon="120.58764816121052">
        <ele>3.3472906928509474</ele>
        <time>1970-01-01T00:05:35.500000Z</time>
        <extensions>
          <gpxtpx:TrackPointExtension>
            <gpxtpx:hr>146</gpxtpx:hr>
          </gpxtpx:TrackPointExtension>
        </extensions>
      </trkpt>
      <trkpt lat="31.918067039650396" lon="120.587625153185">
        <ele>3.3324665250256658</ele>
        <time>1970-01-01T00:05:36.500000Z</time>
        <extensions>
          <gpxtpx:TrackPointExtension>
            <gpxtpx:hr>146</gpxtpx:hr>
          </gpxtpx:TrackPointExtension>
        </extensions>
      </trkpt>
      <trkpt lat="31.918067310709436" lon="120.58760254513335">
        <ele>3.3199507147073746</ele>
        <time>1970-01-01T00:05:37.500000Z</time>
        <extensions>
          <gpxtpx:TrackPointExtension>
            <gpxtpx:hr>146</gpxtpx:hr>
          </gpxtpx:TrackPointExtension>
        </extensions>
      </trkpt>
      <trkpt lat="31.918067943965646" lon="120.58758014748926">
        <ele>3.3008601050823927</ele>
        <time>1970-01-01T00:05:38.500000Z</time>
        <extensions>
          <gpxtpx:TrackPointExtension>
            <gpxtpx:hr>146</gpxtpx:hr>
          </gpxtpx:TrackPointExtension>
        </extensions>
      </trkpt>
      <trkpt lat="31.91806898104247" lon="120.58755767514334">
        <ele>3.2911175563931465</ele>
        <time>1970-01-01T00:05:39.500000Z</time>
        <extensions>
          <gpxtpx:TrackPointExtension>
            <gpxtpx:hr>146</gpxtpx:hr>
          </gpxtpx:TrackPointExtension>
        </extensions>
      </trkpt>
      <trkpt lat="31.918069793500795" lon="120.58753527315699">
        <ele>3.2777687776833773</ele>
        <time>1970-01-01T00:05:40.500000Z</time>
        <extensions>
          <gpxtpx:TrackPointExtension>
            <gpxtpx:hr>146</gpxtpx:hr>
          </gpxtpx:TrackPointExtension>
        </extensions>
      </trkpt>
      <trkpt lat="31.918070887062935" lon="120.58751284922393">
        <ele>3.2679403088986874</ele>
        <time>1970-01-01T00:05:41.500000Z</time>
        <extensions>
          <gpxtpx:TrackPointExtension>
            <gpxtpx:hr>144</gpxtpx:hr>
          </gpxtpx:TrackPointExtension>
        </extensions>
      </trkpt>
      <trkpt lat="31.918073353439514" lon="120.58749044432066">
        <ele>3.2580476189032197</ele>
        <time>1970-01-01T00:05:42.500000Z</time>
        <extensions>
          <gpxtpx:TrackPointExtension>
            <gpxtpx:hr>144</gpxtpx:hr>
          </gpxtpx:TrackPointExtension>
        </extensions>
      </trkpt>
      <trkpt lat="31.91807726446553" lon="120.58746813632477">
        <ele>3.2555903429165483</ele>
        <time>1970-01-01T00:05:43.500000Z</time>
        <extensions>
          <gpxtpx:TrackPointExtension>
            <gpxtpx:hr>144</gpxtpx:hr>
          </gpxtpx:TrackPointExtension>
        </extensions>
      </trkpt>
      <trkpt lat="31.91808189774925" lon="120.58744599482984">
        <ele>3.258333168923855</ele>
        <time>1970-01-01T00:05:44.500000Z</time>
        <extensions>
          <gpxtpx:TrackPointExtension>
            <gpxtpx:hr>144</gpxtpx:hr>
          </gpxtpx:TrackPointExtension>
        </extensions>
      </trkpt>
      <trkpt lat="31.918086685056924" lon="120.5874236325514">
        <ele>3.266043429262936</ele>
        <time>1970-01-01T00:05:45.500000Z</time>
        <extensions>
          <gpxtpx:TrackPointExtension>
            <gpxtpx:hr>144</gpxtpx:hr>
          </gpxtpx:TrackPointExtension>
        </extensions>
      </trkpt>
      <trkpt lat="31.918091943346614" lon="120.58740124842889">
        <ele>3.270893996581435</ele>
        <time>1970-01-01T00:05:46.500000Z</time>
        <extensions>
          <gpxtpx:TrackPointExtension>
            <gpxtpx:hr>145</gpxtpx:hr>
          </gpxtpx:TrackPointExtension>
        </extensions>
      </trkpt>
      <trkpt lat="31.918097867196536" lon="120.58737930821356">
        <ele>3.2896704925224185</ele>
        <time>1970-01-01T00:05:47.500000Z</time>
        <extensions>
          <gpxtpx:TrackPointExtension>
            <gpxtpx:hr>145</gpxtpx:hr>
          </gpxtpx:TrackPointExtension>
        </extensions>
      </trkpt>
      <trkpt lat="31.918104265111765" lon="120.58735773204195">
        <ele>3.3057079100981355</ele>
        <time>1970-01-01T00:05:48.500000Z</time>
        <extensions>
          <gpxtpx:TrackPointExtension>
            <gpxtpx:hr>145</gpxtpx:hr>
          </gpxtpx:TrackPointExtension>
        </extensions>
      </trkpt>
      <trkpt lat="31.918111046943324" lon="120.58733625817156">
        <ele>3.3266082610934973</ele>
        <time>1970-01-01T00:05:49.500000Z</time>
        <extensions>
          <gpxtpx:TrackPointExtension>
            <gpxtpx:hr>145</gpxtpx:hr>
          </gpxtpx:TrackPointExtension>
        </extensions>
      </trkpt>
      <trkpt lat="31.918118447884478" lon="120.58731449740904">
        <ele>3.331782684661448</ele>
        <time>1970-01-01T00:05:50.500000Z</time>
        <extensions>
          <gpxtpx:TrackPointExtension>
            <gpxtpx:hr>145</gpxtpx:hr>
          </gpxtpx:TrackPointExtension>
        </extensions>
      </trkpt>
      <trkpt lat="31.918125649468063" lon="120.58729272636086">
        <ele>3.362085359171033</ele>
        <time>1970-01-01T00:05:51.500000Z</time>
        <extensions>
          <gpxtpx:TrackPointExtension>
            <gpxtpx:hr>148</gpxtpx:hr>
          </gpxtpx:TrackPointExtension>
        </extensions>
      </trkpt>
      <trkpt lat="31.91813273000791" lon="120.58727155948243">
        <ele>3.385501965880394</ele>
        <time>1970-01-01T00:05:52.500000Z</time>
        <extensions>
          <gpxtpx:TrackPointExtension>
            <gpxtpx:hr>148</gpxtpx:hr>
          </gpxtpx:TrackPointExtension>
        </extensions>
      </trkpt>
      <trkpt lat="31.918139909165156" lon="120.58725106358058">
        <ele>3.415162969380617</ele>
        <time>1970-01-01T00:05:53.500000Z</time>
        <extensions>
          <gpxtpx:TrackPointExtension>
            <gpxtpx:hr>148</gpxtpx:hr>
          </gpxtpx:TrackPointExtension>
        </extensions>
      </trkpt>
      <trkpt lat="31.918147394593625" lon="120.58723121210758">
        <ele>3.431470307521522</ele>
        <time>1970-01-01T00:05:54.500000Z</time>
        <extensions>
          <gpxtpx:TrackPointExtension>
            <gpxtpx:hr>148</gpxtpx:hr>
          </gpxtpx:TrackPointExtension>
        </extensions>
      </trkpt>
      <trkpt lat="31.91815509955351" lon="120.58721196977675">
        <ele>3.4460118617862463</ele>
        <time>1970-01-01T00:05:55.500000Z</time>
        <extensions>
          <gpxtpx:TrackPointExtension>
            <gpxtpx:hr>148</gpxtpx:hr>
          </gpxtpx:TrackPointExtension>
        </extensions>
      </trkpt>
      <trkpt lat="31.918162569538946" lon="120.58719289286655">
        <ele>3.4576373817399144</ele>
        <time>1970-01-01T00:05:56.500000Z</time>
        <extensions>
          <gpxtpx:TrackPointExtension>
            <gpxtpx:hr>148</gpxtpx:hr>
          </gpxtpx:TrackPointExtension>
        </extensions>
      </trkpt>
      <trkpt lat="31.918169429725772" lon="120.5871734211722">
        <ele>3.479465240612626</ele>
        <time>1970-01-01T00:05:57.500000Z</time>
        <extensions>
          <gpxtpx:TrackPointExtension>
            <gpxtpx:hr>148</gpxtpx:hr>
          </gpxtpx:TrackPointExtension>
        </extensions>
      </trkpt>
      <trkpt lat="31.91817551547086" lon="120.58715334114615">
        <ele>3.496639004908502</ele>
        <time>1970-01-01T00:05:58.500000Z</time>
        <extensions>
          <gpxtpx:TrackPointExtension>
            <gpxtpx:hr>148</gpxtpx:hr>
          </gpxtpx:TrackPointExtension>
        </extensions>
      </trkpt>
      <trkpt lat="31.918181617779616" lon="120.58713285566085">
        <ele>3.5118842786177993</ele>
        <time>1970-01-01T00:05:59.500000Z</time>
        <extensions>
          <gpxtpx:TrackPointExtension>
            <gpxtpx:hr>148</gpxtpx:hr>
          </gpxtpx:TrackPointExtension>
        </extensions>
      </trkpt>
      <trkpt lat="31.918187815379603" lon="120.5871125060071">
        <ele>3.5179309537634254</ele>
        <time>1970-01-01T00:06:00.500000Z</time>
        <extensions>
          <gpxtpx:TrackPointExtension>
            <gpxtpx:hr>148</gpxtpx:hr>
          </gpxtpx:TrackPointExtension>
        </extensions>
      </trkpt>
      <trkpt lat="31.91819454291264" lon="120.58709244905226">
        <ele>3.53078128490597</ele>
        <time>1970-01-01T00:06:01.500000Z</time>
        <extensions>
          <gpxtpx:TrackPointExtension>
            <gpxtpx:hr>148</gpxtpx:hr>
          </gpxtpx:TrackPointExtension>
        </extensions>
      </trkpt>
      <trkpt lat="31.91820169084941" lon="120.58707236319309">
        <ele>3.5474132811650634</ele>
        <time>1970-01-01T00:06:02.500000Z</time>
        <extensions>
          <gpxtpx:TrackPointExtension>
            <gpxtpx:hr>148</gpxtpx:hr>
          </gpxtpx:TrackPointExtension>
        </extensions>
      </trkpt>
      <trkpt lat="31.918209367095685" lon="120.5870522953883">
        <ele>3.556896537542343</ele>
        <time>1970-01-01T00:06:03.500000Z</time>
        <extensions>
          <gpxtpx:TrackPointExtension>
            <gpxtpx:hr>148</gpxtpx:hr>
          </gpxtpx:TrackPointExtension>
        </extensions>
      </trkpt>
      <trkpt lat="31.918217626398036" lon="120.5870325296461">
        <ele>3.564401624724269</ele>
        <time>1970-01-01T00:06:04.500000Z</time>
        <extensions>
          <gpxtpx:TrackPointExtension>
            <gpxtpx:hr>148</gpxtpx:hr>
          </gpxtpx:TrackPointExtension>
        </extensions>
      </trkpt>
      <trkpt lat="31.91822496158791" lon="120.58701296621051">
        <ele>3.5654162913560867</ele>
        <time>1970-01-01T00:06:05.500000Z</time>
        <extensions>
          <gpxtpx:TrackPointExtension>
            <gpxtpx:hr>148</gpxtpx:hr>
          </gpxtpx:TrackPointExtension>
        </extensions>
      </trkpt>
      <trkpt lat="31.918231377596005" lon="120.58699385342672">
        <ele>3.5633806847035885</ele>
        <time>1970-01-01T00:06:06.500000Z</time>
        <extensions>
          <gpxtpx:TrackPointExtension>
            <gpxtpx:hr>149</gpxtpx:hr>
          </gpxtpx:TrackPointExtension>
        </extensions>
      </trkpt>
      <trkpt lat="31.918237421584635" lon="120.58697544682218">
        <ele>3.556909190490842</ele>
        <time>1970-01-01T00:06:07.500000Z</time>
        <extensions>
          <gpxtpx:TrackPointExtension>
            <gpxtpx:hr>149</gpxtpx:hr>
          </gpxtpx:TrackPointExtension>
        </extensions>
      </trkpt>
      <trkpt lat="31.91824352128332" lon="120.58695809281636">
        <ele>3.5504610212519765</ele>
        <time>1970-01-01T00:06:08.500000Z</time>
        <extensions>
          <gpxtpx:TrackPointExtension>
            <gpxtpx:hr>149</gpxtpx:hr>
          </gpxtpx:TrackPointExtension>
        </extensions>
      </trkpt>
      <trkpt lat="31.918249768051535" lon="120.58694202973378">
        <ele>3.545263954438269</ele>
        <time>1970-01-01T00:06:09.500000Z</time>
        <extensions>
          <gpxtpx:TrackPointExtension>
            <gpxtpx:hr>149</gpxtpx:hr>
          </gpxtpx:TrackPointExtension>
        </extensions>
      </trkpt>
      <trkpt lat="31.91825564692097" lon="120.58692680855009">
        <ele>3.5385895362123847</ele>
        <time>1970-01-01T00:06:10.500000Z</time>
        <extensions>
          <gpxtpx:TrackPointExtension>
            <gpxtpx:hr>150</gpxtpx:hr>
          </gpxtpx:TrackPointExtension>
        </extensions>
      </trkpt>
      <trkpt lat="31.918261286826507" lon="120.58691182875782">
        <ele>3.5266282837837934</ele>
        <time>1970-01-01T00:06:11.500000Z</time>
        <extensions>
          <gpxtpx:TrackPointExtension>
            <gpxtpx:hr>150</gpxtpx:hr>
          </gpxtpx:TrackPointExtension>
        </extensions>
      </trkpt>
      <trkpt lat="31.91826633116768" lon="120.58689649242628">
        <ele>3.5155247040092945</ele>
        <time>1970-01-01T00:06:12.500000Z</time>
        <extensions>
          <gpxtpx:TrackPointExtension>
            <gpxtpx:hr>150</gpxtpx:hr>
          </gpxtpx:TrackPointExtension>
        </extensions>
      </trkpt>
      <trkpt lat="31.9182708863588" lon="120.58688109360551">
        <ele>3.5026244232431054</ele>
        <time>1970-01-01T00:06:13.500000Z</time>
        <extensions>
          <gpxtpx:TrackPointExtension>
            <gpxtpx:hr>150</gpxtpx:hr>
          </gpxtpx:TrackPointExtension>
        </extensions>
      </trkpt>
      <trkpt lat="31.91827582095879" lon="120.58686610917147">
        <ele>3.4889943953603506</ele>
        <time>1970-01-01T00:06:14.500000Z</time>
        <extensions>
          <gpxtpx:TrackPointExtension>
            <gpxtpx:hr>150</gpxtpx:hr>
          </gpxtpx:TrackPointExtension>
        </extensions>
      </trkpt>
      <trkpt lat="31.918281426641503" lon="120.58685173322787">
        <ele>3.47654099855572</ele>
        <time>1970-01-01T00:06:15.500000Z</time>
        <extensions>
          <gpxtpx:TrackPointExtension>
            <gpxtpx:hr>150</gpxtpx:hr>
          </gpxtpx:TrackPointExtension>
        </extensions>
      </trkpt>
      <trkpt lat="31.918287734802572" lon="120.58683798491934">
        <ele>3.4630723670125008</ele>
        <time>1970-01-01T00:06:16.500000Z</time>
        <extensions>
          <gpxtpx:TrackPointExtension>
            <gpxtpx:hr>150</gpxtpx:hr>
          </gpxtpx:TrackPointExtension>
        </extensions>
      </trkpt>
      <trkpt lat="31.918294447228007" lon="120.58682454387133">
        <ele>3.444518217816949</ele>
        <time>1970-01-01T00:06:17.500000Z</time>
        <extensions>
          <gpxtpx:TrackPointExtension>
            <gpxtpx:hr>150</gpxtpx:hr>
          </gpxtpx:TrackPointExtension>
        </extensions>
      </trkpt>
      <trkpt lat="31.91830121980739" lon="120.58681113687301">
        <ele>3.4338604090735316</ele>
        <time>1970-01-01T00:06:18.500000Z</time>
        <extensions>
          <gpxtpx:TrackPointExtension>
            <gpxtpx:hr>150</gpxtpx:hr>
          </gpxtpx:TrackPointExtension>
        </extensions>
      </trkpt>
      <trkpt lat="31.918308177035637" lon="120.58679755340428">
        <ele>3.427511521615088</ele>
        <time>1970-01-01T00:06:19.500000Z</time>
        <extensions>
          <gpxtpx:TrackPointExtension>
            <gpxtpx:hr>150</gpxtpx:hr>
          </gpxtpx:TrackPointExtension>
        </extensions>
      </trkpt>
      <trkpt lat="31.918315309364072" lon="120.58678375648365">
        <ele>3.4058609306812286</ele>
        <time>1970-01-01T00:06:20.500000Z</time>
        <extensions>
          <gpxtpx:TrackPointExtension>
            <gpxtpx:hr>150</gpxtpx:hr>
          </gpxtpx:TrackPointExtension>
        </extensions>
      </trkpt>
      <trkpt lat="31.918322231199763" lon="120.58676953532782">
        <ele>3.38051887601614</ele>
        <time>1970-01-01T00:06:21.500000Z</time>
        <extensions>
          <gpxtpx:TrackPointExtension>
            <gpxtpx:hr>150</gpxtpx:hr>
          </gpxtpx:TrackPointExtension>
        </extensions>
      </trkpt>
      <trkpt lat="31.918328658726143" lon="120.58675446484784">
        <ele>3.353966820985079</ele>
        <time>1970-01-01T00:06:22.500000Z</time>
        <extensions>
          <gpxtpx:TrackPointExtension>
            <gpxtpx:hr>152</gpxtpx:hr>
          </gpxtpx:TrackPointExtension>
        </extensions>
      </trkpt>
      <trkpt lat="31.91833467288806" lon="120.58673860840726">
        <ele>3.330915101803839</ele>
        <time>1970-01-01T00:06:23.500000Z</time>
        <extensions>
          <gpxtpx:TrackPointExtension>
            <gpxtpx:hr>152</gpxtpx:hr>
          </gpxtpx:TrackPointExtension>
        </extensions>
      </trkpt>
      <trkpt lat="31.918340238751973" lon="120.58672230548586">
        <ele>3.318005980923772</ele>
        <time>1970-01-01T00:06:24.500000Z</time>
        <extensions>
          <gpxtpx:TrackPointExtension>
            <gpxtpx:hr>152</gpxtpx:hr>
          </gpxtpx:TrackPointExtension>
        </extensions>
      </trkpt>
      <trkpt lat="31.91834553084559" lon="120.58670617348913">
        <ele>3.3098905757069588</ele>
        <time>1970-01-01T00:06:25.500000Z</time>
        <extensions>
          <gpxtpx:TrackPointExtension>
            <gpxtpx:hr>152</gpxtpx:hr>
          </gpxtpx:TrackPointExtension>
        </extensions>
      </trkpt>
      <trkpt lat="31.918350613058053" lon="120.58669022415485">
        <ele>3.2988647082820535</ele>
        <time>1970-01-01T00:06:26.500000Z</time>
        <extensions>
          <gpxtpx:TrackPointExtension>
            <gpxtpx:hr>153</gpxtpx:hr>
          </gpxtpx:TrackPointExtension>
        </extensions>
      </trkpt>
      <trkpt lat="31.918355192687766" lon="120.58667416415497">
        <ele>3.2830474246293306</ele>
        <time>1970-01-01T00:06:27.500000Z</time>
        <extensions>
          <gpxtpx:TrackPointExtension>
            <gpxtpx:hr>153</gpxtpx:hr>
          </gpxtpx:TrackPointExtension>
        </extensions>
      </trkpt>
      <trkpt lat="31.918358965432706" lon="120.58665761867796">
        <ele>3.2634122082963586</ele>
        <time>1970-01-01T00:06:28.500000Z</time>
        <extensions>
          <gpxtpx:TrackPointExtension>
            <gpxtpx:hr>153</gpxtpx:hr>
          </gpxtpx:TrackPointExtension>
        </extensions>
      </trkpt>
      <trkpt lat="31.91836163774833" lon="120.5866405841828">
        <ele>3.2364073302596807</ele>
        <time>1970-01-01T00:06:29.500000Z</time>
        <extensions>
          <gpxtpx:TrackPointExtension>
            <gpxtpx:hr>153</gpxtpx:hr>
          </gpxtpx:TrackPointExtension>
        </extensions>
      </trkpt>
      <trkpt lat="31.91836420840926" lon="120.58662353262655">
        <ele>3.20455349329859</ele>
        <time>1970-01-01T00:06:30.500000Z</time>
        <extensions>
          <gpxtpx:TrackPointExtension>
            <gpxtpx:hr>150</gpxtpx:hr>
          </gpxtpx:TrackPointExtension>
        </extensions>
      </trkpt>
      <trkpt lat="31.918366969143058" lon="120.58660662962501">
        <ele>3.1728425873443484</ele>
        <time>1970-01-01T00:06:31.500000Z</time>
        <extensions>
          <gpxtpx:TrackPointExtension>
            <gpxtpx:hr>150</gpxtpx:hr>
          </gpxtpx:TrackPointExtension>
        </extensions>
      </trkpt>
      <trkpt lat="31.9183681752503" lon="120.58658934948815">
        <ele>3.136814867146313</ele>
        <time>1970-01-01T00:06:32.500000Z</time>
        <extensions>
          <gpxtpx:TrackPointExtension>
            <gpxtpx:hr>150</gpxtpx:hr>
          </gpxtpx:TrackPointExtension>
        </extensions>
      </trkpt>
      <trkpt lat="31.918366296157448" lon="120.58657192105208">
        <ele>3.102593074552715</ele>
        <time>1970-01-01T00:06:33.500000Z</time>
        <extensions>
          <gpxtpx:TrackPointExtension>
            <gpxtpx:hr>150</gpxtpx:hr>
          </gpxtpx:TrackPointExtension>
        </extensions>
      </trkpt>
      <trkpt lat="31.918360507273185" lon="120.58655563756952">
        <ele>3.0736011657863855</ele>
        <time>1970-01-01T00:06:34.500000Z</time>
        <extensions>
          <gpxtpx:TrackPointExtension>
            <gpxtpx:hr>150</gpxtpx:hr>
          </gpxtpx:TrackPointExtension>
        </extensions>
      </trkpt>
      <trkpt lat="31.918351481215833" lon="120.58654077420267">
        <ele>3.04661001637578</ele>
        <time>1970-01-01T00:06:35.500000Z</time>
        <extensions>
          <gpxtpx:TrackPointExtension>
            <gpxtpx:hr>150</gpxtpx:hr>
          </gpxtpx:TrackPointExtension>
        </extensions>
      </trkpt>
      <trkpt lat="31.918341345467248" lon="120.58652652384528">
        <ele>3.0318490620702505</ele>
        <time>1970-01-01T00:06:36.500000Z</time>
        <extensions>
          <gpxtpx:TrackPointExtension>
            <gpxtpx:hr>147</gpxtpx:hr>
          </gpxtpx:TrackPointExtension>
        </extensions>
      </trkpt>
      <trkpt lat="31.918330532411186" lon="120.58651310506752">
        <ele>3.013504872098565</ele>
        <time>1970-01-01T00:06:37.500000Z</time>
        <extensions>
          <gpxtpx:TrackPointExtension>
            <gpxtpx:hr>147</gpxtpx:hr>
          </gpxtpx:TrackPointExtension>
        </extensions>
      </trkpt>
      <trkpt lat="31.918318176763375" lon="120.58650105900449">
        <ele>2.9959298679605126</ele>
        <time>1970-01-01T00:06:38.500000Z</time>
        <extensions>
          <gpxtpx:TrackPointExtension>
            <gpxtpx:hr>147</gpxtpx:hr>
          </gpxtpx:TrackPointExtension>
        </extensions>
      </trkpt>
      <trkpt lat="31.918304494198303" lon="120.5864901332801">
        <ele>2.9867324866354465</ele>
        <time>1970-01-01T00:06:39.500000Z</time>
        <extensions>
          <gpxtpx:TrackPointExtension>
            <gpxtpx:hr>147</gpxtpx:hr>
          </gpxtpx:TrackPointExtension>
        </extensions>
      </trkpt>
      <trkpt lat="31.91829012918008" lon="120.58648043916232">
        <ele>2.984009680338204</ele>
        <time>1970-01-01T00:06:40.500000Z</time>
        <extensions>
          <gpxtpx:TrackPointExtension>
            <gpxtpx:hr>147</gpxtpx:hr>
          </gpxtpx:TrackPointExtension>
        </extensions>
      </trkpt>
      <trkpt lat="31.91827536833067" lon="120.58647194704005">
        <ele>2.9856122648343444</ele>
        <time>1970-01-01T00:06:41.500000Z</time>
        <extensions>
          <gpxtpx:TrackPointExtension>
            <gpxtpx:hr>147</gpxtpx:hr>
          </gpxtpx:TrackPointExtension>
        </extensions>
      </trkpt>
      <trkpt lat="31.918260366931683" lon="120.58646451440585">
        <ele>2.9970193887129426</ele>
        <time>1970-01-01T00:06:42.500000Z</time>
        <extensions>
          <gpxtpx:TrackPointExtension>
            <gpxtpx:hr>143</gpxtpx:hr>
          </gpxtpx:TrackPointExtension>
        </extensions>
      </trkpt>
      <trkpt lat="31.91824491824946" lon="120.58645726404035">
        <ele>3.0118332356214523</ele>
        <time>1970-01-01T00:06:43.500000Z</time>
        <extensions>
          <gpxtpx:TrackPointExtension>
            <gpxtpx:hr>143</gpxtpx:hr>
          </gpxtpx:TrackPointExtension>
        </extensions>
      </trkpt>
      <trkpt lat="31.91822903639968" lon="120.58645000223902">
        <ele>3.033704426139593</ele>
        <time>1970-01-01T00:06:44.500000Z</time>
        <extensions>
          <gpxtpx:TrackPointExtension>
            <gpxtpx:hr>143</gpxtpx:hr>
          </gpxtpx:TrackPointExtension>
        </extensions>
      </trkpt>
      <trkpt lat="31.91821343405617" lon="120.58644334129288">
        <ele>3.0624514296650887</ele>
        <time>1970-01-01T00:06:45.500000Z</time>
        <extensions>
          <gpxtpx:TrackPointExtension>
            <gpxtpx:hr>143</gpxtpx:hr>
          </gpxtpx:TrackPointExtension>
        </extensions>
      </trkpt>
      <trkpt lat="31.91819831333616" lon="120.58643664436542">
        <ele>3.0906439293175936</ele>
        <time>1970-01-01T00:06:46.500000Z</time>
        <extensions>
          <gpxtpx:TrackPointExtension>
            <gpxtpx:hr>142</gpxtpx:hr>
          </gpxtpx:TrackPointExtension>
        </extensions>
      </trkpt>
      <trkpt lat="31.918183913333493" lon="120.58642883234589">
        <ele>3.1234964272007346</ele>
        <time>1970-01-01T00:06:47.500000Z</time>
        <extensions>
          <gpxtpx:TrackPointExtension>
            <gpxtpx:hr>142</gpxtpx:hr>
          </gpxtpx:TrackPointExtension>
        </extensions>
      </trkpt>
      <trkpt lat="31.918169665756075" lon="120.58642118868623">
        <ele>3.1539569217711687</ele>
        <time>1970-01-01T00:06:48.500000Z</time>
        <extensions>
          <gpxtpx:TrackPointExtension>
            <gpxtpx:hr>142</gpxtpx:hr>
          </gpxtpx:TrackPointExtension>
        </extensions>
      </trkpt>
      <trkpt lat="31.91815503422961" lon="120.58641442353637">
        <ele>3.1888864375650883</ele>
        <time>1970-01-01T00:06:49.500000Z</time>
        <extensions>
          <gpxtpx:TrackPointExtension>
            <gpxtpx:hr>142</gpxtpx:hr>
          </gpxtpx:TrackPointExtension>
        </extensions>
      </trkpt>
      <trkpt lat="31.91814056860382" lon="120.58640762197916">
        <ele>3.2209742814302444</ele>
        <time>1970-01-01T00:06:50.500000Z</time>
        <extensions>
          <gpxtpx:TrackPointExtension>
            <gpxtpx:hr>143</gpxtpx:hr>
          </gpxtpx:TrackPointExtension>
        </extensions>
      </trkpt>
      <trkpt lat="31.918126201150166" lon="120.58640057801546">
        <ele>3.253934952430427</ele>
        <time>1970-01-01T00:06:51.500000Z</time>
        <extensions>
          <gpxtpx:TrackPointExtension>
            <gpxtpx:hr>143</gpxtpx:hr>
          </gpxtpx:TrackPointExtension>
        </extensions>
      </trkpt>
      <trkpt lat="31.91811188424253" lon="120.58639318754285">
        <ele>3.285080859437585</ele>
        <time>1970-01-01T00:06:52.500000Z</time>
        <extensions>
          <gpxtpx:TrackPointExtension>
            <gpxtpx:hr>143</gpxtpx:hr>
          </gpxtpx:TrackPointExtension>
        </extensions>
      </trkpt>
      <trkpt lat="31.918097692067473" lon="120.5863857645779">
        <ele>3.315230479463935</ele>
        <time>1970-01-01T00:06:53.500000Z</time>
        <extensions>
          <gpxtpx:TrackPointExtension>
            <gpxtpx:hr>143</gpxtpx:hr>
          </gpxtpx:TrackPointExtension>
        </extensions>
      </trkpt>
      <trkpt lat="31.918083616636697" lon="120.5863787145611">
        <ele>3.3379686418920755</ele>
        <time>1970-01-01T00:06:54.500000Z</time>
        <extensions>
          <gpxtpx:TrackPointExtension>
            <gpxtpx:hr>143</gpxtpx:hr>
          </gpxtpx:TrackPointExtension>
        </extensions>
      </trkpt>
      <trkpt lat="31.918069561374285" lon="120.58637186801982">
        <ele>3.3586684418842196</ele>
        <time>1970-01-01T00:06:55.500000Z</time>
        <extensions>
          <gpxtpx:TrackPointExtension>
            <gpxtpx:hr>143</gpxtpx:hr>
          </gpxtpx:TrackPointExtension>
        </extensions>
      </trkpt>
      <trkpt lat="31.918055577893192" lon="120.58636499366418">
        <ele>3.3781209979206324</ele>
        <time>1970-01-01T00:06:56.500000Z</time>
        <extensions>
          <gpxtpx:TrackPointExtension>
            <gpxtpx:hr>143</gpxtpx:hr>
          </gpxtpx:TrackPointExtension>
        </extensions>
      </trkpt>
      <trkpt lat="31.91804174027029" lon="120.58635743540157">
        <ele>3.394472209736705</ele>
        <time>1970-01-01T00:06:57.500000Z</time>
        <extensions>
          <gpxtpx:TrackPointExtension>
            <gpxtpx:hr>143</gpxtpx:hr>
          </gpxtpx:TrackPointExtension>
        </extensions>
      </trkpt>
      <trkpt lat="31.918027788087592" lon="120.5863492060267">
        <ele>3.408856806345284</ele>
        <time>1970-01-01T00:06:58.500000Z</time>
        <extensions>
          <gpxtpx:TrackPointExtension>
            <gpxtpx:hr>143</gpxtpx:hr>
          </gpxtpx:TrackPointExtension>
        </extensions>
      </trkpt>
      <trkpt lat="31.91801385217376" lon="120.58634104590419">
        <ele>3.422461294569075</ele>
        <time>1970-01-01T00:06:59.500000Z</time>
        <extensions>
          <gpxtpx:TrackPointExtension>
            <gpxtpx:hr>143</gpxtpx:hr>
          </gpxtpx:TrackPointExtension>
        </extensions>
      </trkpt>
      <trkpt lat="31.917999740693283" lon="120.58633318054169">
        <ele>3.4335642624646425</ele>
        <time>1970-01-01T00:07:00.500000Z</time>
        <extensions>
          <gpxtpx:TrackPointExtension>
            <gpxtpx:hr>141</gpxtpx:hr>
          </gpxtpx:TrackPointExtension>
        </extensions>
      </trkpt>
      <trkpt lat="31.91798551752525" lon="120.58632590308453">
        <ele>3.44687866512686</ele>
        <time>1970-01-01T00:07:01.500000Z</time>
        <extensions>
          <gpxtpx:TrackPointExtension>
            <gpxtpx:hr>141</gpxtpx:hr>
          </gpxtpx:TrackPointExtension>
        </extensions>
      </trkpt>
      <trkpt lat="31.917971500920213" lon="120.58631917467258">
        <ele>3.461446796543896</ele>
        <time>1970-01-01T00:07:02.500000Z</time>
        <extensions>
          <gpxtpx:TrackPointExtension>
            <gpxtpx:hr>141</gpxtpx:hr>
          </gpxtpx:TrackPointExtension>
        </extensions>
      </trkpt>
      <trkpt lat="31.917957202725457" lon="120.58631255650933">
        <ele>3.474091016687453</ele>
        <time>1970-01-01T00:07:03.500000Z</time>
        <extensions>
          <gpxtpx:TrackPointExtension>
            <gpxtpx:hr>141</gpxtpx:hr>
          </gpxtpx:TrackPointExtension>
        </extensions>
      </trkpt>
      <trkpt lat="31.917942715695176" lon="120.58630609354562">
        <ele>3.4780345261096954</ele>
        <time>1970-01-01T00:07:04.500000Z</time>
        <extensions>
          <gpxtpx:TrackPointExtension>
            <gpxtpx:hr>141</gpxtpx:hr>
          </gpxtpx:TrackPointExtension>
        </extensions>
      </trkpt>
      <trkpt lat="31.917928581789067" lon="120.58629924858246">
        <ele>3.4790451182052493</ele>
        <time>1970-01-01T00:07:05.500000Z</time>
        <extensions>
          <gpxtpx:TrackPointExtension>
            <gpxtpx:hr>141</gpxtpx:hr>
          </gpxtpx:TrackPointExtension>
        </extensions>
      </trkpt>
      <trkpt lat="31.917914597427057" lon="120.58629183196172">
        <ele>3.470175476744771</ele>
        <time>1970-01-01T00:07:06.500000Z</time>
        <extensions>
          <gpxtpx:TrackPointExtension>
            <gpxtpx:hr>141</gpxtpx:hr>
          </gpxtpx:TrackPointExtension>
        </extensions>
      </trkpt>
      <trkpt lat="31.917900312274444" lon="120.58628412885199">
        <ele>3.4564727526158094</ele>
        <time>1970-01-01T00:07:07.500000Z</time>
        <extensions>
          <gpxtpx:TrackPointExtension>
            <gpxtpx:hr>141</gpxtpx:hr>
          </gpxtpx:TrackPointExtension>
        </extensions>
      </trkpt>
      <trkpt lat="31.917886068694038" lon="120.58627633345615">
        <ele>3.454273821786046</ele>
        <time>1970-01-01T00:07:08.500000Z</time>
        <extensions>
          <gpxtpx:TrackPointExtension>
            <gpxtpx:hr>141</gpxtpx:hr>
          </gpxtpx:TrackPointExtension>
        </extensions>
      </trkpt>
      <trkpt lat="31.91787185542789" lon="120.58626864655021">
        <ele>3.45793844666332</ele>
        <time>1970-01-01T00:07:09.500000Z</time>
        <extensions>
          <gpxtpx:TrackPointExtension>
            <gpxtpx:hr>141</gpxtpx:hr>
          </gpxtpx:TrackPointExtension>
        </extensions>
      </trkpt>
      <trkpt lat="31.917857421408293" lon="120.58626125857002">
        <ele>3.457451513968408</ele>
        <time>1970-01-01T00:07:10.500000Z</time>
        <extensions>
          <gpxtpx:TrackPointExtension>
            <gpxtpx:hr>141</gpxtpx:hr>
          </gpxtpx:TrackPointExtension>
        </extensions>
      </trkpt>
      <trkpt lat="31.917843055590616" lon="120.58625404204312">
        <ele>3.432515815831721</ele>
        <time>1970-01-01T00:07:11.500000Z</time>
        <extensions>
          <gpxtpx:TrackPointExtension>
            <gpxtpx:hr>142</gpxtpx:hr>
          </gpxtpx:TrackPointExtension>
        </extensions>
      </trkpt>
      <trkpt lat="31.917828174993254" lon="120.58624692214674">
        <ele>3.421387445181608</ele>
        <time>1970-01-01T00:07:12.500000Z</time>
        <extensions>
          <gpxtpx:TrackPointExtension>
            <gpxtpx:hr>142</gpxtpx:hr>
          </gpxtpx:TrackPointExtension>
        </extensions>
      </trkpt>
      <trkpt lat="31.91781290474733" lon="120.58623937860222">
        <ele>3.3856708677485585</ele>
        <time>1970-01-01T00:07:13.500000Z</time>
        <extensions>
          <gpxtpx:TrackPointExtension>
            <gpxtpx:hr>142</gpxtpx:hr>
          </gpxtpx:TrackPointExtension>
        </extensions>
      </trkpt>
      <trkpt lat="31.917797899167343" lon="120.58623191360655">
        <ele>3.3597711035981774</ele>
        <time>1970-01-01T00:07:14.500000Z</time>
        <extensions>
          <gpxtpx:TrackPointExtension>
            <gpxtpx:hr>142</gpxtpx:hr>
          </gpxtpx:TrackPointExtension>
        </extensions>
      </trkpt>
      <trkpt lat="31.917783636033786" lon="120.58622362695485">
        <ele>3.3218111312016845</ele>
        <time>1970-01-01T00:07:15.500000Z</time>
        <extensions>
          <gpxtpx:TrackPointExtension>
            <gpxtpx:hr>142</gpxtpx:hr>
          </gpxtpx:TrackPointExtension>
        </extensions>
      </trkpt>
      <trkpt lat="31.91776962992911" lon="120.58621423862823">
        <ele>3.2868683207780123</ele>
        <time>1970-01-01T00:07:16.500000Z</time>
        <extensions>
          <gpxtpx:TrackPointExtension>
            <gpxtpx:hr>141</gpxtpx:hr>
          </gpxtpx:TrackPointExtension>
        </extensions>
      </trkpt>
      <trkpt lat="31.917754970336475" lon="120.58620420010917">
        <ele>3.2485835244879127</ele>
        <time>1970-01-01T00:07:17.500000Z</time>
        <extensions>
          <gpxtpx:TrackPointExtension>
            <gpxtpx:hr>141</gpxtpx:hr>
          </gpxtpx:TrackPointExtension>
        </extensions>
      </trkpt>
      <trkpt lat="31.917739534435952" lon="120.5861941622571">
        <ele>3.2140483567491174</ele>
        <time>1970-01-01T00:07:18.500000Z</time>
        <extensions>
          <gpxtpx:TrackPointExtension>
            <gpxtpx:hr>141</gpxtpx:hr>
          </gpxtpx:TrackPointExtension>
        </extensions>
      </trkpt>
      <trkpt lat="31.917724425460978" lon="120.58618451997337">
        <ele>3.174095233902335</ele>
        <time>1970-01-01T00:07:19.500000Z</time>
        <extensions>
          <gpxtpx:TrackPointExtension>
            <gpxtpx:hr>141</gpxtpx:hr>
          </gpxtpx:TrackPointExtension>
        </extensions>
      </trkpt>
      <trkpt lat="31.917709650366675" lon="120.58617558977679">
        <ele>3.1309027317911386</ele>
        <time>1970-01-01T00:07:20.500000Z</time>
        <extensions>
          <gpxtpx:TrackPointExtension>
            <gpxtpx:hr>140</gpxtpx:hr>
          </gpxtpx:TrackPointExtension>
        </extensions>
      </trkpt>
      <trkpt lat="31.91769501680794" lon="120.58616602310678">
        <ele>3.0887281810864806</ele>
        <time>1970-01-01T00:07:21.500000Z</time>
        <extensions>
          <gpxtpx:TrackPointExtension>
            <gpxtpx:hr>140</gpxtpx:hr>
          </gpxtpx:TrackPointExtension>
        </extensions>
      </trkpt>
      <trkpt lat="31.917680594963617" lon="120.58615573578572">
        <ele>3.0527094760909677</ele>
        <time>1970-01-01T00:07:22.500000Z</time>
        <extensions>
          <gpxtpx:TrackPointExtension>
            <gpxtpx:hr>140</gpxtpx:hr>
          </gpxtpx:TrackPointExtension>
        </extensions>
      </trkpt>
      <trkpt lat="31.91766641637577" lon="120.58614557153722">
        <ele>3.0229451078921556</ele>
        <time>1970-01-01T00:07:23.500000Z</time>
        <extensions>
          <gpxtpx:TrackPointExtension>
            <gpxtpx:hr>140</gpxtpx:hr>
          </gpxtpx:TrackPointExtension>
        </extensions>
      </trkpt>
      <trkpt lat="31.91765194441876" lon="120.58613570646571">
        <ele>2.993056026287377</ele>
        <time>1970-01-01T00:07:24.500000Z</time>
        <extensions>
          <gpxtpx:TrackPointExtension>
            <gpxtpx:hr>140</gpxtpx:hr>
          </gpxtpx:TrackPointExtension>
        </extensions>
      </trkpt>
      <trkpt lat="31.91763474827854" lon="120.5861251108974">
        <ele>2.9587671495974064</ele>
        <time>1970-01-01T00:07:25.500000Z</time>
        <extensions>
          <gpxtpx:TrackPointExtension>
            <gpxtpx:hr>140</gpxtpx:hr>
          </gpxtpx:TrackPointExtension>
        </extensions>
      </trkpt>
      <trkpt lat="31.917614466590116" lon="120.58611249659502">
        <ele>2.924033940769732</ele>
        <time>1970-01-01T00:07:26.500000Z</time>
        <extensions>
          <gpxtpx:TrackPointExtension>
            <gpxtpx:hr>140</gpxtpx:hr>
          </gpxtpx:TrackPointExtension>
        </extensions>
      </trkpt>
      <trkpt lat="31.917595602665575" lon="120.58610063996595">
        <ele>2.900744292885065</ele>
        <time>1970-01-01T00:07:27.500000Z</time>
        <extensions>
          <gpxtpx:TrackPointExtension>
            <gpxtpx:hr>140</gpxtpx:hr>
          </gpxtpx:TrackPointExtension>
        </extensions>
      </trkpt>
      <trkpt lat="31.917579100997784" lon="120.58609027106">
        <ele>2.8838479463011026</ele>
        <time>1970-01-01T00:07:28.500000Z</time>
        <extensions>
          <gpxtpx:TrackPointExtension>
            <gpxtpx:hr>140</gpxtpx:hr>
          </gpxtpx:TrackPointExtension>
        </extensions>
      </trkpt>
      <trkpt lat="31.91756167527133" lon="120.58607947017077">
        <ele>2.8710164139047265</ele>
        <time>1970-01-01T00:07:29.500000Z</time>
        <extensions>
          <gpxtpx:TrackPointExtension>
            <gpxtpx:hr>140</gpxtpx:hr>
          </gpxtpx:TrackPointExtension>
        </extensions>
      </trkpt>
      <trkpt lat="31.917541901630422" lon="120.5860675074201">
        <ele>2.8644319493323565</ele>
        <time>1970-01-01T00:07:30.500000Z</time>
        <extensions>
          <gpxtpx:TrackPointExtension>
            <gpxtpx:hr>140</gpxtpx:hr>
          </gpxtpx:TrackPointExtension>
        </extensions>
      </trkpt>
      <trkpt lat="31.91752064411224" lon="120.5860553051124">
        <ele>2.860651532188058</ele>
        <time>1970-01-01T00:07:31.500000Z</time>
        <extensions>
          <gpxtpx:TrackPointExtension>
            <gpxtpx:hr>140</gpxtpx:hr>
          </gpxtpx:TrackPointExtension>
        </extensions>
      </trkpt>
      <trkpt lat="31.9174995552075" lon="120.58604364487486">
        <ele>2.8558238660916686</ele>
        <time>1970-01-01T00:07:32.500000Z</time>
        <extensions>
          <gpxtpx:TrackPointExtension>
            <gpxtpx:hr>140</gpxtpx:hr>
          </gpxtpx:TrackPointExtension>
        </extensions>
      </trkpt>
      <trkpt lat="31.91747906900597" lon="120.5860329325701">
        <ele>2.8555254619568586</ele>
        <time>1970-01-01T00:07:33.500000Z</time>
        <extensions>
          <gpxtpx:TrackPointExtension>
            <gpxtpx:hr>140</gpxtpx:hr>
          </gpxtpx:TrackPointExtension>
        </extensions>
      </trkpt>
      <trkpt lat="31.917459137458433" lon="120.58602264021675">
        <ele>2.856464909389615</ele>
        <time>1970-01-01T00:07:34.500000Z</time>
        <extensions>
          <gpxtpx:TrackPointExtension>
            <gpxtpx:hr>140</gpxtpx:hr>
          </gpxtpx:TrackPointExtension>
        </extensions>
      </trkpt>
      <trkpt lat="31.917439486137912" lon="120.58601262776789">
        <ele>2.8634046968072653</ele>
        <time>1970-01-01T00:07:35.500000Z</time>
        <extensions>
          <gpxtpx:TrackPointExtension>
            <gpxtpx:hr>140</gpxtpx:hr>
          </gpxtpx:TrackPointExtension>
        </extensions>
      </trkpt>
      <trkpt lat="31.917420018871617" lon="120.58600312102242">
        <ele>2.8754812106490135</ele>
        <time>1970-01-01T00:07:36.500000Z</time>
        <extensions>
          <gpxtpx:TrackPointExtension>
            <gpxtpx:hr>140</gpxtpx:hr>
          </gpxtpx:TrackPointExtension>
        </extensions>
      </trkpt>
      <trkpt lat="31.917400511256428" lon="120.58599469179917">
        <ele>2.877621811814606</ele>
        <time>1970-01-01T00:07:37.500000Z</time>
        <extensions>
          <gpxtpx:TrackPointExtension>
            <gpxtpx:hr>140</gpxtpx:hr>
          </gpxtpx:TrackPointExtension>
        </extensions>
      </trkpt>
      <trkpt lat="31.91738112912582" lon="120.58598772395851">
        <ele>2.886302306316793</ele>
        <time>1970-01-01T00:07:38.500000Z</time>
        <extensions>
          <gpxtpx:TrackPointExtension>
            <gpxtpx:hr>140</gpxtpx:hr>
          </gpxtpx:TrackPointExtension>
        </extensions>
      </trkpt>
      <trkpt lat="31.917363276296978" lon="120.58598085184776">
        <ele>2.8904784582555294</ele>
        <time>1970-01-01T00:07:39.500000Z</time>
        <extensions>
          <gpxtpx:TrackPointExtension>
            <gpxtpx:hr>140</gpxtpx:hr>
          </gpxtpx:TrackPointExtension>
        </extensions>
      </trkpt>
      <trkpt lat="31.91734656948595" lon="120.58597347224708">
        <ele>2.8958903159946203</ele>
        <time>1970-01-01T00:07:40.500000Z</time>
        <extensions>
          <gpxtpx:TrackPointExtension>
            <gpxtpx:hr>140</gpxtpx:hr>
          </gpxtpx:TrackPointExtension>
        </extensions>
      </trkpt>
      <trkpt lat="31.917329880996157" lon="120.58596564778475">
        <ele>2.9000149173662066</ele>
        <time>1970-01-01T00:07:41.500000Z</time>
        <extensions>
          <gpxtpx:TrackPointExtension>
            <gpxtpx:hr>140</gpxtpx:hr>
          </gpxtpx:TrackPointExtension>
        </extensions>
      </trkpt>
      <trkpt lat="31.917313474430973" lon="120.58595754277827">
        <ele>2.8912098482251167</ele>
        <time>1970-01-01T00:07:42.500000Z</time>
        <extensions>
          <gpxtpx:TrackPointExtension>
            <gpxtpx:hr>140</gpxtpx:hr>
          </gpxtpx:TrackPointExtension>
        </extensions>
      </trkpt>
      <trkpt lat="31.917297291601493" lon="120.58594954432468">
        <ele>2.8763316590338945</ele>
        <time>1970-01-01T00:07:43.500000Z</time>
        <extensions>
          <gpxtpx:TrackPointExtension>
            <gpxtpx:hr>140</gpxtpx:hr>
          </gpxtpx:TrackPointExtension>
        </extensions>
      </trkpt>
      <trkpt lat="31.917281269206303" lon="120.58594165391091">
        <ele>2.867056865245104</ele>
        <time>1970-01-01T00:07:44.500000Z</time>
        <extensions>
          <gpxtpx:TrackPointExtension>
            <gpxtpx:hr>140</gpxtpx:hr>
          </gpxtpx:TrackPointExtension>
        </extensions>
      </trkpt>
      <trkpt lat="31.9172652555592" lon="120.58593391778196">
        <ele>2.8605064311996102</ele>
        <time>1970-01-01T00:07:45.500000Z</time>
        <extensions>
          <gpxtpx:TrackPointExtension>
            <gpxtpx:hr>140</gpxtpx:hr>
          </gpxtpx:TrackPointExtension>
        </extensions>
      </trkpt>
      <trkpt lat="31.917248955318776" lon="120.58592626758953">
        <ele>2.860217363573611</ele>
        <time>1970-01-01T00:07:46.500000Z</time>
        <extensions>
          <gpxtpx:TrackPointExtension>
            <gpxtpx:hr>145</gpxtpx:hr>
          </gpxtpx:TrackPointExtension>
        </extensions>
      </trkpt>
      <trkpt lat="31.917233112184466" lon="120.58591866331189">
        <ele>2.861491278745234</ele>
        <time>1970-01-01T00:07:47.500000Z</time>
        <extensions>
          <gpxtpx:TrackPointExtension>
            <gpxtpx:hr>145</gpxtpx:hr>
          </gpxtpx:TrackPointExtension>
        </extensions>
      </trkpt>
      <trkpt lat="31.9172179200401" lon="120.5859111390387">
        <ele>2.868929327465594</ele>
        <time>1970-01-01T00:07:48.500000Z</time>
        <extensions>
          <gpxtpx:TrackPointExtension>
            <gpxtpx:hr>145</gpxtpx:hr>
          </gpxtpx:TrackPointExtension>
        </extensions>
      </trkpt>
      <trkpt lat="31.91720264726584" lon="120.58590353618362">
        <ele>2.8765177512541413</ele>
        <time>1970-01-01T00:07:49.500000Z</time>
        <extensions>
          <gpxtpx:TrackPointExtension>
            <gpxtpx:hr>145</gpxtpx:hr>
          </gpxtpx:TrackPointExtension>
        </extensions>
      </trkpt>
      <trkpt lat="31.9171873936518" lon="120.58589583449303">
        <ele>2.88949859328568</ele>
        <time>1970-01-01T00:07:50.500000Z</time>
        <extensions>
          <gpxtpx:TrackPointExtension>
            <gpxtpx:hr>145</gpxtpx:hr>
          </gpxtpx:TrackPointExtension>
        </extensions>
      </trkpt>
      <trkpt lat="31.917172287864886" lon="120.58588787599791">
        <ele>2.901351454667747</ele>
        <time>1970-01-01T00:07:51.500000Z</time>
        <extensions>
          <gpxtpx:TrackPointExtension>
            <gpxtpx:hr>145</gpxtpx:hr>
          </gpxtpx:TrackPointExtension>
        </extensions>
      </trkpt>
      <trkpt lat="31.917157347596735" lon="120.58587949989789">
        <ele>2.9167028376832604</ele>
        <time>1970-01-01T00:07:52.500000Z</time>
        <extensions>
          <gpxtpx:TrackPointExtension>
            <gpxtpx:hr>145</gpxtpx:hr>
          </gpxtpx:TrackPointExtension>
        </extensions>
      </trkpt>
      <trkpt lat="31.917142393672542" lon="120.58587100459249">
        <ele>2.9433793080970645</ele>
        <time>1970-01-01T00:07:53.500000Z</time>
        <extensions>
          <gpxtpx:TrackPointExtension>
            <gpxtpx:hr>147</gpxtpx:hr>
          </gpxtpx:TrackPointExtension>
        </extensions>
      </trkpt>
      <trkpt lat="31.91712697945802" lon="120.58586321917744">
        <ele>3.000575930811465</ele>
        <time>1970-01-01T00:07:54.500000Z</time>
        <extensions>
          <gpxtpx:TrackPointExtension>
            <gpxtpx:hr>147</gpxtpx:hr>
          </gpxtpx:TrackPointExtension>
        </extensions>
      </trkpt>
      <trkpt lat="31.91711116571341" lon="120.5858557791463">
        <ele>3.046837169677019</ele>
        <time>1970-01-01T00:07:55.500000Z</time>
        <extensions>
          <gpxtpx:TrackPointExtension>
            <gpxtpx:hr>147</gpxtpx:hr>
          </gpxtpx:TrackPointExtension>
        </extensions>
      </trkpt>
      <trkpt lat="31.91709532099673" lon="120.58584811270704">
        <ele>3.1040434995666146</ele>
        <time>1970-01-01T00:07:56.500000Z</time>
        <extensions>
          <gpxtpx:TrackPointExtension>
            <gpxtpx:hr>147</gpxtpx:hr>
          </gpxtpx:TrackPointExtension>
        </extensions>
      </trkpt>
      <trkpt lat="31.917080065429904" lon="120.58584046625808">
        <ele>3.166126453317702</ele>
        <time>1970-01-01T00:07:57.500000Z</time>
        <extensions>
          <gpxtpx:TrackPointExtension>
            <gpxtpx:hr>146</gpxtpx:hr>
          </gpxtpx:TrackPointExtension>
        </extensions>
      </trkpt>
      <trkpt lat="31.917066632076473" lon="120.58583355292313">
        <ele>3.2221449678763747</ele>
        <time>1970-01-01T00:07:58.500000Z</time>
        <extensions>
          <gpxtpx:TrackPointExtension>
            <gpxtpx:hr>146</gpxtpx:hr>
          </gpxtpx:TrackPointExtension>
        </extensions>
      </trkpt>
      <trkpt lat="31.91705464160945" lon="120.58582733522158">
        <ele>3.283508482389152</ele>
        <time>1970-01-01T00:07:59.500000Z</time>
        <extensions>
          <gpxtpx:TrackPointExtension>
            <gpxtpx:hr>146</gpxtpx:hr>
          </gpxtpx:TrackPointExtension>
        </extensions>
      </trkpt>
      <trkpt lat="31.91704224540635" lon="120.58582091906588">
        <ele>3.34415400121361</ele>
        <time>1970-01-01T00:08:00.500000Z</time>
        <extensions>
          <gpxtpx:TrackPointExtension>
            <gpxtpx:hr>145</gpxtpx:hr>
          </gpxtpx:TrackPointExtension>
        </extensions>
      </trkpt>
      <trkpt lat="31.91703013382552" lon="120.58581463904054">
        <ele>3.393325522542</ele>
        <time>1970-01-01T00:08:01.500000Z</time>
        <extensions>
          <gpxtpx:TrackPointExtension>
            <gpxtpx:hr>145</gpxtpx:hr>
          </gpxtpx:TrackPointExtension>
        </extensions>
      </trkpt>
      <trkpt lat="31.917017423730552" lon="120.58580835493359">
        <ele>3.4460549699142575</ele>
        <time>1970-01-01T00:08:02.500000Z</time>
        <extensions>
          <gpxtpx:TrackPointExtension>
            <gpxtpx:hr>145</gpxtpx:hr>
          </gpxtpx:TrackPointExtension>
        </extensions>
      </trkpt>
      <trkpt lat="31.917003587765684" lon="120.5858019180085">
        <ele>3.509396200068295</ele>
        <time>1970-01-01T00:08:03.500000Z</time>
        <extensions>
          <gpxtpx:TrackPointExtension>
            <gpxtpx:hr>145</gpxtpx:hr>
          </gpxtpx:TrackPointExtension>
        </extensions>
      </trkpt>
      <trkpt lat="31.916989101128284" lon="120.58579619843869">
        <ele>3.546469901688397</ele>
        <time>1970-01-01T00:08:04.500000Z</time>
        <extensions>
          <gpxtpx:TrackPointExtension>
            <gpxtpx:hr>145</gpxtpx:hr>
          </gpxtpx:TrackPointExtension>
        </extensions>
      </trkpt>
      <trkpt lat="31.91697517048625" lon="120.58578991536804">
        <ele>3.584050837904215</ele>
        <time>1970-01-01T00:08:05.500000Z</time>
        <extensions>
          <gpxtpx:TrackPointExtension>
            <gpxtpx:hr>145</gpxtpx:hr>
          </gpxtpx:TrackPointExtension>
        </extensions>
      </trkpt>
      <trkpt lat="31.916960836967917" lon="120.5857816656126">
        <ele>3.6147251361981034</ele>
        <time>1970-01-01T00:08:06.500000Z</time>
        <extensions>
          <gpxtpx:TrackPointExtension>
            <gpxtpx:hr>145</gpxtpx:hr>
          </gpxtpx:TrackPointExtension>
        </extensions>
      </trkpt>
      <trkpt lat="31.916945898046496" lon="120.58577324827536">
        <ele>3.658355480991304</ele>
        <time>1970-01-01T00:08:07.500000Z</time>
        <extensions>
          <gpxtpx:TrackPointExtension>
            <gpxtpx:hr>145</gpxtpx:hr>
          </gpxtpx:TrackPointExtension>
        </extensions>
      </trkpt>
      <trkpt lat="31.91693297585062" lon="120.58576608091464">
        <ele>3.688299377448857</ele>
        <time>1970-01-01T00:08:08.500000Z</time>
        <extensions>
          <gpxtpx:TrackPointExtension>
            <gpxtpx:hr>145</gpxtpx:hr>
          </gpxtpx:TrackPointExtension>
        </extensions>
      </trkpt>
      <trkpt lat="31.916919360912225" lon="120.58575902051012">
        <ele>3.71944482345134</ele>
        <time>1970-01-01T00:08:09.500000Z</time>
        <extensions>
          <gpxtpx:TrackPointExtension>
            <gpxtpx:hr>145</gpxtpx:hr>
          </gpxtpx:TrackPointExtension>
        </extensions>
      </trkpt>
      <trkpt lat="31.91690607325914" lon="120.58575230874133">
        <ele>3.7440120903775096</ele>
        <time>1970-01-01T00:08:10.500000Z</time>
        <extensions>
          <gpxtpx:TrackPointExtension>
            <gpxtpx:hr>145</gpxtpx:hr>
          </gpxtpx:TrackPointExtension>
        </extensions>
      </trkpt>
      <trkpt lat="31.9168923627144" lon="120.58574549109892">
        <ele>3.7433998910710216</ele>
        <time>1970-01-01T00:08:11.500000Z</time>
        <extensions>
          <gpxtpx:TrackPointExtension>
            <gpxtpx:hr>145</gpxtpx:hr>
          </gpxtpx:TrackPointExtension>
        </extensions>
      </trkpt>
      <trkpt lat="31.916877971570315" lon="120.5857387160518">
        <ele>3.7359901750460267</ele>
        <time>1970-01-01T00:08:12.500000Z</time>
        <extensions>
          <gpxtpx:TrackPointExtension>
            <gpxtpx:hr>145</gpxtpx:hr>
          </gpxtpx:TrackPointExtension>
        </extensions>
      </trkpt>
      <trkpt lat="31.91686364651467" lon="120.58573202572687">
        <ele>3.719707602635026</ele>
        <time>1970-01-01T00:08:13.500000Z</time>
        <extensions>
          <gpxtpx:TrackPointExtension>
            <gpxtpx:hr>145</gpxtpx:hr>
          </gpxtpx:TrackPointExtension>
        </extensions>
      </trkpt>
      <trkpt lat="31.916849063784948" lon="120.58572487436876">
        <ele>3.700092072598636</ele>
        <time>1970-01-01T00:08:14.500000Z</time>
        <extensions>
          <gpxtpx:TrackPointExtension>
            <gpxtpx:hr>145</gpxtpx:hr>
          </gpxtpx:TrackPointExtension>
        </extensions>
      </trkpt>
      <trkpt lat="31.916834899619452" lon="120.58571703448425">
        <ele>3.658605976961553</ele>
        <time>1970-01-01T00:08:15.500000Z</time>
        <extensions>
          <gpxtpx:TrackPointExtension>
            <gpxtpx:hr>145</gpxtpx:hr>
          </gpxtpx:TrackPointExtension>
        </extensions>
      </trkpt>
      <trkpt lat="31.91682159014498" lon="120.58570871412515">
        <ele>3.6165278097614646</ele>
        <time>1970-01-01T00:08:16.500000Z</time>
        <extensions>
          <gpxtpx:TrackPointExtension>
            <gpxtpx:hr>145</gpxtpx:hr>
          </gpxtpx:TrackPointExtension>
        </extensions>
      </trkpt>
      <trkpt lat="31.916808721686095" lon="120.58569916947269">
        <ele>3.574618751183152</ele>
        <time>1970-01-01T00:08:17.500000Z</time>
        <extensions>
          <gpxtpx:TrackPointExtension>
            <gpxtpx:hr>145</gpxtpx:hr>
          </gpxtpx:TrackPointExtension>
        </extensions>
      </trkpt>
      <trkpt lat="31.9167959177433" lon="120.58568750662121">
        <ele>3.5401735892519355</ele>
        <time>1970-01-01T00:08:18.500000Z</time>
        <extensions>
          <gpxtpx:TrackPointExtension>
            <gpxtpx:hr>145</gpxtpx:hr>
          </gpxtpx:TrackPointExtension>
        </extensions>
      </trkpt>
      <trkpt lat="31.916784180665854" lon="120.58567426733107">
        <ele>3.5074084158986807</ele>
        <time>1970-01-01T00:08:19.500000Z</time>
        <extensions>
          <gpxtpx:TrackPointExtension>
            <gpxtpx:hr>145</gpxtpx:hr>
          </gpxtpx:TrackPointExtension>
        </extensions>
      </trkpt>
      <trkpt lat="31.916774143749887" lon="120.5856599681198">
        <ele>3.477849394083023</ele>
        <time>1970-01-01T00:08:20.500000Z</time>
        <extensions>
          <gpxtpx:TrackPointExtension>
            <gpxtpx:hr>142</gpxtpx:hr>
          </gpxtpx:TrackPointExtension>
        </extensions>
      </trkpt>
      <trkpt lat="31.916766493184234" lon="120.58564521514786">
        <ele>3.440271661616862</ele>
        <time>1970-01-01T00:08:21.500000Z</time>
        <extensions>
          <gpxtpx:TrackPointExtension>
            <gpxtpx:hr>142</gpxtpx:hr>
          </gpxtpx:TrackPointExtension>
        </extensions>
      </trkpt>
      <trkpt lat="31.916760442958726" lon="120.58563001964802">
        <ele>3.408579584211111</ele>
        <time>1970-01-01T00:08:22.500000Z</time>
        <extensions>
          <gpxtpx:TrackPointExtension>
            <gpxtpx:hr>142</gpxtpx:hr>
          </gpxtpx:TrackPointExtension>
        </extensions>
      </trkpt>
      <trkpt lat="31.91675781714956" lon="120.58561403463995">
        <ele>3.382181233726442</ele>
        <time>1970-01-01T00:08:23.500000Z</time>
        <extensions>
          <gpxtpx:TrackPointExtension>
            <gpxtpx:hr>142</gpxtpx:hr>
          </gpxtpx:TrackPointExtension>
        </extensions>
      </trkpt>
      <trkpt lat="31.916759975709777" lon="120.58559796654808">
        <ele>3.361454313620925</ele>
        <time>1970-01-01T00:08:24.500000Z</time>
        <extensions>
          <gpxtpx:TrackPointExtension>
            <gpxtpx:hr>142</gpxtpx:hr>
          </gpxtpx:TrackPointExtension>
        </extensions>
      </trkpt>
      <trkpt lat="31.916764783304075" lon="120.58558300423668">
        <ele>3.345317608676851</ele>
        <time>1970-01-01T00:08:25.500000Z</time>
        <extensions>
          <gpxtpx:TrackPointExtension>
            <gpxtpx:hr>138</gpxtpx:hr>
          </gpxtpx:TrackPointExtension>
        </extensions>
      </trkpt>
      <trkpt lat="31.916770230763138" lon="120.58556872354458">
        <ele>3.329306057654321</ele>
        <time>1970-01-01T00:08:26.500000Z</time>
        <extensions>
          <gpxtpx:TrackPointExtension>
            <gpxtpx:hr>138</gpxtpx:hr>
          </gpxtpx:TrackPointExtension>
        </extensions>
      </trkpt>
      <trkpt lat="31.91677562042701" lon="120.5855537988799">
        <ele>3.3132628547027707</ele>
        <time>1970-01-01T00:08:27.500000Z</time>
        <extensions>
          <gpxtpx:TrackPointExtension>
            <gpxtpx:hr>138</gpxtpx:hr>
          </gpxtpx:TrackPointExtension>
        </extensions>
      </trkpt>
      <trkpt lat="31.916780765366276" lon="120.58553761013313">
        <ele>3.300809574313462</ele>
        <time>1970-01-01T00:08:28.500000Z</time>
        <extensions>
          <gpxtpx:TrackPointExtension>
            <gpxtpx:hr>138</gpxtpx:hr>
          </gpxtpx:TrackPointExtension>
        </extensions>
      </trkpt>
      <trkpt lat="31.916786167810486" lon="120.58552115762407">
        <ele>3.288062423467636</ele>
        <time>1970-01-01T00:08:29.500000Z</time>
        <extensions>
          <gpxtpx:TrackPointExtension>
            <gpxtpx:hr>138</gpxtpx:hr>
          </gpxtpx:TrackPointExtension>
        </extensions>
      </trkpt>
      <trkpt lat="31.916791929765267" lon="120.58550468242441">
        <ele>3.2860578829422593</ele>
        <time>1970-01-01T00:08:30.500000Z</time>
        <extensions>
          <gpxtpx:TrackPointExtension>
            <gpxtpx:hr>138</gpxtpx:hr>
          </gpxtpx:TrackPointExtension>
        </extensions>
      </trkpt>
      <trkpt lat="31.91679680891274" lon="120.58548599561965">
        <ele>3.27616333309561</ele>
        <time>1970-01-01T00:08:31.500000Z</time>
        <extensions>
          <gpxtpx:TrackPointExtension>
            <gpxtpx:hr>138</gpxtpx:hr>
          </gpxtpx:TrackPointExtension>
        </extensions>
      </trkpt>
      <trkpt lat="31.916799479499787" lon="120.58546471036647">
        <ele>3.282339450903237</ele>
        <time>1970-01-01T00:08:32.500000Z</time>
        <extensions>
          <gpxtpx:TrackPointExtension>
            <gpxtpx:hr>140</gpxtpx:hr>
          </gpxtpx:TrackPointExtension>
        </extensions>
      </trkpt>
      <trkpt lat="31.916801773951647" lon="120.58544324467559">
        <ele>3.2944319881498814</ele>
        <time>1970-01-01T00:08:33.500000Z</time>
        <extensions>
          <gpxtpx:TrackPointExtension>
            <gpxtpx:hr>140</gpxtpx:hr>
          </gpxtpx:TrackPointExtension>
        </extensions>
      </trkpt>
      <trkpt lat="31.91680704048407" lon="120.58542336265877">
        <ele>3.3046270413324237</ele>
        <time>1970-01-01T00:08:34.500000Z</time>
        <extensions>
          <gpxtpx:TrackPointExtension>
            <gpxtpx:hr>140</gpxtpx:hr>
          </gpxtpx:TrackPointExtension>
        </extensions>
      </trkpt>
      <trkpt lat="31.916814650259354" lon="120.58540502160533">
        <ele>3.3139938628301024</ele>
        <time>1970-01-01T00:08:35.500000Z</time>
        <extensions>
          <gpxtpx:TrackPointExtension>
            <gpxtpx:hr>140</gpxtpx:hr>
          </gpxtpx:TrackPointExtension>
        </extensions>
      </trkpt>
      <trkpt lat="31.916821845187" lon="120.58538672924477">
        <ele>3.3297157054767013</ele>
        <time>1970-01-01T00:08:36.500000Z</time>
        <extensions>
          <gpxtpx:TrackPointExtension>
            <gpxtpx:hr>139</gpxtpx:hr>
          </gpxtpx:TrackPointExtension>
        </extensions>
      </trkpt>
      <trkpt lat="31.91682866283257" lon="120.585368465352">
        <ele>3.348362961784005</ele>
        <time>1970-01-01T00:08:37.500000Z</time>
        <extensions>
          <gpxtpx:TrackPointExtension>
            <gpxtpx:hr>139</gpxtpx:hr>
          </gpxtpx:TrackPointExtension>
        </extensions>
      </trkpt>
      <trkpt lat="31.916835208840737" lon="120.58535003757841">
        <ele>3.3842971492558718</ele>
        <time>1970-01-01T00:08:38.500000Z</time>
        <extensions>
          <gpxtpx:TrackPointExtension>
            <gpxtpx:hr>139</gpxtpx:hr>
          </gpxtpx:TrackPointExtension>
        </extensions>
      </trkpt>
      <trkpt lat="31.91684137495577" lon="120.58533129870445">
        <ele>3.416081686504185</ele>
        <time>1970-01-01T00:08:39.500000Z</time>
        <extensions>
          <gpxtpx:TrackPointExtension>
            <gpxtpx:hr>139</gpxtpx:hr>
          </gpxtpx:TrackPointExtension>
        </extensions>
      </trkpt>
      <trkpt lat="31.916847132256873" lon="120.58531248790577">
        <ele>3.4345136834308505</ele>
        <time>1970-01-01T00:08:40.500000Z</time>
        <extensions>
          <gpxtpx:TrackPointExtension>
            <gpxtpx:hr>137</gpxtpx:hr>
          </gpxtpx:TrackPointExtension>
        </extensions>
      </trkpt>
      <trkpt lat="31.91685251061252" lon="120.58529344775533">
        <ele>3.501213994808495</ele>
        <time>1970-01-01T00:08:41.500000Z</time>
        <extensions>
          <gpxtpx:TrackPointExtension>
            <gpxtpx:hr>137</gpxtpx:hr>
          </gpxtpx:TrackPointExtension>
        </extensions>
      </trkpt>
      <trkpt lat="31.916858591105598" lon="120.58527427016158">
        <ele>3.5522704515606165</ele>
        <time>1970-01-01T00:08:42.500000Z</time>
        <extensions>
          <gpxtpx:TrackPointExtension>
            <gpxtpx:hr>137</gpxtpx:hr>
          </gpxtpx:TrackPointExtension>
        </extensions>
      </trkpt>
      <trkpt lat="31.916865600168332" lon="120.58525508177202">
        <ele>3.605833265930414</ele>
        <time>1970-01-01T00:08:43.500000Z</time>
        <extensions>
          <gpxtpx:TrackPointExtension>
            <gpxtpx:hr>137</gpxtpx:hr>
          </gpxtpx:TrackPointExtension>
        </extensions>
      </trkpt>
      <trkpt lat="31.91687252664815" lon="120.58523571291315">
        <ele>3.658255983144045</ele>
        <time>1970-01-01T00:08:44.500000Z</time>
        <extensions>
          <gpxtpx:TrackPointExtension>
            <gpxtpx:hr>137</gpxtpx:hr>
          </gpxtpx:TrackPointExtension>
        </extensions>
      </trkpt>
      <trkpt lat="31.916879427515738" lon="120.58521646086423">
        <ele>3.702481518499553</ele>
        <time>1970-01-01T00:08:45.500000Z</time>
        <extensions>
          <gpxtpx:TrackPointExtension>
            <gpxtpx:hr>137</gpxtpx:hr>
          </gpxtpx:TrackPointExtension>
        </extensions>
      </trkpt>
      <trkpt lat="31.916885643363685" lon="120.58519696117517">
        <ele>3.7365410840138793</ele>
        <time>1970-01-01T00:08:46.500000Z</time>
        <extensions>
          <gpxtpx:TrackPointExtension>
            <gpxtpx:hr>134</gpxtpx:hr>
          </gpxtpx:TrackPointExtension>
        </extensions>
      </trkpt>
      <trkpt lat="31.916890142721744" lon="120.58517710742127">
        <ele>3.7736426210030913</ele>
        <time>1970-01-01T00:08:47.500000Z</time>
        <extensions>
          <gpxtpx:TrackPointExtension>
            <gpxtpx:hr>134</gpxtpx:hr>
          </gpxtpx:TrackPointExtension>
        </extensions>
      </trkpt>
      <trkpt lat="31.916893682507865" lon="120.58515701287975">
        <ele>3.8082067081704736</ele>
        <time>1970-01-01T00:08:48.500000Z</time>
        <extensions>
          <gpxtpx:TrackPointExtension>
            <gpxtpx:hr>134</gpxtpx:hr>
          </gpxtpx:TrackPointExtension>
        </extensions>
      </trkpt>
      <trkpt lat="31.916897900669667" lon="120.58513768906431">
        <ele>3.8425253033638</ele>
        <time>1970-01-01T00:08:49.500000Z</time>
        <extensions>
          <gpxtpx:TrackPointExtension>
            <gpxtpx:hr>134</gpxtpx:hr>
          </gpxtpx:TrackPointExtension>
        </extensions>
      </trkpt>
      <trkpt lat="31.916903660101184" lon="120.58511963433882">
        <ele>3.8692842526361346</ele>
        <time>1970-01-01T00:08:50.500000Z</time>
        <extensions>
          <gpxtpx:TrackPointExtension>
            <gpxtpx:hr>134</gpxtpx:hr>
          </gpxtpx:TrackPointExtension>
        </extensions>
      </trkpt>
      <trkpt lat="31.91691064628394" lon="120.58510240607994">
        <ele>3.887650075368583</ele>
        <time>1970-01-01T00:08:51.500000Z</time>
        <extensions>
          <gpxtpx:TrackPointExtension>
            <gpxtpx:hr>133</gpxtpx:hr>
          </gpxtpx:TrackPointExtension>
        </extensions>
      </trkpt>
      <trkpt lat="31.916917438163814" lon="120.58508481273783">
        <ele>3.8920254074037075</ele>
        <time>1970-01-01T00:08:52.500000Z</time>
        <extensions>
          <gpxtpx:TrackPointExtension>
            <gpxtpx:hr>133</gpxtpx:hr>
          </gpxtpx:TrackPointExtension>
        </extensions>
      </trkpt>
      <trkpt lat="31.916923033676564" lon="120.58506604371605">
        <ele>3.9021823750808835</ele>
        <time>1970-01-01T00:08:53.500000Z</time>
        <extensions>
          <gpxtpx:TrackPointExtension>
            <gpxtpx:hr>133</gpxtpx:hr>
          </gpxtpx:TrackPointExtension>
        </extensions>
      </trkpt>
      <trkpt lat="31.91692895362701" lon="120.58504719523118">
        <ele>3.9158617248758674</ele>
        <time>1970-01-01T00:08:54.500000Z</time>
        <extensions>
          <gpxtpx:TrackPointExtension>
            <gpxtpx:hr>133</gpxtpx:hr>
          </gpxtpx:TrackPointExtension>
        </extensions>
      </trkpt>
      <trkpt lat="31.91693532025489" lon="120.5850284710713">
        <ele>3.9319959124550223</ele>
        <time>1970-01-01T00:08:55.500000Z</time>
        <extensions>
          <gpxtpx:TrackPointExtension>
            <gpxtpx:hr>133</gpxtpx:hr>
          </gpxtpx:TrackPointExtension>
        </extensions>
      </trkpt>
      <trkpt lat="31.91694025636194" lon="120.58500959603766">
        <ele>3.955834017135203</ele>
        <time>1970-01-01T00:08:56.500000Z</time>
        <extensions>
          <gpxtpx:TrackPointExtension>
            <gpxtpx:hr>133</gpxtpx:hr>
          </gpxtpx:TrackPointExtension>
        </extensions>
      </trkpt>
      <trkpt lat="31.916945362965087" lon="120.58499090490184">
        <ele>3.9311239402741194</ele>
        <time>1970-01-01T00:08:57.500000Z</time>
        <extensions>
          <gpxtpx:TrackPointExtension>
            <gpxtpx:hr>136</gpxtpx:hr>
          </gpxtpx:TrackPointExtension>
        </extensions>
      </trkpt>
      <trkpt lat="31.916950800829074" lon="120.58497237267044">
        <ele>3.91820786613971</ele>
        <time>1970-01-01T00:08:58.500000Z</time>
        <extensions>
          <gpxtpx:TrackPointExtension>
            <gpxtpx:hr>136</gpxtpx:hr>
          </gpxtpx:TrackPointExtension>
        </extensions>
      </trkpt>
      <trkpt lat="31.916956010838835" lon="120.58495370972203">
        <ele>3.904525346122682</ele>
        <time>1970-01-01T00:08:59.500000Z</time>
        <extensions>
          <gpxtpx:TrackPointExtension>
            <gpxtpx:hr>136</gpxtpx:hr>
          </gpxtpx:TrackPointExtension>
        </extensions>
      </trkpt>
      <trkpt lat="31.91696118761899" lon="120.58493534600981">
        <ele>3.894942555576563</ele>
        <time>1970-01-01T00:09:00.500000Z</time>
        <extensions>
          <gpxtpx:TrackPointExtension>
            <gpxtpx:hr>136</gpxtpx:hr>
          </gpxtpx:TrackPointExtension>
        </extensions>
      </trkpt>
      <trkpt lat="31.91696720773308" lon="120.5849180079183">
        <ele>3.887422430329025</ele>
        <time>1970-01-01T00:09:01.500000Z</time>
        <extensions>
          <gpxtpx:TrackPointExtension>
            <gpxtpx:hr>136</gpxtpx:hr>
          </gpxtpx:TrackPointExtension>
        </extensions>
      </trkpt>
      <trkpt lat="31.916973939905354" lon="120.5849013680707">
        <ele>3.877165765501559</ele>
        <time>1970-01-01T00:09:02.500000Z</time>
        <extensions>
          <gpxtpx:TrackPointExtension>
            <gpxtpx:hr>136</gpxtpx:hr>
          </gpxtpx:TrackPointExtension>
        </extensions>
      </trkpt>
      <trkpt lat="31.916979487230034" lon="120.58488435399013">
        <ele>3.8633316792547703</ele>
        <time>1970-01-01T00:09:03.500000Z</time>
        <extensions>
          <gpxtpx:TrackPointExtension>
            <gpxtpx:hr>136</gpxtpx:hr>
          </gpxtpx:TrackPointExtension>
        </extensions>
      </trkpt>
      <trkpt lat="31.916983010218292" lon="120.58486651879205">
        <ele>3.850341070443392</ele>
        <time>1970-01-01T00:09:04.500000Z</time>
        <extensions>
          <gpxtpx:TrackPointExtension>
            <gpxtpx:hr>136</gpxtpx:hr>
          </gpxtpx:TrackPointExtension>
        </extensions>
      </trkpt>
      <trkpt lat="31.916986376708326" lon="120.58484845499939">
        <ele>3.824641299434006</ele>
        <time>1970-01-01T00:09:05.500000Z</time>
        <extensions>
          <gpxtpx:TrackPointExtension>
            <gpxtpx:hr>136</gpxtpx:hr>
          </gpxtpx:TrackPointExtension>
        </extensions>
      </trkpt>
      <trkpt lat="31.916989333626734" lon="120.58483027721041">
        <ele>3.789590947329998</ele>
        <time>1970-01-01T00:09:06.500000Z</time>
        <extensions>
          <gpxtpx:TrackPointExtension>
            <gpxtpx:hr>136</gpxtpx:hr>
          </gpxtpx:TrackPointExtension>
        </extensions>
      </trkpt>
      <trkpt lat="31.91699219622416" lon="120.58481237768838">
        <ele>3.7536376444622874</ele>
        <time>1970-01-01T00:09:07.500000Z</time>
        <extensions>
          <gpxtpx:TrackPointExtension>
            <gpxtpx:hr>136</gpxtpx:hr>
          </gpxtpx:TrackPointExtension>
        </extensions>
      </trkpt>
      <trkpt lat="31.91699607873999" lon="120.58479430113076">
        <ele>3.734665804542601</ele>
        <time>1970-01-01T00:09:08.500000Z</time>
        <extensions>
          <gpxtpx:TrackPointExtension>
            <gpxtpx:hr>139</gpxtpx:hr>
          </gpxtpx:TrackPointExtension>
        </extensions>
      </trkpt>
      <trkpt lat="31.917000482994297" lon="120.5847760224888">
        <ele>3.7156904386356473</ele>
        <time>1970-01-01T00:09:09.500000Z</time>
        <extensions>
          <gpxtpx:TrackPointExtension>
            <gpxtpx:hr>139</gpxtpx:hr>
          </gpxtpx:TrackPointExtension>
        </extensions>
      </trkpt>
      <trkpt lat="31.91700555554281" lon="120.58475762842247">
        <ele>3.679028636775911</ele>
        <time>1970-01-01T00:09:10.500000Z</time>
        <extensions>
          <gpxtpx:TrackPointExtension>
            <gpxtpx:hr>139</gpxtpx:hr>
          </gpxtpx:TrackPointExtension>
        </extensions>
      </trkpt>
      <trkpt lat="31.917011174813382" lon="120.5847391019558">
        <ele>3.647231299430132</ele>
        <time>1970-01-01T00:09:11.500000Z</time>
        <extensions>
          <gpxtpx:TrackPointExtension>
            <gpxtpx:hr>139</gpxtpx:hr>
          </gpxtpx:TrackPointExtension>
        </extensions>
      </trkpt>
      <trkpt lat="31.917017432347127" lon="120.58472019893975">
        <ele>3.599347675219178</ele>
        <time>1970-01-01T00:09:12.500000Z</time>
        <extensions>
          <gpxtpx:TrackPointExtension>
            <gpxtpx:hr>139</gpxtpx:hr>
          </gpxtpx:TrackPointExtension>
        </extensions>
      </trkpt>
      <trkpt lat="31.91702377532724" lon="120.5847007721343">
        <ele>3.560029987245798</ele>
        <time>1970-01-01T00:09:13.500000Z</time>
        <extensions>
          <gpxtpx:TrackPointExtension>
            <gpxtpx:hr>139</gpxtpx:hr>
          </gpxtpx:TrackPointExtension>
        </extensions>
      </trkpt>
      <trkpt lat="31.917030286324003" lon="120.58468069404954">
        <ele>3.516426299698651</ele>
        <time>1970-01-01T00:09:14.500000Z</time>
        <extensions>
          <gpxtpx:TrackPointExtension>
            <gpxtpx:hr>139</gpxtpx:hr>
          </gpxtpx:TrackPointExtension>
        </extensions>
      </trkpt>
      <trkpt lat="31.917038251796047" lon="120.5846606598417">
        <ele>3.444110822863877</ele>
        <time>1970-01-01T00:09:15.500000Z</time>
        <extensions>
          <gpxtpx:TrackPointExtension>
            <gpxtpx:hr>138</gpxtpx:hr>
          </gpxtpx:TrackPointExtension>
        </extensions>
      </trkpt>
      <trkpt lat="31.917047677698857" lon="120.584641223106">
        <ele>3.3892142102122307</ele>
        <time>1970-01-01T00:09:16.500000Z</time>
        <extensions>
          <gpxtpx:TrackPointExtension>
            <gpxtpx:hr>138</gpxtpx:hr>
          </gpxtpx:TrackPointExtension>
        </extensions>
      </trkpt>
      <trkpt lat="31.91705808520891" lon="120.58462267795043">
        <ele>3.3183906050398946</ele>
        <time>1970-01-01T00:09:17.500000Z</time>
        <extensions>
          <gpxtpx:TrackPointExtension>
            <gpxtpx:hr>138</gpxtpx:hr>
          </gpxtpx:TrackPointExtension>
        </extensions>
      </trkpt>
      <trkpt lat="31.91706865276321" lon="120.5846045290163">
        <ele>3.261277262121439</ele>
        <time>1970-01-01T00:09:18.500000Z</time>
        <extensions>
          <gpxtpx:TrackPointExtension>
            <gpxtpx:hr>138</gpxtpx:hr>
          </gpxtpx:TrackPointExtension>
        </extensions>
      </trkpt>
      <trkpt lat="31.917078849689666" lon="120.58458545175533">
        <ele>3.238560696132481</ele>
        <time>1970-01-01T00:09:19.500000Z</time>
        <extensions>
          <gpxtpx:TrackPointExtension>
            <gpxtpx:hr>138</gpxtpx:hr>
          </gpxtpx:TrackPointExtension>
        </extensions>
      </trkpt>
      <trkpt lat="31.917089534494476" lon="120.58456311212916">
        <ele>3.214583281427622</ele>
        <time>1970-01-01T00:09:20.500000Z</time>
        <extensions>
          <gpxtpx:TrackPointExtension>
            <gpxtpx:hr>138</gpxtpx:hr>
          </gpxtpx:TrackPointExtension>
        </extensions>
      </trkpt>
      <trkpt lat="31.9170997394887" lon="120.58453993582356">
        <ele>3.1772933695465326</ele>
        <time>1970-01-01T00:09:21.500000Z</time>
        <extensions>
          <gpxtpx:TrackPointExtension>
            <gpxtpx:hr>138</gpxtpx:hr>
          </gpxtpx:TrackPointExtension>
        </extensions>
      </trkpt>
      <trkpt lat="31.917108610324327" lon="120.58451803863173">
        <ele>3.175726557150483</ele>
        <time>1970-01-01T00:09:22.500000Z</time>
        <extensions>
          <gpxtpx:TrackPointExtension>
            <gpxtpx:hr>137</gpxtpx:hr>
          </gpxtpx:TrackPointExtension>
        </extensions>
      </trkpt>
      <trkpt lat="31.917118014035978" lon="120.58449385369082">
        <ele>3.1864378256723285</ele>
        <time>1970-01-01T00:09:23.500000Z</time>
        <extensions>
          <gpxtpx:TrackPointExtension>
            <gpxtpx:hr>137</gpxtpx:hr>
          </gpxtpx:TrackPointExtension>
        </extensions>
      </trkpt>
      <trkpt lat="31.9171297268111" lon="120.58446385649968">
        <ele>3.1921963719651103</ele>
        <time>1970-01-01T00:09:24.500000Z</time>
        <extensions>
          <gpxtpx:TrackPointExtension>
            <gpxtpx:hr>137</gpxtpx:hr>
          </gpxtpx:TrackPointExtension>
        </extensions>
      </trkpt>
      <trkpt lat="31.917142841740866" lon="120.58442923342893">
        <ele>3.198384470306337</ele>
        <time>1970-01-01T00:09:25.500000Z</time>
        <extensions>
          <gpxtpx:TrackPointExtension>
            <gpxtpx:hr>137</gpxtpx:hr>
          </gpxtpx:TrackPointExtension>
        </extensions>
      </trkpt>
      <trkpt lat="31.917155142339197" lon="120.58439466438584">
        <ele>3.225072111003101</ele>
        <time>1970-01-01T00:09:26.500000Z</time>
        <extensions>
          <gpxtpx:TrackPointExtension>
            <gpxtpx:hr>137</gpxtpx:hr>
          </gpxtpx:TrackPointExtension>
        </extensions>
      </trkpt>
      <trkpt lat="31.917165668934686" lon="120.58436206918033">
        <ele>3.2553805485367775</ele>
        <time>1970-01-01T00:09:27.500000Z</time>
        <extensions>
          <gpxtpx:TrackPointExtension>
            <gpxtpx:hr>137</gpxtpx:hr>
          </gpxtpx:TrackPointExtension>
        </extensions>
      </trkpt>
      <trkpt lat="31.917173849895004" lon="120.58433160923852">
        <ele>3.281104600057006</ele>
        <time>1970-01-01T00:09:28.500000Z</time>
        <extensions>
          <gpxtpx:TrackPointExtension>
            <gpxtpx:hr>142</gpxtpx:hr>
          </gpxtpx:TrackPointExtension>
        </extensions>
      </trkpt>
      <trkpt lat="31.917179035162714" lon="120.58430259425906">
        <ele>3.30687337461859</ele>
        <time>1970-01-01T00:09:29.500000Z</time>
        <extensions>
          <gpxtpx:TrackPointExtension>
            <gpxtpx:hr>142</gpxtpx:hr>
          </gpxtpx:TrackPointExtension>
        </extensions>
      </trkpt>
      <trkpt lat="31.917182940626255" lon="120.58427476790656">
        <ele>3.338979476131499</ele>
        <time>1970-01-01T00:09:30.500000Z</time>
        <extensions>
          <gpxtpx:TrackPointExtension>
            <gpxtpx:hr>142</gpxtpx:hr>
          </gpxtpx:TrackPointExtension>
        </extensions>
      </trkpt>
      <trkpt lat="31.917187549110636" lon="120.58424866445965">
        <ele>3.372437199577689</ele>
        <time>1970-01-01T00:09:31.500000Z</time>
        <extensions>
          <gpxtpx:TrackPointExtension>
            <gpxtpx:hr>142</gpxtpx:hr>
          </gpxtpx:TrackPointExtension>
        </extensions>
      </trkpt>
      <trkpt lat="31.91719467897978" lon="120.58422475239445">
        <ele>3.4059599423781037</ele>
        <time>1970-01-01T00:09:32.500000Z</time>
        <extensions>
          <gpxtpx:TrackPointExtension>
            <gpxtpx:hr>143</gpxtpx:hr>
          </gpxtpx:TrackPointExtension>
        </extensions>
      </trkpt>
      <trkpt lat="31.917203564191183" lon="120.58420239520383">
        <ele>3.4569183625280857</ele>
        <time>1970-01-01T00:09:33.500000Z</time>
        <extensions>
          <gpxtpx:TrackPointExtension>
            <gpxtpx:hr>143</gpxtpx:hr>
          </gpxtpx:TrackPointExtension>
        </extensions>
      </trkpt>
      <trkpt lat="31.917211784668723" lon="120.58418003066096">
        <ele>3.500468734651804</ele>
        <time>1970-01-01T00:09:34.500000Z</time>
        <extensions>
          <gpxtpx:TrackPointExtension>
            <gpxtpx:hr>143</gpxtpx:hr>
          </gpxtpx:TrackPointExtension>
        </extensions>
      </trkpt>
      <trkpt lat="31.91721882517478" lon="120.58415668349024">
        <ele>3.5201428774744272</ele>
        <time>1970-01-01T00:09:35.500000Z</time>
        <extensions>
          <gpxtpx:TrackPointExtension>
            <gpxtpx:hr>147</gpxtpx:hr>
          </gpxtpx:TrackPointExtension>
        </extensions>
      </trkpt>
      <trkpt lat="31.917225456594885" lon="120.58413230336865">
        <ele>3.5442056749016047</ele>
        <time>1970-01-01T00:09:36.500000Z</time>
        <extensions>
          <gpxtpx:TrackPointExtension>
            <gpxtpx:hr>147</gpxtpx:hr>
          </gpxtpx:TrackPointExtension>
        </extensions>
      </trkpt>
      <trkpt lat="31.917232534501917" lon="120.58410896269491">
        <ele>3.5576940290629864</ele>
        <time>1970-01-01T00:09:37.500000Z</time>
        <extensions>
          <gpxtpx:TrackPointExtension>
            <gpxtpx:hr>147</gpxtpx:hr>
          </gpxtpx:TrackPointExtension>
        </extensions>
      </trkpt>
      <trkpt lat="31.917240441926026" lon="120.58408906901941">
        <ele>3.572587575763464</ele>
        <time>1970-01-01T00:09:38.500000Z</time>
        <extensions>
          <gpxtpx:TrackPointExtension>
            <gpxtpx:hr>147</gpxtpx:hr>
          </gpxtpx:TrackPointExtension>
        </extensions>
      </trkpt>
      <trkpt lat="31.9172480068009" lon="120.58407116646916">
        <ele>3.5929029705002904</ele>
        <time>1970-01-01T00:09:39.500000Z</time>
        <extensions>
          <gpxtpx:TrackPointExtension>
            <gpxtpx:hr>147</gpxtpx:hr>
          </gpxtpx:TrackPointExtension>
        </extensions>
      </trkpt>
      <trkpt lat="31.917254290223692" lon="120.58405310258671">
        <ele>3.5884832395240664</ele>
        <time>1970-01-01T00:09:40.500000Z</time>
        <extensions>
          <gpxtpx:TrackPointExtension>
            <gpxtpx:hr>147</gpxtpx:hr>
          </gpxtpx:TrackPointExtension>
        </extensions>
      </trkpt>
      <trkpt lat="31.917259384520598" lon="120.58403478435147">
        <ele>3.5657459115609527</ele>
        <time>1970-01-01T00:09:41.500000Z</time>
        <extensions>
          <gpxtpx:TrackPointExtension>
            <gpxtpx:hr>147</gpxtpx:hr>
          </gpxtpx:TrackPointExtension>
        </extensions>
      </trkpt>
      <trkpt lat="31.917266794437577" lon="120.58401814780278">
        <ele>3.5491172252222896</ele>
        <time>1970-01-01T00:09:42.500000Z</time>
        <extensions>
          <gpxtpx:TrackPointExtension>
            <gpxtpx:hr>147</gpxtpx:hr>
          </gpxtpx:TrackPointExtension>
        </extensions>
      </trkpt>
      <trkpt lat="31.91727767409044" lon="120.5840035309762">
        <ele>3.526949832215905</ele>
        <time>1970-01-01T00:09:43.500000Z</time>
        <extensions>
          <gpxtpx:TrackPointExtension>
            <gpxtpx:hr>147</gpxtpx:hr>
          </gpxtpx:TrackPointExtension>
        </extensions>
      </trkpt>
      <trkpt lat="31.917287557449427" lon="120.58398639318833">
        <ele>3.516238959506154</ele>
        <time>1970-01-01T00:09:44.500000Z</time>
        <extensions>
          <gpxtpx:TrackPointExtension>
            <gpxtpx:hr>147</gpxtpx:hr>
          </gpxtpx:TrackPointExtension>
        </extensions>
      </trkpt>
      <trkpt lat="31.917294861966667" lon="120.58396593778352">
        <ele>3.5312056383118033</ele>
        <time>1970-01-01T00:09:45.500000Z</time>
        <extensions>
          <gpxtpx:TrackPointExtension>
            <gpxtpx:hr>147</gpxtpx:hr>
          </gpxtpx:TrackPointExtension>
        </extensions>
      </trkpt>
      <trkpt lat="31.917301586443045" lon="120.58394486227384">
        <ele>3.508694753050804</ele>
        <time>1970-01-01T00:09:46.500000Z</time>
        <extensions>
          <gpxtpx:TrackPointExtension>
            <gpxtpx:hr>145</gpxtpx:hr>
          </gpxtpx:TrackPointExtension>
        </extensions>
      </trkpt>
      <trkpt lat="31.91730837226446" lon="120.58392435402152">
        <ele>3.472755804657936</ele>
        <time>1970-01-01T00:09:47.500000Z</time>
        <extensions>
          <gpxtpx:TrackPointExtension>
            <gpxtpx:hr>145</gpxtpx:hr>
          </gpxtpx:TrackPointExtension>
        </extensions>
      </trkpt>
      <trkpt lat="31.917314637540343" lon="120.58390373464108">
        <ele>3.428530209697783</ele>
        <time>1970-01-01T00:09:48.500000Z</time>
        <extensions>
          <gpxtpx:TrackPointExtension>
            <gpxtpx:hr>145</gpxtpx:hr>
          </gpxtpx:TrackPointExtension>
        </extensions>
      </trkpt>
      <trkpt lat="31.917320338160664" lon="120.58388254777891">
        <ele>3.3812482291832566</ele>
        <time>1970-01-01T00:09:49.500000Z</time>
        <extensions>
          <gpxtpx:TrackPointExtension>
            <gpxtpx:hr>145</gpxtpx:hr>
          </gpxtpx:TrackPointExtension>
        </extensions>
      </trkpt>
      <trkpt lat="31.91732612658324" lon="120.58386150578863">
        <ele>3.328458447009325</ele>
        <time>1970-01-01T00:09:50.500000Z</time>
        <extensions>
          <gpxtpx:TrackPointExtension>
            <gpxtpx:hr>145</gpxtpx:hr>
          </gpxtpx:TrackPointExtension>
        </extensions>
      </trkpt>
      <trkpt lat="31.91733227301225" lon="120.58384020538239">
        <ele>3.2742951894178987</ele>
        <time>1970-01-01T00:09:51.500000Z</time>
        <extensions>
          <gpxtpx:TrackPointExtension>
            <gpxtpx:hr>148</gpxtpx:hr>
          </gpxtpx:TrackPointExtension>
        </extensions>
      </trkpt>
      <trkpt lat="31.91733844955092" lon="120.58381881405938">
        <ele>3.2197641665115952</ele>
        <time>1970-01-01T00:09:52.500000Z</time>
        <extensions>
          <gpxtpx:TrackPointExtension>
            <gpxtpx:hr>148</gpxtpx:hr>
          </gpxtpx:TrackPointExtension>
        </extensions>
      </trkpt>
      <trkpt lat="31.917344273512782" lon="120.58379822050847">
        <ele>3.15741927921772</ele>
        <time>1970-01-01T00:09:53.500000Z</time>
        <extensions>
          <gpxtpx:TrackPointExtension>
            <gpxtpx:hr>148</gpxtpx:hr>
          </gpxtpx:TrackPointExtension>
        </extensions>
      </trkpt>
      <trkpt lat="31.917349824697514" lon="120.58377893930378">
        <ele>3.1042074849829078</ele>
        <time>1970-01-01T00:09:54.500000Z</time>
        <extensions>
          <gpxtpx:TrackPointExtension>
            <gpxtpx:hr>148</gpxtpx:hr>
          </gpxtpx:TrackPointExtension>
        </extensions>
      </trkpt>
      <trkpt lat="31.917354387983885" lon="120.58376022272417">
        <ele>3.052861080504954</ele>
        <time>1970-01-01T00:09:55.500000Z</time>
        <extensions>
          <gpxtpx:TrackPointExtension>
            <gpxtpx:hr>148</gpxtpx:hr>
          </gpxtpx:TrackPointExtension>
        </extensions>
      </trkpt>
      <trkpt lat="31.917357609892335" lon="120.58374096533713">
        <ele>2.996452286839485</ele>
        <time>1970-01-01T00:09:56.500000Z</time>
        <extensions>
          <gpxtpx:TrackPointExtension>
            <gpxtpx:hr>148</gpxtpx:hr>
          </gpxtpx:TrackPointExtension>
        </extensions>
      </trkpt>
      <trkpt lat="31.917361866729305" lon="120.58372137335103">
        <ele>2.947765083052218</ele>
        <time>1970-01-01T00:09:57.500000Z</time>
        <extensions>
          <gpxtpx:TrackPointExtension>
            <gpxtpx:hr>149</gpxtpx:hr>
          </gpxtpx:TrackPointExtension>
        </extensions>
      </trkpt>
      <trkpt lat="31.91736693223935" lon="120.583701952777">
        <ele>2.8828916009515524</ele>
        <time>1970-01-01T00:09:58.500000Z</time>
        <extensions>
          <gpxtpx:TrackPointExtension>
            <gpxtpx:hr>149</gpxtpx:hr>
          </gpxtpx:TrackPointExtension>
        </extensions>
      </trkpt>
      <trkpt lat="31.917372254778062" lon="120.58368266524353">
        <ele>2.837277348153293</ele>
        <time>1970-01-01T00:09:59.500000Z</time>
        <extensions>
          <gpxtpx:TrackPointExtension>
            <gpxtpx:hr>149</gpxtpx:hr>
          </gpxtpx:TrackPointExtension>
        </extensions>
      </trkpt>
      <trkpt lat="31.917378120259286" lon="120.58366393787483">
        <ele>2.797562233172357</ele>
        <time>1970-01-01T00:10:00.500000Z</time>
        <extensions>
          <gpxtpx:TrackPointExtension>
            <gpxtpx:hr>151</gpxtpx:hr>
          </gpxtpx:TrackPointExtension>
        </extensions>
      </trkpt>
      <trkpt lat="31.91738394503684" lon="120.58364531066941">
        <ele>2.7714217994362116</ele>
        <time>1970-01-01T00:10:01.500000Z</time>
        <extensions>
          <gpxtpx:TrackPointExtension>
            <gpxtpx:hr>151</gpxtpx:hr>
          </gpxtpx:TrackPointExtension>
        </extensions>
      </trkpt>
      <trkpt lat="31.917390193925154" lon="120.58362702057711">
        <ele>2.7430472802370787</ele>
        <time>1970-01-01T00:10:02.500000Z</time>
        <extensions>
          <gpxtpx:TrackPointExtension>
            <gpxtpx:hr>151</gpxtpx:hr>
          </gpxtpx:TrackPointExtension>
        </extensions>
      </trkpt>
      <trkpt lat="31.91739701737401" lon="120.58360933638029">
        <ele>2.7113815508782864</ele>
        <time>1970-01-01T00:10:03.500000Z</time>
        <extensions>
          <gpxtpx:TrackPointExtension>
            <gpxtpx:hr>151</gpxtpx:hr>
          </gpxtpx:TrackPointExtension>
        </extensions>
      </trkpt>
      <trkpt lat="31.917403247698285" lon="120.58359243137885">
        <ele>2.6762415543198586</ele>
        <time>1970-01-01T00:10:04.500000Z</time>
        <extensions>
          <gpxtpx:TrackPointExtension>
            <gpxtpx:hr>151</gpxtpx:hr>
          </gpxtpx:TrackPointExtension>
        </extensions>
      </trkpt>
      <trkpt lat="31.917408647347052" lon="120.58357714433424">
        <ele>2.6347289849072695</ele>
        <time>1970-01-01T00:10:05.500000Z</time>
        <extensions>
          <gpxtpx:TrackPointExtension>
            <gpxtpx:hr>152</gpxtpx:hr>
          </gpxtpx:TrackPointExtension>
        </extensions>
      </trkpt>
      <trkpt lat="31.91741472408227" lon="120.58356049803392">
        <ele>2.561663346365094</ele>
        <time>1970-01-01T00:10:06.500000Z</time>
        <extensions>
          <gpxtpx:TrackPointExtension>
            <gpxtpx:hr>152</gpxtpx:hr>
          </gpxtpx:TrackPointExtension>
        </extensions>
      </trkpt>
      <trkpt lat="31.917422471840933" lon="120.58353909100356">
        <ele>2.49218615796417</ele>
        <time>1970-01-01T00:10:07.500000Z</time>
        <extensions>
          <gpxtpx:TrackPointExtension>
            <gpxtpx:hr>152</gpxtpx:hr>
          </gpxtpx:TrackPointExtension>
        </extensions>
      </trkpt>
      <trkpt lat="31.917429982403657" lon="120.58351658619192">
        <ele>2.4527978086844087</ele>
        <time>1970-01-01T00:10:08.500000Z</time>
        <extensions>
          <gpxtpx:TrackPointExtension>
            <gpxtpx:hr>152</gpxtpx:hr>
          </gpxtpx:TrackPointExtension>
        </extensions>
      </trkpt>
      <trkpt lat="31.917436561823745" lon="120.58349321118725">
        <ele>2.4086138382554054</ele>
        <time>1970-01-01T00:10:09.500000Z</time>
        <extensions>
          <gpxtpx:TrackPointExtension>
            <gpxtpx:hr>152</gpxtpx:hr>
          </gpxtpx:TrackPointExtension>
        </extensions>
      </trkpt>
      <trkpt lat="31.917442541835456" lon="120.58347057849097">
        <ele>2.3561316104605794</ele>
        <time>1970-01-01T00:10:10.500000Z</time>
        <extensions>
          <gpxtpx:TrackPointExtension>
            <gpxtpx:hr>152</gpxtpx:hr>
          </gpxtpx:TrackPointExtension>
        </extensions>
      </trkpt>
      <trkpt lat="31.917447993592983" lon="120.58344931278315">
        <ele>2.308182869106531</ele>
        <time>1970-01-01T00:10:11.500000Z</time>
        <extensions>
          <gpxtpx:TrackPointExtension>
            <gpxtpx:hr>149</gpxtpx:hr>
          </gpxtpx:TrackPointExtension>
        </extensions>
      </trkpt>
      <trkpt lat="31.917453930155848" lon="120.58342742524259">
        <ele>2.2660337975248694</ele>
        <time>1970-01-01T00:10:12.500000Z</time>
        <extensions>
          <gpxtpx:TrackPointExtension>
            <gpxtpx:hr>149</gpxtpx:hr>
          </gpxtpx:TrackPointExtension>
        </extensions>
      </trkpt>
      <trkpt lat="31.9174597728049" lon="120.58340457710436">
        <ele>2.229256624355912</ele>
        <time>1970-01-01T00:10:13.500000Z</time>
        <extensions>
          <gpxtpx:TrackPointExtension>
            <gpxtpx:hr>149</gpxtpx:hr>
          </gpxtpx:TrackPointExtension>
        </extensions>
      </trkpt>
      <trkpt lat="31.91746542418341" lon="120.58338273927728">
        <ele>2.2009545797482133</ele>
        <time>1970-01-01T00:10:14.500000Z</time>
        <extensions>
          <gpxtpx:TrackPointExtension>
            <gpxtpx:hr>149</gpxtpx:hr>
          </gpxtpx:TrackPointExtension>
        </extensions>
      </trkpt>
      <trkpt lat="31.917471631894273" lon="120.5833609968993">
        <ele>2.1853176383301616</ele>
        <time>1970-01-01T00:10:15.500000Z</time>
        <extensions>
          <gpxtpx:TrackPointExtension>
            <gpxtpx:hr>149</gpxtpx:hr>
          </gpxtpx:TrackPointExtension>
        </extensions>
      </trkpt>
      <trkpt lat="31.91747888504429" lon="120.58333805911704">
        <ele>2.175805897451937</ele>
        <time>1970-01-01T00:10:16.500000Z</time>
        <extensions>
          <gpxtpx:TrackPointExtension>
            <gpxtpx:hr>149</gpxtpx:hr>
          </gpxtpx:TrackPointExtension>
        </extensions>
      </trkpt>
      <trkpt lat="31.917487016870012" lon="120.58331554394023">
        <ele>2.185424701310694</ele>
        <time>1970-01-01T00:10:17.500000Z</time>
        <extensions>
          <gpxtpx:TrackPointExtension>
            <gpxtpx:hr>149</gpxtpx:hr>
          </gpxtpx:TrackPointExtension>
        </extensions>
      </trkpt>
      <trkpt lat="31.917494985649824" lon="120.58329246400322">
        <ele>2.1965189771726727</ele>
        <time>1970-01-01T00:10:18.500000Z</time>
        <extensions>
          <gpxtpx:TrackPointExtension>
            <gpxtpx:hr>149</gpxtpx:hr>
          </gpxtpx:TrackPointExtension>
        </extensions>
      </trkpt>
      <trkpt lat="31.91750279243265" lon="120.58327078237687">
        <ele>2.2159762224182487</ele>
        <time>1970-01-01T00:10:19.500000Z</time>
        <extensions>
          <gpxtpx:TrackPointExtension>
            <gpxtpx:hr>149</gpxtpx:hr>
          </gpxtpx:TrackPointExtension>
        </extensions>
      </trkpt>
      <trkpt lat="31.917509872651173" lon="120.58325124759438">
        <ele>2.227821869775653</ele>
        <time>1970-01-01T00:10:20.500000Z</time>
        <extensions>
          <gpxtpx:TrackPointExtension>
            <gpxtpx:hr>149</gpxtpx:hr>
          </gpxtpx:TrackPointExtension>
        </extensions>
      </trkpt>
      <trkpt lat="31.917515616395878" lon="120.5832292767585">
        <ele>2.2632243195548654</ele>
        <time>1970-01-01T00:10:21.500000Z</time>
        <extensions>
          <gpxtpx:TrackPointExtension>
            <gpxtpx:hr>149</gpxtpx:hr>
          </gpxtpx:TrackPointExtension>
        </extensions>
      </trkpt>
      <trkpt lat="31.917520784470085" lon="120.58320511953816">
        <ele>2.3008201038464904</ele>
        <time>1970-01-01T00:10:22.500000Z</time>
        <extensions>
          <gpxtpx:TrackPointExtension>
            <gpxtpx:hr>148</gpxtpx:hr>
          </gpxtpx:TrackPointExtension>
        </extensions>
      </trkpt>
      <trkpt lat="31.91752541853327" lon="120.58318257680483">
        <ele>2.3537888349965215</ele>
        <time>1970-01-01T00:10:23.500000Z</time>
        <extensions>
          <gpxtpx:TrackPointExtension>
            <gpxtpx:hr>148</gpxtpx:hr>
          </gpxtpx:TrackPointExtension>
        </extensions>
      </trkpt>
      <trkpt lat="31.91752859459024" lon="120.58315877757049">
        <ele>2.3963128849864006</ele>
        <time>1970-01-01T00:10:24.500000Z</time>
        <extensions>
          <gpxtpx:TrackPointExtension>
            <gpxtpx:hr>148</gpxtpx:hr>
          </gpxtpx:TrackPointExtension>
        </extensions>
      </trkpt>
      <trkpt lat="31.917529394300242" lon="120.58313142728886">
        <ele>2.442502892576158</ele>
        <time>1970-01-01T00:10:25.500000Z</time>
        <extensions>
          <gpxtpx:TrackPointExtension>
            <gpxtpx:hr>148</gpxtpx:hr>
          </gpxtpx:TrackPointExtension>
        </extensions>
      </trkpt>
      <trkpt lat="31.9175274724246" lon="120.58310220792832">
        <ele>2.4797578239813447</ele>
        <time>1970-01-01T00:10:26.500000Z</time>
        <extensions>
          <gpxtpx:TrackPointExtension>
            <gpxtpx:hr>148</gpxtpx:hr>
          </gpxtpx:TrackPointExtension>
        </extensions>
      </trkpt>
      <trkpt lat="31.917522820816256" lon="120.58307427085306">
        <ele>2.5220478558912873</ele>
        <time>1970-01-01T00:10:27.500000Z</time>
        <extensions>
          <gpxtpx:TrackPointExtension>
            <gpxtpx:hr>148</gpxtpx:hr>
          </gpxtpx:TrackPointExtension>
        </extensions>
      </trkpt>
      <trkpt lat="31.917516049068073" lon="120.58304848636955">
        <ele>2.552678829059005</ele>
        <time>1970-01-01T00:10:28.500000Z</time>
        <extensions>
          <gpxtpx:TrackPointExtension>
            <gpxtpx:hr>148</gpxtpx:hr>
          </gpxtpx:TrackPointExtension>
        </extensions>
      </trkpt>
      <trkpt lat="31.917507885992347" lon="120.58302524536867">
        <ele>2.58497576136142</ele>
        <time>1970-01-01T00:10:29.500000Z</time>
        <extensions>
          <gpxtpx:TrackPointExtension>
            <gpxtpx:hr>148</gpxtpx:hr>
          </gpxtpx:TrackPointExtension>
        </extensions>
      </trkpt>
      <trkpt lat="31.91749849257456" lon="120.58300442934153">
        <ele>2.6143035581335425</ele>
        <time>1970-01-01T00:10:30.500000Z</time>
        <extensions>
          <gpxtpx:TrackPointExtension>
            <gpxtpx:hr>147</gpxtpx:hr>
          </gpxtpx:TrackPointExtension>
        </extensions>
      </trkpt>
      <trkpt lat="31.917488785762803" lon="120.5829841106402">
        <ele>2.638252585195005</ele>
        <time>1970-01-01T00:10:31.500000Z</time>
        <extensions>
          <gpxtpx:TrackPointExtension>
            <gpxtpx:hr>147</gpxtpx:hr>
          </gpxtpx:TrackPointExtension>
        </extensions>
      </trkpt>
      <trkpt lat="31.917479008103854" lon="120.58296359666159">
        <ele>2.655908389016986</ele>
        <time>1970-01-01T00:10:32.500000Z</time>
        <extensions>
          <gpxtpx:TrackPointExtension>
            <gpxtpx:hr>147</gpxtpx:hr>
          </gpxtpx:TrackPointExtension>
        </extensions>
      </trkpt>
      <trkpt lat="31.91746896378807" lon="120.5829433148506">
        <ele>2.6752681331709027</ele>
        <time>1970-01-01T00:10:33.500000Z</time>
        <extensions>
          <gpxtpx:TrackPointExtension>
            <gpxtpx:hr>147</gpxtpx:hr>
          </gpxtpx:TrackPointExtension>
        </extensions>
      </trkpt>
      <trkpt lat="31.91745863434362" lon="120.58292430795642">
        <ele>2.6951220352202654</ele>
        <time>1970-01-01T00:10:34.500000Z</time>
        <extensions>
          <gpxtpx:TrackPointExtension>
            <gpxtpx:hr>147</gpxtpx:hr>
          </gpxtpx:TrackPointExtension>
        </extensions>
      </trkpt>
      <trkpt lat="31.91744820496532" lon="120.58290642152808">
        <ele>2.7127280682325363</ele>
        <time>1970-01-01T00:10:35.500000Z</time>
        <extensions>
          <gpxtpx:TrackPointExtension>
            <gpxtpx:hr>145</gpxtpx:hr>
          </gpxtpx:TrackPointExtension>
        </extensions>
      </trkpt>
      <trkpt lat="31.9174373109334" lon="120.58288868603006">
        <ele>2.7345246830955148</ele>
        <time>1970-01-01T00:10:36.500000Z</time>
        <extensions>
          <gpxtpx:TrackPointExtension>
            <gpxtpx:hr>145</gpxtpx:hr>
          </gpxtpx:TrackPointExtension>
        </extensions>
      </trkpt>
      <trkpt lat="31.91742455272959" lon="120.5828703087913">
        <ele>2.759050402790308</ele>
        <time>1970-01-01T00:10:37.500000Z</time>
        <extensions>
          <gpxtpx:TrackPointExtension>
            <gpxtpx:hr>145</gpxtpx:hr>
          </gpxtpx:TrackPointExtension>
        </extensions>
      </trkpt>
      <trkpt lat="31.917408615781206" lon="120.58285125932834">
        <ele>2.774040504358709</ele>
        <time>1970-01-01T00:10:38.500000Z</time>
        <extensions>
          <gpxtpx:TrackPointExtension>
            <gpxtpx:hr>145</gpxtpx:hr>
          </gpxtpx:TrackPointExtension>
        </extensions>
      </trkpt>
      <trkpt lat="31.91739006443487" lon="120.58283280051482">
        <ele>2.7989036180078983</ele>
        <time>1970-01-01T00:10:39.500000Z</time>
        <extensions>
          <gpxtpx:TrackPointExtension>
            <gpxtpx:hr>145</gpxtpx:hr>
          </gpxtpx:TrackPointExtension>
        </extensions>
      </trkpt>
      <trkpt lat="31.917371311968093" lon="120.58281559765149">
        <ele>2.8305851481854916</ele>
        <time>1970-01-01T00:10:40.500000Z</time>
        <extensions>
          <gpxtpx:TrackPointExtension>
            <gpxtpx:hr>145</gpxtpx:hr>
          </gpxtpx:TrackPointExtension>
        </extensions>
      </trkpt>
      <trkpt lat="31.917353749460553" lon="120.58279948535444">
        <ele>2.872099179774523</ele>
        <time>1970-01-01T00:10:41.500000Z</time>
        <extensions>
          <gpxtpx:TrackPointExtension>
            <gpxtpx:hr>147</gpxtpx:hr>
          </gpxtpx:TrackPointExtension>
        </extensions>
      </trkpt>
      <trkpt lat="31.91733775378138" lon="120.5827846377297">
        <ele>2.919213805347681</ele>
        <time>1970-01-01T00:10:42.500000Z</time>
        <extensions>
          <gpxtpx:TrackPointExtension>
            <gpxtpx:hr>147</gpxtpx:hr>
          </gpxtpx:TrackPointExtension>
        </extensions>
      </trkpt>
      <trkpt lat="31.91732224048517" lon="120.58277112044107">
        <ele>2.9625560604035854</ele>
        <time>1970-01-01T00:10:43.500000Z</time>
        <extensions>
          <gpxtpx:TrackPointExtension>
            <gpxtpx:hr>147</gpxtpx:hr>
          </gpxtpx:TrackPointExtension>
        </extensions>
      </trkpt>
      <trkpt lat="31.917306222582322" lon="120.58275935183161">
        <ele>3.0094742523506284</ele>
        <time>1970-01-01T00:10:44.500000Z</time>
        <extensions>
          <gpxtpx:TrackPointExtension>
            <gpxtpx:hr>147</gpxtpx:hr>
          </gpxtpx:TrackPointExtension>
        </extensions>
      </trkpt>
      <trkpt lat="31.917290031771447" lon="120.58274979664986">
        <ele>3.063879323191941</ele>
        <time>1970-01-01T00:10:45.500000Z</time>
        <extensions>
          <gpxtpx:TrackPointExtension>
            <gpxtpx:hr>150</gpxtpx:hr>
          </gpxtpx:TrackPointExtension>
        </extensions>
      </trkpt>
      <trkpt lat="31.917273815696596" lon="120.58274177777756">
        <ele>3.1160405427217484</ele>
        <time>1970-01-01T00:10:46.500000Z</time>
        <extensions>
          <gpxtpx:TrackPointExtension>
            <gpxtpx:hr>150</gpxtpx:hr>
          </gpxtpx:TrackPointExtension>
        </extensions>
      </trkpt>
      <trkpt lat="31.917258221347304" lon="120.58273430098204">
        <ele>3.159727103076875</ele>
        <time>1970-01-01T00:10:47.500000Z</time>
        <extensions>
          <gpxtpx:TrackPointExtension>
            <gpxtpx:hr>150</gpxtpx:hr>
          </gpxtpx:TrackPointExtension>
        </extensions>
      </trkpt>
      <trkpt lat="31.917243765944765" lon="120.58272689340914">
        <ele>3.2159998705610633</ele>
        <time>1970-01-01T00:10:48.500000Z</time>
        <extensions>
          <gpxtpx:TrackPointExtension>
            <gpxtpx:hr>150</gpxtpx:hr>
          </gpxtpx:TrackPointExtension>
        </extensions>
      </trkpt>
      <trkpt lat="31.917229830495586" lon="120.58271933281797">
        <ele>3.2693349234759808</ele>
        <time>1970-01-01T00:10:49.500000Z</time>
        <extensions>
          <gpxtpx:TrackPointExtension>
            <gpxtpx:hr>150</gpxtpx:hr>
          </gpxtpx:TrackPointExtension>
        </extensions>
      </trkpt>
      <trkpt lat="31.917216109408688" lon="120.5827122697996">
        <ele>3.3113020844757557</ele>
        <time>1970-01-01T00:10:50.500000Z</time>
        <extensions>
          <gpxtpx:TrackPointExtension>
            <gpxtpx:hr>150</gpxtpx:hr>
          </gpxtpx:TrackPointExtension>
        </extensions>
      </trkpt>
      <trkpt lat="31.917202942091723" lon="120.58270566798639">
        <ele>3.3649922888725996</ele>
        <time>1970-01-01T00:10:51.500000Z</time>
        <extensions>
          <gpxtpx:TrackPointExtension>
            <gpxtpx:hr>150</gpxtpx:hr>
          </gpxtpx:TrackPointExtension>
        </extensions>
      </trkpt>
      <trkpt lat="31.917190191617525" lon="120.58269974701882">
        <ele>3.4285405352711678</ele>
        <time>1970-01-01T00:10:52.500000Z</time>
        <extensions>
          <gpxtpx:TrackPointExtension>
            <gpxtpx:hr>152</gpxtpx:hr>
          </gpxtpx:TrackPointExtension>
        </extensions>
      </trkpt>
      <trkpt lat="31.917177303698814" lon="120.58269401889133">
        <ele>3.488991279155016</ele>
        <time>1970-01-01T00:10:53.500000Z</time>
        <extensions>
          <gpxtpx:TrackPointExtension>
            <gpxtpx:hr>152</gpxtpx:hr>
          </gpxtpx:TrackPointExtension>
        </extensions>
      </trkpt>
      <trkpt lat="31.9171638242688" lon="120.58268848968682">
        <ele>3.553093039430678</ele>
        <time>1970-01-01T00:10:54.500000Z</time>
        <extensions>
          <gpxtpx:TrackPointExtension>
            <gpxtpx:hr>152</gpxtpx:hr>
          </gpxtpx:TrackPointExtension>
        </extensions>
      </trkpt>
      <trkpt lat="31.917149434030247" lon="120.58268333181003">
        <ele>3.612579172477126</ele>
        <time>1970-01-01T00:10:55.500000Z</time>
        <extensions>
          <gpxtpx:TrackPointExtension>
            <gpxtpx:hr>152</gpxtpx:hr>
          </gpxtpx:TrackPointExtension>
        </extensions>
      </trkpt>
      <trkpt lat="31.917134311696408" lon="120.58267902294895">
        <ele>3.662488117814064</ele>
        <time>1970-01-01T00:10:56.500000Z</time>
        <extensions>
          <gpxtpx:TrackPointExtension>
            <gpxtpx:hr>152</gpxtpx:hr>
          </gpxtpx:TrackPointExtension>
        </extensions>
      </trkpt>
      <trkpt lat="31.917118628739747" lon="120.58267532705578">
        <ele>3.6976431142538786</ele>
        <time>1970-01-01T00:10:57.500000Z</time>
        <extensions>
          <gpxtpx:TrackPointExtension>
            <gpxtpx:hr>152</gpxtpx:hr>
          </gpxtpx:TrackPointExtension>
        </extensions>
      </trkpt>
      <trkpt lat="31.91710245147403" lon="120.58267176620548">
        <ele>3.7379472041502595</ele>
        <time>1970-01-01T00:10:58.500000Z</time>
        <extensions>
          <gpxtpx:TrackPointExtension>
            <gpxtpx:hr>152</gpxtpx:hr>
          </gpxtpx:TrackPointExtension>
        </extensions>
      </trkpt>
      <trkpt lat="31.917085969371353" lon="120.58266775391161">
        <ele>3.774989734403789</ele>
        <time>1970-01-01T00:10:59.500000Z</time>
        <extensions>
          <gpxtpx:TrackPointExtension>
            <gpxtpx:hr>152</gpxtpx:hr>
          </gpxtpx:TrackPointExtension>
        </extensions>
      </trkpt>
      <trkpt lat="31.91706947967459" lon="120.58266310312246">
        <ele>3.809477240778506</ele>
        <time>1970-01-01T00:11:00.500000Z</time>
        <extensions>
          <gpxtpx:TrackPointExtension>
            <gpxtpx:hr>152</gpxtpx:hr>
          </gpxtpx:TrackPointExtension>
        </extensions>
      </trkpt>
      <trkpt lat="31.91705333545866" lon="120.58265591603198">
        <ele>3.843496765010059</ele>
        <time>1970-01-01T00:11:01.500000Z</time>
        <extensions>
          <gpxtpx:TrackPointExtension>
            <gpxtpx:hr>148</gpxtpx:hr>
          </gpxtpx:TrackPointExtension>
        </extensions>
      </trkpt>
      <trkpt lat="31.91703840369314" lon="120.58264465114584">
        <ele>3.8850280521437526</ele>
        <time>1970-01-01T00:11:02.500000Z</time>
        <extensions>
          <gpxtpx:TrackPointExtension>
            <gpxtpx:hr>148</gpxtpx:hr>
          </gpxtpx:TrackPointExtension>
        </extensions>
      </trkpt>
      <trkpt lat="31.917025219552905" lon="120.58263079197394">
        <ele>3.928618473932147</ele>
        <time>1970-01-01T00:11:03.500000Z</time>
        <extensions>
          <gpxtpx:TrackPointExtension>
            <gpxtpx:hr>148</gpxtpx:hr>
          </gpxtpx:TrackPointExtension>
        </extensions>
      </trkpt>
      <trkpt lat="31.91701321519078" lon="120.58261695592016">
        <ele>3.9673181772232056</ele>
        <time>1970-01-01T00:11:04.500000Z</time>
        <extensions>
          <gpxtpx:TrackPointExtension>
            <gpxtpx:hr>148</gpxtpx:hr>
          </gpxtpx:TrackPointExtension>
        </extensions>
      </trkpt>
      <trkpt lat="31.917001245276143" lon="120.58260789000201">
        <ele>3.995675517246127</ele>
        <time>1970-01-01T00:11:05.500000Z</time>
        <extensions>
          <gpxtpx:TrackPointExtension>
            <gpxtpx:hr>148</gpxtpx:hr>
          </gpxtpx:TrackPointExtension>
        </extensions>
      </trkpt>
      <trkpt lat="31.91698693282158" lon="120.58260511073189">
        <ele>4.008368315175176</ele>
        <time>1970-01-01T00:11:06.500000Z</time>
        <extensions>
          <gpxtpx:TrackPointExtension>
            <gpxtpx:hr>148</gpxtpx:hr>
          </gpxtpx:TrackPointExtension>
        </extensions>
      </trkpt>
      <trkpt lat="31.916969855477255" lon="120.58260534148107">
        <ele>4.030825567431748</ele>
        <time>1970-01-01T00:11:07.500000Z</time>
        <extensions>
          <gpxtpx:TrackPointExtension>
            <gpxtpx:hr>148</gpxtpx:hr>
          </gpxtpx:TrackPointExtension>
        </extensions>
      </trkpt>
      <trkpt lat="31.91695310690454" lon="120.58260611992173">
        <ele>4.043613635934889</ele>
        <time>1970-01-01T00:11:08.500000Z</time>
        <extensions>
          <gpxtpx:TrackPointExtension>
            <gpxtpx:hr>148</gpxtpx:hr>
          </gpxtpx:TrackPointExtension>
        </extensions>
      </trkpt>
      <trkpt lat="31.916936487938138" lon="120.58260668238553">
        <ele>4.046384642831981</ele>
        <time>1970-01-01T00:11:09.500000Z</time>
        <extensions>
          <gpxtpx:TrackPointExtension>
            <gpxtpx:hr>148</gpxtpx:hr>
          </gpxtpx:TrackPointExtension>
        </extensions>
      </trkpt>
      <trkpt lat="31.91692048241522" lon="120.58260642671702">
        <ele>4.0469288257882</ele>
        <time>1970-01-01T00:11:10.500000Z</time>
        <extensions>
          <gpxtpx:TrackPointExtension>
            <gpxtpx:hr>148</gpxtpx:hr>
          </gpxtpx:TrackPointExtension>
        </extensions>
      </trkpt>
      <trkpt lat="31.916905611643077" lon="120.58260433115495">
        <ele>4.038501830771565</ele>
        <time>1970-01-01T00:11:11.500000Z</time>
        <extensions>
          <gpxtpx:TrackPointExtension>
            <gpxtpx:hr>145</gpxtpx:hr>
          </gpxtpx:TrackPointExtension>
        </extensions>
      </trkpt>
      <trkpt lat="31.916890727688184" lon="120.58260113975585">
        <ele>4.032698695547879</ele>
        <time>1970-01-01T00:11:12.500000Z</time>
        <extensions>
          <gpxtpx:TrackPointExtension>
            <gpxtpx:hr>145</gpxtpx:hr>
          </gpxtpx:TrackPointExtension>
        </extensions>
      </trkpt>
      <trkpt lat="31.916876362398682" lon="120.58259751692819">
        <ele>4.020800052210689</ele>
        <time>1970-01-01T00:11:13.500000Z</time>
        <extensions>
          <gpxtpx:TrackPointExtension>
            <gpxtpx:hr>145</gpxtpx:hr>
          </gpxtpx:TrackPointExtension>
        </extensions>
      </trkpt>
      <trkpt lat="31.916861671146332" lon="120.58259321692259">
        <ele>4.005646179430187</ele>
        <time>1970-01-01T00:11:14.500000Z</time>
        <extensions>
          <gpxtpx:TrackPointExtension>
            <gpxtpx:hr>145</gpxtpx:hr>
          </gpxtpx:TrackPointExtension>
        </extensions>
      </trkpt>
      <trkpt lat="31.916847126728232" lon="120.582588379707">
        <ele>3.991503482684493</ele>
        <time>1970-01-01T00:11:15.500000Z</time>
        <extensions>
          <gpxtpx:TrackPointExtension>
            <gpxtpx:hr>145</gpxtpx:hr>
          </gpxtpx:TrackPointExtension>
        </extensions>
      </trkpt>
      <trkpt lat="31.916832293519466" lon="120.58258310363108">
        <ele>3.9811870781704783</ele>
        <time>1970-01-01T00:11:16.500000Z</time>
        <extensions>
          <gpxtpx:TrackPointExtension>
            <gpxtpx:hr>146</gpxtpx:hr>
          </gpxtpx:TrackPointExtension>
        </extensions>
      </trkpt>
      <trkpt lat="31.916816570527512" lon="120.58257724635803">
        <ele>3.970564156770706</ele>
        <time>1970-01-01T00:11:17.500000Z</time>
        <extensions>
          <gpxtpx:TrackPointExtension>
            <gpxtpx:hr>146</gpxtpx:hr>
          </gpxtpx:TrackPointExtension>
        </extensions>
      </trkpt>
      <trkpt lat="31.916801559411827" lon="120.58257096943198">
        <ele>3.9652806920930743</ele>
        <time>1970-01-01T00:11:18.500000Z</time>
        <extensions>
          <gpxtpx:TrackPointExtension>
            <gpxtpx:hr>146</gpxtpx:hr>
          </gpxtpx:TrackPointExtension>
        </extensions>
      </trkpt>
      <trkpt lat="31.91678581304752" lon="120.5825643348059">
        <ele>3.9593599839136004</ele>
        <time>1970-01-01T00:11:19.500000Z</time>
        <extensions>
          <gpxtpx:TrackPointExtension>
            <gpxtpx:hr>146</gpxtpx:hr>
          </gpxtpx:TrackPointExtension>
        </extensions>
      </trkpt>
      <trkpt lat="31.916770391583587" lon="120.582557234929">
        <ele>3.957280796021223</ele>
        <time>1970-01-01T00:11:20.500000Z</time>
        <extensions>
          <gpxtpx:TrackPointExtension>
            <gpxtpx:hr>146</gpxtpx:hr>
          </gpxtpx:TrackPointExtension>
        </extensions>
      </trkpt>
      <trkpt lat="31.916754682066014" lon="120.58254993783056">
        <ele>3.958669736981392</ele>
        <time>1970-01-01T00:11:21.500000Z</time>
        <extensions>
          <gpxtpx:TrackPointExtension>
            <gpxtpx:hr>146</gpxtpx:hr>
          </gpxtpx:TrackPointExtension>
        </extensions>
      </trkpt>
      <trkpt lat="31.916738867702048" lon="120.58254245298937">
        <ele>3.9479214949533343</ele>
        <time>1970-01-01T00:11:22.500000Z</time>
        <extensions>
          <gpxtpx:TrackPointExtension>
            <gpxtpx:hr>142</gpxtpx:hr>
          </gpxtpx:TrackPointExtension>
        </extensions>
      </trkpt>
      <trkpt lat="31.916724295861766" lon="120.58253538476407">
        <ele>3.934144986793399</ele>
        <time>1970-01-01T00:11:23.500000Z</time>
        <extensions>
          <gpxtpx:TrackPointExtension>
            <gpxtpx:hr>142</gpxtpx:hr>
          </gpxtpx:TrackPointExtension>
        </extensions>
      </trkpt>
      <trkpt lat="31.916709227851246" lon="120.582528708947">
        <ele>3.910802752710879</ele>
        <time>1970-01-01T00:11:24.500000Z</time>
        <extensions>
          <gpxtpx:TrackPointExtension>
            <gpxtpx:hr>142</gpxtpx:hr>
          </gpxtpx:TrackPointExtension>
        </extensions>
      </trkpt>
      <trkpt lat="31.91669459701754" lon="120.58252223424653">
        <ele>3.8978045620024204</ele>
        <time>1970-01-01T00:11:25.500000Z</time>
        <extensions>
          <gpxtpx:TrackPointExtension>
            <gpxtpx:hr>142</gpxtpx:hr>
          </gpxtpx:TrackPointExtension>
        </extensions>
      </trkpt>
      <trkpt lat="31.916679403837755" lon="120.58251551765018">
        <ele>3.8878537388518453</ele>
        <time>1970-01-01T00:11:26.500000Z</time>
        <extensions>
          <gpxtpx:TrackPointExtension>
            <gpxtpx:hr>142</gpxtpx:hr>
          </gpxtpx:TrackPointExtension>
        </extensions>
      </trkpt>
      <trkpt lat="31.916663563854843" lon="120.58250829762531">
        <ele>3.8748282538726926</ele>
        <time>1970-01-01T00:11:27.500000Z</time>
        <extensions>
          <gpxtpx:TrackPointExtension>
            <gpxtpx:hr>142</gpxtpx:hr>
          </gpxtpx:TrackPointExtension>
        </extensions>
      </trkpt>
      <trkpt lat="31.916648720864035" lon="120.58250121467866">
        <ele>3.8609200278297067</ele>
        <time>1970-01-01T00:11:28.500000Z</time>
        <extensions>
          <gpxtpx:TrackPointExtension>
            <gpxtpx:hr>140</gpxtpx:hr>
          </gpxtpx:TrackPointExtension>
        </extensions>
      </trkpt>
      <trkpt lat="31.916634154672387" lon="120.58249414063934">
        <ele>3.856660397723317</ele>
        <time>1970-01-01T00:11:29.500000Z</time>
        <extensions>
          <gpxtpx:TrackPointExtension>
            <gpxtpx:hr>140</gpxtpx:hr>
          </gpxtpx:TrackPointExtension>
        </extensions>
      </trkpt>
      <trkpt lat="31.916619518862298" lon="120.58248654232186">
        <ele>3.8478682283312082</ele>
        <time>1970-01-01T00:11:30.500000Z</time>
        <extensions>
          <gpxtpx:TrackPointExtension>
            <gpxtpx:hr>140</gpxtpx:hr>
          </gpxtpx:TrackPointExtension>
        </extensions>
      </trkpt>
      <trkpt lat="31.91660518234088" lon="120.58247847918265">
        <ele>3.8414706457406282</ele>
        <time>1970-01-01T00:11:31.500000Z</time>
        <extensions>
          <gpxtpx:TrackPointExtension>
            <gpxtpx:hr>140</gpxtpx:hr>
          </gpxtpx:TrackPointExtension>
        </extensions>
      </trkpt>
      <trkpt lat="31.91659114812003" lon="120.58247067284216">
        <ele>3.8333605229854584</ele>
        <time>1970-01-01T00:11:32.500000Z</time>
        <extensions>
          <gpxtpx:TrackPointExtension>
            <gpxtpx:hr>140</gpxtpx:hr>
          </gpxtpx:TrackPointExtension>
        </extensions>
      </trkpt>
      <trkpt lat="31.91657708802536" lon="120.58246305823461">
        <ele>3.820243200287223</ele>
        <time>1970-01-01T00:11:33.500000Z</time>
        <extensions>
          <gpxtpx:TrackPointExtension>
            <gpxtpx:hr>140</gpxtpx:hr>
          </gpxtpx:TrackPointExtension>
        </extensions>
      </trkpt>
      <trkpt lat="31.916562371478197" lon="120.58245679732202">
        <ele>3.8157467916607857</ele>
        <time>1970-01-01T00:11:34.500000Z</time>
        <extensions>
          <gpxtpx:TrackPointExtension>
            <gpxtpx:hr>140</gpxtpx:hr>
          </gpxtpx:TrackPointExtension>
        </extensions>
      </trkpt>
      <trkpt lat="31.916547256290848" lon="120.582451288406">
        <ele>3.812399451620877</ele>
        <time>1970-01-01T00:11:35.500000Z</time>
        <extensions>
          <gpxtpx:TrackPointExtension>
            <gpxtpx:hr>142</gpxtpx:hr>
          </gpxtpx:TrackPointExtension>
        </extensions>
      </trkpt>
      <trkpt lat="31.916532519972574" lon="120.58244465360619">
        <ele>3.8096189917996526</ele>
        <time>1970-01-01T00:11:36.500000Z</time>
        <extensions>
          <gpxtpx:TrackPointExtension>
            <gpxtpx:hr>142</gpxtpx:hr>
          </gpxtpx:TrackPointExtension>
        </extensions>
      </trkpt>
      <trkpt lat="31.916518036736875" lon="120.58243639881404">
        <ele>3.809211212210357</ele>
        <time>1970-01-01T00:11:37.500000Z</time>
        <extensions>
          <gpxtpx:TrackPointExtension>
            <gpxtpx:hr>142</gpxtpx:hr>
          </gpxtpx:TrackPointExtension>
        </extensions>
      </trkpt>
      <trkpt lat="31.916503726635938" lon="120.5824279115621">
        <ele>3.8040068186819553</ele>
        <time>1970-01-01T00:11:38.500000Z</time>
        <extensions>
          <gpxtpx:TrackPointExtension>
            <gpxtpx:hr>142</gpxtpx:hr>
          </gpxtpx:TrackPointExtension>
        </extensions>
      </trkpt>
      <trkpt lat="31.916489303126177" lon="120.58242022501325">
        <ele>3.805908016860485</ele>
        <time>1970-01-01T00:11:39.500000Z</time>
        <extensions>
          <gpxtpx:TrackPointExtension>
            <gpxtpx:hr>142</gpxtpx:hr>
          </gpxtpx:TrackPointExtension>
        </extensions>
      </trkpt>
      <trkpt lat="31.91647455749184" lon="120.58241214255577">
        <ele>3.806078844703734</ele>
        <time>1970-01-01T00:11:40.500000Z</time>
        <extensions>
          <gpxtpx:TrackPointExtension>
            <gpxtpx:hr>142</gpxtpx:hr>
          </gpxtpx:TrackPointExtension>
        </extensions>
      </trkpt>
      <trkpt lat="31.91646010876237" lon="120.5824035533769">
        <ele>3.787404553964734</ele>
        <time>1970-01-01T00:11:41.500000Z</time>
        <extensions>
          <gpxtpx:TrackPointExtension>
            <gpxtpx:hr>143</gpxtpx:hr>
          </gpxtpx:TrackPointExtension>
        </extensions>
      </trkpt>
      <trkpt lat="31.91644562289577" lon="120.58239607871806">
        <ele>3.7616743771359324</ele>
        <time>1970-01-01T00:11:42.500000Z</time>
        <extensions>
          <gpxtpx:TrackPointExtension>
            <gpxtpx:hr>143</gpxtpx:hr>
          </gpxtpx:TrackPointExtension>
        </extensions>
      </trkpt>
      <trkpt lat="31.91643085471748" lon="120.58238917613335">
        <ele>3.7326977234333754</ele>
        <time>1970-01-01T00:11:43.500000Z</time>
        <extensions>
          <gpxtpx:TrackPointExtension>
            <gpxtpx:hr>143</gpxtpx:hr>
          </gpxtpx:TrackPointExtension>
        </extensions>
      </trkpt>
      <trkpt lat="31.9164164347296" lon="120.582382218765">
        <ele>3.715345031581819</ele>
        <time>1970-01-01T00:11:44.500000Z</time>
        <extensions>
          <gpxtpx:TrackPointExtension>
            <gpxtpx:hr>143</gpxtpx:hr>
          </gpxtpx:TrackPointExtension>
        </extensions>
      </trkpt>
      <trkpt lat="31.916401710376935" lon="120.5823759953296">
        <ele>3.7071460327133536</ele>
        <time>1970-01-01T00:11:45.500000Z</time>
        <extensions>
          <gpxtpx:TrackPointExtension>
            <gpxtpx:hr>143</gpxtpx:hr>
          </gpxtpx:TrackPointExtension>
        </extensions>
      </trkpt>
      <trkpt lat="31.916386503775755" lon="120.58237031213447">
        <ele>3.696917098015547</ele>
        <time>1970-01-01T00:11:46.500000Z</time>
        <extensions>
          <gpxtpx:TrackPointExtension>
            <gpxtpx:hr>142</gpxtpx:hr>
          </gpxtpx:TrackPointExtension>
        </extensions>
      </trkpt>
      <trkpt lat="31.916371567899496" lon="120.58236473035292">
        <ele>3.7020484460517764</ele>
        <time>1970-01-01T00:11:47.500000Z</time>
        <extensions>
          <gpxtpx:TrackPointExtension>
            <gpxtpx:hr>142</gpxtpx:hr>
          </gpxtpx:TrackPointExtension>
        </extensions>
      </trkpt>
      <trkpt lat="31.91635702249599" lon="120.58235877523134">
        <ele>3.707638967782259</ele>
        <time>1970-01-01T00:11:48.500000Z</time>
        <extensions>
          <gpxtpx:TrackPointExtension>
            <gpxtpx:hr>142</gpxtpx:hr>
          </gpxtpx:TrackPointExtension>
        </extensions>
      </trkpt>
      <trkpt lat="31.916342626521814" lon="120.58235277257094">
        <ele>3.7199912322685122</ele>
        <time>1970-01-01T00:11:49.500000Z</time>
        <extensions>
          <gpxtpx:TrackPointExtension>
            <gpxtpx:hr>142</gpxtpx:hr>
          </gpxtpx:TrackPointExtension>
        </extensions>
      </trkpt>
      <trkpt lat="31.916328349846108" lon="120.58234661628813">
        <ele>3.7384155271574855</ele>
        <time>1970-01-01T00:11:50.500000Z</time>
        <extensions>
          <gpxtpx:TrackPointExtension>
            <gpxtpx:hr>143</gpxtpx:hr>
          </gpxtpx:TrackPointExtension>
        </extensions>
      </trkpt>
      <trkpt lat="31.91631480426577" lon="120.58233922158087">
        <ele>3.7577615631744266</ele>
        <time>1970-01-01T00:11:51.500000Z</time>
        <extensions>
          <gpxtpx:TrackPointExtension>
            <gpxtpx:hr>143</gpxtpx:hr>
          </gpxtpx:TrackPointExtension>
        </extensions>
      </trkpt>
      <trkpt lat="31.916301826467283" lon="120.58233068367178">
        <ele>3.7846764279529452</ele>
        <time>1970-01-01T00:11:52.500000Z</time>
        <extensions>
          <gpxtpx:TrackPointExtension>
            <gpxtpx:hr>143</gpxtpx:hr>
          </gpxtpx:TrackPointExtension>
        </extensions>
      </trkpt>
      <trkpt lat="31.91628790623061" lon="120.58232222207945">
        <ele>3.8176823407411575</ele>
        <time>1970-01-01T00:11:53.500000Z</time>
        <extensions>
          <gpxtpx:TrackPointExtension>
            <gpxtpx:hr>143</gpxtpx:hr>
          </gpxtpx:TrackPointExtension>
        </extensions>
      </trkpt>
      <trkpt lat="31.916273498661894" lon="120.5823145946055">
        <ele>3.8548217015340924</ele>
        <time>1970-01-01T00:11:54.500000Z</time>
        <extensions>
          <gpxtpx:TrackPointExtension>
            <gpxtpx:hr>143</gpxtpx:hr>
          </gpxtpx:TrackPointExtension>
        </extensions>
      </trkpt>
      <trkpt lat="31.916259177286047" lon="120.58230816213658">
        <ele>3.910118174739182</ele>
        <time>1970-01-01T00:11:55.500000Z</time>
        <extensions>
          <gpxtpx:TrackPointExtension>
            <gpxtpx:hr>143</gpxtpx:hr>
          </gpxtpx:TrackPointExtension>
        </extensions>
      </trkpt>
      <trkpt lat="31.916244691553217" lon="120.58230176030143">
        <ele>3.960966043174267</ele>
        <time>1970-01-01T00:11:56.500000Z</time>
        <extensions>
          <gpxtpx:TrackPointExtension>
            <gpxtpx:hr>142</gpxtpx:hr>
          </gpxtpx:TrackPointExtension>
        </extensions>
      </trkpt>
      <trkpt lat="31.916230282573288" lon="120.58229477690209">
        <ele>4.004218180663884</ele>
        <time>1970-01-01T00:11:57.500000Z</time>
        <extensions>
          <gpxtpx:TrackPointExtension>
            <gpxtpx:hr>142</gpxtpx:hr>
          </gpxtpx:TrackPointExtension>
        </extensions>
      </trkpt>
      <trkpt lat="31.9162160514839" lon="120.58228778898373">
        <ele>4.043574155308306</ele>
        <time>1970-01-01T00:11:58.500000Z</time>
        <extensions>
          <gpxtpx:TrackPointExtension>
            <gpxtpx:hr>142</gpxtpx:hr>
          </gpxtpx:TrackPointExtension>
        </extensions>
      </trkpt>
      <trkpt lat="31.9162019287573" lon="120.58228152238743">
        <ele>4.091504978016019</ele>
        <time>1970-01-01T00:11:59.500000Z</time>
        <extensions>
          <gpxtpx:TrackPointExtension>
            <gpxtpx:hr>142</gpxtpx:hr>
          </gpxtpx:TrackPointExtension>
        </extensions>
      </trkpt>
      <trkpt lat="31.916187639567184" lon="120.582275840962">
        <ele>4.137309494428337</ele>
        <time>1970-01-01T00:12:00.500000Z</time>
        <extensions>
          <gpxtpx:TrackPointExtension>
            <gpxtpx:hr>142</gpxtpx:hr>
          </gpxtpx:TrackPointExtension>
        </extensions>
      </trkpt>
      <trkpt lat="31.91617341763219" lon="120.58227014886344">
        <ele>4.178905321285129</ele>
        <time>1970-01-01T00:12:01.500000Z</time>
        <extensions>
          <gpxtpx:TrackPointExtension>
            <gpxtpx:hr>142</gpxtpx:hr>
          </gpxtpx:TrackPointExtension>
        </extensions>
      </trkpt>
      <trkpt lat="31.91615945983483" lon="120.58226423023835">
        <ele>4.206924642436206</ele>
        <time>1970-01-01T00:12:02.500000Z</time>
        <extensions>
          <gpxtpx:TrackPointExtension>
            <gpxtpx:hr>141</gpxtpx:hr>
          </gpxtpx:TrackPointExtension>
        </extensions>
      </trkpt>
      <trkpt lat="31.91614567705972" lon="120.58225829013146">
        <ele>4.229685311205685</ele>
        <time>1970-01-01T00:12:03.500000Z</time>
        <extensions>
          <gpxtpx:TrackPointExtension>
            <gpxtpx:hr>141</gpxtpx:hr>
          </gpxtpx:TrackPointExtension>
        </extensions>
      </trkpt>
      <trkpt lat="31.91613197148288" lon="120.5822524670472">
        <ele>4.252680036239326</ele>
        <time>1970-01-01T00:12:04.500000Z</time>
        <extensions>
          <gpxtpx:TrackPointExtension>
            <gpxtpx:hr>141</gpxtpx:hr>
          </gpxtpx:TrackPointExtension>
        </extensions>
      </trkpt>
      <trkpt lat="31.916118037095586" lon="120.58224746515381">
        <ele>4.275758245028555</ele>
        <time>1970-01-01T00:12:05.500000Z</time>
        <extensions>
          <gpxtpx:TrackPointExtension>
            <gpxtpx:hr>141</gpxtpx:hr>
          </gpxtpx:TrackPointExtension>
        </extensions>
      </trkpt>
      <trkpt lat="31.91610404442501" lon="120.58224266189971">
        <ele>4.296926787123084</ele>
        <time>1970-01-01T00:12:06.500000Z</time>
        <extensions>
          <gpxtpx:TrackPointExtension>
            <gpxtpx:hr>141</gpxtpx:hr>
          </gpxtpx:TrackPointExtension>
        </extensions>
      </trkpt>
      <trkpt lat="31.916090266343197" lon="120.5822370414583">
        <ele>4.308839592151344</ele>
        <time>1970-01-01T00:12:07.500000Z</time>
        <extensions>
          <gpxtpx:TrackPointExtension>
            <gpxtpx:hr>141</gpxtpx:hr>
          </gpxtpx:TrackPointExtension>
        </extensions>
      </trkpt>
      <trkpt lat="31.916076070342225" lon="120.58223157458139">
        <ele>4.317198242992163</ele>
        <time>1970-01-01T00:12:08.500000Z</time>
        <extensions>
          <gpxtpx:TrackPointExtension>
            <gpxtpx:hr>141</gpxtpx:hr>
          </gpxtpx:TrackPointExtension>
        </extensions>
      </trkpt>
      <trkpt lat="31.916061322113286" lon="120.58222705370505">
        <ele>4.33290037419647</ele>
        <time>1970-01-01T00:12:09.500000Z</time>
        <extensions>
          <gpxtpx:TrackPointExtension>
            <gpxtpx:hr>141</gpxtpx:hr>
          </gpxtpx:TrackPointExtension>
        </extensions>
      </trkpt>
      <trkpt lat="31.916046804057984" lon="120.58222274188346">
        <ele>4.342047767713666</ele>
        <time>1970-01-01T00:12:10.500000Z</time>
        <extensions>
          <gpxtpx:TrackPointExtension>
            <gpxtpx:hr>141</gpxtpx:hr>
          </gpxtpx:TrackPointExtension>
        </extensions>
      </trkpt>
      <trkpt lat="31.916032854081724" lon="120.58221791962589">
        <ele>4.343764688819647</ele>
        <time>1970-01-01T00:12:11.500000Z</time>
        <extensions>
          <gpxtpx:TrackPointExtension>
            <gpxtpx:hr>142</gpxtpx:hr>
          </gpxtpx:TrackPointExtension>
        </extensions>
      </trkpt>
      <trkpt lat="31.916019396620502" lon="120.58221271978107">
        <ele>4.343500031158328</ele>
        <time>1970-01-01T00:12:12.500000Z</time>
        <extensions>
          <gpxtpx:TrackPointExtension>
            <gpxtpx:hr>142</gpxtpx:hr>
          </gpxtpx:TrackPointExtension>
        </extensions>
      </trkpt>
      <trkpt lat="31.91600607389269" lon="120.58220746560066">
        <ele>4.356049258261919</ele>
        <time>1970-01-01T00:12:13.500000Z</time>
        <extensions>
          <gpxtpx:TrackPointExtension>
            <gpxtpx:hr>142</gpxtpx:hr>
          </gpxtpx:TrackPointExtension>
        </extensions>
      </trkpt>
      <trkpt lat="31.915992813925488" lon="120.58220225159171">
        <ele>4.362692297436297</ele>
        <time>1970-01-01T00:12:14.500000Z</time>
        <extensions>
          <gpxtpx:TrackPointExtension>
            <gpxtpx:hr>142</gpxtpx:hr>
          </gpxtpx:TrackPointExtension>
        </extensions>
      </trkpt>
      <trkpt lat="31.915979680498296" lon="120.58219698004963">
        <ele>4.374913872219622</ele>
        <time>1970-01-01T00:12:15.500000Z</time>
        <extensions>
          <gpxtpx:TrackPointExtension>
            <gpxtpx:hr>142</gpxtpx:hr>
          </gpxtpx:TrackPointExtension>
        </extensions>
      </trkpt>
      <trkpt lat="31.915966563451715" lon="120.58219141650353">
        <ele>4.388912878930569</ele>
        <time>1970-01-01T00:12:16.500000Z</time>
        <extensions>
          <gpxtpx:TrackPointExtension>
            <gpxtpx:hr>142</gpxtpx:hr>
          </gpxtpx:TrackPointExtension>
        </extensions>
      </trkpt>
      <trkpt lat="31.915952928839673" lon="120.58218511938652">
        <ele>4.408588253892958</ele>
        <time>1970-01-01T00:12:17.500000Z</time>
        <extensions>
          <gpxtpx:TrackPointExtension>
            <gpxtpx:hr>142</gpxtpx:hr>
          </gpxtpx:TrackPointExtension>
        </extensions>
      </trkpt>
      <trkpt lat="31.915938253401798" lon="120.58217793987771">
        <ele>4.43676376901567</ele>
        <time>1970-01-01T00:12:18.500000Z</time>
        <extensions>
          <gpxtpx:TrackPointExtension>
            <gpxtpx:hr>143</gpxtpx:hr>
          </gpxtpx:TrackPointExtension>
        </extensions>
      </trkpt>
      <trkpt lat="31.91592304472232" lon="120.58217020390832">
        <ele>4.4726375518366694</ele>
        <time>1970-01-01T00:12:19.500000Z</time>
        <extensions>
          <gpxtpx:TrackPointExtension>
            <gpxtpx:hr>143</gpxtpx:hr>
          </gpxtpx:TrackPointExtension>
        </extensions>
      </trkpt>
      <trkpt lat="31.91590818514662" lon="120.58216206850399">
        <ele>4.511845539323986</ele>
        <time>1970-01-01T00:12:20.500000Z</time>
        <extensions>
          <gpxtpx:TrackPointExtension>
            <gpxtpx:hr>143</gpxtpx:hr>
          </gpxtpx:TrackPointExtension>
        </extensions>
      </trkpt>
      <trkpt lat="31.915893770719016" lon="120.58215374368908">
        <ele>4.556038491427898</ele>
        <time>1970-01-01T00:12:21.500000Z</time>
        <extensions>
          <gpxtpx:TrackPointExtension>
            <gpxtpx:hr>143</gpxtpx:hr>
          </gpxtpx:TrackPointExtension>
        </extensions>
      </trkpt>
      <trkpt lat="31.915879453010206" lon="120.58214606688962">
        <ele>4.5998288709670305</ele>
        <time>1970-01-01T00:12:22.500000Z</time>
        <extensions>
          <gpxtpx:TrackPointExtension>
            <gpxtpx:hr>141</gpxtpx:hr>
          </gpxtpx:TrackPointExtension>
        </extensions>
      </trkpt>
      <trkpt lat="31.915864875510742" lon="120.58213920817533">
        <ele>4.648763215169311</ele>
        <time>1970-01-01T00:12:23.500000Z</time>
        <extensions>
          <gpxtpx:TrackPointExtension>
            <gpxtpx:hr>141</gpxtpx:hr>
          </gpxtpx:TrackPointExtension>
        </extensions>
      </trkpt>
      <trkpt lat="31.91585024694375" lon="120.58213283628189">
        <ele>4.696114112623036</ele>
        <time>1970-01-01T00:12:24.500000Z</time>
        <extensions>
          <gpxtpx:TrackPointExtension>
            <gpxtpx:hr>141</gpxtpx:hr>
          </gpxtpx:TrackPointExtension>
        </extensions>
      </trkpt>
      <trkpt lat="31.915835647278694" lon="120.58212707889246">
        <ele>4.746337606571615</ele>
        <time>1970-01-01T00:12:25.500000Z</time>
        <extensions>
          <gpxtpx:TrackPointExtension>
            <gpxtpx:hr>141</gpxtpx:hr>
          </gpxtpx:TrackPointExtension>
        </extensions>
      </trkpt>
      <trkpt lat="31.915821147247566" lon="120.58212203402752">
        <ele>4.795866438187659</ele>
        <time>1970-01-01T00:12:26.500000Z</time>
        <extensions>
          <gpxtpx:TrackPointExtension>
            <gpxtpx:hr>140</gpxtpx:hr>
          </gpxtpx:TrackPointExtension>
        </extensions>
      </trkpt>
      <trkpt lat="31.91580705141793" lon="120.58211712336444">
        <ele>4.83608122356236</ele>
        <time>1970-01-01T00:12:27.500000Z</time>
        <extensions>
          <gpxtpx:TrackPointExtension>
            <gpxtpx:hr>140</gpxtpx:hr>
          </gpxtpx:TrackPointExtension>
        </extensions>
      </trkpt>
      <trkpt lat="31.91579433674242" lon="120.58211218960615">
        <ele>4.8684364296495914</ele>
        <time>1970-01-01T00:12:28.500000Z</time>
        <extensions>
          <gpxtpx:TrackPointExtension>
            <gpxtpx:hr>140</gpxtpx:hr>
          </gpxtpx:TrackPointExtension>
        </extensions>
      </trkpt>
      <trkpt lat="31.91578242229983" lon="120.58210706548671">
        <ele>4.894731951877475</ele>
        <time>1970-01-01T00:12:29.500000Z</time>
        <extensions>
          <gpxtpx:TrackPointExtension>
            <gpxtpx:hr>140</gpxtpx:hr>
          </gpxtpx:TrackPointExtension>
        </extensions>
      </trkpt>
      <trkpt lat="31.91577054075569" lon="120.58210157875133">
        <ele>4.903937722556293</ele>
        <time>1970-01-01T00:12:30.500000Z</time>
        <extensions>
          <gpxtpx:TrackPointExtension>
            <gpxtpx:hr>140</gpxtpx:hr>
          </gpxtpx:TrackPointExtension>
        </extensions>
      </trkpt>
      <trkpt lat="31.91575841697124" lon="120.58209569412803">
        <ele>4.905734224244952</ele>
        <time>1970-01-01T00:12:31.500000Z</time>
        <extensions>
          <gpxtpx:TrackPointExtension>
            <gpxtpx:hr>140</gpxtpx:hr>
          </gpxtpx:TrackPointExtension>
        </extensions>
      </trkpt>
      <trkpt lat="31.915746143843208" lon="120.58208964103602">
        <ele>4.891692977398634</ele>
        <time>1970-01-01T00:12:32.500000Z</time>
        <extensions>
          <gpxtpx:TrackPointExtension>
            <gpxtpx:hr>140</gpxtpx:hr>
          </gpxtpx:TrackPointExtension>
        </extensions>
      </trkpt>
      <trkpt lat="31.915733637552318" lon="120.58208349713365">
        <ele>4.870339835993946</ele>
        <time>1970-01-01T00:12:33.500000Z</time>
        <extensions>
          <gpxtpx:TrackPointExtension>
            <gpxtpx:hr>140</gpxtpx:hr>
          </gpxtpx:TrackPointExtension>
        </extensions>
      </trkpt>
      <trkpt lat="31.915720774348124" lon="120.58207737919153">
        <ele>4.8399501498788595</ele>
        <time>1970-01-01T00:12:34.500000Z</time>
        <extensions>
          <gpxtpx:TrackPointExtension>
            <gpxtpx:hr>140</gpxtpx:hr>
          </gpxtpx:TrackPointExtension>
        </extensions>
      </trkpt>
      <trkpt lat="31.91570746393279" lon="120.58207113886269">
        <ele>4.797610722482204</ele>
        <time>1970-01-01T00:12:35.500000Z</time>
        <extensions>
          <gpxtpx:TrackPointExtension>
            <gpxtpx:hr>140</gpxtpx:hr>
          </gpxtpx:TrackPointExtension>
        </extensions>
      </trkpt>
      <trkpt lat="31.915693423146198" lon="120.58206439385897">
        <ele>4.742195285856724</ele>
        <time>1970-01-01T00:12:36.500000Z</time>
        <extensions>
          <gpxtpx:TrackPointExtension>
            <gpxtpx:hr>141</gpxtpx:hr>
          </gpxtpx:TrackPointExtension>
        </extensions>
      </trkpt>
      <trkpt lat="31.91567873639696" lon="120.58205713674074">
        <ele>4.68111071549356</ele>
        <time>1970-01-01T00:12:37.500000Z</time>
        <extensions>
          <gpxtpx:TrackPointExtension>
            <gpxtpx:hr>141</gpxtpx:hr>
          </gpxtpx:TrackPointExtension>
        </extensions>
      </trkpt>
      <trkpt lat="31.915664180919062" lon="120.58204908542908">
        <ele>4.616092626005411</ele>
        <time>1970-01-01T00:12:38.500000Z</time>
        <extensions>
          <gpxtpx:TrackPointExtension>
            <gpxtpx:hr>141</gpxtpx:hr>
          </gpxtpx:TrackPointExtension>
        </extensions>
      </trkpt>
      <trkpt lat="31.91565154094588" lon="120.58204111741">
        <ele>4.544875101186335</ele>
        <time>1970-01-01T00:12:39.500000Z</time>
        <extensions>
          <gpxtpx:TrackPointExtension>
            <gpxtpx:hr>141</gpxtpx:hr>
          </gpxtpx:TrackPointExtension>
        </extensions>
      </trkpt>
      <trkpt lat="31.915639040802024" lon="120.58203320305574">
        <ele>4.473689504899085</ele>
        <time>1970-01-01T00:12:40.500000Z</time>
        <extensions>
          <gpxtpx:TrackPointExtension>
            <gpxtpx:hr>141</gpxtpx:hr>
          </gpxtpx:TrackPointExtension>
        </extensions>
      </trkpt>
      <trkpt lat="31.915626149776948" lon="120.58202588926623">
        <ele>4.404945858754218</ele>
        <time>1970-01-01T00:12:41.500000Z</time>
        <extensions>
          <gpxtpx:TrackPointExtension>
            <gpxtpx:hr>141</gpxtpx:hr>
          </gpxtpx:TrackPointExtension>
        </extensions>
      </trkpt>
      <trkpt lat="31.915612616269264" lon="120.58201819822338">
        <ele>4.339861267246306</ele>
        <time>1970-01-01T00:12:42.500000Z</time>
        <extensions>
          <gpxtpx:TrackPointExtension>
            <gpxtpx:hr>141</gpxtpx:hr>
          </gpxtpx:TrackPointExtension>
        </extensions>
      </trkpt>
      <trkpt lat="31.915598243805913" lon="120.58200951229126">
        <ele>4.280428066849709</ele>
        <time>1970-01-01T00:12:43.500000Z</time>
        <extensions>
          <gpxtpx:TrackPointExtension>
            <gpxtpx:hr>141</gpxtpx:hr>
          </gpxtpx:TrackPointExtension>
        </extensions>
      </trkpt>
      <trkpt lat="31.91558514392521" lon="120.58200217038336">
        <ele>4.241740132682025</ele>
        <time>1970-01-01T00:12:44.500000Z</time>
        <extensions>
          <gpxtpx:TrackPointExtension>
            <gpxtpx:hr>141</gpxtpx:hr>
          </gpxtpx:TrackPointExtension>
        </extensions>
      </trkpt>
      <trkpt lat="31.91557149606523" lon="120.58199569296315">
        <ele>4.212424339726567</ele>
        <time>1970-01-01T00:12:45.500000Z</time>
        <extensions>
          <gpxtpx:TrackPointExtension>
            <gpxtpx:hr>139</gpxtpx:hr>
          </gpxtpx:TrackPointExtension>
        </extensions>
      </trkpt>
      <trkpt lat="31.915557152950566" lon="120.58198935285724">
        <ele>4.189479503780603</ele>
        <time>1970-01-01T00:12:46.500000Z</time>
        <extensions>
          <gpxtpx:TrackPointExtension>
            <gpxtpx:hr>139</gpxtpx:hr>
          </gpxtpx:TrackPointExtension>
        </extensions>
      </trkpt>
      <trkpt lat="31.915542338369004" lon="120.58198263332378">
        <ele>4.1440438302233815</ele>
        <time>1970-01-01T00:12:47.500000Z</time>
        <extensions>
          <gpxtpx:TrackPointExtension>
            <gpxtpx:hr>139</gpxtpx:hr>
          </gpxtpx:TrackPointExtension>
        </extensions>
      </trkpt>
      <trkpt lat="31.915527449171016" lon="120.58197592624228">
        <ele>4.10766068380326</ele>
        <time>1970-01-01T00:12:48.500000Z</time>
        <extensions>
          <gpxtpx:TrackPointExtension>
            <gpxtpx:hr>139</gpxtpx:hr>
          </gpxtpx:TrackPointExtension>
        </extensions>
      </trkpt>
      <trkpt lat="31.91551244429006" lon="120.58196958175057">
        <ele>4.08793237991631</ele>
        <time>1970-01-01T00:12:49.500000Z</time>
        <extensions>
          <gpxtpx:TrackPointExtension>
            <gpxtpx:hr>139</gpxtpx:hr>
          </gpxtpx:TrackPointExtension>
        </extensions>
      </trkpt>
      <trkpt lat="31.915496950523796" lon="120.58196345979574">
        <ele>4.067022269591689</ele>
        <time>1970-01-01T00:12:50.500000Z</time>
        <extensions>
          <gpxtpx:TrackPointExtension>
            <gpxtpx:hr>137</gpxtpx:hr>
          </gpxtpx:TrackPointExtension>
        </extensions>
      </trkpt>
      <trkpt lat="31.915483088834183" lon="120.5819581650006">
        <ele>4.043945838697255</ele>
        <time>1970-01-01T00:12:51.500000Z</time>
        <extensions>
          <gpxtpx:TrackPointExtension>
            <gpxtpx:hr>137</gpxtpx:hr>
          </gpxtpx:TrackPointExtension>
        </extensions>
      </trkpt>
      <trkpt lat="31.915469764581267" lon="120.58195272587677">
        <ele>4.041896506212652</ele>
        <time>1970-01-01T00:12:52.500000Z</time>
        <extensions>
          <gpxtpx:TrackPointExtension>
            <gpxtpx:hr>137</gpxtpx:hr>
          </gpxtpx:TrackPointExtension>
        </extensions>
      </trkpt>
      <trkpt lat="31.91545693234932" lon="120.58194673037396">
        <ele>4.053125116042793</ele>
        <time>1970-01-01T00:12:53.500000Z</time>
        <extensions>
          <gpxtpx:TrackPointExtension>
            <gpxtpx:hr>137</gpxtpx:hr>
          </gpxtpx:TrackPointExtension>
        </extensions>
      </trkpt>
      <trkpt lat="31.91544425751978" lon="120.58194031543223">
        <ele>4.05311643332243</ele>
        <time>1970-01-01T00:12:54.500000Z</time>
        <extensions>
          <gpxtpx:TrackPointExtension>
            <gpxtpx:hr>137</gpxtpx:hr>
          </gpxtpx:TrackPointExtension>
        </extensions>
      </trkpt>
      <trkpt lat="31.915431402653685" lon="120.5819332753369">
        <ele>4.054785701446235</ele>
        <time>1970-01-01T00:12:55.500000Z</time>
        <extensions>
          <gpxtpx:TrackPointExtension>
            <gpxtpx:hr>137</gpxtpx:hr>
          </gpxtpx:TrackPointExtension>
        </extensions>
      </trkpt>
      <trkpt lat="31.91541855960703" lon="120.58192528550725">
        <ele>4.031466434709728</ele>
        <time>1970-01-01T00:12:56.500000Z</time>
        <extensions>
          <gpxtpx:TrackPointExtension>
            <gpxtpx:hr>139</gpxtpx:hr>
          </gpxtpx:TrackPointExtension>
        </extensions>
      </trkpt>
      <trkpt lat="31.915405104127732" lon="120.58191589154346">
        <ele>4.0314165614545345</ele>
        <time>1970-01-01T00:12:57.500000Z</time>
        <extensions>
          <gpxtpx:TrackPointExtension>
            <gpxtpx:hr>139</gpxtpx:hr>
          </gpxtpx:TrackPointExtension>
        </extensions>
      </trkpt>
      <trkpt lat="31.915392129463473" lon="120.58190687387143">
        <ele>4.019614993594587</ele>
        <time>1970-01-01T00:12:58.500000Z</time>
        <extensions>
          <gpxtpx:TrackPointExtension>
            <gpxtpx:hr>139</gpxtpx:hr>
          </gpxtpx:TrackPointExtension>
        </extensions>
      </trkpt>
      <trkpt lat="31.915379093519743" lon="120.581898582134">
        <ele>4.002318189479411</ele>
        <time>1970-01-01T00:12:59.500000Z</time>
        <extensions>
          <gpxtpx:TrackPointExtension>
            <gpxtpx:hr>139</gpxtpx:hr>
          </gpxtpx:TrackPointExtension>
        </extensions>
      </trkpt>
      <trkpt lat="31.915365298702834" lon="120.58189011286873">
        <ele>3.9769764468073845</ele>
        <time>1970-01-01T00:13:00.500000Z</time>
        <extensions>
          <gpxtpx:TrackPointExtension>
            <gpxtpx:hr>139</gpxtpx:hr>
          </gpxtpx:TrackPointExtension>
        </extensions>
      </trkpt>
      <trkpt lat="31.915351926438248" lon="120.58188201454082">
        <ele>3.9472571620717645</ele>
        <time>1970-01-01T00:13:01.500000Z</time>
        <extensions>
          <gpxtpx:TrackPointExtension>
            <gpxtpx:hr>139</gpxtpx:hr>
          </gpxtpx:TrackPointExtension>
        </extensions>
      </trkpt>
      <trkpt lat="31.91533990446311" lon="120.58187492705208">
        <ele>3.9115075701847672</ele>
        <time>1970-01-01T00:13:02.500000Z</time>
        <extensions>
          <gpxtpx:TrackPointExtension>
            <gpxtpx:hr>139</gpxtpx:hr>
          </gpxtpx:TrackPointExtension>
        </extensions>
      </trkpt>
      <trkpt lat="31.91532894634986" lon="120.58186648466375">
        <ele>3.8737720819190145</ele>
        <time>1970-01-01T00:13:03.500000Z</time>
        <extensions>
          <gpxtpx:TrackPointExtension>
            <gpxtpx:hr>139</gpxtpx:hr>
          </gpxtpx:TrackPointExtension>
        </extensions>
      </trkpt>
      <trkpt lat="31.91531792637514" lon="120.58185602361704">
        <ele>3.827005159109831</ele>
        <time>1970-01-01T00:13:04.500000Z</time>
        <extensions>
          <gpxtpx:TrackPointExtension>
            <gpxtpx:hr>139</gpxtpx:hr>
          </gpxtpx:TrackPointExtension>
        </extensions>
      </trkpt>
      <trkpt lat="31.91530554246069" lon="120.58184573886878">
        <ele>3.7735305596143007</ele>
        <time>1970-01-01T00:13:05.500000Z</time>
        <extensions>
          <gpxtpx:TrackPointExtension>
            <gpxtpx:hr>139</gpxtpx:hr>
          </gpxtpx:TrackPointExtension>
        </extensions>
      </trkpt>
      <trkpt lat="31.915292326813262" lon="120.58183628533133">
        <ele>3.713726886548102</ele>
        <time>1970-01-01T00:13:06.500000Z</time>
        <extensions>
          <gpxtpx:TrackPointExtension>
            <gpxtpx:hr>139</gpxtpx:hr>
          </gpxtpx:TrackPointExtension>
        </extensions>
      </trkpt>
      <trkpt lat="31.915278658922507" lon="120.58182865514061">
        <ele>3.639682029373944</ele>
        <time>1970-01-01T00:13:07.500000Z</time>
        <extensions>
          <gpxtpx:TrackPointExtension>
            <gpxtpx:hr>139</gpxtpx:hr>
          </gpxtpx:TrackPointExtension>
        </extensions>
      </trkpt>
      <trkpt lat="31.915264407312524" lon="120.58182243615168">
        <ele>3.5601497422903776</ele>
        <time>1970-01-01T00:13:08.500000Z</time>
        <extensions>
          <gpxtpx:TrackPointExtension>
            <gpxtpx:hr>139</gpxtpx:hr>
          </gpxtpx:TrackPointExtension>
        </extensions>
      </trkpt>
      <trkpt lat="31.915250116739415" lon="120.58181677799695">
        <ele>3.4822231251746416</ele>
        <time>1970-01-01T00:13:09.500000Z</time>
        <extensions>
          <gpxtpx:TrackPointExtension>
            <gpxtpx:hr>139</gpxtpx:hr>
          </gpxtpx:TrackPointExtension>
        </extensions>
      </trkpt>
      <trkpt lat="31.91523551162647" lon="120.58181170805163">
        <ele>3.4207032518461347</ele>
        <time>1970-01-01T00:13:10.500000Z</time>
        <extensions>
          <gpxtpx:TrackPointExtension>
            <gpxtpx:hr>141</gpxtpx:hr>
          </gpxtpx:TrackPointExtension>
        </extensions>
      </trkpt>
      <trkpt lat="31.915220798336556" lon="120.58180689310187">
        <ele>3.362288017757237</ele>
        <time>1970-01-01T00:13:11.500000Z</time>
        <extensions>
          <gpxtpx:TrackPointExtension>
            <gpxtpx:hr>141</gpxtpx:hr>
          </gpxtpx:TrackPointExtension>
        </extensions>
      </trkpt>
      <trkpt lat="31.915206188482536" lon="120.58180202661438">
        <ele>3.306116602383554</ele>
        <time>1970-01-01T00:13:12.500000Z</time>
        <extensions>
          <gpxtpx:TrackPointExtension>
            <gpxtpx:hr>141</gpxtpx:hr>
          </gpxtpx:TrackPointExtension>
        </extensions>
      </trkpt>
      <trkpt lat="31.915191744030917" lon="120.58179656767385">
        <ele>3.248021367006004</ele>
        <time>1970-01-01T00:13:13.500000Z</time>
        <extensions>
          <gpxtpx:TrackPointExtension>
            <gpxtpx:hr>141</gpxtpx:hr>
          </gpxtpx:TrackPointExtension>
        </extensions>
      </trkpt>
      <trkpt lat="31.915177018338635" lon="120.58179017994632">
        <ele>3.1909848377108574</ele>
        <time>1970-01-01T00:13:14.500000Z</time>
        <extensions>
          <gpxtpx:TrackPointExtension>
            <gpxtpx:hr>141</gpxtpx:hr>
          </gpxtpx:TrackPointExtension>
        </extensions>
      </trkpt>
      <trkpt lat="31.915161723165077" lon="120.58178307517767">
        <ele>3.141060725785792</ele>
        <time>1970-01-01T00:13:15.500000Z</time>
        <extensions>
          <gpxtpx:TrackPointExtension>
            <gpxtpx:hr>141</gpxtpx:hr>
          </gpxtpx:TrackPointExtension>
        </extensions>
      </trkpt>
      <trkpt lat="31.91514636968859" lon="120.58177580538494">
        <ele>3.0988078080117702</ele>
        <time>1970-01-01T00:13:16.500000Z</time>
        <extensions>
          <gpxtpx:TrackPointExtension>
            <gpxtpx:hr>141</gpxtpx:hr>
          </gpxtpx:TrackPointExtension>
        </extensions>
      </trkpt>
      <trkpt lat="31.915131179141337" lon="120.58176871514823">
        <ele>3.060150017030537</ele>
        <time>1970-01-01T00:13:17.500000Z</time>
        <extensions>
          <gpxtpx:TrackPointExtension>
            <gpxtpx:hr>141</gpxtpx:hr>
          </gpxtpx:TrackPointExtension>
        </extensions>
      </trkpt>
      <trkpt lat="31.915116169720573" lon="120.58176125827595">
        <ele>3.0241483207792044</ele>
        <time>1970-01-01T00:13:18.500000Z</time>
        <extensions>
          <gpxtpx:TrackPointExtension>
            <gpxtpx:hr>141</gpxtpx:hr>
          </gpxtpx:TrackPointExtension>
        </extensions>
      </trkpt>
      <trkpt lat="31.915101302133348" lon="120.58175322024137">
        <ele>2.997608248144388</ele>
        <time>1970-01-01T00:13:19.500000Z</time>
        <extensions>
          <gpxtpx:TrackPointExtension>
            <gpxtpx:hr>141</gpxtpx:hr>
          </gpxtpx:TrackPointExtension>
        </extensions>
      </trkpt>
      <trkpt lat="31.91508605529779" lon="120.58174583541644">
        <ele>2.977439899928868</ele>
        <time>1970-01-01T00:13:20.500000Z</time>
        <extensions>
          <gpxtpx:TrackPointExtension>
            <gpxtpx:hr>140</gpxtpx:hr>
          </gpxtpx:TrackPointExtension>
        </extensions>
      </trkpt>
      <trkpt lat="31.91507036086946" lon="120.58173938231074">
        <ele>2.961917388252914</ele>
        <time>1970-01-01T00:13:21.500000Z</time>
        <extensions>
          <gpxtpx:TrackPointExtension>
            <gpxtpx:hr>140</gpxtpx:hr>
          </gpxtpx:TrackPointExtension>
        </extensions>
      </trkpt>
      <trkpt lat="31.91505485823809" lon="120.58173317589024">
        <ele>2.952298728749156</ele>
        <time>1970-01-01T00:13:22.500000Z</time>
        <extensions>
          <gpxtpx:TrackPointExtension>
            <gpxtpx:hr>140</gpxtpx:hr>
          </gpxtpx:TrackPointExtension>
        </extensions>
      </trkpt>
      <trkpt lat="31.91503985171471" lon="120.5817272111002">
        <ele>2.9491138448938727</ele>
        <time>1970-01-01T00:13:23.500000Z</time>
        <extensions>
          <gpxtpx:TrackPointExtension>
            <gpxtpx:hr>140</gpxtpx:hr>
          </gpxtpx:TrackPointExtension>
        </extensions>
      </trkpt>
      <trkpt lat="31.915025318529704" lon="120.58172151630771">
        <ele>2.9308969816192985</ele>
        <time>1970-01-01T00:13:24.500000Z</time>
        <extensions>
          <gpxtpx:TrackPointExtension>
            <gpxtpx:hr>140</gpxtpx:hr>
          </gpxtpx:TrackPointExtension>
        </extensions>
      </trkpt>
      <trkpt lat="31.915011012079034" lon="120.58171560884749">
        <ele>2.9227372063323855</ele>
        <time>1970-01-01T00:13:25.500000Z</time>
        <extensions>
          <gpxtpx:TrackPointExtension>
            <gpxtpx:hr>140</gpxtpx:hr>
          </gpxtpx:TrackPointExtension>
        </extensions>
      </trkpt>
      <trkpt lat="31.914996618509488" lon="120.58170940369457">
        <ele>2.9124218747019768</ele>
        <time>1970-01-01T00:13:26.500000Z</time>
        <extensions>
          <gpxtpx:TrackPointExtension>
            <gpxtpx:hr>140</gpxtpx:hr>
          </gpxtpx:TrackPointExtension>
        </extensions>
      </trkpt>
      <trkpt lat="31.914982309175645" lon="120.58170298764483">
        <ele>2.9163674479350448</ele>
        <time>1970-01-01T00:13:27.500000Z</time>
        <extensions>
          <gpxtpx:TrackPointExtension>
            <gpxtpx:hr>140</gpxtpx:hr>
          </gpxtpx:TrackPointExtension>
        </extensions>
      </trkpt>
      <trkpt lat="31.914968087675685" lon="120.58169648979751">
        <ele>2.927262012846768</ele>
        <time>1970-01-01T00:13:28.500000Z</time>
        <extensions>
          <gpxtpx:TrackPointExtension>
            <gpxtpx:hr>140</gpxtpx:hr>
          </gpxtpx:TrackPointExtension>
        </extensions>
      </trkpt>
      <trkpt lat="31.91495363648244" lon="120.58169039489854">
        <ele>2.9365277122706175</ele>
        <time>1970-01-01T00:13:29.500000Z</time>
        <extensions>
          <gpxtpx:TrackPointExtension>
            <gpxtpx:hr>140</gpxtpx:hr>
          </gpxtpx:TrackPointExtension>
        </extensions>
      </trkpt>
      <trkpt lat="31.91493913668629" lon="120.58168451184042">
        <ele>2.9433068241924047</ele>
        <time>1970-01-01T00:13:30.500000Z</time>
        <extensions>
          <gpxtpx:TrackPointExtension>
            <gpxtpx:hr>140</gpxtpx:hr>
          </gpxtpx:TrackPointExtension>
        </extensions>
      </trkpt>
      <trkpt lat="31.914924793376287" lon="120.58167847383041">
        <ele>2.958474707789719</ele>
        <time>1970-01-01T00:13:31.500000Z</time>
        <extensions>
          <gpxtpx:TrackPointExtension>
            <gpxtpx:hr>140</gpxtpx:hr>
          </gpxtpx:TrackPointExtension>
        </extensions>
      </trkpt>
      <trkpt lat="31.914910742674472" lon="120.5816718842544">
        <ele>2.9726358745247126</ele>
        <time>1970-01-01T00:13:32.500000Z</time>
        <extensions>
          <gpxtpx:TrackPointExtension>
            <gpxtpx:hr>140</gpxtpx:hr>
          </gpxtpx:TrackPointExtension>
        </extensions>
      </trkpt>
      <trkpt lat="31.914896728257894" lon="120.58166500618489">
        <ele>2.9852652847766876</ele>
        <time>1970-01-01T00:13:33.500000Z</time>
        <extensions>
          <gpxtpx:TrackPointExtension>
            <gpxtpx:hr>140</gpxtpx:hr>
          </gpxtpx:TrackPointExtension>
        </extensions>
      </trkpt>
      <trkpt lat="31.914882662943153" lon="120.58165755157529">
        <ele>2.9951433911919594</ele>
        <time>1970-01-01T00:13:34.500000Z</time>
        <extensions>
          <gpxtpx:TrackPointExtension>
            <gpxtpx:hr>140</gpxtpx:hr>
          </gpxtpx:TrackPointExtension>
        </extensions>
      </trkpt>
      <trkpt lat="31.91486867862473" lon="120.58164794261053">
        <ele>2.9994161957874894</ele>
        <time>1970-01-01T00:13:35.500000Z</time>
        <extensions>
          <gpxtpx:TrackPointExtension>
            <gpxtpx:hr>140</gpxtpx:hr>
          </gpxtpx:TrackPointExtension>
        </extensions>
      </trkpt>
      <trkpt lat="31.914854715621313" lon="120.58163510250013">
        <ele>2.99593433085829</ele>
        <time>1970-01-01T00:13:36.500000Z</time>
        <extensions>
          <gpxtpx:TrackPointExtension>
            <gpxtpx:hr>140</gpxtpx:hr>
          </gpxtpx:TrackPointExtension>
        </extensions>
      </trkpt>
      <trkpt lat="31.914841355000508" lon="120.5816193123222">
        <ele>2.9947889065369964</ele>
        <time>1970-01-01T00:13:37.500000Z</time>
        <extensions>
          <gpxtpx:TrackPointExtension>
            <gpxtpx:hr>140</gpxtpx:hr>
          </gpxtpx:TrackPointExtension>
        </extensions>
      </trkpt>
      <trkpt lat="31.914829630287848" lon="120.58160115608715">
        <ele>2.995681030675769</ele>
        <time>1970-01-01T00:13:38.500000Z</time>
        <extensions>
          <gpxtpx:TrackPointExtension>
            <gpxtpx:hr>140</gpxtpx:hr>
          </gpxtpx:TrackPointExtension>
        </extensions>
      </trkpt>
      <trkpt lat="31.914820147174538" lon="120.58158178899157">
        <ele>2.9898963551968336</ele>
        <time>1970-01-01T00:13:39.500000Z</time>
        <extensions>
          <gpxtpx:TrackPointExtension>
            <gpxtpx:hr>140</gpxtpx:hr>
          </gpxtpx:TrackPointExtension>
        </extensions>
      </trkpt>
      <trkpt lat="31.914813515740754" lon="120.58156113211463">
        <ele>2.9809499252587557</ele>
        <time>1970-01-01T00:13:40.500000Z</time>
        <extensions>
          <gpxtpx:TrackPointExtension>
            <gpxtpx:hr>140</gpxtpx:hr>
          </gpxtpx:TrackPointExtension>
        </extensions>
      </trkpt>
      <trkpt lat="31.91481037910356" lon="120.5815388533691">
        <ele>2.963304211385548</ele>
        <time>1970-01-01T00:13:41.500000Z</time>
        <extensions>
          <gpxtpx:TrackPointExtension>
            <gpxtpx:hr>140</gpxtpx:hr>
          </gpxtpx:TrackPointExtension>
        </extensions>
      </trkpt>
      <trkpt lat="31.914811313791958" lon="120.58151573711346">
        <ele>2.9451031079515815</ele>
        <time>1970-01-01T00:13:42.500000Z</time>
        <extensions>
          <gpxtpx:TrackPointExtension>
            <gpxtpx:hr>140</gpxtpx:hr>
          </gpxtpx:TrackPointExtension>
        </extensions>
      </trkpt>
      <trkpt lat="31.91481629016739" lon="120.58149282430207">
        <ele>2.9242534041404724</ele>
        <time>1970-01-01T00:13:43.500000Z</time>
        <extensions>
          <gpxtpx:TrackPointExtension>
            <gpxtpx:hr>139</gpxtpx:hr>
          </gpxtpx:TrackPointExtension>
        </extensions>
      </trkpt>
      <trkpt lat="31.91482343604929" lon="120.58147111743264">
        <ele>2.8997159525752068</ele>
        <time>1970-01-01T00:13:44.500000Z</time>
        <extensions>
          <gpxtpx:TrackPointExtension>
            <gpxtpx:hr>139</gpxtpx:hr>
          </gpxtpx:TrackPointExtension>
        </extensions>
      </trkpt>
      <trkpt lat="31.914831314040836" lon="120.58145061484298">
        <ele>2.8655013954266906</ele>
        <time>1970-01-01T00:13:45.500000Z</time>
        <extensions>
          <gpxtpx:TrackPointExtension>
            <gpxtpx:hr>139</gpxtpx:hr>
          </gpxtpx:TrackPointExtension>
        </extensions>
      </trkpt>
      <trkpt lat="31.9148386696522" lon="120.5814305598059">
        <ele>2.836494231596589</ele>
        <time>1970-01-01T00:13:46.500000Z</time>
        <extensions>
          <gpxtpx:TrackPointExtension>
            <gpxtpx:hr>138</gpxtpx:hr>
          </gpxtpx:TrackPointExtension>
        </extensions>
      </trkpt>
      <trkpt lat="31.914844606392606" lon="120.58141002612876">
        <ele>2.806383177638054</ele>
        <time>1970-01-01T00:13:47.500000Z</time>
        <extensions>
          <gpxtpx:TrackPointExtension>
            <gpxtpx:hr>138</gpxtpx:hr>
          </gpxtpx:TrackPointExtension>
        </extensions>
      </trkpt>
      <trkpt lat="31.91484984668758" lon="120.58138959355878">
        <ele>2.770594115369022</ele>
        <time>1970-01-01T00:13:48.500000Z</time>
        <extensions>
          <gpxtpx:TrackPointExtension>
            <gpxtpx:hr>138</gpxtpx:hr>
          </gpxtpx:TrackPointExtension>
        </extensions>
      </trkpt>
      <trkpt lat="31.91485549362521" lon="120.58137031503638">
        <ele>2.745128709822893</ele>
        <time>1970-01-01T00:13:49.500000Z</time>
        <extensions>
          <gpxtpx:TrackPointExtension>
            <gpxtpx:hr>138</gpxtpx:hr>
          </gpxtpx:TrackPointExtension>
        </extensions>
      </trkpt>
      <trkpt lat="31.91486166703939" lon="120.58135207629192">
        <ele>2.7197331227362156</ele>
        <time>1970-01-01T00:13:50.500000Z</time>
        <extensions>
          <gpxtpx:TrackPointExtension>
            <gpxtpx:hr>138</gpxtpx:hr>
          </gpxtpx:TrackPointExtension>
        </extensions>
      </trkpt>
      <trkpt lat="31.91486785144364" lon="120.58133433843751">
        <ele>2.7040525702759624</ele>
        <time>1970-01-01T00:13:51.500000Z</time>
        <extensions>
          <gpxtpx:TrackPointExtension>
            <gpxtpx:hr>138</gpxtpx:hr>
          </gpxtpx:TrackPointExtension>
        </extensions>
      </trkpt>
      <trkpt lat="31.914873831788007" lon="120.5813167052339">
        <ele>2.6982509652152658</ele>
        <time>1970-01-01T00:13:52.500000Z</time>
        <extensions>
          <gpxtpx:TrackPointExtension>
            <gpxtpx:hr>138</gpxtpx:hr>
          </gpxtpx:TrackPointExtension>
        </extensions>
      </trkpt>
      <trkpt lat="31.91487955511715" lon="120.58129880326015">
        <ele>2.6929667172953486</ele>
        <time>1970-01-01T00:13:53.500000Z</time>
        <extensions>
          <gpxtpx:TrackPointExtension>
            <gpxtpx:hr>138</gpxtpx:hr>
          </gpxtpx:TrackPointExtension>
        </extensions>
      </trkpt>
      <trkpt lat="31.91488501793006" lon="120.58128075728344">
        <ele>2.6794281471520662</ele>
        <time>1970-01-01T00:13:54.500000Z</time>
        <extensions>
          <gpxtpx:TrackPointExtension>
            <gpxtpx:hr>138</gpxtpx:hr>
          </gpxtpx:TrackPointExtension>
        </extensions>
      </trkpt>
      <trkpt lat="31.91489020376182" lon="120.58126268407774">
        <ele>2.664210413582623</ele>
        <time>1970-01-01T00:13:55.500000Z</time>
        <extensions>
          <gpxtpx:TrackPointExtension>
            <gpxtpx:hr>138</gpxtpx:hr>
          </gpxtpx:TrackPointExtension>
        </extensions>
      </trkpt>
      <trkpt lat="31.91489524256855" lon="120.58124426562003">
        <ele>2.656351334415376</ele>
        <time>1970-01-01T00:13:56.500000Z</time>
        <extensions>
          <gpxtpx:TrackPointExtension>
            <gpxtpx:hr>143</gpxtpx:hr>
          </gpxtpx:TrackPointExtension>
        </extensions>
      </trkpt>
      <trkpt lat="31.91490011124976" lon="120.5812257488685">
        <ele>2.643677898682654</ele>
        <time>1970-01-01T00:13:57.500000Z</time>
        <extensions>
          <gpxtpx:TrackPointExtension>
            <gpxtpx:hr>143</gpxtpx:hr>
          </gpxtpx:TrackPointExtension>
        </extensions>
      </trkpt>
      <trkpt lat="31.914905045290958" lon="120.58120837779231">
        <ele>2.6232103472575545</ele>
        <time>1970-01-01T00:13:58.500000Z</time>
        <extensions>
          <gpxtpx:TrackPointExtension>
            <gpxtpx:hr>143</gpxtpx:hr>
          </gpxtpx:TrackPointExtension>
        </extensions>
      </trkpt>
      <trkpt lat="31.914910589543474" lon="120.58119119764656">
        <ele>2.609137683175504</ele>
        <time>1970-01-01T00:13:59.500000Z</time>
        <extensions>
          <gpxtpx:TrackPointExtension>
            <gpxtpx:hr>143</gpxtpx:hr>
          </gpxtpx:TrackPointExtension>
        </extensions>
      </trkpt>
      <trkpt lat="31.91491608225497" lon="120.58117359243516">
        <ele>2.5885170120745897</ele>
        <time>1970-01-01T00:14:00.500000Z</time>
        <extensions>
          <gpxtpx:TrackPointExtension>
            <gpxtpx:hr>143</gpxtpx:hr>
          </gpxtpx:TrackPointExtension>
        </extensions>
      </trkpt>
      <trkpt lat="31.91492183448277" lon="120.58115681455376">
        <ele>2.565967877395451</ele>
        <time>1970-01-01T00:14:01.500000Z</time>
        <extensions>
          <gpxtpx:TrackPointExtension>
            <gpxtpx:hr>141</gpxtpx:hr>
          </gpxtpx:TrackPointExtension>
        </extensions>
      </trkpt>
      <trkpt lat="31.914928506463863" lon="120.58113989230797">
        <ele>2.5405898159369826</ele>
        <time>1970-01-01T00:14:02.500000Z</time>
        <extensions>
          <gpxtpx:TrackPointExtension>
            <gpxtpx:hr>141</gpxtpx:hr>
          </gpxtpx:TrackPointExtension>
        </extensions>
      </trkpt>
      <trkpt lat="31.914935479322224" lon="120.58112265014441">
        <ele>2.5109274070709944</ele>
        <time>1970-01-01T00:14:03.500000Z</time>
        <extensions>
          <gpxtpx:TrackPointExtension>
            <gpxtpx:hr>141</gpxtpx:hr>
          </gpxtpx:TrackPointExtension>
        </extensions>
      </trkpt>
      <trkpt lat="31.914942632241342" lon="120.58110592447065">
        <ele>2.487856133840978</ele>
        <time>1970-01-01T00:14:04.500000Z</time>
        <extensions>
          <gpxtpx:TrackPointExtension>
            <gpxtpx:hr>141</gpxtpx:hr>
          </gpxtpx:TrackPointExtension>
        </extensions>
      </trkpt>
      <trkpt lat="31.9149498801115" lon="120.5810891415346">
        <ele>2.465028532780707</ele>
        <time>1970-01-01T00:14:05.500000Z</time>
        <extensions>
          <gpxtpx:TrackPointExtension>
            <gpxtpx:hr>141</gpxtpx:hr>
          </gpxtpx:TrackPointExtension>
        </extensions>
      </trkpt>
      <trkpt lat="31.91495661688104" lon="120.58107177256363">
        <ele>2.435019421391189</ele>
        <time>1970-01-01T00:14:06.500000Z</time>
        <extensions>
          <gpxtpx:TrackPointExtension>
            <gpxtpx:hr>141</gpxtpx:hr>
          </gpxtpx:TrackPointExtension>
        </extensions>
      </trkpt>
      <trkpt lat="31.914962299232652" lon="120.58105333246245">
        <ele>2.4187143882736564</ele>
        <time>1970-01-01T00:14:07.500000Z</time>
        <extensions>
          <gpxtpx:TrackPointExtension>
            <gpxtpx:hr>141</gpxtpx:hr>
          </gpxtpx:TrackPointExtension>
        </extensions>
      </trkpt>
      <trkpt lat="31.914967454152976" lon="120.58103381815553">
        <ele>2.407634344883263</ele>
        <time>1970-01-01T00:14:08.500000Z</time>
        <extensions>
          <gpxtpx:TrackPointExtension>
            <gpxtpx:hr>141</gpxtpx:hr>
          </gpxtpx:TrackPointExtension>
        </extensions>
      </trkpt>
      <trkpt lat="31.914973254559218" lon="120.58101394867607">
        <ele>2.398889008909464</ele>
        <time>1970-01-01T00:14:09.500000Z</time>
        <extensions>
          <gpxtpx:TrackPointExtension>
            <gpxtpx:hr>141</gpxtpx:hr>
          </gpxtpx:TrackPointExtension>
        </extensions>
      </trkpt>
      <trkpt lat="31.914979033756836" lon="120.58099392664305">
        <ele>2.391341323032975</ele>
        <time>1970-01-01T00:14:10.500000Z</time>
        <extensions>
          <gpxtpx:TrackPointExtension>
            <gpxtpx:hr>141</gpxtpx:hr>
          </gpxtpx:TrackPointExtension>
        </extensions>
      </trkpt>
      <trkpt lat="31.914985034525372" lon="120.5809742144206">
        <ele>2.396737016737461</ele>
        <time>1970-01-01T00:14:11.500000Z</time>
        <extensions>
          <gpxtpx:TrackPointExtension>
            <gpxtpx:hr>141</gpxtpx:hr>
          </gpxtpx:TrackPointExtension>
        </extensions>
      </trkpt>
      <trkpt lat="31.91499139425483" lon="120.58095494643587">
        <ele>2.4073933074250817</ele>
        <time>1970-01-01T00:14:12.500000Z</time>
        <extensions>
          <gpxtpx:TrackPointExtension>
            <gpxtpx:hr>142</gpxtpx:hr>
          </gpxtpx:TrackPointExtension>
        </extensions>
      </trkpt>
      <trkpt lat="31.914997848345177" lon="120.58093544474293">
        <ele>2.4276670357212424</ele>
        <time>1970-01-01T00:14:13.500000Z</time>
        <extensions>
          <gpxtpx:TrackPointExtension>
            <gpxtpx:hr>142</gpxtpx:hr>
          </gpxtpx:TrackPointExtension>
        </extensions>
      </trkpt>
      <trkpt lat="31.91500424172705" lon="120.5809155219044">
        <ele>2.453290884383023</ele>
        <time>1970-01-01T00:14:14.500000Z</time>
        <extensions>
          <gpxtpx:TrackPointExtension>
            <gpxtpx:hr>142</gpxtpx:hr>
          </gpxtpx:TrackPointExtension>
        </extensions>
      </trkpt>
      <trkpt lat="31.91501059547567" lon="120.58089540316018">
        <ele>2.487045851536095</ele>
        <time>1970-01-01T00:14:15.500000Z</time>
        <extensions>
          <gpxtpx:TrackPointExtension>
            <gpxtpx:hr>142</gpxtpx:hr>
          </gpxtpx:TrackPointExtension>
        </extensions>
      </trkpt>
      <trkpt lat="31.915017549020032" lon="120.58087518000067">
        <ele>2.5672112060710788</ele>
        <time>1970-01-01T00:14:16.500000Z</time>
        <extensions>
          <gpxtpx:TrackPointExtension>
            <gpxtpx:hr>143</gpxtpx:hr>
          </gpxtpx:TrackPointExtension>
        </extensions>
      </trkpt>
      <trkpt lat="31.915024529516682" lon="120.58085408478166">
        <ele>2.6384763112291694</ele>
        <time>1970-01-01T00:14:17.500000Z</time>
        <extensions>
          <gpxtpx:TrackPointExtension>
            <gpxtpx:hr>143</gpxtpx:hr>
          </gpxtpx:TrackPointExtension>
        </extensions>
      </trkpt>
      <trkpt lat="31.915031506484258" lon="120.58083264533953">
        <ele>2.719035992398858</ele>
        <time>1970-01-01T00:14:18.500000Z</time>
        <extensions>
          <gpxtpx:TrackPointExtension>
            <gpxtpx:hr>143</gpxtpx:hr>
          </gpxtpx:TrackPointExtension>
        </extensions>
      </trkpt>
      <trkpt lat="31.915038670665776" lon="120.58081123034056">
        <ele>2.80890260823071</ele>
        <time>1970-01-01T00:14:19.500000Z</time>
        <extensions>
          <gpxtpx:TrackPointExtension>
            <gpxtpx:hr>143</gpxtpx:hr>
          </gpxtpx:TrackPointExtension>
        </extensions>
      </trkpt>
      <trkpt lat="31.915046298697995" lon="120.58078993219343">
        <ele>2.913518006913364</ele>
        <time>1970-01-01T00:14:20.500000Z</time>
        <extensions>
          <gpxtpx:TrackPointExtension>
            <gpxtpx:hr>143</gpxtpx:hr>
          </gpxtpx:TrackPointExtension>
        </extensions>
      </trkpt>
      <trkpt lat="31.91505406195234" lon="120.58076930102975">
        <ele>2.9997336426749825</ele>
        <time>1970-01-01T00:14:21.500000Z</time>
        <extensions>
          <gpxtpx:TrackPointExtension>
            <gpxtpx:hr>140</gpxtpx:hr>
          </gpxtpx:TrackPointExtension>
        </extensions>
      </trkpt>
      <trkpt lat="31.91506245214373" lon="120.5807490802334">
        <ele>3.1091550765559077</ele>
        <time>1970-01-01T00:14:22.500000Z</time>
        <extensions>
          <gpxtpx:TrackPointExtension>
            <gpxtpx:hr>140</gpxtpx:hr>
          </gpxtpx:TrackPointExtension>
        </extensions>
      </trkpt>
      <trkpt lat="31.91507004971373" lon="120.58072903189391">
        <ele>3.1811301661655307</ele>
        <time>1970-01-01T00:14:23.500000Z</time>
        <extensions>
          <gpxtpx:TrackPointExtension>
            <gpxtpx:hr>140</gpxtpx:hr>
          </gpxtpx:TrackPointExtension>
        </extensions>
      </trkpt>
      <trkpt lat="31.915077128288818" lon="120.58070977819831">
        <ele>3.2501912266016006</ele>
        <time>1970-01-01T00:14:24.500000Z</time>
        <extensions>
          <gpxtpx:TrackPointExtension>
            <gpxtpx:hr>140</gpxtpx:hr>
          </gpxtpx:TrackPointExtension>
        </extensions>
      </trkpt>
      <trkpt lat="31.915084454105536" lon="120.5806904102321">
        <ele>3.29984940495342</ele>
        <time>1970-01-01T00:14:25.500000Z</time>
        <extensions>
          <gpxtpx:TrackPointExtension>
            <gpxtpx:hr>140</gpxtpx:hr>
          </gpxtpx:TrackPointExtension>
        </extensions>
      </trkpt>
      <trkpt lat="31.915092769442467" lon="120.58067154338941">
        <ele>3.3687141612172127</ele>
        <time>1970-01-01T00:14:26.500000Z</time>
        <extensions>
          <gpxtpx:TrackPointExtension>
            <gpxtpx:hr>141</gpxtpx:hr>
          </gpxtpx:TrackPointExtension>
        </extensions>
      </trkpt>
      <trkpt lat="31.915101533701378" lon="120.58065324419819">
        <ele>3.4054552232846618</ele>
        <time>1970-01-01T00:14:27.500000Z</time>
        <extensions>
          <gpxtpx:TrackPointExtension>
            <gpxtpx:hr>141</gpxtpx:hr>
          </gpxtpx:TrackPointExtension>
        </extensions>
      </trkpt>
      <trkpt lat="31.91511045177594" lon="120.58063316875335">
        <ele>3.4440403189510107</ele>
        <time>1970-01-01T00:14:28.500000Z</time>
        <extensions>
          <gpxtpx:TrackPointExtension>
            <gpxtpx:hr>141</gpxtpx:hr>
          </gpxtpx:TrackPointExtension>
        </extensions>
      </trkpt>
      <trkpt lat="31.915119312708963" lon="120.58061146252632">
        <ele>3.4651918429881334</ele>
        <time>1970-01-01T00:14:29.500000Z</time>
        <extensions>
          <gpxtpx:TrackPointExtension>
            <gpxtpx:hr>141</gpxtpx:hr>
          </gpxtpx:TrackPointExtension>
        </extensions>
      </trkpt>
      <trkpt lat="31.915127719774674" lon="120.58059095754392">
        <ele>3.4815156096592546</ele>
        <time>1970-01-01T00:14:30.500000Z</time>
        <extensions>
          <gpxtpx:TrackPointExtension>
            <gpxtpx:hr>142</gpxtpx:hr>
          </gpxtpx:TrackPointExtension>
        </extensions>
      </trkpt>
      <trkpt lat="31.915137375962573" lon="120.58056820970393">
        <ele>3.48507965169847</ele>
        <time>1970-01-01T00:14:31.500000Z</time>
        <extensions>
          <gpxtpx:TrackPointExtension>
            <gpxtpx:hr>142</gpxtpx:hr>
          </gpxtpx:TrackPointExtension>
        </extensions>
      </trkpt>
      <trkpt lat="31.91514792953979" lon="120.58053992593206">
        <ele>3.482714573852718</ele>
        <time>1970-01-01T00:14:32.500000Z</time>
        <extensions>
          <gpxtpx:TrackPointExtension>
            <gpxtpx:hr>142</gpxtpx:hr>
          </gpxtpx:TrackPointExtension>
        </extensions>
      </trkpt>
      <trkpt lat="31.91515821868954" lon="120.58051012905878">
        <ele>3.462038011290133</ele>
        <time>1970-01-01T00:14:33.500000Z</time>
        <extensions>
          <gpxtpx:TrackPointExtension>
            <gpxtpx:hr>142</gpxtpx:hr>
          </gpxtpx:TrackPointExtension>
        </extensions>
      </trkpt>
      <trkpt lat="31.915168047026953" lon="120.58048095652012">
        <ele>3.438871714286506</ele>
        <time>1970-01-01T00:14:34.500000Z</time>
        <extensions>
          <gpxtpx:TrackPointExtension>
            <gpxtpx:hr>142</gpxtpx:hr>
          </gpxtpx:TrackPointExtension>
        </extensions>
      </trkpt>
      <trkpt lat="31.915177820694197" lon="120.58045301851922">
        <ele>3.409151615574956</ele>
        <time>1970-01-01T00:14:35.500000Z</time>
        <extensions>
          <gpxtpx:TrackPointExtension>
            <gpxtpx:hr>142</gpxtpx:hr>
          </gpxtpx:TrackPointExtension>
        </extensions>
      </trkpt>
      <trkpt lat="31.91518696171296" lon="120.58042602550252">
        <ele>3.379413197748363</ele>
        <time>1970-01-01T00:14:36.500000Z</time>
        <extensions>
          <gpxtpx:TrackPointExtension>
            <gpxtpx:hr>148</gpxtpx:hr>
          </gpxtpx:TrackPointExtension>
        </extensions>
      </trkpt>
      <trkpt lat="31.915195770856528" lon="120.58040023719748">
        <ele>3.3527087150141597</ele>
        <time>1970-01-01T00:14:37.500000Z</time>
        <extensions>
          <gpxtpx:TrackPointExtension>
            <gpxtpx:hr>148</gpxtpx:hr>
          </gpxtpx:TrackPointExtension>
        </extensions>
      </trkpt>
      <trkpt lat="31.91520392627927" lon="120.5803753674214">
        <ele>3.315570220351219</ele>
        <time>1970-01-01T00:14:38.500000Z</time>
        <extensions>
          <gpxtpx:TrackPointExtension>
            <gpxtpx:hr>148</gpxtpx:hr>
          </gpxtpx:TrackPointExtension>
        </extensions>
      </trkpt>
      <trkpt lat="31.91521193845797" lon="120.58035087341285">
        <ele>3.2931898552924395</ele>
        <time>1970-01-01T00:14:39.500000Z</time>
        <extensions>
          <gpxtpx:TrackPointExtension>
            <gpxtpx:hr>148</gpxtpx:hr>
          </gpxtpx:TrackPointExtension>
        </extensions>
      </trkpt>
      <trkpt lat="31.9152194653847" lon="120.58032651307349">
        <ele>3.2770532201975584</ele>
        <time>1970-01-01T00:14:40.500000Z</time>
        <extensions>
          <gpxtpx:TrackPointExtension>
            <gpxtpx:hr>148</gpxtpx:hr>
          </gpxtpx:TrackPointExtension>
        </extensions>
      </trkpt>
      <trkpt lat="31.915226284349977" lon="120.58030237153598">
        <ele>3.2608024580404162</ele>
        <time>1970-01-01T00:14:41.500000Z</time>
        <extensions>
          <gpxtpx:TrackPointExtension>
            <gpxtpx:hr>149</gpxtpx:hr>
          </gpxtpx:TrackPointExtension>
        </extensions>
      </trkpt>
      <trkpt lat="31.915232572113627" lon="120.5802786844445">
        <ele>3.251115234568715</ele>
        <time>1970-01-01T00:14:42.500000Z</time>
        <extensions>
          <gpxtpx:TrackPointExtension>
            <gpxtpx:hr>149</gpxtpx:hr>
          </gpxtpx:TrackPointExtension>
        </extensions>
      </trkpt>
      <trkpt lat="31.91523891070934" lon="120.5802552907996">
        <ele>3.2481029191985726</ele>
        <time>1970-01-01T00:14:43.500000Z</time>
        <extensions>
          <gpxtpx:TrackPointExtension>
            <gpxtpx:hr>149</gpxtpx:hr>
          </gpxtpx:TrackPointExtension>
        </extensions>
      </trkpt>
      <trkpt lat="31.91524559275093" lon="120.58023242611695">
        <ele>3.2469071559607983</ele>
        <time>1970-01-01T00:14:44.500000Z</time>
        <extensions>
          <gpxtpx:TrackPointExtension>
            <gpxtpx:hr>149</gpxtpx:hr>
          </gpxtpx:TrackPointExtension>
        </extensions>
      </trkpt>
      <trkpt lat="31.915252356905434" lon="120.58021010669012">
        <ele>3.243533246219158</ele>
        <time>1970-01-01T00:14:45.500000Z</time>
        <extensions>
          <gpxtpx:TrackPointExtension>
            <gpxtpx:hr>151</gpxtpx:hr>
          </gpxtpx:TrackPointExtension>
        </extensions>
      </trkpt>
      <trkpt lat="31.91525933609347" lon="120.58018756702579">
        <ele>3.2577442480251193</ele>
        <time>1970-01-01T00:14:46.500000Z</time>
        <extensions>
          <gpxtpx:TrackPointExtension>
            <gpxtpx:hr>151</gpxtpx:hr>
          </gpxtpx:TrackPointExtension>
        </extensions>
      </trkpt>
      <trkpt lat="31.915266294659816" lon="120.58016402986328">
        <ele>3.265472376719117</ele>
        <time>1970-01-01T00:14:47.500000Z</time>
        <extensions>
          <gpxtpx:TrackPointExtension>
            <gpxtpx:hr>151</gpxtpx:hr>
          </gpxtpx:TrackPointExtension>
        </extensions>
      </trkpt>
      <trkpt lat="31.91527303836487" lon="120.58013978306175">
        <ele>3.2680857619270682</ele>
        <time>1970-01-01T00:14:48.500000Z</time>
        <extensions>
          <gpxtpx:TrackPointExtension>
            <gpxtpx:hr>151</gpxtpx:hr>
          </gpxtpx:TrackPointExtension>
        </extensions>
      </trkpt>
      <trkpt lat="31.915279318674106" lon="120.58011528783892">
        <ele>3.279182806611061</ele>
        <time>1970-01-01T00:14:49.500000Z</time>
        <extensions>
          <gpxtpx:TrackPointExtension>
            <gpxtpx:hr>151</gpxtpx:hr>
          </gpxtpx:TrackPointExtension>
        </extensions>
      </trkpt>
      <trkpt lat="31.91528600154074" lon="120.5800911512617">
        <ele>3.2854652060195804</ele>
        <time>1970-01-01T00:14:50.500000Z</time>
        <extensions>
          <gpxtpx:TrackPointExtension>
            <gpxtpx:hr>151</gpxtpx:hr>
          </gpxtpx:TrackPointExtension>
        </extensions>
      </trkpt>
      <trkpt lat="31.915293001023514" lon="120.58006745589527">
        <ele>3.275833179242909</ele>
        <time>1970-01-01T00:14:51.500000Z</time>
        <extensions>
          <gpxtpx:TrackPointExtension>
            <gpxtpx:hr>152</gpxtpx:hr>
          </gpxtpx:TrackPointExtension>
        </extensions>
      </trkpt>
      <trkpt lat="31.915300340425897" lon="120.58004423887391">
        <ele>3.256057843565941</ele>
        <time>1970-01-01T00:14:52.500000Z</time>
        <extensions>
          <gpxtpx:TrackPointExtension>
            <gpxtpx:hr>152</gpxtpx:hr>
          </gpxtpx:TrackPointExtension>
        </extensions>
      </trkpt>
      <trkpt lat="31.91530744716772" lon="120.58002133156708">
        <ele>3.2468814747408032</ele>
        <time>1970-01-01T00:14:53.500000Z</time>
        <extensions>
          <gpxtpx:TrackPointExtension>
            <gpxtpx:hr>152</gpxtpx:hr>
          </gpxtpx:TrackPointExtension>
        </extensions>
      </trkpt>
      <trkpt lat="31.915313777518318" lon="120.57999843253438">
        <ele>3.2391065657138824</ele>
        <time>1970-01-01T00:14:54.500000Z</time>
        <extensions>
          <gpxtpx:TrackPointExtension>
            <gpxtpx:hr>152</gpxtpx:hr>
          </gpxtpx:TrackPointExtension>
        </extensions>
      </trkpt>
      <trkpt lat="31.91531936408395" lon="120.57997566060058">
        <ele>3.2372568612918258</ele>
        <time>1970-01-01T00:14:55.500000Z</time>
        <extensions>
          <gpxtpx:TrackPointExtension>
            <gpxtpx:hr>152</gpxtpx:hr>
          </gpxtpx:TrackPointExtension>
        </extensions>
      </trkpt>
      <trkpt lat="31.915325345615198" lon="120.5799529834771">
        <ele>3.228374758735299</ele>
        <time>1970-01-01T00:14:56.500000Z</time>
        <extensions>
          <gpxtpx:TrackPointExtension>
            <gpxtpx:hr>152</gpxtpx:hr>
          </gpxtpx:TrackPointExtension>
        </extensions>
      </trkpt>
      <trkpt lat="31.915332307653248" lon="120.57993035108271">
        <ele>3.225548669695854</ele>
        <time>1970-01-01T00:14:57.500000Z</time>
        <extensions>
          <gpxtpx:TrackPointExtension>
            <gpxtpx:hr>153</gpxtpx:hr>
          </gpxtpx:TrackPointExtension>
        </extensions>
      </trkpt>
      <trkpt lat="31.915339697899558" lon="120.57990834567991">
        <ele>3.2014873307198286</ele>
        <time>1970-01-01T00:14:58.500000Z</time>
        <extensions>
          <gpxtpx:TrackPointExtension>
            <gpxtpx:hr>153</gpxtpx:hr>
          </gpxtpx:TrackPointExtension>
        </extensions>
      </trkpt>
      <trkpt lat="31.91534741448437" lon="120.57988746089566">
        <ele>3.170530566945672</ele>
        <time>1970-01-01T00:14:59.500000Z</time>
        <extensions>
          <gpxtpx:TrackPointExtension>
            <gpxtpx:hr>153</gpxtpx:hr>
          </gpxtpx:TrackPointExtension>
        </extensions>
      </trkpt>
      <trkpt lat="31.91535489464358" lon="120.57986685104571">
        <ele>3.1394212413579226</ele>
        <time>1970-01-01T00:15:00.500000Z</time>
        <extensions>
          <gpxtpx:TrackPointExtension>
            <gpxtpx:hr>153</gpxtpx:hr>
          </gpxtpx:TrackPointExtension>
        </extensions>
      </trkpt>
      <trkpt lat="31.91536164084613" lon="120.57984656691521">
        <ele>3.11246769502759</ele>
        <time>1970-01-01T00:15:01.500000Z</time>
        <extensions>
          <gpxtpx:TrackPointExtension>
            <gpxtpx:hr>153</gpxtpx:hr>
          </gpxtpx:TrackPointExtension>
        </extensions>
      </trkpt>
      <trkpt lat="31.915367503219404" lon="120.57982664021951">
        <ele>3.08422914147377</ele>
        <time>1970-01-01T00:15:02.500000Z</time>
        <extensions>
          <gpxtpx:TrackPointExtension>
            <gpxtpx:hr>152</gpxtpx:hr>
          </gpxtpx:TrackPointExtension>
        </extensions>
      </trkpt>
      <trkpt lat="31.915372992178785" lon="120.57980606867552">
        <ele>3.0451379362493753</ele>
        <time>1970-01-01T00:15:03.500000Z</time>
        <extensions>
          <gpxtpx:TrackPointExtension>
            <gpxtpx:hr>152</gpxtpx:hr>
          </gpxtpx:TrackPointExtension>
        </extensions>
      </trkpt>
      <trkpt lat="31.915378558248587" lon="120.57978421195133">
        <ele>3.0091320229694247</ele>
        <time>1970-01-01T00:15:04.500000Z</time>
        <extensions>
          <gpxtpx:TrackPointExtension>
            <gpxtpx:hr>152</gpxtpx:hr>
          </gpxtpx:TrackPointExtension>
        </extensions>
      </trkpt>
      <trkpt lat="31.915384947759172" lon="120.57976237061813">
        <ele>2.978606205433607</ele>
        <time>1970-01-01T00:15:05.500000Z</time>
        <extensions>
          <gpxtpx:TrackPointExtension>
            <gpxtpx:hr>152</gpxtpx:hr>
          </gpxtpx:TrackPointExtension>
        </extensions>
      </trkpt>
      <trkpt lat="31.915391206941234" lon="120.57974130487698">
        <ele>2.964255964383483</ele>
        <time>1970-01-01T00:15:06.500000Z</time>
        <extensions>
          <gpxtpx:TrackPointExtension>
            <gpxtpx:hr>152</gpxtpx:hr>
          </gpxtpx:TrackPointExtension>
        </extensions>
      </trkpt>
      <trkpt lat="31.91539739323514" lon="120.57972069796223">
        <ele>2.947610827162862</ele>
        <time>1970-01-01T00:15:07.500000Z</time>
        <extensions>
          <gpxtpx:TrackPointExtension>
            <gpxtpx:hr>152</gpxtpx:hr>
          </gpxtpx:TrackPointExtension>
        </extensions>
      </trkpt>
      <trkpt lat="31.91540402853786" lon="120.57970036640221">
        <ele>2.92714714538306</ele>
        <time>1970-01-01T00:15:08.500000Z</time>
        <extensions>
          <gpxtpx:TrackPointExtension>
            <gpxtpx:hr>149</gpxtpx:hr>
          </gpxtpx:TrackPointExtension>
        </extensions>
      </trkpt>
      <trkpt lat="31.91541040895917" lon="120.5796800150142">
        <ele>2.9142868453636765</ele>
        <time>1970-01-01T00:15:09.500000Z</time>
        <extensions>
          <gpxtpx:TrackPointExtension>
            <gpxtpx:hr>149</gpxtpx:hr>
          </gpxtpx:TrackPointExtension>
        </extensions>
      </trkpt>
      <trkpt lat="31.915416304097928" lon="120.5796593921442">
        <ele>2.901439292356372</ele>
        <time>1970-01-01T00:15:10.500000Z</time>
        <extensions>
          <gpxtpx:TrackPointExtension>
            <gpxtpx:hr>149</gpxtpx:hr>
          </gpxtpx:TrackPointExtension>
        </extensions>
      </trkpt>
      <trkpt lat="31.915421793984304" lon="120.57963826194407">
        <ele>2.8832029718905687</ele>
        <time>1970-01-01T00:15:11.500000Z</time>
        <extensions>
          <gpxtpx:TrackPointExtension>
            <gpxtpx:hr>149</gpxtpx:hr>
          </gpxtpx:TrackPointExtension>
        </extensions>
      </trkpt>
      <trkpt lat="31.91542733171206" lon="120.57961740291645">
        <ele>2.8773563159629703</ele>
        <time>1970-01-01T00:15:12.500000Z</time>
        <extensions>
          <gpxtpx:TrackPointExtension>
            <gpxtpx:hr>149</gpxtpx:hr>
          </gpxtpx:TrackPointExtension>
        </extensions>
      </trkpt>
      <trkpt lat="31.915432631730436" lon="120.57959700323595">
        <ele>2.8719454910606146</ele>
        <time>1970-01-01T00:15:13.500000Z</time>
        <extensions>
          <gpxtpx:TrackPointExtension>
            <gpxtpx:hr>150</gpxtpx:hr>
          </gpxtpx:TrackPointExtension>
        </extensions>
      </trkpt>
      <trkpt lat="31.915438131055136" lon="120.57957681056776">
        <ele>2.8678795071318746</ele>
        <time>1970-01-01T00:15:14.500000Z</time>
        <extensions>
          <gpxtpx:TrackPointExtension>
            <gpxtpx:hr>150</gpxtpx:hr>
          </gpxtpx:TrackPointExtension>
        </extensions>
      </trkpt>
      <trkpt lat="31.915444399117153" lon="120.57955641257585">
        <ele>2.878132550045848</ele>
        <time>1970-01-01T00:15:15.500000Z</time>
        <extensions>
          <gpxtpx:TrackPointExtension>
            <gpxtpx:hr>150</gpxtpx:hr>
          </gpxtpx:TrackPointExtension>
        </extensions>
      </trkpt>
      <trkpt lat="31.915451652510345" lon="120.57953545579583">
        <ele>2.8928994704037905</ele>
        <time>1970-01-01T00:15:16.500000Z</time>
        <extensions>
          <gpxtpx:TrackPointExtension>
            <gpxtpx:hr>150</gpxtpx:hr>
          </gpxtpx:TrackPointExtension>
        </extensions>
      </trkpt>
      <trkpt lat="31.91545905413728" lon="120.57951370210945">
        <ele>2.9142818124964833</ele>
        <time>1970-01-01T00:15:17.500000Z</time>
        <extensions>
          <gpxtpx:TrackPointExtension>
            <gpxtpx:hr>150</gpxtpx:hr>
          </gpxtpx:TrackPointExtension>
        </extensions>
      </trkpt>
      <trkpt lat="31.915466353915267" lon="120.57949192903648">
        <ele>2.9218894029036164</ele>
        <time>1970-01-01T00:15:18.500000Z</time>
        <extensions>
          <gpxtpx:TrackPointExtension>
            <gpxtpx:hr>152</gpxtpx:hr>
          </gpxtpx:TrackPointExtension>
        </extensions>
      </trkpt>
      <trkpt lat="31.915473643751316" lon="120.57947099901493">
        <ele>2.928942907601595</ele>
        <time>1970-01-01T00:15:19.500000Z</time>
        <extensions>
          <gpxtpx:TrackPointExtension>
            <gpxtpx:hr>152</gpxtpx:hr>
          </gpxtpx:TrackPointExtension>
        </extensions>
      </trkpt>
      <trkpt lat="31.91548053847563" lon="120.57945034101094">
        <ele>2.9230933440849185</ele>
        <time>1970-01-01T00:15:20.500000Z</time>
        <extensions>
          <gpxtpx:TrackPointExtension>
            <gpxtpx:hr>152</gpxtpx:hr>
          </gpxtpx:TrackPointExtension>
        </extensions>
      </trkpt>
      <trkpt lat="31.915487728862423" lon="120.57942915355851">
        <ele>2.9297408182173967</ele>
        <time>1970-01-01T00:15:21.500000Z</time>
        <extensions>
          <gpxtpx:TrackPointExtension>
            <gpxtpx:hr>153</gpxtpx:hr>
          </gpxtpx:TrackPointExtension>
        </extensions>
      </trkpt>
      <trkpt lat="31.915495137612236" lon="120.57940659580149">
        <ele>2.936445837840438</ele>
        <time>1970-01-01T00:15:22.500000Z</time>
        <extensions>
          <gpxtpx:TrackPointExtension>
            <gpxtpx:hr>153</gpxtpx:hr>
          </gpxtpx:TrackPointExtension>
        </extensions>
      </trkpt>
      <trkpt lat="31.915502826507847" lon="120.57938339276166">
        <ele>2.9504801211878657</ele>
        <time>1970-01-01T00:15:23.500000Z</time>
        <extensions>
          <gpxtpx:TrackPointExtension>
            <gpxtpx:hr>153</gpxtpx:hr>
          </gpxtpx:TrackPointExtension>
        </extensions>
      </trkpt>
      <trkpt lat="31.915510364960817" lon="120.57936021013184">
        <ele>2.968346416950226</ele>
        <time>1970-01-01T00:15:24.500000Z</time>
        <extensions>
          <gpxtpx:TrackPointExtension>
            <gpxtpx:hr>153</gpxtpx:hr>
          </gpxtpx:TrackPointExtension>
        </extensions>
      </trkpt>
      <trkpt lat="31.915517645284837" lon="120.57933715614992">
        <ele>2.9896222297102213</ele>
        <time>1970-01-01T00:15:25.500000Z</time>
        <extensions>
          <gpxtpx:TrackPointExtension>
            <gpxtpx:hr>153</gpxtpx:hr>
          </gpxtpx:TrackPointExtension>
        </extensions>
      </trkpt>
      <trkpt lat="31.915524321810175" lon="120.57931414239214">
        <ele>3.009202887304127</ele>
        <time>1970-01-01T00:15:26.500000Z</time>
        <extensions>
          <gpxtpx:TrackPointExtension>
            <gpxtpx:hr>156</gpxtpx:hr>
          </gpxtpx:TrackPointExtension>
        </extensions>
      </trkpt>
      <trkpt lat="31.915531150554177" lon="120.57929153618583">
        <ele>3.0345773929730058</ele>
        <time>1970-01-01T00:15:27.500000Z</time>
        <extensions>
          <gpxtpx:TrackPointExtension>
            <gpxtpx:hr>156</gpxtpx:hr>
          </gpxtpx:TrackPointExtension>
        </extensions>
      </trkpt>
      <trkpt lat="31.915538674496986" lon="120.57926907943983">
        <ele>3.066296096891165</ele>
        <time>1970-01-01T00:15:28.500000Z</time>
        <extensions>
          <gpxtpx:TrackPointExtension>
            <gpxtpx:hr>156</gpxtpx:hr>
          </gpxtpx:TrackPointExtension>
        </extensions>
      </trkpt>
      <trkpt lat="31.915546232836725" lon="120.57924641899987">
        <ele>3.1034831535071135</ele>
        <time>1970-01-01T00:15:29.500000Z</time>
        <extensions>
          <gpxtpx:TrackPointExtension>
            <gpxtpx:hr>156</gpxtpx:hr>
          </gpxtpx:TrackPointExtension>
        </extensions>
      </trkpt>
      <trkpt lat="31.91555376838696" lon="120.57922398547414">
        <ele>3.138308333232999</ele>
        <time>1970-01-01T00:15:30.500000Z</time>
        <extensions>
          <gpxtpx:TrackPointExtension>
            <gpxtpx:hr>156</gpxtpx:hr>
          </gpxtpx:TrackPointExtension>
        </extensions>
      </trkpt>
      <trkpt lat="31.915560732307124" lon="120.57920125689647">
        <ele>3.1883812407031655</ele>
        <time>1970-01-01T00:15:31.500000Z</time>
        <extensions>
          <gpxtpx:TrackPointExtension>
            <gpxtpx:hr>156</gpxtpx:hr>
          </gpxtpx:TrackPointExtension>
        </extensions>
      </trkpt>
      <trkpt lat="31.915567328297904" lon="120.5791781700456">
        <ele>3.2302764812484384</ele>
        <time>1970-01-01T00:15:32.500000Z</time>
        <extensions>
          <gpxtpx:TrackPointExtension>
            <gpxtpx:hr>156</gpxtpx:hr>
          </gpxtpx:TrackPointExtension>
        </extensions>
      </trkpt>
      <trkpt lat="31.915573824110755" lon="120.57915489918366">
        <ele>3.276430604979396</ele>
        <time>1970-01-01T00:15:33.500000Z</time>
        <extensions>
          <gpxtpx:TrackPointExtension>
            <gpxtpx:hr>156</gpxtpx:hr>
          </gpxtpx:TrackPointExtension>
        </extensions>
      </trkpt>
      <trkpt lat="31.915580618191655" lon="120.57913168660716">
        <ele>3.3246679585427046</ele>
        <time>1970-01-01T00:15:34.500000Z</time>
        <extensions>
          <gpxtpx:TrackPointExtension>
            <gpxtpx:hr>156</gpxtpx:hr>
          </gpxtpx:TrackPointExtension>
        </extensions>
      </trkpt>
      <trkpt lat="31.915586992970592" lon="120.57910810909362">
        <ele>3.384707011282444</ele>
        <time>1970-01-01T00:15:35.500000Z</time>
        <extensions>
          <gpxtpx:TrackPointExtension>
            <gpxtpx:hr>156</gpxtpx:hr>
          </gpxtpx:TrackPointExtension>
        </extensions>
      </trkpt>
      <trkpt lat="31.915593451296846" lon="120.57908452383839">
        <ele>3.452104044146836</ele>
        <time>1970-01-01T00:15:36.500000Z</time>
        <extensions>
          <gpxtpx:TrackPointExtension>
            <gpxtpx:hr>156</gpxtpx:hr>
          </gpxtpx:TrackPointExtension>
        </extensions>
      </trkpt>
      <trkpt lat="31.91560032135193" lon="120.57906153958241">
        <ele>3.51333290617913</ele>
        <time>1970-01-01T00:15:37.500000Z</time>
        <extensions>
          <gpxtpx:TrackPointExtension>
            <gpxtpx:hr>156</gpxtpx:hr>
          </gpxtpx:TrackPointExtension>
        </extensions>
      </trkpt>
      <trkpt lat="31.915607291838274" lon="120.5790387827723">
        <ele>3.5835364498198032</ele>
        <time>1970-01-01T00:15:38.500000Z</time>
        <extensions>
          <gpxtpx:TrackPointExtension>
            <gpxtpx:hr>156</gpxtpx:hr>
          </gpxtpx:TrackPointExtension>
        </extensions>
      </trkpt>
      <trkpt lat="31.91561385542671" lon="120.5790154182824">
        <ele>3.6539687821641564</ele>
        <time>1970-01-01T00:15:39.500000Z</time>
        <extensions>
          <gpxtpx:TrackPointExtension>
            <gpxtpx:hr>156</gpxtpx:hr>
          </gpxtpx:TrackPointExtension>
        </extensions>
      </trkpt>
      <trkpt lat="31.91562008802056" lon="120.57899152795686">
        <ele>3.7210160279646516</ele>
        <time>1970-01-01T00:15:40.500000Z</time>
        <extensions>
          <gpxtpx:TrackPointExtension>
            <gpxtpx:hr>157</gpxtpx:hr>
          </gpxtpx:TrackPointExtension>
        </extensions>
      </trkpt>
      <trkpt lat="31.91562631713443" lon="120.57896774931886">
        <ele>3.76731775701046</ele>
        <time>1970-01-01T00:15:41.500000Z</time>
        <extensions>
          <gpxtpx:TrackPointExtension>
            <gpxtpx:hr>157</gpxtpx:hr>
          </gpxtpx:TrackPointExtension>
        </extensions>
      </trkpt>
      <trkpt lat="31.915632539551222" lon="120.57894439468606">
        <ele>3.812007519416511</ele>
        <time>1970-01-01T00:15:42.500000Z</time>
        <extensions>
          <gpxtpx:TrackPointExtension>
            <gpxtpx:hr>157</gpxtpx:hr>
          </gpxtpx:TrackPointExtension>
        </extensions>
      </trkpt>
      <trkpt lat="31.91563945607768" lon="120.57892248825664">
        <ele>3.853332790546119</ele>
        <time>1970-01-01T00:15:43.500000Z</time>
        <extensions>
          <gpxtpx:TrackPointExtension>
            <gpxtpx:hr>157</gpxtpx:hr>
          </gpxtpx:TrackPointExtension>
        </extensions>
      </trkpt>
      <trkpt lat="31.915646751182507" lon="120.57890159954783">
        <ele>3.898505926132202</ele>
        <time>1970-01-01T00:15:44.500000Z</time>
        <extensions>
          <gpxtpx:TrackPointExtension>
            <gpxtpx:hr>157</gpxtpx:hr>
          </gpxtpx:TrackPointExtension>
        </extensions>
      </trkpt>
      <trkpt lat="31.915654418694054" lon="120.57888083430352">
        <ele>3.9259867891669273</ele>
        <time>1970-01-01T00:15:45.500000Z</time>
        <extensions>
          <gpxtpx:TrackPointExtension>
            <gpxtpx:hr>157</gpxtpx:hr>
          </gpxtpx:TrackPointExtension>
        </extensions>
      </trkpt>
      <trkpt lat="31.915661622271024" lon="120.57885959754996">
        <ele>3.9661140283569694</ele>
        <time>1970-01-01T00:15:46.500000Z</time>
        <extensions>
          <gpxtpx:TrackPointExtension>
            <gpxtpx:hr>157</gpxtpx:hr>
          </gpxtpx:TrackPointExtension>
        </extensions>
      </trkpt>
      <trkpt lat="31.915668517203613" lon="120.57883780467805">
        <ele>3.9897951260209084</ele>
        <time>1970-01-01T00:15:47.500000Z</time>
        <extensions>
          <gpxtpx:TrackPointExtension>
            <gpxtpx:hr>157</gpxtpx:hr>
          </gpxtpx:TrackPointExtension>
        </extensions>
      </trkpt>
      <trkpt lat="31.915674958204633" lon="120.57881538880437">
        <ele>4.0214932998642325</ele>
        <time>1970-01-01T00:15:48.500000Z</time>
        <extensions>
          <gpxtpx:TrackPointExtension>
            <gpxtpx:hr>157</gpxtpx:hr>
          </gpxtpx:TrackPointExtension>
        </extensions>
      </trkpt>
      <trkpt lat="31.91568152699796" lon="120.5787931518226">
        <ele>4.036490272730589</ele>
        <time>1970-01-01T00:15:49.500000Z</time>
        <extensions>
          <gpxtpx:TrackPointExtension>
            <gpxtpx:hr>157</gpxtpx:hr>
          </gpxtpx:TrackPointExtension>
        </extensions>
      </trkpt>
      <trkpt lat="31.91568903521431" lon="120.57877154381086">
        <ele>4.036220462061465</ele>
        <time>1970-01-01T00:15:50.500000Z</time>
        <extensions>
          <gpxtpx:TrackPointExtension>
            <gpxtpx:hr>157</gpxtpx:hr>
          </gpxtpx:TrackPointExtension>
        </extensions>
      </trkpt>
      <trkpt lat="31.915696821980934" lon="120.57874955294933">
        <ele>4.021464752964675</ele>
        <time>1970-01-01T00:15:51.500000Z</time>
        <extensions>
          <gpxtpx:TrackPointExtension>
            <gpxtpx:hr>157</gpxtpx:hr>
          </gpxtpx:TrackPointExtension>
        </extensions>
      </trkpt>
      <trkpt lat="31.915704368981725" lon="120.57872676355572">
        <ele>4.015496635809541</ele>
        <time>1970-01-01T00:15:52.500000Z</time>
        <extensions>
          <gpxtpx:TrackPointExtension>
            <gpxtpx:hr>156</gpxtpx:hr>
          </gpxtpx:TrackPointExtension>
        </extensions>
      </trkpt>
      <trkpt lat="31.91571176022998" lon="120.5787037948086">
        <ele>3.9757522344589233</ele>
        <time>1970-01-01T00:15:53.500000Z</time>
        <extensions>
          <gpxtpx:TrackPointExtension>
            <gpxtpx:hr>156</gpxtpx:hr>
          </gpxtpx:TrackPointExtension>
        </extensions>
      </trkpt>
      <trkpt lat="31.91571948493799" lon="120.57868112731104">
        <ele>3.9347101552411914</ele>
        <time>1970-01-01T00:15:54.500000Z</time>
        <extensions>
          <gpxtpx:TrackPointExtension>
            <gpxtpx:hr>156</gpxtpx:hr>
          </gpxtpx:TrackPointExtension>
        </extensions>
      </trkpt>
      <trkpt lat="31.915727074350933" lon="120.57865833759669">
        <ele>3.8828070741146803</ele>
        <time>1970-01-01T00:15:55.500000Z</time>
        <extensions>
          <gpxtpx:TrackPointExtension>
            <gpxtpx:hr>156</gpxtpx:hr>
          </gpxtpx:TrackPointExtension>
        </extensions>
      </trkpt>
      <trkpt lat="31.915734526547382" lon="120.57863546938123">
        <ele>3.8295857030898333</ele>
        <time>1970-01-01T00:15:56.500000Z</time>
        <extensions>
          <gpxtpx:TrackPointExtension>
            <gpxtpx:hr>156</gpxtpx:hr>
          </gpxtpx:TrackPointExtension>
        </extensions>
      </trkpt>
      <trkpt lat="31.915742091910914" lon="120.57861247086971">
        <ele>3.7740297773852944</ele>
        <time>1970-01-01T00:15:57.500000Z</time>
        <extensions>
          <gpxtpx:TrackPointExtension>
            <gpxtpx:hr>157</gpxtpx:hr>
          </gpxtpx:TrackPointExtension>
        </extensions>
      </trkpt>
      <trkpt lat="31.915749908915206" lon="120.5785894289653">
        <ele>3.719225861132145</ele>
        <time>1970-01-01T00:15:58.500000Z</time>
        <extensions>
          <gpxtpx:TrackPointExtension>
            <gpxtpx:hr>157</gpxtpx:hr>
          </gpxtpx:TrackPointExtension>
        </extensions>
      </trkpt>
      <trkpt lat="31.915757673759728" lon="120.57856675190908">
        <ele>3.651673718355596</ele>
        <time>1970-01-01T00:15:59.500000Z</time>
        <extensions>
          <gpxtpx:TrackPointExtension>
            <gpxtpx:hr>157</gpxtpx:hr>
          </gpxtpx:TrackPointExtension>
        </extensions>
      </trkpt>
      <trkpt lat="31.915765485795863" lon="120.57854470051578">
        <ele>3.596232432872057</ele>
        <time>1970-01-01T00:16:00.500000Z</time>
        <extensions>
          <gpxtpx:TrackPointExtension>
            <gpxtpx:hr>157</gpxtpx:hr>
          </gpxtpx:TrackPointExtension>
        </extensions>
      </trkpt>
      <trkpt lat="31.91577343901433" lon="120.57852311432958">
        <ele>3.530092033557594</ele>
        <time>1970-01-01T00:16:01.500000Z</time>
        <extensions>
          <gpxtpx:TrackPointExtension>
            <gpxtpx:hr>157</gpxtpx:hr>
          </gpxtpx:TrackPointExtension>
        </extensions>
      </trkpt>
      <trkpt lat="31.915781511751995" lon="120.57850134734615">
        <ele>3.4717598352581263</ele>
        <time>1970-01-01T00:16:02.500000Z</time>
        <extensions>
          <gpxtpx:TrackPointExtension>
            <gpxtpx:hr>157</gpxtpx:hr>
          </gpxtpx:TrackPointExtension>
        </extensions>
      </trkpt>
      <trkpt lat="31.91578972692869" lon="120.57847979260953">
        <ele>3.411253151483834</ele>
        <time>1970-01-01T00:16:03.500000Z</time>
        <extensions>
          <gpxtpx:TrackPointExtension>
            <gpxtpx:hr>157</gpxtpx:hr>
          </gpxtpx:TrackPointExtension>
        </extensions>
      </trkpt>
      <trkpt lat="31.915797790965364" lon="120.57845864724806">
        <ele>3.3577148029580712</ele>
        <time>1970-01-01T00:16:04.500000Z</time>
        <extensions>
          <gpxtpx:TrackPointExtension>
            <gpxtpx:hr>157</gpxtpx:hr>
          </gpxtpx:TrackPointExtension>
        </extensions>
      </trkpt>
      <trkpt lat="31.91580604852962" lon="120.57843741617852">
        <ele>3.298094932921231</ele>
        <time>1970-01-01T00:16:05.500000Z</time>
        <extensions>
          <gpxtpx:TrackPointExtension>
            <gpxtpx:hr>157</gpxtpx:hr>
          </gpxtpx:TrackPointExtension>
        </extensions>
      </trkpt>
      <trkpt lat="31.915813984396774" lon="120.5784154739583">
        <ele>3.2263723760843277</ele>
        <time>1970-01-01T00:16:06.500000Z</time>
        <extensions>
          <gpxtpx:TrackPointExtension>
            <gpxtpx:hr>157</gpxtpx:hr>
          </gpxtpx:TrackPointExtension>
        </extensions>
      </trkpt>
      <trkpt lat="31.915821875427834" lon="120.5783930228477">
        <ele>3.176504833623767</ele>
        <time>1970-01-01T00:16:07.500000Z</time>
        <extensions>
          <gpxtpx:TrackPointExtension>
            <gpxtpx:hr>157</gpxtpx:hr>
          </gpxtpx:TrackPointExtension>
        </extensions>
      </trkpt>
      <trkpt lat="31.915829482967006" lon="120.57837018832709">
        <ele>3.1015328811481595</ele>
        <time>1970-01-01T00:16:08.500000Z</time>
        <extensions>
          <gpxtpx:TrackPointExtension>
            <gpxtpx:hr>157</gpxtpx:hr>
          </gpxtpx:TrackPointExtension>
        </extensions>
      </trkpt>
      <trkpt lat="31.9158366959468" lon="120.57834699411421">
        <ele>3.0436333501711488</ele>
        <time>1970-01-01T00:16:09.500000Z</time>
        <extensions>
          <gpxtpx:TrackPointExtension>
            <gpxtpx:hr>157</gpxtpx:hr>
          </gpxtpx:TrackPointExtension>
        </extensions>
      </trkpt>
      <trkpt lat="31.915843707944436" lon="120.5783237208927">
        <ele>2.9912485601380467</ele>
        <time>1970-01-01T00:16:10.500000Z</time>
        <extensions>
          <gpxtpx:TrackPointExtension>
            <gpxtpx:hr>157</gpxtpx:hr>
          </gpxtpx:TrackPointExtension>
        </extensions>
      </trkpt>
      <trkpt lat="31.915850600591202" lon="120.5783005947668">
        <ele>2.9398200726136565</ele>
        <time>1970-01-01T00:16:11.500000Z</time>
        <extensions>
          <gpxtpx:TrackPointExtension>
            <gpxtpx:hr>157</gpxtpx:hr>
          </gpxtpx:TrackPointExtension>
        </extensions>
      </trkpt>
      <trkpt lat="31.915857770902978" lon="120.57827787528389">
        <ele>2.890285488218069</ele>
        <time>1970-01-01T00:16:12.500000Z</time>
        <extensions>
          <gpxtpx:TrackPointExtension>
            <gpxtpx:hr>156</gpxtpx:hr>
          </gpxtpx:TrackPointExtension>
        </extensions>
      </trkpt>
      <trkpt lat="31.91586478547208" lon="120.57825569790289">
        <ele>2.8627972919493914</ele>
        <time>1970-01-01T00:16:13.500000Z</time>
        <extensions>
          <gpxtpx:TrackPointExtension>
            <gpxtpx:hr>156</gpxtpx:hr>
          </gpxtpx:TrackPointExtension>
        </extensions>
      </trkpt>
      <trkpt lat="31.915871880730958" lon="120.57823423756543">
        <ele>2.8197371615096927</ele>
        <time>1970-01-01T00:16:14.500000Z</time>
        <extensions>
          <gpxtpx:TrackPointExtension>
            <gpxtpx:hr>156</gpxtpx:hr>
          </gpxtpx:TrackPointExtension>
        </extensions>
      </trkpt>
      <trkpt lat="31.91587905460038" lon="120.57821293021568">
        <ele>2.7683093957602978</ele>
        <time>1970-01-01T00:16:15.500000Z</time>
        <extensions>
          <gpxtpx:TrackPointExtension>
            <gpxtpx:hr>156</gpxtpx:hr>
          </gpxtpx:TrackPointExtension>
        </extensions>
      </trkpt>
      <trkpt lat="31.915886228752726" lon="120.57819148601442">
        <ele>2.7119545685127378</ele>
        <time>1970-01-01T00:16:16.500000Z</time>
        <extensions>
          <gpxtpx:TrackPointExtension>
            <gpxtpx:hr>156</gpxtpx:hr>
          </gpxtpx:TrackPointExtension>
        </extensions>
      </trkpt>
      <trkpt lat="31.91589255153538" lon="120.57816932556463">
        <ele>2.658314822241664</ele>
        <time>1970-01-01T00:16:17.500000Z</time>
        <extensions>
          <gpxtpx:TrackPointExtension>
            <gpxtpx:hr>156</gpxtpx:hr>
          </gpxtpx:TrackPointExtension>
        </extensions>
      </trkpt>
      <trkpt lat="31.91589808407661" lon="120.57814636381472">
        <ele>2.6024353401735425</ele>
        <time>1970-01-01T00:16:18.500000Z</time>
        <extensions>
          <gpxtpx:TrackPointExtension>
            <gpxtpx:hr>156</gpxtpx:hr>
          </gpxtpx:TrackPointExtension>
        </extensions>
      </trkpt>
      <trkpt lat="31.915903308371853" lon="120.57812297011839">
        <ele>2.5642738146707416</ele>
        <time>1970-01-01T00:16:19.500000Z</time>
        <extensions>
          <gpxtpx:TrackPointExtension>
            <gpxtpx:hr>156</gpxtpx:hr>
          </gpxtpx:TrackPointExtension>
        </extensions>
      </trkpt>
      <trkpt lat="31.91590853879809" lon="120.57809945728096">
        <ele>2.5206804694607854</ele>
        <time>1970-01-01T00:16:20.500000Z</time>
        <extensions>
          <gpxtpx:TrackPointExtension>
            <gpxtpx:hr>156</gpxtpx:hr>
          </gpxtpx:TrackPointExtension>
        </extensions>
      </trkpt>
      <trkpt lat="31.915913659482936" lon="120.57807587304842">
        <ele>2.4914964120835066</ele>
        <time>1970-01-01T00:16:21.500000Z</time>
        <extensions>
          <gpxtpx:TrackPointExtension>
            <gpxtpx:hr>156</gpxtpx:hr>
          </gpxtpx:TrackPointExtension>
        </extensions>
      </trkpt>
      <trkpt lat="31.915919147165237" lon="120.57805250606403">
        <ele>2.46016211155802</ele>
        <time>1970-01-01T00:16:22.500000Z</time>
        <extensions>
          <gpxtpx:TrackPointExtension>
            <gpxtpx:hr>157</gpxtpx:hr>
          </gpxtpx:TrackPointExtension>
        </extensions>
      </trkpt>
      <trkpt lat="31.915925139071607" lon="120.57802956473222">
        <ele>2.4470741534605622</ele>
        <time>1970-01-01T00:16:23.500000Z</time>
        <extensions>
          <gpxtpx:TrackPointExtension>
            <gpxtpx:hr>157</gpxtpx:hr>
          </gpxtpx:TrackPointExtension>
        </extensions>
      </trkpt>
      <trkpt lat="31.915931661660057" lon="120.57800737326798">
        <ele>2.4284228710457683</ele>
        <time>1970-01-01T00:16:24.500000Z</time>
        <extensions>
          <gpxtpx:TrackPointExtension>
            <gpxtpx:hr>157</gpxtpx:hr>
          </gpxtpx:TrackPointExtension>
        </extensions>
      </trkpt>
      <trkpt lat="31.915940128628876" lon="120.5779867501127">
        <ele>2.4264265205711126</ele>
        <time>1970-01-01T00:16:25.500000Z</time>
        <extensions>
          <gpxtpx:TrackPointExtension>
            <gpxtpx:hr>157</gpxtpx:hr>
          </gpxtpx:TrackPointExtension>
        </extensions>
      </trkpt>
      <trkpt lat="31.915949542333813" lon="120.57796637313783">
        <ele>2.4173441864550114</ele>
        <time>1970-01-01T00:16:26.500000Z</time>
        <extensions>
          <gpxtpx:TrackPointExtension>
            <gpxtpx:hr>157</gpxtpx:hr>
          </gpxtpx:TrackPointExtension>
        </extensions>
      </trkpt>
      <trkpt lat="31.915957556733268" lon="120.57794513124797">
        <ele>2.4175143502652645</ele>
        <time>1970-01-01T00:16:27.500000Z</time>
        <extensions>
          <gpxtpx:TrackPointExtension>
            <gpxtpx:hr>157</gpxtpx:hr>
          </gpxtpx:TrackPointExtension>
        </extensions>
      </trkpt>
      <trkpt lat="31.915964246562034" lon="120.57792367369534">
        <ele>2.3995686480775476</ele>
        <time>1970-01-01T00:16:28.500000Z</time>
        <extensions>
          <gpxtpx:TrackPointExtension>
            <gpxtpx:hr>157</gpxtpx:hr>
          </gpxtpx:TrackPointExtension>
        </extensions>
      </trkpt>
      <trkpt lat="31.915971349695145" lon="120.57790212193912">
        <ele>2.3972807954996824</ele>
        <time>1970-01-01T00:16:29.500000Z</time>
        <extensions>
          <gpxtpx:TrackPointExtension>
            <gpxtpx:hr>157</gpxtpx:hr>
          </gpxtpx:TrackPointExtension>
        </extensions>
      </trkpt>
      <trkpt lat="31.915979266672156" lon="120.57788044653758">
        <ele>2.390439700335264</ele>
        <time>1970-01-01T00:16:30.500000Z</time>
        <extensions>
          <gpxtpx:TrackPointExtension>
            <gpxtpx:hr>160</gpxtpx:hr>
          </gpxtpx:TrackPointExtension>
        </extensions>
      </trkpt>
      <trkpt lat="31.915987283523954" lon="120.57785850705585">
        <ele>2.386694999411702</ele>
        <time>1970-01-01T00:16:31.500000Z</time>
        <extensions>
          <gpxtpx:TrackPointExtension>
            <gpxtpx:hr>160</gpxtpx:hr>
          </gpxtpx:TrackPointExtension>
        </extensions>
      </trkpt>
      <trkpt lat="31.91599489742558" lon="120.57783611632158">
        <ele>2.378723126836121</ele>
        <time>1970-01-01T00:16:32.500000Z</time>
        <extensions>
          <gpxtpx:TrackPointExtension>
            <gpxtpx:hr>160</gpxtpx:hr>
          </gpxtpx:TrackPointExtension>
        </extensions>
      </trkpt>
      <trkpt lat="31.916002063622116" lon="120.57781327846548">
        <ele>2.379353272728622</ele>
        <time>1970-01-01T00:16:33.500000Z</time>
        <extensions>
          <gpxtpx:TrackPointExtension>
            <gpxtpx:hr>160</gpxtpx:hr>
          </gpxtpx:TrackPointExtension>
        </extensions>
      </trkpt>
      <trkpt lat="31.916009241278587" lon="120.5777905328285">
        <ele>2.3717780830338597</ele>
        <time>1970-01-01T00:16:34.500000Z</time>
        <extensions>
          <gpxtpx:TrackPointExtension>
            <gpxtpx:hr>160</gpxtpx:hr>
          </gpxtpx:TrackPointExtension>
        </extensions>
      </trkpt>
      <trkpt lat="31.916016714462607" lon="120.57776817568715">
        <ele>2.3559630615636706</ele>
        <time>1970-01-01T00:16:35.500000Z</time>
        <extensions>
          <gpxtpx:TrackPointExtension>
            <gpxtpx:hr>160</gpxtpx:hr>
          </gpxtpx:TrackPointExtension>
        </extensions>
      </trkpt>
      <trkpt lat="31.916024535404464" lon="120.57774593092202">
        <ele>2.3436910836026073</ele>
        <time>1970-01-01T00:16:36.500000Z</time>
        <extensions>
          <gpxtpx:TrackPointExtension>
            <gpxtpx:hr>160</gpxtpx:hr>
          </gpxtpx:TrackPointExtension>
        </extensions>
      </trkpt>
      <trkpt lat="31.916031728883862" lon="120.57772339983744">
        <ele>2.3321910267695785</ele>
        <time>1970-01-01T00:16:37.500000Z</time>
        <extensions>
          <gpxtpx:TrackPointExtension>
            <gpxtpx:hr>160</gpxtpx:hr>
          </gpxtpx:TrackPointExtension>
        </extensions>
      </trkpt>
      <trkpt lat="31.91603868558082" lon="120.57770108707555">
        <ele>2.3340237243101</ele>
        <time>1970-01-01T00:16:38.500000Z</time>
        <extensions>
          <gpxtpx:TrackPointExtension>
            <gpxtpx:hr>160</gpxtpx:hr>
          </gpxtpx:TrackPointExtension>
        </extensions>
      </trkpt>
      <trkpt lat="31.916045403503052" lon="120.57767894902254">
        <ele>2.324960120022297</ele>
        <time>1970-01-01T00:16:39.500000Z</time>
        <extensions>
          <gpxtpx:TrackPointExtension>
            <gpxtpx:hr>160</gpxtpx:hr>
          </gpxtpx:TrackPointExtension>
        </extensions>
      </trkpt>
      <trkpt lat="31.916052064333265" lon="120.57765661412702">
        <ele>2.2978058755397797</ele>
        <time>1970-01-01T00:16:40.500000Z</time>
        <extensions>
          <gpxtpx:TrackPointExtension>
            <gpxtpx:hr>160</gpxtpx:hr>
          </gpxtpx:TrackPointExtension>
        </extensions>
      </trkpt>
      <trkpt lat="31.916058637280077" lon="120.57763396565369">
        <ele>2.2738895965740085</ele>
        <time>1970-01-01T00:16:41.500000Z</time>
        <extensions>
          <gpxtpx:TrackPointExtension>
            <gpxtpx:hr>161</gpxtpx:hr>
          </gpxtpx:TrackPointExtension>
        </extensions>
      </trkpt>
      <trkpt lat="31.916064597480243" lon="120.57761084503935">
        <ele>2.268321307376027</ele>
        <time>1970-01-01T00:16:42.500000Z</time>
        <extensions>
          <gpxtpx:TrackPointExtension>
            <gpxtpx:hr>161</gpxtpx:hr>
          </gpxtpx:TrackPointExtension>
        </extensions>
      </trkpt>
      <trkpt lat="31.916070890221967" lon="120.57758793051599">
        <ele>2.257921352982521</ele>
        <time>1970-01-01T00:16:43.500000Z</time>
        <extensions>
          <gpxtpx:TrackPointExtension>
            <gpxtpx:hr>161</gpxtpx:hr>
          </gpxtpx:TrackPointExtension>
        </extensions>
      </trkpt>
      <trkpt lat="31.916078076578184" lon="120.57756549294353">
        <ele>2.264339999295771</ele>
        <time>1970-01-01T00:16:44.500000Z</time>
        <extensions>
          <gpxtpx:TrackPointExtension>
            <gpxtpx:hr>161</gpxtpx:hr>
          </gpxtpx:TrackPointExtension>
        </extensions>
      </trkpt>
      <trkpt lat="31.916086020060234" lon="120.57754345761767">
        <ele>2.2681059911847115</ele>
        <time>1970-01-01T00:16:45.500000Z</time>
        <extensions>
          <gpxtpx:TrackPointExtension>
            <gpxtpx:hr>161</gpxtpx:hr>
          </gpxtpx:TrackPointExtension>
        </extensions>
      </trkpt>
      <trkpt lat="31.916093960532265" lon="120.5775213299399">
        <ele>2.2916606748476624</ele>
        <time>1970-01-01T00:16:46.500000Z</time>
        <extensions>
          <gpxtpx:TrackPointExtension>
            <gpxtpx:hr>161</gpxtpx:hr>
          </gpxtpx:TrackPointExtension>
        </extensions>
      </trkpt>
      <trkpt lat="31.916101905800154" lon="120.57749893491851">
        <ele>2.321586669422686</ele>
        <time>1970-01-01T00:16:47.500000Z</time>
        <extensions>
          <gpxtpx:TrackPointExtension>
            <gpxtpx:hr>160</gpxtpx:hr>
          </gpxtpx:TrackPointExtension>
        </extensions>
      </trkpt>
      <trkpt lat="31.91610943529117" lon="120.57747642140849">
        <ele>2.35008099116385</ele>
        <time>1970-01-01T00:16:48.500000Z</time>
        <extensions>
          <gpxtpx:TrackPointExtension>
            <gpxtpx:hr>160</gpxtpx:hr>
          </gpxtpx:TrackPointExtension>
        </extensions>
      </trkpt>
      <trkpt lat="31.91611706947377" lon="120.57745390504137">
        <ele>2.364792915061116</ele>
        <time>1970-01-01T00:16:49.500000Z</time>
        <extensions>
          <gpxtpx:TrackPointExtension>
            <gpxtpx:hr>160</gpxtpx:hr>
          </gpxtpx:TrackPointExtension>
        </extensions>
      </trkpt>
      <trkpt lat="31.916125733718715" lon="120.5774324695939">
        <ele>2.4002770697697997</ele>
        <time>1970-01-01T00:16:50.500000Z</time>
        <extensions>
          <gpxtpx:TrackPointExtension>
            <gpxtpx:hr>160</gpxtpx:hr>
          </gpxtpx:TrackPointExtension>
        </extensions>
      </trkpt>
      <trkpt lat="31.916135105405775" lon="120.57741186979084">
        <ele>2.434554669074714</ele>
        <time>1970-01-01T00:16:51.500000Z</time>
        <extensions>
          <gpxtpx:TrackPointExtension>
            <gpxtpx:hr>160</gpxtpx:hr>
          </gpxtpx:TrackPointExtension>
        </extensions>
      </trkpt>
      <trkpt lat="31.916143793045215" lon="120.57739043221922">
        <ele>2.4914575526490808</ele>
        <time>1970-01-01T00:16:52.500000Z</time>
        <extensions>
          <gpxtpx:TrackPointExtension>
            <gpxtpx:hr>160</gpxtpx:hr>
          </gpxtpx:TrackPointExtension>
        </extensions>
      </trkpt>
      <trkpt lat="31.916151727120347" lon="120.5773678715756">
        <ele>2.550506442785263</ele>
        <time>1970-01-01T00:16:53.500000Z</time>
        <extensions>
          <gpxtpx:TrackPointExtension>
            <gpxtpx:hr>160</gpxtpx:hr>
          </gpxtpx:TrackPointExtension>
        </extensions>
      </trkpt>
      <trkpt lat="31.91615945982297" lon="120.57734485851276">
        <ele>2.6247423766180873</ele>
        <time>1970-01-01T00:16:54.500000Z</time>
        <extensions>
          <gpxtpx:TrackPointExtension>
            <gpxtpx:hr>160</gpxtpx:hr>
          </gpxtpx:TrackPointExtension>
        </extensions>
      </trkpt>
      <trkpt lat="31.91616723417502" lon="120.57732190726828">
        <ele>2.6890349788591266</ele>
        <time>1970-01-01T00:16:55.500000Z</time>
        <extensions>
          <gpxtpx:TrackPointExtension>
            <gpxtpx:hr>160</gpxtpx:hr>
          </gpxtpx:TrackPointExtension>
        </extensions>
      </trkpt>
      <trkpt lat="31.916175902206298" lon="120.57729985538305">
        <ele>2.7639546152204275</ele>
        <time>1970-01-01T00:16:56.500000Z</time>
        <extensions>
          <gpxtpx:TrackPointExtension>
            <gpxtpx:hr>160</gpxtpx:hr>
          </gpxtpx:TrackPointExtension>
        </extensions>
      </trkpt>
      <trkpt lat="31.916185475377716" lon="120.57727898422145">
        <ele>2.8325640680268407</ele>
        <time>1970-01-01T00:16:57.500000Z</time>
        <extensions>
          <gpxtpx:TrackPointExtension>
            <gpxtpx:hr>160</gpxtpx:hr>
          </gpxtpx:TrackPointExtension>
        </extensions>
      </trkpt>
      <trkpt lat="31.91619699156224" lon="120.57726039459735">
        <ele>2.910513984039426</ele>
        <time>1970-01-01T00:16:58.500000Z</time>
        <extensions>
          <gpxtpx:TrackPointExtension>
            <gpxtpx:hr>160</gpxtpx:hr>
          </gpxtpx:TrackPointExtension>
        </extensions>
      </trkpt>
      <trkpt lat="31.91621124630771" lon="120.57724525923472">
        <ele>2.987400811165571</ele>
        <time>1970-01-01T00:16:59.500000Z</time>
        <extensions>
          <gpxtpx:TrackPointExtension>
            <gpxtpx:hr>160</gpxtpx:hr>
          </gpxtpx:TrackPointExtension>
        </extensions>
      </trkpt>
      <trkpt lat="31.916228707767118" lon="120.57723421762338">
        <ele>3.0632978547364473</ele>
        <time>1970-01-01T00:17:00.500000Z</time>
        <extensions>
          <gpxtpx:TrackPointExtension>
            <gpxtpx:hr>160</gpxtpx:hr>
          </gpxtpx:TrackPointExtension>
        </extensions>
      </trkpt>
      <trkpt lat="31.916248735352987" lon="120.57722873243223">
        <ele>3.1452209083363414</ele>
        <time>1970-01-01T00:17:01.500000Z</time>
        <extensions>
          <gpxtpx:TrackPointExtension>
            <gpxtpx:hr>160</gpxtpx:hr>
          </gpxtpx:TrackPointExtension>
        </extensions>
      </trkpt>
      <trkpt lat="31.91627011052303" lon="120.57723085424875">
        <ele>3.2255993895232677</ele>
        <time>1970-01-01T00:17:02.500000Z</time>
        <extensions>
          <gpxtpx:TrackPointExtension>
            <gpxtpx:hr>157</gpxtpx:hr>
          </gpxtpx:TrackPointExtension>
        </extensions>
      </trkpt>
      <trkpt lat="31.916292020748614" lon="120.5772395166468">
        <ele>3.341705359518528</ele>
        <time>1970-01-01T00:17:03.500000Z</time>
        <extensions>
          <gpxtpx:TrackPointExtension>
            <gpxtpx:hr>157</gpxtpx:hr>
          </gpxtpx:TrackPointExtension>
        </extensions>
      </trkpt>
      <trkpt lat="31.916313185818908" lon="120.5772510766678">
        <ele>3.481046221219003</ele>
        <time>1970-01-01T00:17:04.500000Z</time>
        <extensions>
          <gpxtpx:TrackPointExtension>
            <gpxtpx:hr>157</gpxtpx:hr>
          </gpxtpx:TrackPointExtension>
        </extensions>
      </trkpt>
      <trkpt lat="31.916333390933932" lon="120.57726296858537">
        <ele>3.6277092350646853</ele>
        <time>1970-01-01T00:17:05.500000Z</time>
        <extensions>
          <gpxtpx:TrackPointExtension>
            <gpxtpx:hr>157</gpxtpx:hr>
          </gpxtpx:TrackPointExtension>
        </extensions>
      </trkpt>
      <trkpt lat="31.916353525173346" lon="120.57727401785884">
        <ele>3.792980894446373</ele>
        <time>1970-01-01T00:17:06.500000Z</time>
        <extensions>
          <gpxtpx:TrackPointExtension>
            <gpxtpx:hr>157</gpxtpx:hr>
          </gpxtpx:TrackPointExtension>
        </extensions>
      </trkpt>
      <trkpt lat="31.916373664891232" lon="120.57728407875159">
        <ele>3.9596355222165585</ele>
        <time>1970-01-01T00:17:07.500000Z</time>
        <extensions>
          <gpxtpx:TrackPointExtension>
            <gpxtpx:hr>156</gpxtpx:hr>
          </gpxtpx:TrackPointExtension>
        </extensions>
      </trkpt>
      <trkpt lat="31.91639356798826" lon="120.5772935748641">
        <ele>4.1082416623830795</ele>
        <time>1970-01-01T00:17:08.500000Z</time>
        <extensions>
          <gpxtpx:TrackPointExtension>
            <gpxtpx:hr>156</gpxtpx:hr>
          </gpxtpx:TrackPointExtension>
        </extensions>
      </trkpt>
      <trkpt lat="31.91641322162484" lon="120.5773032197283">
        <ele>4.268633782863617</ele>
        <time>1970-01-01T00:17:09.500000Z</time>
        <extensions>
          <gpxtpx:TrackPointExtension>
            <gpxtpx:hr>156</gpxtpx:hr>
          </gpxtpx:TrackPointExtension>
        </extensions>
      </trkpt>
      <trkpt lat="31.91643258891755" lon="120.57731265872762">
        <ele>4.425729948095977</ele>
        <time>1970-01-01T00:17:10.500000Z</time>
        <extensions>
          <gpxtpx:TrackPointExtension>
            <gpxtpx:hr>156</gpxtpx:hr>
          </gpxtpx:TrackPointExtension>
        </extensions>
      </trkpt>
      <trkpt lat="31.91645182918421" lon="120.57732069616729">
        <ele>4.571779893711209</ele>
        <time>1970-01-01T00:17:11.500000Z</time>
        <extensions>
          <gpxtpx:TrackPointExtension>
            <gpxtpx:hr>155</gpxtpx:hr>
          </gpxtpx:TrackPointExtension>
        </extensions>
      </trkpt>
      <trkpt lat="31.916471448003055" lon="120.57732623320915">
        <ele>4.718139434233308</ele>
        <time>1970-01-01T00:17:12.500000Z</time>
        <extensions>
          <gpxtpx:TrackPointExtension>
            <gpxtpx:hr>155</gpxtpx:hr>
          </gpxtpx:TrackPointExtension>
        </extensions>
      </trkpt>
      <trkpt lat="31.91649223819496" lon="120.57732753957643">
        <ele>4.859408120624721</ele>
        <time>1970-01-01T00:17:13.500000Z</time>
        <extensions>
          <gpxtpx:TrackPointExtension>
            <gpxtpx:hr>155</gpxtpx:hr>
          </gpxtpx:TrackPointExtension>
        </extensions>
      </trkpt>
      <trkpt lat="31.916514425406525" lon="120.57732439065697">
        <ele>4.97124198731035</ele>
        <time>1970-01-01T00:17:14.500000Z</time>
        <extensions>
          <gpxtpx:TrackPointExtension>
            <gpxtpx:hr>155</gpxtpx:hr>
          </gpxtpx:TrackPointExtension>
        </extensions>
      </trkpt>
      <trkpt lat="31.916536864390952" lon="120.57731935644063">
        <ele>5.073238506913185</ele>
        <time>1970-01-01T00:17:15.500000Z</time>
        <extensions>
          <gpxtpx:TrackPointExtension>
            <gpxtpx:hr>156</gpxtpx:hr>
          </gpxtpx:TrackPointExtension>
        </extensions>
      </trkpt>
      <trkpt lat="31.916557940507328" lon="120.57731698227515">
        <ele>5.145026180893183</ele>
        <time>1970-01-01T00:17:16.500000Z</time>
        <extensions>
          <gpxtpx:TrackPointExtension>
            <gpxtpx:hr>156</gpxtpx:hr>
          </gpxtpx:TrackPointExtension>
        </extensions>
      </trkpt>
      <trkpt lat="31.91657660171353" lon="120.57732059029956">
        <ele>5.19131266977638</ele>
        <time>1970-01-01T00:17:17.500000Z</time>
        <extensions>
          <gpxtpx:TrackPointExtension>
            <gpxtpx:hr>156</gpxtpx:hr>
          </gpxtpx:TrackPointExtension>
        </extensions>
      </trkpt>
      <trkpt lat="31.91659288826551" lon="120.57733072157963">
        <ele>5.216556875035167</ele>
        <time>1970-01-01T00:17:18.500000Z</time>
        <extensions>
          <gpxtpx:TrackPointExtension>
            <gpxtpx:hr>156</gpxtpx:hr>
          </gpxtpx:TrackPointExtension>
        </extensions>
      </trkpt>
      <trkpt lat="31.916608314783463" lon="120.57734476427922">
        <ele>5.221053678542376</ele>
        <time>1970-01-01T00:17:19.500000Z</time>
        <extensions>
          <gpxtpx:TrackPointExtension>
            <gpxtpx:hr>156</gpxtpx:hr>
          </gpxtpx:TrackPointExtension>
        </extensions>
      </trkpt>
      <trkpt lat="31.91662430163839" lon="120.5773589069163">
        <ele>5.198844037018716</ele>
        <time>1970-01-01T00:17:20.500000Z</time>
        <extensions>
          <gpxtpx:TrackPointExtension>
            <gpxtpx:hr>157</gpxtpx:hr>
          </gpxtpx:TrackPointExtension>
        </extensions>
      </trkpt>
      <trkpt lat="31.91664086179585" lon="120.57737208721325">
        <ele>5.151552487164736</ele>
        <time>1970-01-01T00:17:21.500000Z</time>
        <extensions>
          <gpxtpx:TrackPointExtension>
            <gpxtpx:hr>157</gpxtpx:hr>
          </gpxtpx:TrackPointExtension>
        </extensions>
      </trkpt>
      <trkpt lat="31.91665799685458" lon="120.57738409708924">
        <ele>5.090273215435445</ele>
        <time>1970-01-01T00:17:22.500000Z</time>
        <extensions>
          <gpxtpx:TrackPointExtension>
            <gpxtpx:hr>157</gpxtpx:hr>
          </gpxtpx:TrackPointExtension>
        </extensions>
      </trkpt>
      <trkpt lat="31.91667517639015" lon="120.57739616393494">
        <ele>5.019557154737413</ele>
        <time>1970-01-01T00:17:23.500000Z</time>
        <extensions>
          <gpxtpx:TrackPointExtension>
            <gpxtpx:hr>157</gpxtpx:hr>
          </gpxtpx:TrackPointExtension>
        </extensions>
      </trkpt>
      <trkpt lat="31.91669156995637" lon="120.57740886971568">
        <ele>4.93697180505842</ele>
        <time>1970-01-01T00:17:24.500000Z</time>
        <extensions>
          <gpxtpx:TrackPointExtension>
            <gpxtpx:hr>157</gpxtpx:hr>
          </gpxtpx:TrackPointExtension>
        </extensions>
      </trkpt>
      <trkpt lat="31.916707894045825" lon="120.57742096278928">
        <ele>4.835157132707536</ele>
        <time>1970-01-01T00:17:25.500000Z</time>
        <extensions>
          <gpxtpx:TrackPointExtension>
            <gpxtpx:hr>157</gpxtpx:hr>
          </gpxtpx:TrackPointExtension>
        </extensions>
      </trkpt>
      <trkpt lat="31.91672416695382" lon="120.57743273991612">
        <ele>4.731721239164472</ele>
        <time>1970-01-01T00:17:26.500000Z</time>
        <extensions>
          <gpxtpx:TrackPointExtension>
            <gpxtpx:hr>157</gpxtpx:hr>
          </gpxtpx:TrackPointExtension>
        </extensions>
      </trkpt>
      <trkpt lat="31.916740129310543" lon="120.57744438720626">
        <ele>4.614466201514006</ele>
        <time>1970-01-01T00:17:27.500000Z</time>
        <extensions>
          <gpxtpx:TrackPointExtension>
            <gpxtpx:hr>158</gpxtpx:hr>
          </gpxtpx:TrackPointExtension>
        </extensions>
      </trkpt>
      <trkpt lat="31.916756271410158" lon="120.57745585405723">
        <ele>4.5028915936127305</ele>
        <time>1970-01-01T00:17:28.500000Z</time>
        <extensions>
          <gpxtpx:TrackPointExtension>
            <gpxtpx:hr>158</gpxtpx:hr>
          </gpxtpx:TrackPointExtension>
        </extensions>
      </trkpt>
      <trkpt lat="31.916773178321026" lon="120.57746748001603">
        <ele>4.383275432512164</ele>
        <time>1970-01-01T00:17:29.500000Z</time>
        <extensions>
          <gpxtpx:TrackPointExtension>
            <gpxtpx:hr>158</gpxtpx:hr>
          </gpxtpx:TrackPointExtension>
        </extensions>
      </trkpt>
      <trkpt lat="31.916790499948625" lon="120.57747989499028">
        <ele>4.265816238708794</ele>
        <time>1970-01-01T00:17:30.500000Z</time>
        <extensions>
          <gpxtpx:TrackPointExtension>
            <gpxtpx:hr>158</gpxtpx:hr>
          </gpxtpx:TrackPointExtension>
        </extensions>
      </trkpt>
      <trkpt lat="31.916807471347504" lon="120.57749262655882">
        <ele>4.141494356095791</ele>
        <time>1970-01-01T00:17:31.500000Z</time>
        <extensions>
          <gpxtpx:TrackPointExtension>
            <gpxtpx:hr>158</gpxtpx:hr>
          </gpxtpx:TrackPointExtension>
        </extensions>
      </trkpt>
      <trkpt lat="31.91682419698854" lon="120.57750534478666">
        <ele>4.034030738286674</ele>
        <time>1970-01-01T00:17:32.500000Z</time>
        <extensions>
          <gpxtpx:TrackPointExtension>
            <gpxtpx:hr>158</gpxtpx:hr>
          </gpxtpx:TrackPointExtension>
        </extensions>
      </trkpt>
      <trkpt lat="31.916841204079972" lon="120.57751730873528">
        <ele>3.932066078297794</ele>
        <time>1970-01-01T00:17:33.500000Z</time>
        <extensions>
          <gpxtpx:TrackPointExtension>
            <gpxtpx:hr>158</gpxtpx:hr>
          </gpxtpx:TrackPointExtension>
        </extensions>
      </trkpt>
      <trkpt lat="31.916858537831857" lon="120.57752797243737">
        <ele>3.8374133920297027</ele>
        <time>1970-01-01T00:17:34.500000Z</time>
        <extensions>
          <gpxtpx:TrackPointExtension>
            <gpxtpx:hr>158</gpxtpx:hr>
          </gpxtpx:TrackPointExtension>
        </extensions>
      </trkpt>
      <trkpt lat="31.916876206284243" lon="120.57753765023786">
        <ele>3.7439686758443713</ele>
        <time>1970-01-01T00:17:35.500000Z</time>
        <extensions>
          <gpxtpx:TrackPointExtension>
            <gpxtpx:hr>158</gpxtpx:hr>
          </gpxtpx:TrackPointExtension>
        </extensions>
      </trkpt>
      <trkpt lat="31.91689422508823" lon="120.57754699063007">
        <ele>3.6564949322491884</ele>
        <time>1970-01-01T00:17:36.500000Z</time>
        <extensions>
          <gpxtpx:TrackPointExtension>
            <gpxtpx:hr>158</gpxtpx:hr>
          </gpxtpx:TrackPointExtension>
        </extensions>
      </trkpt>
      <trkpt lat="31.91691252048553" lon="120.57755667851825">
        <ele>3.589316863566637</ele>
        <time>1970-01-01T00:17:37.500000Z</time>
        <extensions>
          <gpxtpx:TrackPointExtension>
            <gpxtpx:hr>158</gpxtpx:hr>
          </gpxtpx:TrackPointExtension>
        </extensions>
      </trkpt>
      <trkpt lat="31.91693101645267" lon="120.57756649667033">
        <ele>3.5286119328811765</ele>
        <time>1970-01-01T00:17:38.500000Z</time>
        <extensions>
          <gpxtpx:TrackPointExtension>
            <gpxtpx:hr>158</gpxtpx:hr>
          </gpxtpx:TrackPointExtension>
        </extensions>
      </trkpt>
      <trkpt lat="31.91694937424075" lon="120.57757632885529">
        <ele>3.4641937240958214</ele>
        <time>1970-01-01T00:17:39.500000Z</time>
        <extensions>
          <gpxtpx:TrackPointExtension>
            <gpxtpx:hr>158</gpxtpx:hr>
          </gpxtpx:TrackPointExtension>
        </extensions>
      </trkpt>
      <trkpt lat="31.916967799187518" lon="120.57758578401553">
        <ele>3.4092540675774217</ele>
        <time>1970-01-01T00:17:40.500000Z</time>
        <extensions>
          <gpxtpx:TrackPointExtension>
            <gpxtpx:hr>158</gpxtpx:hr>
          </gpxtpx:TrackPointExtension>
        </extensions>
      </trkpt>
      <trkpt lat="31.916986249424358" lon="120.57759534912326">
        <ele>3.3757561584934592</ele>
        <time>1970-01-01T00:17:41.500000Z</time>
        <extensions>
          <gpxtpx:TrackPointExtension>
            <gpxtpx:hr>158</gpxtpx:hr>
          </gpxtpx:TrackPointExtension>
        </extensions>
      </trkpt>
      <trkpt lat="31.917004746641076" lon="120.5776048904082">
        <ele>3.3588242502883077</ele>
        <time>1970-01-01T00:17:42.500000Z</time>
        <extensions>
          <gpxtpx:TrackPointExtension>
            <gpxtpx:hr>158</gpxtpx:hr>
          </gpxtpx:TrackPointExtension>
        </extensions>
      </trkpt>
      <trkpt lat="31.917023402412543" lon="120.57761419728145">
        <ele>3.3571855248883367</ele>
        <time>1970-01-01T00:17:43.500000Z</time>
        <extensions>
          <gpxtpx:TrackPointExtension>
            <gpxtpx:hr>158</gpxtpx:hr>
          </gpxtpx:TrackPointExtension>
        </extensions>
      </trkpt>
      <trkpt lat="31.917042230700638" lon="120.57762364025112">
        <ele>3.3519423631951213</ele>
        <time>1970-01-01T00:17:44.500000Z</time>
        <extensions>
          <gpxtpx:TrackPointExtension>
            <gpxtpx:hr>158</gpxtpx:hr>
          </gpxtpx:TrackPointExtension>
        </extensions>
      </trkpt>
      <trkpt lat="31.91706107123223" lon="120.57763369217933">
        <ele>3.364350917749107</ele>
        <time>1970-01-01T00:17:45.500000Z</time>
        <extensions>
          <gpxtpx:TrackPointExtension>
            <gpxtpx:hr>158</gpxtpx:hr>
          </gpxtpx:TrackPointExtension>
        </extensions>
      </trkpt>
      <trkpt lat="31.917079703509707" lon="120.577643942919">
        <ele>3.3863607132807374</ele>
        <time>1970-01-01T00:17:46.500000Z</time>
        <extensions>
          <gpxtpx:TrackPointExtension>
            <gpxtpx:hr>157</gpxtpx:hr>
          </gpxtpx:TrackPointExtension>
        </extensions>
      </trkpt>
      <trkpt lat="31.917098597548947" lon="120.57765336858489">
        <ele>3.4192157266661525</ele>
        <time>1970-01-01T00:17:47.500000Z</time>
        <extensions>
          <gpxtpx:TrackPointExtension>
            <gpxtpx:hr>157</gpxtpx:hr>
          </gpxtpx:TrackPointExtension>
        </extensions>
      </trkpt>
      <trkpt lat="31.917117700156982" lon="120.57766225432051">
        <ele>3.4436287991702557</ele>
        <time>1970-01-01T00:17:48.500000Z</time>
        <extensions>
          <gpxtpx:TrackPointExtension>
            <gpxtpx:hr>157</gpxtpx:hr>
          </gpxtpx:TrackPointExtension>
        </extensions>
      </trkpt>
      <trkpt lat="31.917136205996457" lon="120.57767094837358">
        <ele>3.481127867475152</ele>
        <time>1970-01-01T00:17:49.500000Z</time>
        <extensions>
          <gpxtpx:TrackPointExtension>
            <gpxtpx:hr>157</gpxtpx:hr>
          </gpxtpx:TrackPointExtension>
        </extensions>
      </trkpt>
      <trkpt lat="31.917154597891248" lon="120.57767958395836">
        <ele>3.507731650955975</ele>
        <time>1970-01-01T00:17:50.500000Z</time>
        <extensions>
          <gpxtpx:TrackPointExtension>
            <gpxtpx:hr>154</gpxtpx:hr>
          </gpxtpx:TrackPointExtension>
        </extensions>
      </trkpt>
      <trkpt lat="31.91717358346533" lon="120.57768833561099">
        <ele>3.5464219823479652</ele>
        <time>1970-01-01T00:17:51.500000Z</time>
        <extensions>
          <gpxtpx:TrackPointExtension>
            <gpxtpx:hr>154</gpxtpx:hr>
          </gpxtpx:TrackPointExtension>
        </extensions>
      </trkpt>
      <trkpt lat="31.917192803146367" lon="120.57769761283431">
        <ele>3.5764701133593917</ele>
        <time>1970-01-01T00:17:52.500000Z</time>
        <extensions>
          <gpxtpx:TrackPointExtension>
            <gpxtpx:hr>154</gpxtpx:hr>
          </gpxtpx:TrackPointExtension>
        </extensions>
      </trkpt>
      <trkpt lat="31.917211857702167" lon="120.57770743157077">
        <ele>3.6128878723829985</ele>
        <time>1970-01-01T00:17:53.500000Z</time>
        <extensions>
          <gpxtpx:TrackPointExtension>
            <gpxtpx:hr>154</gpxtpx:hr>
          </gpxtpx:TrackPointExtension>
        </extensions>
      </trkpt>
      <trkpt lat="31.91723086058545" lon="120.57771722068945">
        <ele>3.652608685195446</ele>
        <time>1970-01-01T00:17:54.500000Z</time>
        <extensions>
          <gpxtpx:TrackPointExtension>
            <gpxtpx:hr>154</gpxtpx:hr>
          </gpxtpx:TrackPointExtension>
        </extensions>
      </trkpt>
      <trkpt lat="31.917249694112904" lon="120.57772742157202">
        <ele>3.6877740966156125</ele>
        <time>1970-01-01T00:17:55.500000Z</time>
        <extensions>
          <gpxtpx:TrackPointExtension>
            <gpxtpx:hr>154</gpxtpx:hr>
          </gpxtpx:TrackPointExtension>
        </extensions>
      </trkpt>
      <trkpt lat="31.917268311443824" lon="120.57773827533093">
        <ele>3.7213932489976287</ele>
        <time>1970-01-01T00:17:56.500000Z</time>
        <extensions>
          <gpxtpx:TrackPointExtension>
            <gpxtpx:hr>159</gpxtpx:hr>
          </gpxtpx:TrackPointExtension>
        </extensions>
      </trkpt>
      <trkpt lat="31.91728713363626" lon="120.57774937956965">
        <ele>3.752880818210542</ele>
        <time>1970-01-01T00:17:57.500000Z</time>
        <extensions>
          <gpxtpx:TrackPointExtension>
            <gpxtpx:hr>159</gpxtpx:hr>
          </gpxtpx:TrackPointExtension>
        </extensions>
      </trkpt>
      <trkpt lat="31.917306481169966" lon="120.57776026878899">
        <ele>3.7755665704607964</ele>
        <time>1970-01-01T00:17:58.500000Z</time>
        <extensions>
          <gpxtpx:TrackPointExtension>
            <gpxtpx:hr>159</gpxtpx:hr>
          </gpxtpx:TrackPointExtension>
        </extensions>
      </trkpt>
      <trkpt lat="31.917326087784197" lon="120.57777113476061">
        <ele>3.788243740797043</ele>
        <time>1970-01-01T00:17:59.500000Z</time>
        <extensions>
          <gpxtpx:TrackPointExtension>
            <gpxtpx:hr>159</gpxtpx:hr>
          </gpxtpx:TrackPointExtension>
        </extensions>
      </trkpt>
      <trkpt lat="31.91734546654817" lon="120.5777811997144">
        <ele>3.7879515569657087</ele>
        <time>1970-01-01T00:18:00.500000Z</time>
        <extensions>
          <gpxtpx:TrackPointExtension>
            <gpxtpx:hr>159</gpxtpx:hr>
          </gpxtpx:TrackPointExtension>
        </extensions>
      </trkpt>
      <trkpt lat="31.917364499237475" lon="120.57779046485877">
        <ele>3.7871641172096133</ele>
        <time>1970-01-01T00:18:01.500000Z</time>
        <extensions>
          <gpxtpx:TrackPointExtension>
            <gpxtpx:hr>159</gpxtpx:hr>
          </gpxtpx:TrackPointExtension>
        </extensions>
      </trkpt>
      <trkpt lat="31.917383386956928" lon="120.57779992474588">
        <ele>3.779912507161498</ele>
        <time>1970-01-01T00:18:02.500000Z</time>
        <extensions>
          <gpxtpx:TrackPointExtension>
            <gpxtpx:hr>159</gpxtpx:hr>
          </gpxtpx:TrackPointExtension>
        </extensions>
      </trkpt>
      <trkpt lat="31.91740253053899" lon="120.57780880933615">
        <ele>3.763984812423587</ele>
        <time>1970-01-01T00:18:03.500000Z</time>
        <extensions>
          <gpxtpx:TrackPointExtension>
            <gpxtpx:hr>159</gpxtpx:hr>
          </gpxtpx:TrackPointExtension>
        </extensions>
      </trkpt>
      <trkpt lat="31.917421842733386" lon="120.57781779575544">
        <ele>3.750406753271818</ele>
        <time>1970-01-01T00:18:04.500000Z</time>
        <extensions>
          <gpxtpx:TrackPointExtension>
            <gpxtpx:hr>159</gpxtpx:hr>
          </gpxtpx:TrackPointExtension>
        </extensions>
      </trkpt>
      <trkpt lat="31.917441137944326" lon="120.57782718959234">
        <ele>3.7427547462284565</ele>
        <time>1970-01-01T00:18:05.500000Z</time>
        <extensions>
          <gpxtpx:TrackPointExtension>
            <gpxtpx:hr>159</gpxtpx:hr>
          </gpxtpx:TrackPointExtension>
        </extensions>
      </trkpt>
      <trkpt lat="31.917460546677457" lon="120.57783660563017">
        <ele>3.731220878660679</ele>
        <time>1970-01-01T00:18:06.500000Z</time>
        <extensions>
          <gpxtpx:TrackPointExtension>
            <gpxtpx:hr>159</gpxtpx:hr>
          </gpxtpx:TrackPointExtension>
        </extensions>
      </trkpt>
      <trkpt lat="31.917480083356146" lon="120.57784558525576">
        <ele>3.7058231960982084</ele>
        <time>1970-01-01T00:18:07.500000Z</time>
        <extensions>
          <gpxtpx:TrackPointExtension>
            <gpxtpx:hr>159</gpxtpx:hr>
          </gpxtpx:TrackPointExtension>
        </extensions>
      </trkpt>
      <trkpt lat="31.91749928678899" lon="120.57785484634903">
        <ele>3.6868711160495877</ele>
        <time>1970-01-01T00:18:08.500000Z</time>
        <extensions>
          <gpxtpx:TrackPointExtension>
            <gpxtpx:hr>159</gpxtpx:hr>
          </gpxtpx:TrackPointExtension>
        </extensions>
      </trkpt>
      <trkpt lat="31.917518074546752" lon="120.57786472060764">
        <ele>3.6624471293762326</ele>
        <time>1970-01-01T00:18:09.500000Z</time>
        <extensions>
          <gpxtpx:TrackPointExtension>
            <gpxtpx:hr>159</gpxtpx:hr>
          </gpxtpx:TrackPointExtension>
        </extensions>
      </trkpt>
      <trkpt lat="31.917536831995083" lon="120.5778747540333">
        <ele>3.6518774582073092</ele>
        <time>1970-01-01T00:18:10.500000Z</time>
        <extensions>
          <gpxtpx:TrackPointExtension>
            <gpxtpx:hr>159</gpxtpx:hr>
          </gpxtpx:TrackPointExtension>
        </extensions>
      </trkpt>
      <trkpt lat="31.917555626578757" lon="120.5778847425376">
        <ele>3.638023579493165</ele>
        <time>1970-01-01T00:18:11.500000Z</time>
        <extensions>
          <gpxtpx:TrackPointExtension>
            <gpxtpx:hr>159</gpxtpx:hr>
          </gpxtpx:TrackPointExtension>
        </extensions>
      </trkpt>
      <trkpt lat="31.917574314743323" lon="120.5778944009546">
        <ele>3.626358243636787</ele>
        <time>1970-01-01T00:18:12.500000Z</time>
        <extensions>
          <gpxtpx:TrackPointExtension>
            <gpxtpx:hr>159</gpxtpx:hr>
          </gpxtpx:TrackPointExtension>
        </extensions>
      </trkpt>
      <trkpt lat="31.91759293432946" lon="120.5779035100181">
        <ele>3.6121306773275137</ele>
        <time>1970-01-01T00:18:13.500000Z</time>
        <extensions>
          <gpxtpx:TrackPointExtension>
            <gpxtpx:hr>159</gpxtpx:hr>
          </gpxtpx:TrackPointExtension>
        </extensions>
      </trkpt>
      <trkpt lat="31.917611881279406" lon="120.57791188363977">
        <ele>3.6076548537239432</ele>
        <time>1970-01-01T00:18:14.500000Z</time>
        <extensions>
          <gpxtpx:TrackPointExtension>
            <gpxtpx:hr>159</gpxtpx:hr>
          </gpxtpx:TrackPointExtension>
        </extensions>
      </trkpt>
      <trkpt lat="31.917631237466875" lon="120.57792001868864">
        <ele>3.6066022040322423</ele>
        <time>1970-01-01T00:18:15.500000Z</time>
        <extensions>
          <gpxtpx:TrackPointExtension>
            <gpxtpx:hr>161</gpxtpx:hr>
          </gpxtpx:TrackPointExtension>
        </extensions>
      </trkpt>
      <trkpt lat="31.91765093665106" lon="120.57792810069165">
        <ele>3.626783917658031</ele>
        <time>1970-01-01T00:18:16.500000Z</time>
        <extensions>
          <gpxtpx:TrackPointExtension>
            <gpxtpx:hr>161</gpxtpx:hr>
          </gpxtpx:TrackPointExtension>
        </extensions>
      </trkpt>
      <trkpt lat="31.917670628308816" lon="120.57793681568694">
        <ele>3.6350695258006454</ele>
        <time>1970-01-01T00:18:17.500000Z</time>
        <extensions>
          <gpxtpx:TrackPointExtension>
            <gpxtpx:hr>161</gpxtpx:hr>
          </gpxtpx:TrackPointExtension>
        </extensions>
      </trkpt>
      <trkpt lat="31.91768982237273" lon="120.57794609765348">
        <ele>3.651940969750285</ele>
        <time>1970-01-01T00:18:18.500000Z</time>
        <extensions>
          <gpxtpx:TrackPointExtension>
            <gpxtpx:hr>161</gpxtpx:hr>
          </gpxtpx:TrackPointExtension>
        </extensions>
      </trkpt>
      <trkpt lat="31.917708553282043" lon="120.57795606911587">
        <ele>3.663853378035128</ele>
        <time>1970-01-01T00:18:19.500000Z</time>
        <extensions>
          <gpxtpx:TrackPointExtension>
            <gpxtpx:hr>161</gpxtpx:hr>
          </gpxtpx:TrackPointExtension>
        </extensions>
      </trkpt>
      <trkpt lat="31.91772711108988" lon="120.57796627995971">
        <ele>3.685388434678316</ele>
        <time>1970-01-01T00:18:20.500000Z</time>
        <extensions>
          <gpxtpx:TrackPointExtension>
            <gpxtpx:hr>161</gpxtpx:hr>
          </gpxtpx:TrackPointExtension>
        </extensions>
      </trkpt>
      <trkpt lat="31.917745903157822" lon="120.57797633382647">
        <ele>3.6968903113156557</ele>
        <time>1970-01-01T00:18:21.500000Z</time>
        <extensions>
          <gpxtpx:TrackPointExtension>
            <gpxtpx:hr>161</gpxtpx:hr>
          </gpxtpx:TrackPointExtension>
        </extensions>
      </trkpt>
      <trkpt lat="31.917764909978555" lon="120.57798647260131">
        <ele>3.7119185645133257</ele>
        <time>1970-01-01T00:18:22.500000Z</time>
        <extensions>
          <gpxtpx:TrackPointExtension>
            <gpxtpx:hr>161</gpxtpx:hr>
          </gpxtpx:TrackPointExtension>
        </extensions>
      </trkpt>
      <trkpt lat="31.91778428013651" lon="120.57799588593564">
        <ele>3.724026758223772</ele>
        <time>1970-01-01T00:18:23.500000Z</time>
        <extensions>
          <gpxtpx:TrackPointExtension>
            <gpxtpx:hr>161</gpxtpx:hr>
          </gpxtpx:TrackPointExtension>
        </extensions>
      </trkpt>
      <trkpt lat="31.91780398218322" lon="120.57800488070889">
        <ele>3.7452652798965573</ele>
        <time>1970-01-01T00:18:24.500000Z</time>
        <extensions>
          <gpxtpx:TrackPointExtension>
            <gpxtpx:hr>161</gpxtpx:hr>
          </gpxtpx:TrackPointExtension>
        </extensions>
      </trkpt>
      <trkpt lat="31.917823957941184" lon="120.57801404031768">
        <ele>3.7640721639618278</ele>
        <time>1970-01-01T00:18:25.500000Z</time>
        <extensions>
          <gpxtpx:TrackPointExtension>
            <gpxtpx:hr>161</gpxtpx:hr>
          </gpxtpx:TrackPointExtension>
        </extensions>
      </trkpt>
      <trkpt lat="31.91784388916725" lon="120.57802374241793">
        <ele>3.7907713437452912</ele>
        <time>1970-01-01T00:18:26.500000Z</time>
        <extensions>
          <gpxtpx:TrackPointExtension>
            <gpxtpx:hr>161</gpxtpx:hr>
          </gpxtpx:TrackPointExtension>
        </extensions>
      </trkpt>
      <trkpt lat="31.917863213102276" lon="120.57803365049358">
        <ele>3.8133653104305267</ele>
        <time>1970-01-01T00:18:27.500000Z</time>
        <extensions>
          <gpxtpx:TrackPointExtension>
            <gpxtpx:hr>161</gpxtpx:hr>
          </gpxtpx:TrackPointExtension>
        </extensions>
      </trkpt>
      <trkpt lat="31.917882281379406" lon="120.57804348677914">
        <ele>3.840602131560445</ele>
        <time>1970-01-01T00:18:28.500000Z</time>
        <extensions>
          <gpxtpx:TrackPointExtension>
            <gpxtpx:hr>161</gpxtpx:hr>
          </gpxtpx:TrackPointExtension>
        </extensions>
      </trkpt>
      <trkpt lat="31.917901421996977" lon="120.5780533430087">
        <ele>3.8607590682804585</ele>
        <time>1970-01-01T00:18:29.500000Z</time>
        <extensions>
          <gpxtpx:TrackPointExtension>
            <gpxtpx:hr>161</gpxtpx:hr>
          </gpxtpx:TrackPointExtension>
        </extensions>
      </trkpt>
      <trkpt lat="31.917920450585687" lon="120.57806345632152">
        <ele>3.8873972287401557</ele>
        <time>1970-01-01T00:18:30.500000Z</time>
        <extensions>
          <gpxtpx:TrackPointExtension>
            <gpxtpx:hr>161</gpxtpx:hr>
          </gpxtpx:TrackPointExtension>
        </extensions>
      </trkpt>
      <trkpt lat="31.917939166488587" lon="120.5780736482305">
        <ele>3.915594411082566</ele>
        <time>1970-01-01T00:18:31.500000Z</time>
        <extensions>
          <gpxtpx:TrackPointExtension>
            <gpxtpx:hr>161</gpxtpx:hr>
          </gpxtpx:TrackPointExtension>
        </extensions>
      </trkpt>
      <trkpt lat="31.917957766106802" lon="120.5780837423624">
        <ele>3.9443041030317545</ele>
        <time>1970-01-01T00:18:32.500000Z</time>
        <extensions>
          <gpxtpx:TrackPointExtension>
            <gpxtpx:hr>161</gpxtpx:hr>
          </gpxtpx:TrackPointExtension>
        </extensions>
      </trkpt>
      <trkpt lat="31.91797676176507" lon="120.57809369258142">
        <ele>3.9813348930329084</ele>
        <time>1970-01-01T00:18:33.500000Z</time>
        <extensions>
          <gpxtpx:TrackPointExtension>
            <gpxtpx:hr>161</gpxtpx:hr>
          </gpxtpx:TrackPointExtension>
        </extensions>
      </trkpt>
      <trkpt lat="31.917996245089885" lon="120.57810310787609">
        <ele>4.014587055891752</ele>
        <time>1970-01-01T00:18:34.500000Z</time>
        <extensions>
          <gpxtpx:TrackPointExtension>
            <gpxtpx:hr>161</gpxtpx:hr>
          </gpxtpx:TrackPointExtension>
        </extensions>
      </trkpt>
      <trkpt lat="31.918015569536863" lon="120.5781126589994">
        <ele>4.047537856735289</ele>
        <time>1970-01-01T00:18:35.500000Z</time>
        <extensions>
          <gpxtpx:TrackPointExtension>
            <gpxtpx:hr>161</gpxtpx:hr>
          </gpxtpx:TrackPointExtension>
        </extensions>
      </trkpt>
      <trkpt lat="31.91803453702744" lon="120.57812237873607">
        <ele>4.082760280929506</ele>
        <time>1970-01-01T00:18:36.500000Z</time>
        <extensions>
          <gpxtpx:TrackPointExtension>
            <gpxtpx:hr>161</gpxtpx:hr>
          </gpxtpx:TrackPointExtension>
        </extensions>
      </trkpt>
      <trkpt lat="31.918053299419523" lon="120.57813248489883">
        <ele>4.113636908121407</ele>
        <time>1970-01-01T00:18:37.500000Z</time>
        <extensions>
          <gpxtpx:TrackPointExtension>
            <gpxtpx:hr>161</gpxtpx:hr>
          </gpxtpx:TrackPointExtension>
        </extensions>
      </trkpt>
      <trkpt lat="31.918072070956722" lon="120.57814283662003">
        <ele>4.143302063457668</ele>
        <time>1970-01-01T00:18:38.500000Z</time>
        <extensions>
          <gpxtpx:TrackPointExtension>
            <gpxtpx:hr>161</gpxtpx:hr>
          </gpxtpx:TrackPointExtension>
        </extensions>
      </trkpt>
      <trkpt lat="31.918091013061737" lon="120.57815291843676">
        <ele>4.16449763532728</ele>
        <time>1970-01-01T00:18:39.500000Z</time>
        <extensions>
          <gpxtpx:TrackPointExtension>
            <gpxtpx:hr>161</gpxtpx:hr>
          </gpxtpx:TrackPointExtension>
        </extensions>
      </trkpt>
      <trkpt lat="31.91810996892689" lon="120.57816265324888">
        <ele>4.187757940962911</ele>
        <time>1970-01-01T00:18:40.500000Z</time>
        <extensions>
          <gpxtpx:TrackPointExtension>
            <gpxtpx:hr>161</gpxtpx:hr>
          </gpxtpx:TrackPointExtension>
        </extensions>
      </trkpt>
      <trkpt lat="31.918128914511968" lon="120.57817217232588">
        <ele>4.2163698095828295</ele>
        <time>1970-01-01T00:18:41.500000Z</time>
        <extensions>
          <gpxtpx:TrackPointExtension>
            <gpxtpx:hr>161</gpxtpx:hr>
          </gpxtpx:TrackPointExtension>
        </extensions>
      </trkpt>
      <trkpt lat="31.918147878337322" lon="120.57818154192817">
        <ele>4.236179613508284</ele>
        <time>1970-01-01T00:18:42.500000Z</time>
        <extensions>
          <gpxtpx:TrackPointExtension>
            <gpxtpx:hr>161</gpxtpx:hr>
          </gpxtpx:TrackPointExtension>
        </extensions>
      </trkpt>
      <trkpt lat="31.918166808563047" lon="120.57819094405892">
        <ele>4.249325811862946</ele>
        <time>1970-01-01T00:18:43.500000Z</time>
        <extensions>
          <gpxtpx:TrackPointExtension>
            <gpxtpx:hr>161</gpxtpx:hr>
          </gpxtpx:TrackPointExtension>
        </extensions>
      </trkpt>
      <trkpt lat="31.91818569532073" lon="120.57820060125029">
        <ele>4.252591951750219</ele>
        <time>1970-01-01T00:18:44.500000Z</time>
        <extensions>
          <gpxtpx:TrackPointExtension>
            <gpxtpx:hr>161</gpxtpx:hr>
          </gpxtpx:TrackPointExtension>
        </extensions>
      </trkpt>
      <trkpt lat="31.918204559131745" lon="120.57820972807122">
        <ele>4.25969251152128</ele>
        <time>1970-01-01T00:18:45.500000Z</time>
        <extensions>
          <gpxtpx:TrackPointExtension>
            <gpxtpx:hr>161</gpxtpx:hr>
          </gpxtpx:TrackPointExtension>
        </extensions>
      </trkpt>
      <trkpt lat="31.918223451211222" lon="120.57821887888475">
        <ele>4.26073033362627</ele>
        <time>1970-01-01T00:18:46.500000Z</time>
        <extensions>
          <gpxtpx:TrackPointExtension>
            <gpxtpx:hr>161</gpxtpx:hr>
          </gpxtpx:TrackPointExtension>
        </extensions>
      </trkpt>
      <trkpt lat="31.918242416793603" lon="120.57822826676276">
        <ele>4.260478870943189</ele>
        <time>1970-01-01T00:18:47.500000Z</time>
        <extensions>
          <gpxtpx:TrackPointExtension>
            <gpxtpx:hr>161</gpxtpx:hr>
          </gpxtpx:TrackPointExtension>
        </extensions>
      </trkpt>
      <trkpt lat="31.918261507201574" lon="120.5782377824425">
        <ele>4.257902035489678</ele>
        <time>1970-01-01T00:18:48.500000Z</time>
        <extensions>
          <gpxtpx:TrackPointExtension>
            <gpxtpx:hr>161</gpxtpx:hr>
          </gpxtpx:TrackPointExtension>
        </extensions>
      </trkpt>
      <trkpt lat="31.9182803935406" lon="120.57824753126026">
        <ele>4.250361194834113</ele>
        <time>1970-01-01T00:18:49.500000Z</time>
        <extensions>
          <gpxtpx:TrackPointExtension>
            <gpxtpx:hr>161</gpxtpx:hr>
          </gpxtpx:TrackPointExtension>
        </extensions>
      </trkpt>
      <trkpt lat="31.918299150649418" lon="120.57825663387824">
        <ele>4.239968595094979</ele>
        <time>1970-01-01T00:18:50.500000Z</time>
        <extensions>
          <gpxtpx:TrackPointExtension>
            <gpxtpx:hr>161</gpxtpx:hr>
          </gpxtpx:TrackPointExtension>
        </extensions>
      </trkpt>
      <trkpt lat="31.918318086937745" lon="120.5782653809688">
        <ele>4.223788402043283</ele>
        <time>1970-01-01T00:18:51.500000Z</time>
        <extensions>
          <gpxtpx:TrackPointExtension>
            <gpxtpx:hr>161</gpxtpx:hr>
          </gpxtpx:TrackPointExtension>
        </extensions>
      </trkpt>
      <trkpt lat="31.918337251711435" lon="120.57827425934977">
        <ele>4.205443697050214</ele>
        <time>1970-01-01T00:18:52.500000Z</time>
        <extensions>
          <gpxtpx:TrackPointExtension>
            <gpxtpx:hr>163</gpxtpx:hr>
          </gpxtpx:TrackPointExtension>
        </extensions>
      </trkpt>
      <trkpt lat="31.91835647900706" lon="120.57828355681654">
        <ele>4.177323934622109</ele>
        <time>1970-01-01T00:18:53.500000Z</time>
        <extensions>
          <gpxtpx:TrackPointExtension>
            <gpxtpx:hr>163</gpxtpx:hr>
          </gpxtpx:TrackPointExtension>
        </extensions>
      </trkpt>
      <trkpt lat="31.91837538068873" lon="120.5782931442557">
        <ele>4.1520646791905165</ele>
        <time>1970-01-01T00:18:54.500000Z</time>
        <extensions>
          <gpxtpx:TrackPointExtension>
            <gpxtpx:hr>163</gpxtpx:hr>
          </gpxtpx:TrackPointExtension>
        </extensions>
      </trkpt>
      <trkpt lat="31.918393669652318" lon="120.57830310573969">
        <ele>4.117612846195698</ele>
        <time>1970-01-01T00:18:55.500000Z</time>
        <extensions>
          <gpxtpx:TrackPointExtension>
            <gpxtpx:hr>163</gpxtpx:hr>
          </gpxtpx:TrackPointExtension>
        </extensions>
      </trkpt>
      <trkpt lat="31.918411616121276" lon="120.5783130851369">
        <ele>4.095591892488301</ele>
        <time>1970-01-01T00:18:56.500000Z</time>
        <extensions>
          <gpxtpx:TrackPointExtension>
            <gpxtpx:hr>163</gpxtpx:hr>
          </gpxtpx:TrackPointExtension>
        </extensions>
      </trkpt>
      <trkpt lat="31.918429854618815" lon="120.5783231412686">
        <ele>4.065640679560602</ele>
        <time>1970-01-01T00:18:57.500000Z</time>
        <extensions>
          <gpxtpx:TrackPointExtension>
            <gpxtpx:hr>164</gpxtpx:hr>
          </gpxtpx:TrackPointExtension>
        </extensions>
      </trkpt>
      <trkpt lat="31.918448428734557" lon="120.5783332234757">
        <ele>4.045568550005555</ele>
        <time>1970-01-01T00:18:58.500000Z</time>
        <extensions>
          <gpxtpx:TrackPointExtension>
            <gpxtpx:hr>164</gpxtpx:hr>
          </gpxtpx:TrackPointExtension>
        </extensions>
      </trkpt>
      <trkpt lat="31.918467401853952" lon="120.57834295680402">
        <ele>4.029985609464347</ele>
        <time>1970-01-01T00:18:59.500000Z</time>
        <extensions>
          <gpxtpx:TrackPointExtension>
            <gpxtpx:hr>164</gpxtpx:hr>
          </gpxtpx:TrackPointExtension>
        </extensions>
      </trkpt>
      <trkpt lat="31.91848640129261" lon="120.5783528709024">
        <ele>4.022933525033295</ele>
        <time>1970-01-01T00:19:00.500000Z</time>
        <extensions>
          <gpxtpx:TrackPointExtension>
            <gpxtpx:hr>165</gpxtpx:hr>
          </gpxtpx:TrackPointExtension>
        </extensions>
      </trkpt>
      <trkpt lat="31.918505301431395" lon="120.57836313978473">
        <ele>4.021929932758212</ele>
        <time>1970-01-01T00:19:01.500000Z</time>
        <extensions>
          <gpxtpx:TrackPointExtension>
            <gpxtpx:hr>165</gpxtpx:hr>
          </gpxtpx:TrackPointExtension>
        </extensions>
      </trkpt>
      <trkpt lat="31.91852441096572" lon="120.57837349066682">
        <ele>4.030558729544282</ele>
        <time>1970-01-01T00:19:02.500000Z</time>
        <extensions>
          <gpxtpx:TrackPointExtension>
            <gpxtpx:hr>165</gpxtpx:hr>
          </gpxtpx:TrackPointExtension>
        </extensions>
      </trkpt>
      <trkpt lat="31.918543645641012" lon="120.57838307823579">
        <ele>4.047546422109008</ele>
        <time>1970-01-01T00:19:03.500000Z</time>
        <extensions>
          <gpxtpx:TrackPointExtension>
            <gpxtpx:hr>165</gpxtpx:hr>
          </gpxtpx:TrackPointExtension>
        </extensions>
      </trkpt>
      <trkpt lat="31.918562661168288" lon="120.57839214089337">
        <ele>4.071013054810464</ele>
        <time>1970-01-01T00:19:04.500000Z</time>
        <extensions>
          <gpxtpx:TrackPointExtension>
            <gpxtpx:hr>165</gpxtpx:hr>
          </gpxtpx:TrackPointExtension>
        </extensions>
      </trkpt>
      <trkpt lat="31.918581201476556" lon="120.57840114112804">
        <ele>4.096095487475395</ele>
        <time>1970-01-01T00:19:05.500000Z</time>
        <extensions>
          <gpxtpx:TrackPointExtension>
            <gpxtpx:hr>165</gpxtpx:hr>
          </gpxtpx:TrackPointExtension>
        </extensions>
      </trkpt>
      <trkpt lat="31.918599293120014" lon="120.57841044699884">
        <ele>4.117083833552897</ele>
        <time>1970-01-01T00:19:06.500000Z</time>
        <extensions>
          <gpxtpx:TrackPointExtension>
            <gpxtpx:hr>165</gpxtpx:hr>
          </gpxtpx:TrackPointExtension>
        </extensions>
      </trkpt>
      <trkpt lat="31.918617132915294" lon="120.57842054022166">
        <ele>4.139057797379792</ele>
        <time>1970-01-01T00:19:07.500000Z</time>
        <extensions>
          <gpxtpx:TrackPointExtension>
            <gpxtpx:hr>165</gpxtpx:hr>
          </gpxtpx:TrackPointExtension>
        </extensions>
      </trkpt>
      <trkpt lat="31.918635023866237" lon="120.57843046346518">
        <ele>4.151653403416276</ele>
        <time>1970-01-01T00:19:08.500000Z</time>
        <extensions>
          <gpxtpx:TrackPointExtension>
            <gpxtpx:hr>165</gpxtpx:hr>
          </gpxtpx:TrackPointExtension>
        </extensions>
      </trkpt>
      <trkpt lat="31.918652988262743" lon="120.5784404363324">
        <ele>4.183671963401139</ele>
        <time>1970-01-01T00:19:09.500000Z</time>
        <extensions>
          <gpxtpx:TrackPointExtension>
            <gpxtpx:hr>165</gpxtpx:hr>
          </gpxtpx:TrackPointExtension>
        </extensions>
      </trkpt>
      <trkpt lat="31.91867093525452" lon="120.57845032187241">
        <ele>4.230024280957878</ele>
        <time>1970-01-01T00:19:10.500000Z</time>
        <extensions>
          <gpxtpx:TrackPointExtension>
            <gpxtpx:hr>165</gpxtpx:hr>
          </gpxtpx:TrackPointExtension>
        </extensions>
      </trkpt>
      <trkpt lat="31.91868885248351" lon="120.57846014684554">
        <ele>4.279255636036396</ele>
        <time>1970-01-01T00:19:11.500000Z</time>
        <extensions>
          <gpxtpx:TrackPointExtension>
            <gpxtpx:hr>165</gpxtpx:hr>
          </gpxtpx:TrackPointExtension>
        </extensions>
      </trkpt>
      <trkpt lat="31.918706499347117" lon="120.57846987473737">
        <ele>4.3006439516320825</ele>
        <time>1970-01-01T00:19:12.500000Z</time>
        <extensions>
          <gpxtpx:TrackPointExtension>
            <gpxtpx:hr>164</gpxtpx:hr>
          </gpxtpx:TrackPointExtension>
        </extensions>
      </trkpt>
      <trkpt lat="31.91872358077678" lon="120.57847952890991">
        <ele>4.310184043832123</ele>
        <time>1970-01-01T00:19:13.500000Z</time>
        <extensions>
          <gpxtpx:TrackPointExtension>
            <gpxtpx:hr>164</gpxtpx:hr>
          </gpxtpx:TrackPointExtension>
        </extensions>
      </trkpt>
      <trkpt lat="31.918739874241076" lon="120.57848970058949">
        <ele>4.313035770319402</ele>
        <time>1970-01-01T00:19:14.500000Z</time>
        <extensions>
          <gpxtpx:TrackPointExtension>
            <gpxtpx:hr>164</gpxtpx:hr>
          </gpxtpx:TrackPointExtension>
        </extensions>
      </trkpt>
      <trkpt lat="31.918755635011937" lon="120.5785003269977">
        <ele>4.326022125780582</ele>
        <time>1970-01-01T00:19:15.500000Z</time>
        <extensions>
          <gpxtpx:TrackPointExtension>
            <gpxtpx:hr>164</gpxtpx:hr>
          </gpxtpx:TrackPointExtension>
        </extensions>
      </trkpt>
      <trkpt lat="31.91877054893184" lon="120.5785112449082">
        <ele>4.371799182146788</ele>
        <time>1970-01-01T00:19:16.500000Z</time>
        <extensions>
          <gpxtpx:TrackPointExtension>
            <gpxtpx:hr>164</gpxtpx:hr>
          </gpxtpx:TrackPointExtension>
        </extensions>
      </trkpt>
      <trkpt lat="31.918783803974538" lon="120.57852374235556">
        <ele>4.424673421308398</ele>
        <time>1970-01-01T00:19:17.500000Z</time>
        <extensions>
          <gpxtpx:TrackPointExtension>
            <gpxtpx:hr>164</gpxtpx:hr>
          </gpxtpx:TrackPointExtension>
        </extensions>
      </trkpt>
      <trkpt lat="31.918793867972898" lon="120.578540224394">
        <ele>4.467795776203275</ele>
        <time>1970-01-01T00:19:18.500000Z</time>
        <extensions>
          <gpxtpx:TrackPointExtension>
            <gpxtpx:hr>164</gpxtpx:hr>
          </gpxtpx:TrackPointExtension>
        </extensions>
      </trkpt>
      <trkpt lat="31.918799816524142" lon="120.57856125268721">
        <ele>4.493093172088265</ele>
        <time>1970-01-01T00:19:19.500000Z</time>
        <extensions>
          <gpxtpx:TrackPointExtension>
            <gpxtpx:hr>164</gpxtpx:hr>
          </gpxtpx:TrackPointExtension>
        </extensions>
      </trkpt>
      <trkpt lat="31.91880227757618" lon="120.57858446304733">
        <ele>4.513807323761284</ele>
        <time>1970-01-01T00:19:20.500000Z</time>
        <extensions>
          <gpxtpx:TrackPointExtension>
            <gpxtpx:hr>164</gpxtpx:hr>
          </gpxtpx:TrackPointExtension>
        </extensions>
      </trkpt>
      <trkpt lat="31.918802237001643" lon="120.57860684473614">
        <ele>4.529649527743459</ele>
        <time>1970-01-01T00:19:21.500000Z</time>
        <extensions>
          <gpxtpx:TrackPointExtension>
            <gpxtpx:hr>158</gpxtpx:hr>
          </gpxtpx:TrackPointExtension>
        </extensions>
      </trkpt>
      <trkpt lat="31.918800519163245" lon="120.5786290157201">
        <ele>4.53739557415247</ele>
        <time>1970-01-01T00:19:22.500000Z</time>
        <extensions>
          <gpxtpx:TrackPointExtension>
            <gpxtpx:hr>158</gpxtpx:hr>
          </gpxtpx:TrackPointExtension>
        </extensions>
      </trkpt>
      <trkpt lat="31.91879689462755" lon="120.57865200208558">
        <ele>4.549958182498813</ele>
        <time>1970-01-01T00:19:23.500000Z</time>
        <extensions>
          <gpxtpx:TrackPointExtension>
            <gpxtpx:hr>158</gpxtpx:hr>
          </gpxtpx:TrackPointExtension>
        </extensions>
      </trkpt>
      <trkpt lat="31.91878982871267" lon="120.57867449908068">
        <ele>4.569406917318702</ele>
        <time>1970-01-01T00:19:24.500000Z</time>
        <extensions>
          <gpxtpx:TrackPointExtension>
            <gpxtpx:hr>158</gpxtpx:hr>
          </gpxtpx:TrackPointExtension>
        </extensions>
      </trkpt>
      <trkpt lat="31.918780258996225" lon="120.57869577774485">
        <ele>4.59138085693121</ele>
        <time>1970-01-01T00:19:25.500000Z</time>
        <extensions>
          <gpxtpx:TrackPointExtension>
            <gpxtpx:hr>158</gpxtpx:hr>
          </gpxtpx:TrackPointExtension>
        </extensions>
      </trkpt>
      <trkpt lat="31.91876977603505" lon="120.5787159141516">
        <ele>4.597990572452545</ele>
        <time>1970-01-01T00:19:26.500000Z</time>
        <extensions>
          <gpxtpx:TrackPointExtension>
            <gpxtpx:hr>158</gpxtpx:hr>
          </gpxtpx:TrackPointExtension>
        </extensions>
      </trkpt>
      <trkpt lat="31.91875917963624" lon="120.57873650680159">
        <ele>4.601733755320311</ele>
        <time>1970-01-01T00:19:27.500000Z</time>
        <extensions>
          <gpxtpx:TrackPointExtension>
            <gpxtpx:hr>158</gpxtpx:hr>
          </gpxtpx:TrackPointExtension>
        </extensions>
      </trkpt>
      <trkpt lat="31.918749402680888" lon="120.5787587597999">
        <ele>4.614066231064498</ele>
        <time>1970-01-01T00:19:28.500000Z</time>
        <extensions>
          <gpxtpx:TrackPointExtension>
            <gpxtpx:hr>158</gpxtpx:hr>
          </gpxtpx:TrackPointExtension>
        </extensions>
      </trkpt>
      <trkpt lat="31.91874091487148" lon="120.57878212754963">
        <ele>4.630694458261132</ele>
        <time>1970-01-01T00:19:29.500000Z</time>
        <extensions>
          <gpxtpx:TrackPointExtension>
            <gpxtpx:hr>160</gpxtpx:hr>
          </gpxtpx:TrackPointExtension>
        </extensions>
      </trkpt>
      <trkpt lat="31.918733133612886" lon="120.57880598640115">
        <ele>4.623343652114272</ele>
        <time>1970-01-01T00:19:30.500000Z</time>
        <extensions>
          <gpxtpx:TrackPointExtension>
            <gpxtpx:hr>160</gpxtpx:hr>
          </gpxtpx:TrackPointExtension>
        </extensions>
      </trkpt>
      <trkpt lat="31.918725454238437" lon="120.5788300793875">
        <ele>4.601126225665212</ele>
        <time>1970-01-01T00:19:31.500000Z</time>
        <extensions>
          <gpxtpx:TrackPointExtension>
            <gpxtpx:hr>160</gpxtpx:hr>
          </gpxtpx:TrackPointExtension>
        </extensions>
      </trkpt>
      <trkpt lat="31.918718442068585" lon="120.578854306396">
        <ele>4.586372637189925</ele>
        <time>1970-01-01T00:19:32.500000Z</time>
        <extensions>
          <gpxtpx:TrackPointExtension>
            <gpxtpx:hr>160</gpxtpx:hr>
          </gpxtpx:TrackPointExtension>
        </extensions>
      </trkpt>
      <trkpt lat="31.918711468145165" lon="120.57887834488675">
        <ele>4.572409443557262</ele>
        <time>1970-01-01T00:19:33.500000Z</time>
        <extensions>
          <gpxtpx:TrackPointExtension>
            <gpxtpx:hr>160</gpxtpx:hr>
          </gpxtpx:TrackPointExtension>
        </extensions>
      </trkpt>
      <trkpt lat="31.918703781688194" lon="120.57890194877349">
        <ele>4.551299886777997</ele>
        <time>1970-01-01T00:19:34.500000Z</time>
        <extensions>
          <gpxtpx:TrackPointExtension>
            <gpxtpx:hr>160</gpxtpx:hr>
          </gpxtpx:TrackPointExtension>
        </extensions>
      </trkpt>
      <trkpt lat="31.91869587827911" lon="120.57892533644234">
        <ele>4.509786835871637</ele>
        <time>1970-01-01T00:19:35.500000Z</time>
        <extensions>
          <gpxtpx:TrackPointExtension>
            <gpxtpx:hr>160</gpxtpx:hr>
          </gpxtpx:TrackPointExtension>
        </extensions>
      </trkpt>
      <trkpt lat="31.918688294452494" lon="120.57894889024126">
        <ele>4.454322382807732</ele>
        <time>1970-01-01T00:19:36.500000Z</time>
        <extensions>
          <gpxtpx:TrackPointExtension>
            <gpxtpx:hr>161</gpxtpx:hr>
          </gpxtpx:TrackPointExtension>
        </extensions>
      </trkpt>
      <trkpt lat="31.918681075758393" lon="120.57897281569234">
        <ele>4.393219104036689</ele>
        <time>1970-01-01T00:19:37.500000Z</time>
        <extensions>
          <gpxtpx:TrackPointExtension>
            <gpxtpx:hr>161</gpxtpx:hr>
          </gpxtpx:TrackPointExtension>
        </extensions>
      </trkpt>
      <trkpt lat="31.918673588577807" lon="120.57899688222273">
        <ele>4.33617287594825</ele>
        <time>1970-01-01T00:19:38.500000Z</time>
        <extensions>
          <gpxtpx:TrackPointExtension>
            <gpxtpx:hr>161</gpxtpx:hr>
          </gpxtpx:TrackPointExtension>
        </extensions>
      </trkpt>
      <trkpt lat="31.918665654230875" lon="120.57902100466676">
        <ele>4.271008772775531</ele>
        <time>1970-01-01T00:19:39.500000Z</time>
        <extensions>
          <gpxtpx:TrackPointExtension>
            <gpxtpx:hr>161</gpxtpx:hr>
          </gpxtpx:TrackPointExtension>
        </extensions>
      </trkpt>
      <trkpt lat="31.918657993185676" lon="120.5790452189333">
        <ele>4.2015890292823315</ele>
        <time>1970-01-01T00:19:40.500000Z</time>
        <extensions>
          <gpxtpx:TrackPointExtension>
            <gpxtpx:hr>161</gpxtpx:hr>
          </gpxtpx:TrackPointExtension>
        </extensions>
      </trkpt>
      <trkpt lat="31.918650840170294" lon="120.5790693469666">
        <ele>4.135318981483579</ele>
        <time>1970-01-01T00:19:41.500000Z</time>
        <extensions>
          <gpxtpx:TrackPointExtension>
            <gpxtpx:hr>161</gpxtpx:hr>
          </gpxtpx:TrackPointExtension>
        </extensions>
      </trkpt>
      <trkpt lat="31.918643523506525" lon="120.57909338689178">
        <ele>4.05601352173835</ele>
        <time>1970-01-01T00:19:42.500000Z</time>
        <extensions>
          <gpxtpx:TrackPointExtension>
            <gpxtpx:hr>161</gpxtpx:hr>
          </gpxtpx:TrackPointExtension>
        </extensions>
      </trkpt>
      <trkpt lat="31.918635069780226" lon="120.57911739965989">
        <ele>3.985882317647338</ele>
        <time>1970-01-01T00:19:43.500000Z</time>
        <extensions>
          <gpxtpx:TrackPointExtension>
            <gpxtpx:hr>161</gpxtpx:hr>
          </gpxtpx:TrackPointExtension>
        </extensions>
      </trkpt>
      <trkpt lat="31.918626601907548" lon="120.57914166582393">
        <ele>3.91577151697129</ele>
        <time>1970-01-01T00:19:44.500000Z</time>
        <extensions>
          <gpxtpx:TrackPointExtension>
            <gpxtpx:hr>161</gpxtpx:hr>
          </gpxtpx:TrackPointExtension>
        </extensions>
      </trkpt>
      <trkpt lat="31.91861896544111" lon="120.57916607783223">
        <ele>3.8353581922128797</ele>
        <time>1970-01-01T00:19:45.500000Z</time>
        <extensions>
          <gpxtpx:TrackPointExtension>
            <gpxtpx:hr>161</gpxtpx:hr>
          </gpxtpx:TrackPointExtension>
        </extensions>
      </trkpt>
      <trkpt lat="31.918611579094815" lon="120.5791904343348">
        <ele>3.749474230222404</ele>
        <time>1970-01-01T00:19:46.500000Z</time>
        <extensions>
          <gpxtpx:TrackPointExtension>
            <gpxtpx:hr>161</gpxtpx:hr>
          </gpxtpx:TrackPointExtension>
        </extensions>
      </trkpt>
      <trkpt lat="31.918604535697206" lon="120.57921509788999">
        <ele>3.6808724189177155</ele>
        <time>1970-01-01T00:19:47.500000Z</time>
        <extensions>
          <gpxtpx:TrackPointExtension>
            <gpxtpx:hr>161</gpxtpx:hr>
          </gpxtpx:TrackPointExtension>
        </extensions>
      </trkpt>
      <trkpt lat="31.918597454980343" lon="120.57924016589456">
        <ele>3.6370113724842668</ele>
        <time>1970-01-01T00:19:48.500000Z</time>
        <extensions>
          <gpxtpx:TrackPointExtension>
            <gpxtpx:hr>161</gpxtpx:hr>
          </gpxtpx:TrackPointExtension>
        </extensions>
      </trkpt>
      <trkpt lat="31.91858914405249" lon="120.57926509034807">
        <ele>3.5791187779977918</ele>
        <time>1970-01-01T00:19:49.500000Z</time>
        <extensions>
          <gpxtpx:TrackPointExtension>
            <gpxtpx:hr>161</gpxtpx:hr>
          </gpxtpx:TrackPointExtension>
        </extensions>
      </trkpt>
      <trkpt lat="31.918579670576975" lon="120.57928959121718">
        <ele>3.527681279927492</ele>
        <time>1970-01-01T00:19:50.500000Z</time>
        <extensions>
          <gpxtpx:TrackPointExtension>
            <gpxtpx:hr>161</gpxtpx:hr>
          </gpxtpx:TrackPointExtension>
        </extensions>
      </trkpt>
      <trkpt lat="31.918570699479734" lon="120.57931421517577">
        <ele>3.4777398984879255</ele>
        <time>1970-01-01T00:19:51.500000Z</time>
        <extensions>
          <gpxtpx:TrackPointExtension>
            <gpxtpx:hr>161</gpxtpx:hr>
          </gpxtpx:TrackPointExtension>
        </extensions>
      </trkpt>
      <trkpt lat="31.91856341392748" lon="120.57933926767521">
        <ele>3.426969916559756</ele>
        <time>1970-01-01T00:19:52.500000Z</time>
        <extensions>
          <gpxtpx:TrackPointExtension>
            <gpxtpx:hr>162</gpxtpx:hr>
          </gpxtpx:TrackPointExtension>
        </extensions>
      </trkpt>
      <trkpt lat="31.918557496388434" lon="120.57936429262995">
        <ele>3.3842241279780865</ele>
        <time>1970-01-01T00:19:53.500000Z</time>
        <extensions>
          <gpxtpx:TrackPointExtension>
            <gpxtpx:hr>162</gpxtpx:hr>
          </gpxtpx:TrackPointExtension>
        </extensions>
      </trkpt>
      <trkpt lat="31.918551320215187" lon="120.57938937631681">
        <ele>3.355695125646889</ele>
        <time>1970-01-01T00:19:54.500000Z</time>
        <extensions>
          <gpxtpx:TrackPointExtension>
            <gpxtpx:hr>162</gpxtpx:hr>
          </gpxtpx:TrackPointExtension>
        </extensions>
      </trkpt>
      <trkpt lat="31.918544337849085" lon="120.57941466080233">
        <ele>3.329903985373676</ele>
        <time>1970-01-01T00:19:55.500000Z</time>
        <extensions>
          <gpxtpx:TrackPointExtension>
            <gpxtpx:hr>162</gpxtpx:hr>
          </gpxtpx:TrackPointExtension>
        </extensions>
      </trkpt>
      <trkpt lat="31.91853727710606" lon="120.57943921155842">
        <ele>3.3072707233950496</ele>
        <time>1970-01-01T00:19:56.500000Z</time>
        <extensions>
          <gpxtpx:TrackPointExtension>
            <gpxtpx:hr>162</gpxtpx:hr>
          </gpxtpx:TrackPointExtension>
        </extensions>
      </trkpt>
      <trkpt lat="31.918530282735237" lon="120.57946306798922">
        <ele>3.299782268702984</ele>
        <time>1970-01-01T00:19:57.500000Z</time>
        <extensions>
          <gpxtpx:TrackPointExtension>
            <gpxtpx:hr>159</gpxtpx:hr>
          </gpxtpx:TrackPointExtension>
        </extensions>
      </trkpt>
      <trkpt lat="31.918522650662496" lon="120.57948689738544">
        <ele>3.2978092366829515</ele>
        <time>1970-01-01T00:19:58.500000Z</time>
        <extensions>
          <gpxtpx:TrackPointExtension>
            <gpxtpx:hr>159</gpxtpx:hr>
          </gpxtpx:TrackPointExtension>
        </extensions>
      </trkpt>
      <trkpt lat="31.9185146484312" lon="120.5795108781236">
        <ele>3.2830859133973718</ele>
        <time>1970-01-01T00:19:59.500000Z</time>
        <extensions>
          <gpxtpx:TrackPointExtension>
            <gpxtpx:hr>159</gpxtpx:hr>
          </gpxtpx:TrackPointExtension>
        </extensions>
      </trkpt>
      <trkpt lat="31.918506767249184" lon="120.57953531957408">
        <ele>3.2637717155739665</ele>
        <time>1970-01-01T00:20:00.500000Z</time>
        <extensions>
          <gpxtpx:TrackPointExtension>
            <gpxtpx:hr>159</gpxtpx:hr>
          </gpxtpx:TrackPointExtension>
        </extensions>
      </trkpt>
      <trkpt lat="31.91849919900397" lon="120.57956033035377">
        <ele>3.2673040879890323</ele>
        <time>1970-01-01T00:20:01.500000Z</time>
        <extensions>
          <gpxtpx:TrackPointExtension>
            <gpxtpx:hr>159</gpxtpx:hr>
          </gpxtpx:TrackPointExtension>
        </extensions>
      </trkpt>
      <trkpt lat="31.918492205936914" lon="120.57958515731629">
        <ele>3.2913854029029608</ele>
        <time>1970-01-01T00:20:02.500000Z</time>
        <extensions>
          <gpxtpx:TrackPointExtension>
            <gpxtpx:hr>159</gpxtpx:hr>
          </gpxtpx:TrackPointExtension>
        </extensions>
      </trkpt>
      <trkpt lat="31.918485467890555" lon="120.57960883505726">
        <ele>3.2941988725215197</ele>
        <time>1970-01-01T00:20:03.500000Z</time>
        <extensions>
          <gpxtpx:TrackPointExtension>
            <gpxtpx:hr>159</gpxtpx:hr>
          </gpxtpx:TrackPointExtension>
        </extensions>
      </trkpt>
      <trkpt lat="31.918478097197497" lon="120.5796315212048">
        <ele>3.290922508575022</ele>
        <time>1970-01-01T00:20:04.500000Z</time>
        <extensions>
          <gpxtpx:TrackPointExtension>
            <gpxtpx:hr>159</gpxtpx:hr>
          </gpxtpx:TrackPointExtension>
        </extensions>
      </trkpt>
      <trkpt lat="31.91846984412983" lon="120.57965436706294">
        <ele>3.301422311924398</ele>
        <time>1970-01-01T00:20:05.500000Z</time>
        <extensions>
          <gpxtpx:TrackPointExtension>
            <gpxtpx:hr>159</gpxtpx:hr>
          </gpxtpx:TrackPointExtension>
        </extensions>
      </trkpt>
      <trkpt lat="31.918461933022986" lon="120.57967810508738">
        <ele>3.3240694161504507</ele>
        <time>1970-01-01T00:20:06.500000Z</time>
        <extensions>
          <gpxtpx:TrackPointExtension>
            <gpxtpx:hr>159</gpxtpx:hr>
          </gpxtpx:TrackPointExtension>
        </extensions>
      </trkpt>
      <trkpt lat="31.91845480981492" lon="120.57970295725582">
        <ele>3.3374269800260663</ele>
        <time>1970-01-01T00:20:07.500000Z</time>
        <extensions>
          <gpxtpx:TrackPointExtension>
            <gpxtpx:hr>159</gpxtpx:hr>
          </gpxtpx:TrackPointExtension>
        </extensions>
      </trkpt>
      <trkpt lat="31.918448024911658" lon="120.57972823358381">
        <ele>3.3447679625824094</ele>
        <time>1970-01-01T00:20:08.500000Z</time>
        <extensions>
          <gpxtpx:TrackPointExtension>
            <gpxtpx:hr>159</gpxtpx:hr>
          </gpxtpx:TrackPointExtension>
        </extensions>
      </trkpt>
      <trkpt lat="31.918441133450706" lon="120.57975259475283">
        <ele>3.366682590916753</ele>
        <time>1970-01-01T00:20:09.500000Z</time>
        <extensions>
          <gpxtpx:TrackPointExtension>
            <gpxtpx:hr>159</gpxtpx:hr>
          </gpxtpx:TrackPointExtension>
        </extensions>
      </trkpt>
      <trkpt lat="31.91843377089313" lon="120.57977556619478">
        <ele>3.4017385505139828</ele>
        <time>1970-01-01T00:20:10.500000Z</time>
        <extensions>
          <gpxtpx:TrackPointExtension>
            <gpxtpx:hr>159</gpxtpx:hr>
          </gpxtpx:TrackPointExtension>
        </extensions>
      </trkpt>
      <trkpt lat="31.918425480595495" lon="120.57979767107965">
        <ele>3.4409121349453926</ele>
        <time>1970-01-01T00:20:11.500000Z</time>
        <extensions>
          <gpxtpx:TrackPointExtension>
            <gpxtpx:hr>159</gpxtpx:hr>
          </gpxtpx:TrackPointExtension>
        </extensions>
      </trkpt>
      <trkpt lat="31.918416561980138" lon="120.57981992871416">
        <ele>3.4674211712554097</ele>
        <time>1970-01-01T00:20:12.500000Z</time>
        <extensions>
          <gpxtpx:TrackPointExtension>
            <gpxtpx:hr>159</gpxtpx:hr>
          </gpxtpx:TrackPointExtension>
        </extensions>
      </trkpt>
      <trkpt lat="31.918408207691414" lon="120.57984292512273">
        <ele>3.491432834416628</ele>
        <time>1970-01-01T00:20:13.500000Z</time>
        <extensions>
          <gpxtpx:TrackPointExtension>
            <gpxtpx:hr>159</gpxtpx:hr>
          </gpxtpx:TrackPointExtension>
        </extensions>
      </trkpt>
      <trkpt lat="31.91840108417856" lon="120.57986622163304">
        <ele>3.5072078043594956</ele>
        <time>1970-01-01T00:20:14.500000Z</time>
        <extensions>
          <gpxtpx:TrackPointExtension>
            <gpxtpx:hr>161</gpxtpx:hr>
          </gpxtpx:TrackPointExtension>
        </extensions>
      </trkpt>
      <trkpt lat="31.918395071587216" lon="120.5798896674302">
        <ele>3.5269673066213727</ele>
        <time>1970-01-01T00:20:15.500000Z</time>
        <extensions>
          <gpxtpx:TrackPointExtension>
            <gpxtpx:hr>161</gpxtpx:hr>
          </gpxtpx:TrackPointExtension>
        </extensions>
      </trkpt>
      <trkpt lat="31.918389112655245" lon="120.57991346230325">
        <ele>3.541928838007152</ele>
        <time>1970-01-01T00:20:16.500000Z</time>
        <extensions>
          <gpxtpx:TrackPointExtension>
            <gpxtpx:hr>161</gpxtpx:hr>
          </gpxtpx:TrackPointExtension>
        </extensions>
      </trkpt>
      <trkpt lat="31.918381963392424" lon="120.57993706937458">
        <ele>3.560978699475527</ele>
        <time>1970-01-01T00:20:17.500000Z</time>
        <extensions>
          <gpxtpx:TrackPointExtension>
            <gpxtpx:hr>161</gpxtpx:hr>
          </gpxtpx:TrackPointExtension>
        </extensions>
      </trkpt>
      <trkpt lat="31.91837424276092" lon="120.5799601427449">
        <ele>3.566154435276985</ele>
        <time>1970-01-01T00:20:18.500000Z</time>
        <extensions>
          <gpxtpx:TrackPointExtension>
            <gpxtpx:hr>161</gpxtpx:hr>
          </gpxtpx:TrackPointExtension>
        </extensions>
      </trkpt>
      <trkpt lat="31.918366838545097" lon="120.57998306550063">
        <ele>3.559781332500279</ele>
        <time>1970-01-01T00:20:19.500000Z</time>
        <extensions>
          <gpxtpx:TrackPointExtension>
            <gpxtpx:hr>161</gpxtpx:hr>
          </gpxtpx:TrackPointExtension>
        </extensions>
      </trkpt>
      <trkpt lat="31.918359056391118" lon="120.58000649547272">
        <ele>3.5581216970458627</ele>
        <time>1970-01-01T00:20:20.500000Z</time>
        <extensions>
          <gpxtpx:TrackPointExtension>
            <gpxtpx:hr>161</gpxtpx:hr>
          </gpxtpx:TrackPointExtension>
        </extensions>
      </trkpt>
      <trkpt lat="31.918350960982682" lon="120.58003061446769">
        <ele>3.560751484706998</ele>
        <time>1970-01-01T00:20:21.500000Z</time>
        <extensions>
          <gpxtpx:TrackPointExtension>
            <gpxtpx:hr>165</gpxtpx:hr>
          </gpxtpx:TrackPointExtension>
        </extensions>
      </trkpt>
      <trkpt lat="31.918343247988542" lon="120.58005485816076">
        <ele>3.560781947337091</ele>
        <time>1970-01-01T00:20:22.500000Z</time>
        <extensions>
          <gpxtpx:TrackPointExtension>
            <gpxtpx:hr>165</gpxtpx:hr>
          </gpxtpx:TrackPointExtension>
        </extensions>
      </trkpt>
      <trkpt lat="31.91833567747014" lon="120.5800786648589">
        <ele>3.5491909105330706</ele>
        <time>1970-01-01T00:20:23.500000Z</time>
        <extensions>
          <gpxtpx:TrackPointExtension>
            <gpxtpx:hr>165</gpxtpx:hr>
          </gpxtpx:TrackPointExtension>
        </extensions>
      </trkpt>
      <trkpt lat="31.918327697426154" lon="120.58010160189166">
        <ele>3.5429590232670307</ele>
        <time>1970-01-01T00:20:24.500000Z</time>
        <extensions>
          <gpxtpx:TrackPointExtension>
            <gpxtpx:hr>165</gpxtpx:hr>
          </gpxtpx:TrackPointExtension>
        </extensions>
      </trkpt>
      <trkpt lat="31.918319710492998" lon="120.58012372183752">
        <ele>3.5429882863536477</ele>
        <time>1970-01-01T00:20:25.500000Z</time>
        <extensions>
          <gpxtpx:TrackPointExtension>
            <gpxtpx:hr>165</gpxtpx:hr>
          </gpxtpx:TrackPointExtension>
        </extensions>
      </trkpt>
      <trkpt lat="31.918312364531246" lon="120.58014588923157">
        <ele>3.555017218925059</ele>
        <time>1970-01-01T00:20:26.500000Z</time>
        <extensions>
          <gpxtpx:TrackPointExtension>
            <gpxtpx:hr>165</gpxtpx:hr>
          </gpxtpx:TrackPointExtension>
        </extensions>
      </trkpt>
      <trkpt lat="31.918305068421418" lon="120.58016906677487">
        <ele>3.5815524999052286</ele>
        <time>1970-01-01T00:20:27.500000Z</time>
        <extensions>
          <gpxtpx:TrackPointExtension>
            <gpxtpx:hr>165</gpxtpx:hr>
          </gpxtpx:TrackPointExtension>
        </extensions>
      </trkpt>
      <trkpt lat="31.918297335059915" lon="120.58019296223941">
        <ele>3.6019973205402493</ele>
        <time>1970-01-01T00:20:28.500000Z</time>
        <extensions>
          <gpxtpx:TrackPointExtension>
            <gpxtpx:hr>164</gpxtpx:hr>
          </gpxtpx:TrackPointExtension>
        </extensions>
      </trkpt>
      <trkpt lat="31.91828946055169" lon="120.58021616016174">
        <ele>3.6122919246554375</ele>
        <time>1970-01-01T00:20:29.500000Z</time>
        <extensions>
          <gpxtpx:TrackPointExtension>
            <gpxtpx:hr>164</gpxtpx:hr>
          </gpxtpx:TrackPointExtension>
        </extensions>
      </trkpt>
      <trkpt lat="31.918281653864053" lon="120.58023866452108">
        <ele>3.6183043234050274</ele>
        <time>1970-01-01T00:20:30.500000Z</time>
        <extensions>
          <gpxtpx:TrackPointExtension>
            <gpxtpx:hr>164</gpxtpx:hr>
          </gpxtpx:TrackPointExtension>
        </extensions>
      </trkpt>
      <trkpt lat="31.91827340598129" lon="120.58026120257404">
        <ele>3.6382731487974524</ele>
        <time>1970-01-01T00:20:31.500000Z</time>
        <extensions>
          <gpxtpx:TrackPointExtension>
            <gpxtpx:hr>164</gpxtpx:hr>
          </gpxtpx:TrackPointExtension>
        </extensions>
      </trkpt>
      <trkpt lat="31.918265418804452" lon="120.58028437330698">
        <ele>3.661925971508026</ele>
        <time>1970-01-01T00:20:32.500000Z</time>
        <extensions>
          <gpxtpx:TrackPointExtension>
            <gpxtpx:hr>164</gpxtpx:hr>
          </gpxtpx:TrackPointExtension>
        </extensions>
      </trkpt>
      <trkpt lat="31.918258822359064" lon="120.58030820418617">
        <ele>3.6842732205986977</ele>
        <time>1970-01-01T00:20:33.500000Z</time>
        <extensions>
          <gpxtpx:TrackPointExtension>
            <gpxtpx:hr>164</gpxtpx:hr>
          </gpxtpx:TrackPointExtension>
        </extensions>
      </trkpt>
      <trkpt lat="31.918253100757056" lon="120.58033192860943">
        <ele>3.695670345798135</ele>
        <time>1970-01-01T00:20:34.500000Z</time>
        <extensions>
          <gpxtpx:TrackPointExtension>
            <gpxtpx:hr>164</gpxtpx:hr>
          </gpxtpx:TrackPointExtension>
        </extensions>
      </trkpt>
      <trkpt lat="31.918247382097764" lon="120.58035536838416">
        <ele>3.71670675650239</ele>
        <time>1970-01-01T00:20:35.500000Z</time>
        <extensions>
          <gpxtpx:TrackPointExtension>
            <gpxtpx:hr>164</gpxtpx:hr>
          </gpxtpx:TrackPointExtension>
        </extensions>
      </trkpt>
      <trkpt lat="31.918241229695496" lon="120.58037885673072">
        <ele>3.7492168992757797</ele>
        <time>1970-01-01T00:20:36.500000Z</time>
        <extensions>
          <gpxtpx:TrackPointExtension>
            <gpxtpx:hr>163</gpxtpx:hr>
          </gpxtpx:TrackPointExtension>
        </extensions>
      </trkpt>
      <trkpt lat="31.918234044401444" lon="120.58040272249532">
        <ele>3.7761066732928157</ele>
        <time>1970-01-01T00:20:37.500000Z</time>
        <extensions>
          <gpxtpx:TrackPointExtension>
            <gpxtpx:hr>163</gpxtpx:hr>
          </gpxtpx:TrackPointExtension>
        </extensions>
      </trkpt>
      <trkpt lat="31.918225976316656" lon="120.58042697394161">
        <ele>3.7959744594991207</ele>
        <time>1970-01-01T00:20:38.500000Z</time>
        <extensions>
          <gpxtpx:TrackPointExtension>
            <gpxtpx:hr>163</gpxtpx:hr>
          </gpxtpx:TrackPointExtension>
        </extensions>
      </trkpt>
      <trkpt lat="31.91821794870494" lon="120.58045104973637">
        <ele>3.8011491084471345</ele>
        <time>1970-01-01T00:20:39.500000Z</time>
        <extensions>
          <gpxtpx:TrackPointExtension>
            <gpxtpx:hr>163</gpxtpx:hr>
          </gpxtpx:TrackPointExtension>
        </extensions>
      </trkpt>
      <trkpt lat="31.918210168768727" lon="120.58047420927919">
        <ele>3.7954567605629563</ele>
        <time>1970-01-01T00:20:40.500000Z</time>
        <extensions>
          <gpxtpx:TrackPointExtension>
            <gpxtpx:hr>163</gpxtpx:hr>
          </gpxtpx:TrackPointExtension>
        </extensions>
      </trkpt>
      <trkpt lat="31.918202261577765" lon="120.58049697318926">
        <ele>3.787792303599417</ele>
        <time>1970-01-01T00:20:41.500000Z</time>
        <extensions>
          <gpxtpx:TrackPointExtension>
            <gpxtpx:hr>161</gpxtpx:hr>
          </gpxtpx:TrackPointExtension>
        </extensions>
      </trkpt>
      <trkpt lat="31.918194092449188" lon="120.58052011071392">
        <ele>3.7724642967805266</ele>
        <time>1970-01-01T00:20:42.500000Z</time>
        <extensions>
          <gpxtpx:TrackPointExtension>
            <gpxtpx:hr>161</gpxtpx:hr>
          </gpxtpx:TrackPointExtension>
        </extensions>
      </trkpt>
      <trkpt lat="31.91818686015344" lon="120.58054355215917">
        <ele>3.7392069986090064</ele>
        <time>1970-01-01T00:20:43.500000Z</time>
        <extensions>
          <gpxtpx:TrackPointExtension>
            <gpxtpx:hr>161</gpxtpx:hr>
          </gpxtpx:TrackPointExtension>
        </extensions>
      </trkpt>
      <trkpt lat="31.918180578888553" lon="120.58056643352349">
        <ele>3.702591849491</ele>
        <time>1970-01-01T00:20:44.500000Z</time>
        <extensions>
          <gpxtpx:TrackPointExtension>
            <gpxtpx:hr>161</gpxtpx:hr>
          </gpxtpx:TrackPointExtension>
        </extensions>
      </trkpt>
      <trkpt lat="31.91817406210349" lon="120.58058883774704">
        <ele>3.6772785736247897</ele>
        <time>1970-01-01T00:20:45.500000Z</time>
        <extensions>
          <gpxtpx:TrackPointExtension>
            <gpxtpx:hr>161</gpxtpx:hr>
          </gpxtpx:TrackPointExtension>
        </extensions>
      </trkpt>
      <trkpt lat="31.918166749043685" lon="120.5806118023442">
        <ele>3.644471594132483</ele>
        <time>1970-01-01T00:20:46.500000Z</time>
        <extensions>
          <gpxtpx:TrackPointExtension>
            <gpxtpx:hr>162</gpxtpx:hr>
          </gpxtpx:TrackPointExtension>
        </extensions>
      </trkpt>
      <trkpt lat="31.918158722769757" lon="120.58063538505809">
        <ele>3.6060784766450524</ele>
        <time>1970-01-01T00:20:47.500000Z</time>
        <extensions>
          <gpxtpx:TrackPointExtension>
            <gpxtpx:hr>162</gpxtpx:hr>
          </gpxtpx:TrackPointExtension>
        </extensions>
      </trkpt>
      <trkpt lat="31.91815017291253" lon="120.58065897838831">
        <ele>3.566046917811036</ele>
        <time>1970-01-01T00:20:48.500000Z</time>
        <extensions>
          <gpxtpx:TrackPointExtension>
            <gpxtpx:hr>162</gpxtpx:hr>
          </gpxtpx:TrackPointExtension>
        </extensions>
      </trkpt>
      <trkpt lat="31.918141804796562" lon="120.58068237249636">
        <ele>3.5395518532022834</ele>
        <time>1970-01-01T00:20:49.500000Z</time>
        <extensions>
          <gpxtpx:TrackPointExtension>
            <gpxtpx:hr>162</gpxtpx:hr>
          </gpxtpx:TrackPointExtension>
        </extensions>
      </trkpt>
      <trkpt lat="31.918134128699627" lon="120.580705546314">
        <ele>3.5171206640079618</ele>
        <time>1970-01-01T00:20:50.500000Z</time>
        <extensions>
          <gpxtpx:TrackPointExtension>
            <gpxtpx:hr>162</gpxtpx:hr>
          </gpxtpx:TrackPointExtension>
        </extensions>
      </trkpt>
      <trkpt lat="31.91812645750188" lon="120.5807285563069">
        <ele>3.4835127918049693</ele>
        <time>1970-01-01T00:20:51.500000Z</time>
        <extensions>
          <gpxtpx:TrackPointExtension>
            <gpxtpx:hr>163</gpxtpx:hr>
          </gpxtpx:TrackPointExtension>
        </extensions>
      </trkpt>
      <trkpt lat="31.918117669311602" lon="120.58075138455646">
        <ele>3.4539607409387827</ele>
        <time>1970-01-01T00:20:52.500000Z</time>
        <extensions>
          <gpxtpx:TrackPointExtension>
            <gpxtpx:hr>163</gpxtpx:hr>
          </gpxtpx:TrackPointExtension>
        </extensions>
      </trkpt>
      <trkpt lat="31.918108311662536" lon="120.58077427473414">
        <ele>3.4326530331745744</ele>
        <time>1970-01-01T00:20:53.500000Z</time>
        <extensions>
          <gpxtpx:TrackPointExtension>
            <gpxtpx:hr>163</gpxtpx:hr>
          </gpxtpx:TrackPointExtension>
        </extensions>
      </trkpt>
      <trkpt lat="31.918100278632238" lon="120.58079772383842">
        <ele>3.4048596816137433</ele>
        <time>1970-01-01T00:20:54.500000Z</time>
        <extensions>
          <gpxtpx:TrackPointExtension>
            <gpxtpx:hr>163</gpxtpx:hr>
          </gpxtpx:TrackPointExtension>
        </extensions>
      </trkpt>
      <trkpt lat="31.918093453482594" lon="120.58082159665555">
        <ele>3.384097601287067</ele>
        <time>1970-01-01T00:20:55.500000Z</time>
        <extensions>
          <gpxtpx:TrackPointExtension>
            <gpxtpx:hr>163</gpxtpx:hr>
          </gpxtpx:TrackPointExtension>
        </extensions>
      </trkpt>
      <trkpt lat="31.91808631184426" lon="120.58084523535537">
        <ele>3.3729519145563245</ele>
        <time>1970-01-01T00:20:56.500000Z</time>
        <extensions>
          <gpxtpx:TrackPointExtension>
            <gpxtpx:hr>164</gpxtpx:hr>
          </gpxtpx:TrackPointExtension>
        </extensions>
      </trkpt>
      <trkpt lat="31.918078420277897" lon="120.58086806992321">
        <ele>3.356329501606524</ele>
        <time>1970-01-01T00:20:57.500000Z</time>
        <extensions>
          <gpxtpx:TrackPointExtension>
            <gpxtpx:hr>164</gpxtpx:hr>
          </gpxtpx:TrackPointExtension>
        </extensions>
      </trkpt>
      <trkpt lat="31.91807027150959" lon="120.58089065957017">
        <ele>3.345431335270405</ele>
        <time>1970-01-01T00:20:58.500000Z</time>
        <extensions>
          <gpxtpx:TrackPointExtension>
            <gpxtpx:hr>164</gpxtpx:hr>
          </gpxtpx:TrackPointExtension>
        </extensions>
      </trkpt>
      <trkpt lat="31.918061872131958" lon="120.58091372990371">
        <ele>3.353894190862775</ele>
        <time>1970-01-01T00:20:59.500000Z</time>
        <extensions>
          <gpxtpx:TrackPointExtension>
            <gpxtpx:hr>164</gpxtpx:hr>
          </gpxtpx:TrackPointExtension>
        </extensions>
      </trkpt>
      <trkpt lat="31.918053116869505" lon="120.58093729231665">
        <ele>3.3572726789861917</ele>
        <time>1970-01-01T00:21:00.500000Z</time>
        <extensions>
          <gpxtpx:TrackPointExtension>
            <gpxtpx:hr>164</gpxtpx:hr>
          </gpxtpx:TrackPointExtension>
        </extensions>
      </trkpt>
      <trkpt lat="31.918044405590766" lon="120.58096072880512">
        <ele>3.359444429166615</ele>
        <time>1970-01-01T00:21:01.500000Z</time>
        <extensions>
          <gpxtpx:TrackPointExtension>
            <gpxtpx:hr>164</gpxtpx:hr>
          </gpxtpx:TrackPointExtension>
        </extensions>
      </trkpt>
      <trkpt lat="31.918036513661725" lon="120.58098404921707">
        <ele>3.3781418688595295</ele>
        <time>1970-01-01T00:21:02.500000Z</time>
        <extensions>
          <gpxtpx:TrackPointExtension>
            <gpxtpx:hr>164</gpxtpx:hr>
          </gpxtpx:TrackPointExtension>
        </extensions>
      </trkpt>
      <trkpt lat="31.91802844170188" lon="120.58100756907304">
        <ele>3.403889241628349</ele>
        <time>1970-01-01T00:21:03.500000Z</time>
        <extensions>
          <gpxtpx:TrackPointExtension>
            <gpxtpx:hr>164</gpxtpx:hr>
          </gpxtpx:TrackPointExtension>
        </extensions>
      </trkpt>
      <trkpt lat="31.918020713724633" lon="120.58103171325656">
        <ele>3.432162798009813</ele>
        <time>1970-01-01T00:21:04.500000Z</time>
        <extensions>
          <gpxtpx:TrackPointExtension>
            <gpxtpx:hr>164</gpxtpx:hr>
          </gpxtpx:TrackPointExtension>
        </extensions>
      </trkpt>
      <trkpt lat="31.91801506677011" lon="120.58105687789711">
        <ele>3.4466094011440873</ele>
        <time>1970-01-01T00:21:05.500000Z</time>
        <extensions>
          <gpxtpx:TrackPointExtension>
            <gpxtpx:hr>164</gpxtpx:hr>
          </gpxtpx:TrackPointExtension>
        </extensions>
      </trkpt>
      <trkpt lat="31.91801004824113" lon="120.58108236412713">
        <ele>3.4729145420715213</ele>
        <time>1970-01-01T00:21:06.500000Z</time>
        <extensions>
          <gpxtpx:TrackPointExtension>
            <gpxtpx:hr>164</gpxtpx:hr>
          </gpxtpx:TrackPointExtension>
        </extensions>
      </trkpt>
      <trkpt lat="31.91800378130338" lon="120.58110704945226">
        <ele>3.499971767887473</ele>
        <time>1970-01-01T00:21:07.500000Z</time>
        <extensions>
          <gpxtpx:TrackPointExtension>
            <gpxtpx:hr>164</gpxtpx:hr>
          </gpxtpx:TrackPointExtension>
        </extensions>
      </trkpt>
      <trkpt lat="31.917996531929223" lon="120.58113004618757">
        <ele>3.5381542770192027</ele>
        <time>1970-01-01T00:21:08.500000Z</time>
        <extensions>
          <gpxtpx:TrackPointExtension>
            <gpxtpx:hr>163</gpxtpx:hr>
          </gpxtpx:TrackPointExtension>
        </extensions>
      </trkpt>
      <trkpt lat="31.91798867240625" lon="120.5811516728688">
        <ele>3.5621277960017323</ele>
        <time>1970-01-01T00:21:09.500000Z</time>
        <extensions>
          <gpxtpx:TrackPointExtension>
            <gpxtpx:hr>163</gpxtpx:hr>
          </gpxtpx:TrackPointExtension>
        </extensions>
      </trkpt>
      <trkpt lat="31.917980192658405" lon="120.58117286517462">
        <ele>3.571611518971622</ele>
        <time>1970-01-01T00:21:10.500000Z</time>
        <extensions>
          <gpxtpx:TrackPointExtension>
            <gpxtpx:hr>163</gpxtpx:hr>
          </gpxtpx:TrackPointExtension>
        </extensions>
      </trkpt>
      <trkpt lat="31.917971944104387" lon="120.58119479940848">
        <ele>3.5797412330284715</ele>
        <time>1970-01-01T00:21:11.500000Z</time>
        <extensions>
          <gpxtpx:TrackPointExtension>
            <gpxtpx:hr>163</gpxtpx:hr>
          </gpxtpx:TrackPointExtension>
        </extensions>
      </trkpt>
      <trkpt lat="31.9179646461181" lon="120.58121831768727">
        <ele>3.587477905675769</ele>
        <time>1970-01-01T00:21:12.500000Z</time>
        <extensions>
          <gpxtpx:TrackPointExtension>
            <gpxtpx:hr>163</gpxtpx:hr>
          </gpxtpx:TrackPointExtension>
        </extensions>
      </trkpt>
      <trkpt lat="31.917958079439998" lon="120.5812432196345">
        <ele>3.589505162090063</ele>
        <time>1970-01-01T00:21:13.500000Z</time>
        <extensions>
          <gpxtpx:TrackPointExtension>
            <gpxtpx:hr>162</gpxtpx:hr>
          </gpxtpx:TrackPointExtension>
        </extensions>
      </trkpt>
      <trkpt lat="31.917951975624735" lon="120.58126855057198">
        <ele>3.584919288754463</ele>
        <time>1970-01-01T00:21:14.500000Z</time>
        <extensions>
          <gpxtpx:TrackPointExtension>
            <gpxtpx:hr>162</gpxtpx:hr>
          </gpxtpx:TrackPointExtension>
        </extensions>
      </trkpt>
      <trkpt lat="31.917945981506428" lon="120.58129330846693">
        <ele>3.5941859735175967</ele>
        <time>1970-01-01T00:21:15.500000Z</time>
        <extensions>
          <gpxtpx:TrackPointExtension>
            <gpxtpx:hr>162</gpxtpx:hr>
          </gpxtpx:TrackPointExtension>
        </extensions>
      </trkpt>
      <trkpt lat="31.91793936568149" lon="120.58131777448015">
        <ele>3.592398263514042</ele>
        <time>1970-01-01T00:21:16.500000Z</time>
        <extensions>
          <gpxtpx:TrackPointExtension>
            <gpxtpx:hr>162</gpxtpx:hr>
          </gpxtpx:TrackPointExtension>
        </extensions>
      </trkpt>
      <trkpt lat="31.91793167394924" lon="120.58134246606389">
        <ele>3.5893732318654656</ele>
        <time>1970-01-01T00:21:17.500000Z</time>
        <extensions>
          <gpxtpx:TrackPointExtension>
            <gpxtpx:hr>163</gpxtpx:hr>
          </gpxtpx:TrackPointExtension>
        </extensions>
      </trkpt>
      <trkpt lat="31.917923089812238" lon="120.58136713698494">
        <ele>3.58355715777725</ele>
        <time>1970-01-01T00:21:18.500000Z</time>
        <extensions>
          <gpxtpx:TrackPointExtension>
            <gpxtpx:hr>163</gpxtpx:hr>
          </gpxtpx:TrackPointExtension>
        </extensions>
      </trkpt>
      <trkpt lat="31.91791448505005" lon="120.581391738423">
        <ele>3.5757390074431896</ele>
        <time>1970-01-01T00:21:19.500000Z</time>
        <extensions>
          <gpxtpx:TrackPointExtension>
            <gpxtpx:hr>163</gpxtpx:hr>
          </gpxtpx:TrackPointExtension>
        </extensions>
      </trkpt>
      <trkpt lat="31.917906936404663" lon="120.58141665593013">
        <ele>3.558900880627334</ele>
        <time>1970-01-01T00:21:20.500000Z</time>
        <extensions>
          <gpxtpx:TrackPointExtension>
            <gpxtpx:hr>163</gpxtpx:hr>
          </gpxtpx:TrackPointExtension>
        </extensions>
      </trkpt>
      <trkpt lat="31.917900531545865" lon="120.58144185423377">
        <ele>3.556680053472519</ele>
        <time>1970-01-01T00:21:21.500000Z</time>
        <extensions>
          <gpxtpx:TrackPointExtension>
            <gpxtpx:hr>163</gpxtpx:hr>
          </gpxtpx:TrackPointExtension>
        </extensions>
      </trkpt>
      <trkpt lat="31.917893857655876" lon="120.58146661762568">
        <ele>3.5406802780926228</ele>
        <time>1970-01-01T00:21:22.500000Z</time>
        <extensions>
          <gpxtpx:TrackPointExtension>
            <gpxtpx:hr>163</gpxtpx:hr>
          </gpxtpx:TrackPointExtension>
        </extensions>
      </trkpt>
      <trkpt lat="31.917886219370256" lon="120.5814901092383">
        <ele>3.529002930969</ele>
        <time>1970-01-01T00:21:23.500000Z</time>
        <extensions>
          <gpxtpx:TrackPointExtension>
            <gpxtpx:hr>163</gpxtpx:hr>
          </gpxtpx:TrackPointExtension>
        </extensions>
      </trkpt>
      <trkpt lat="31.917878276586485" lon="120.5815127002172">
        <ele>3.518841012381017</ele>
        <time>1970-01-01T00:21:24.500000Z</time>
        <extensions>
          <gpxtpx:TrackPointExtension>
            <gpxtpx:hr>163</gpxtpx:hr>
          </gpxtpx:TrackPointExtension>
        </extensions>
      </trkpt>
      <trkpt lat="31.917870257793293" lon="120.58153545596147">
        <ele>3.4975310284644365</ele>
        <time>1970-01-01T00:21:25.500000Z</time>
        <extensions>
          <gpxtpx:TrackPointExtension>
            <gpxtpx:hr>163</gpxtpx:hr>
          </gpxtpx:TrackPointExtension>
        </extensions>
      </trkpt>
      <trkpt lat="31.917862308126708" lon="120.5815585363364">
        <ele>3.4885125029832125</ele>
        <time>1970-01-01T00:21:26.500000Z</time>
        <extensions>
          <gpxtpx:TrackPointExtension>
            <gpxtpx:hr>163</gpxtpx:hr>
          </gpxtpx:TrackPointExtension>
        </extensions>
      </trkpt>
      <trkpt lat="31.91785563643795" lon="120.58158186574174">
        <ele>3.4868581807240844</ele>
        <time>1970-01-01T00:21:27.500000Z</time>
        <extensions>
          <gpxtpx:TrackPointExtension>
            <gpxtpx:hr>164</gpxtpx:hr>
          </gpxtpx:TrackPointExtension>
        </extensions>
      </trkpt>
      <trkpt lat="31.917849655826892" lon="120.58160519761579">
        <ele>3.4970524292439222</ele>
        <time>1970-01-01T00:21:28.500000Z</time>
        <extensions>
          <gpxtpx:TrackPointExtension>
            <gpxtpx:hr>164</gpxtpx:hr>
          </gpxtpx:TrackPointExtension>
        </extensions>
      </trkpt>
      <trkpt lat="31.917842584103788" lon="120.58162839896598">
        <ele>3.5067425090819597</ele>
        <time>1970-01-01T00:21:29.500000Z</time>
        <extensions>
          <gpxtpx:TrackPointExtension>
            <gpxtpx:hr>164</gpxtpx:hr>
          </gpxtpx:TrackPointExtension>
        </extensions>
      </trkpt>
      <trkpt lat="31.917834668450467" lon="120.58165128569296">
        <ele>3.510253794491291</ele>
        <time>1970-01-01T00:21:30.500000Z</time>
        <extensions>
          <gpxtpx:TrackPointExtension>
            <gpxtpx:hr>164</gpxtpx:hr>
          </gpxtpx:TrackPointExtension>
        </extensions>
      </trkpt>
      <trkpt lat="31.917826246045635" lon="120.58167398264185">
        <ele>3.5237534418702126</ele>
        <time>1970-01-01T00:21:31.500000Z</time>
        <extensions>
          <gpxtpx:TrackPointExtension>
            <gpxtpx:hr>165</gpxtpx:hr>
          </gpxtpx:TrackPointExtension>
        </extensions>
      </trkpt>
      <trkpt lat="31.917816781362227" lon="120.58169667501724">
        <ele>3.5361284613609314</ele>
        <time>1970-01-01T00:21:32.500000Z</time>
        <extensions>
          <gpxtpx:TrackPointExtension>
            <gpxtpx:hr>165</gpxtpx:hr>
          </gpxtpx:TrackPointExtension>
        </extensions>
      </trkpt>
      <trkpt lat="31.917807407710367" lon="120.5817197891869">
        <ele>3.5446262443438172</ele>
        <time>1970-01-01T00:21:33.500000Z</time>
        <extensions>
          <gpxtpx:TrackPointExtension>
            <gpxtpx:hr>165</gpxtpx:hr>
          </gpxtpx:TrackPointExtension>
        </extensions>
      </trkpt>
      <trkpt lat="31.917798400749362" lon="120.5817435710961">
        <ele>3.5559457214549184</ele>
        <time>1970-01-01T00:21:34.500000Z</time>
        <extensions>
          <gpxtpx:TrackPointExtension>
            <gpxtpx:hr>165</gpxtpx:hr>
          </gpxtpx:TrackPointExtension>
        </extensions>
      </trkpt>
      <trkpt lat="31.917789800632892" lon="120.58176742475317">
        <ele>3.5724515104666352</ele>
        <time>1970-01-01T00:21:35.500000Z</time>
        <extensions>
          <gpxtpx:TrackPointExtension>
            <gpxtpx:hr>165</gpxtpx:hr>
          </gpxtpx:TrackPointExtension>
        </extensions>
      </trkpt>
      <trkpt lat="31.91778242396543" lon="120.5817912211672">
        <ele>3.5775020895525813</ele>
        <time>1970-01-01T00:21:36.500000Z</time>
        <extensions>
          <gpxtpx:TrackPointExtension>
            <gpxtpx:hr>164</gpxtpx:hr>
          </gpxtpx:TrackPointExtension>
        </extensions>
      </trkpt>
      <trkpt lat="31.917775783780836" lon="120.58181500175546">
        <ele>3.6041301218792796</ele>
        <time>1970-01-01T00:21:37.500000Z</time>
        <extensions>
          <gpxtpx:TrackPointExtension>
            <gpxtpx:hr>164</gpxtpx:hr>
          </gpxtpx:TrackPointExtension>
        </extensions>
      </trkpt>
      <trkpt lat="31.917768913082092" lon="120.58183851030574">
        <ele>3.640653748996556</ele>
        <time>1970-01-01T00:21:38.500000Z</time>
        <extensions>
          <gpxtpx:TrackPointExtension>
            <gpxtpx:hr>164</gpxtpx:hr>
          </gpxtpx:TrackPointExtension>
        </extensions>
      </trkpt>
      <trkpt lat="31.917761290833827" lon="120.58186200628154">
        <ele>3.676326146349311</ele>
        <time>1970-01-01T00:21:39.500000Z</time>
        <extensions>
          <gpxtpx:TrackPointExtension>
            <gpxtpx:hr>164</gpxtpx:hr>
          </gpxtpx:TrackPointExtension>
        </extensions>
      </trkpt>
      <trkpt lat="31.91775323222526" lon="120.58188537065915">
        <ele>3.7158379359170794</ele>
        <time>1970-01-01T00:21:40.500000Z</time>
        <extensions>
          <gpxtpx:TrackPointExtension>
            <gpxtpx:hr>164</gpxtpx:hr>
          </gpxtpx:TrackPointExtension>
        </extensions>
      </trkpt>
      <trkpt lat="31.917745959872434" lon="120.58190852825624">
        <ele>3.7571454774588346</ele>
        <time>1970-01-01T00:21:41.500000Z</time>
        <extensions>
          <gpxtpx:TrackPointExtension>
            <gpxtpx:hr>164</gpxtpx:hr>
          </gpxtpx:TrackPointExtension>
        </extensions>
      </trkpt>
      <trkpt lat="31.91773956529098" lon="120.58193195543937">
        <ele>3.8020211504772305</ele>
        <time>1970-01-01T00:21:42.500000Z</time>
        <extensions>
          <gpxtpx:TrackPointExtension>
            <gpxtpx:hr>164</gpxtpx:hr>
          </gpxtpx:TrackPointExtension>
        </extensions>
      </trkpt>
      <trkpt lat="31.917733313742502" lon="120.58195533050372">
        <ele>3.846113237552345</ele>
        <time>1970-01-01T00:21:43.500000Z</time>
        <extensions>
          <gpxtpx:TrackPointExtension>
            <gpxtpx:hr>164</gpxtpx:hr>
          </gpxtpx:TrackPointExtension>
        </extensions>
      </trkpt>
      <trkpt lat="31.91772663197464" lon="120.58197840880352">
        <ele>3.8828701581805944</ele>
        <time>1970-01-01T00:21:44.500000Z</time>
        <extensions>
          <gpxtpx:TrackPointExtension>
            <gpxtpx:hr>164</gpxtpx:hr>
          </gpxtpx:TrackPointExtension>
        </extensions>
      </trkpt>
      <trkpt lat="31.9177191588795" lon="120.58200097064865">
        <ele>3.9034151835367084</ele>
        <time>1970-01-01T00:21:45.500000Z</time>
        <extensions>
          <gpxtpx:TrackPointExtension>
            <gpxtpx:hr>164</gpxtpx:hr>
          </gpxtpx:TrackPointExtension>
        </extensions>
      </trkpt>
      <trkpt lat="31.917711698803107" lon="120.58202278620034">
        <ele>3.933357966132462</ele>
        <time>1970-01-01T00:21:46.500000Z</time>
        <extensions>
          <gpxtpx:TrackPointExtension>
            <gpxtpx:hr>164</gpxtpx:hr>
          </gpxtpx:TrackPointExtension>
        </extensions>
      </trkpt>
      <trkpt lat="31.91770430818774" lon="120.58204452155232">
        <ele>3.9520591143518686</ele>
        <time>1970-01-01T00:21:47.500000Z</time>
        <extensions>
          <gpxtpx:TrackPointExtension>
            <gpxtpx:hr>165</gpxtpx:hr>
          </gpxtpx:TrackPointExtension>
        </extensions>
      </trkpt>
      <trkpt lat="31.917696700768257" lon="120.58206683632986">
        <ele>3.9824036229401827</ele>
        <time>1970-01-01T00:21:48.500000Z</time>
        <extensions>
          <gpxtpx:TrackPointExtension>
            <gpxtpx:hr>165</gpxtpx:hr>
          </gpxtpx:TrackPointExtension>
        </extensions>
      </trkpt>
      <trkpt lat="31.917689072550598" lon="120.58208997383612">
        <ele>4.018365267664194</ele>
        <time>1970-01-01T00:21:49.500000Z</time>
        <extensions>
          <gpxtpx:TrackPointExtension>
            <gpxtpx:hr>165</gpxtpx:hr>
          </gpxtpx:TrackPointExtension>
        </extensions>
      </trkpt>
      <trkpt lat="31.917680742531903" lon="120.5821136441718">
        <ele>4.04487518966198</ele>
        <time>1970-01-01T00:21:50.500000Z</time>
        <extensions>
          <gpxtpx:TrackPointExtension>
            <gpxtpx:hr>165</gpxtpx:hr>
          </gpxtpx:TrackPointExtension>
        </extensions>
      </trkpt>
      <trkpt lat="31.917672024662068" lon="120.58213788319894">
        <ele>4.052848050370812</ele>
        <time>1970-01-01T00:21:51.500000Z</time>
        <extensions>
          <gpxtpx:TrackPointExtension>
            <gpxtpx:hr>165</gpxtpx:hr>
          </gpxtpx:TrackPointExtension>
        </extensions>
      </trkpt>
      <trkpt lat="31.917664321682615" lon="120.5821633177">
        <ele>4.06393969245255</ele>
        <time>1970-01-01T00:21:52.500000Z</time>
        <extensions>
          <gpxtpx:TrackPointExtension>
            <gpxtpx:hr>165</gpxtpx:hr>
          </gpxtpx:TrackPointExtension>
        </extensions>
      </trkpt>
      <trkpt lat="31.91765703723871" lon="120.582189575075">
        <ele>4.08658748306334</ele>
        <time>1970-01-01T00:21:53.500000Z</time>
        <extensions>
          <gpxtpx:TrackPointExtension>
            <gpxtpx:hr>165</gpxtpx:hr>
          </gpxtpx:TrackPointExtension>
        </extensions>
      </trkpt>
      <trkpt lat="31.917649677512028" lon="120.58221582773979">
        <ele>4.092221759259701</ele>
        <time>1970-01-01T00:21:54.500000Z</time>
        <extensions>
          <gpxtpx:TrackPointExtension>
            <gpxtpx:hr>165</gpxtpx:hr>
          </gpxtpx:TrackPointExtension>
        </extensions>
      </trkpt>
      <trkpt lat="31.917642389219452" lon="120.58224189089971">
        <ele>4.075960856862366</ele>
        <time>1970-01-01T00:21:55.500000Z</time>
        <extensions>
          <gpxtpx:TrackPointExtension>
            <gpxtpx:hr>165</gpxtpx:hr>
          </gpxtpx:TrackPointExtension>
        </extensions>
      </trkpt>
      <trkpt lat="31.91763457242566" lon="120.58226760386287">
        <ele>4.067485341802239</ele>
        <time>1970-01-01T00:21:56.500000Z</time>
        <extensions>
          <gpxtpx:TrackPointExtension>
            <gpxtpx:hr>166</gpxtpx:hr>
          </gpxtpx:TrackPointExtension>
        </extensions>
      </trkpt>
      <trkpt lat="31.91762659227433" lon="120.58229255707312">
        <ele>4.059137656353414</ele>
        <time>1970-01-01T00:21:57.500000Z</time>
        <extensions>
          <gpxtpx:TrackPointExtension>
            <gpxtpx:hr>166</gpxtpx:hr>
          </gpxtpx:TrackPointExtension>
        </extensions>
      </trkpt>
      <trkpt lat="31.917619142043495" lon="120.58231729935022">
        <ele>4.054756139405072</ele>
        <time>1970-01-01T00:21:58.500000Z</time>
        <extensions>
          <gpxtpx:TrackPointExtension>
            <gpxtpx:hr>166</gpxtpx:hr>
          </gpxtpx:TrackPointExtension>
        </extensions>
      </trkpt>
      <trkpt lat="31.91761085156915" lon="120.58234209345294">
        <ele>4.045560105703771</ele>
        <time>1970-01-01T00:21:59.500000Z</time>
        <extensions>
          <gpxtpx:TrackPointExtension>
            <gpxtpx:hr>166</gpxtpx:hr>
          </gpxtpx:TrackPointExtension>
        </extensions>
      </trkpt>
      <trkpt lat="31.917601681600207" lon="120.58236706082609">
        <ele>4.042480862699449</ele>
        <time>1970-01-01T00:22:00.500000Z</time>
        <extensions>
          <gpxtpx:TrackPointExtension>
            <gpxtpx:hr>166</gpxtpx:hr>
          </gpxtpx:TrackPointExtension>
        </extensions>
      </trkpt>
      <trkpt lat="31.917593631381415" lon="120.58239293522317">
        <ele>4.02811917476356</ele>
        <time>1970-01-01T00:22:01.500000Z</time>
        <extensions>
          <gpxtpx:TrackPointExtension>
            <gpxtpx:hr>167</gpxtpx:hr>
          </gpxtpx:TrackPointExtension>
        </extensions>
      </trkpt>
      <trkpt lat="31.917586507212242" lon="120.58241940316638">
        <ele>4.018155178055167</ele>
        <time>1970-01-01T00:22:02.500000Z</time>
        <extensions>
          <gpxtpx:TrackPointExtension>
            <gpxtpx:hr>167</gpxtpx:hr>
          </gpxtpx:TrackPointExtension>
        </extensions>
      </trkpt>
      <trkpt lat="31.917578334745563" lon="120.5824454521982">
        <ele>4.003662763163447</ele>
        <time>1970-01-01T00:22:03.500000Z</time>
        <extensions>
          <gpxtpx:TrackPointExtension>
            <gpxtpx:hr>167</gpxtpx:hr>
          </gpxtpx:TrackPointExtension>
        </extensions>
      </trkpt>
      <trkpt lat="31.917569098864554" lon="120.58247071663907">
        <ele>3.968821359798312</ele>
        <time>1970-01-01T00:22:04.500000Z</time>
        <extensions>
          <gpxtpx:TrackPointExtension>
            <gpxtpx:hr>167</gpxtpx:hr>
          </gpxtpx:TrackPointExtension>
        </extensions>
      </trkpt>
      <trkpt lat="31.917560134914716" lon="120.58249558652258">
        <ele>3.9230998819693923</ele>
        <time>1970-01-01T00:22:05.500000Z</time>
        <extensions>
          <gpxtpx:TrackPointExtension>
            <gpxtpx:hr>166</gpxtpx:hr>
          </gpxtpx:TrackPointExtension>
        </extensions>
      </trkpt>
      <trkpt lat="31.91755153251576" lon="120.58252040303319">
        <ele>3.8901376789435744</ele>
        <time>1970-01-01T00:22:06.500000Z</time>
        <extensions>
          <gpxtpx:TrackPointExtension>
            <gpxtpx:hr>166</gpxtpx:hr>
          </gpxtpx:TrackPointExtension>
        </extensions>
      </trkpt>
      <trkpt lat="31.917543074187865" lon="120.58254555398281">
        <ele>3.84631575550884</ele>
        <time>1970-01-01T00:22:07.500000Z</time>
        <extensions>
          <gpxtpx:TrackPointExtension>
            <gpxtpx:hr>166</gpxtpx:hr>
          </gpxtpx:TrackPointExtension>
        </extensions>
      </trkpt>
      <trkpt lat="31.91753534061815" lon="120.58257088652573">
        <ele>3.7988028936088085</ele>
        <time>1970-01-01T00:22:08.500000Z</time>
        <extensions>
          <gpxtpx:TrackPointExtension>
            <gpxtpx:hr>166</gpxtpx:hr>
          </gpxtpx:TrackPointExtension>
        </extensions>
      </trkpt>
      <trkpt lat="31.917528261599408" lon="120.5825959992775">
        <ele>3.759701808914542</ele>
        <time>1970-01-01T00:22:09.500000Z</time>
        <extensions>
          <gpxtpx:TrackPointExtension>
            <gpxtpx:hr>166</gpxtpx:hr>
          </gpxtpx:TrackPointExtension>
        </extensions>
      </trkpt>
      <trkpt lat="31.91752020388794" lon="120.5826204675012">
        <ele>3.712964947335422</ele>
        <time>1970-01-01T00:22:10.500000Z</time>
        <extensions>
          <gpxtpx:TrackPointExtension>
            <gpxtpx:hr>167</gpxtpx:hr>
          </gpxtpx:TrackPointExtension>
        </extensions>
      </trkpt>
      <trkpt lat="31.91751166238464" lon="120.58264478255887">
        <ele>3.6532686380669475</ele>
        <time>1970-01-01T00:22:11.500000Z</time>
        <extensions>
          <gpxtpx:TrackPointExtension>
            <gpxtpx:hr>167</gpxtpx:hr>
          </gpxtpx:TrackPointExtension>
        </extensions>
      </trkpt>
      <trkpt lat="31.917504352453506" lon="120.58266975955965">
        <ele>3.5951952654868364</ele>
        <time>1970-01-01T00:22:12.500000Z</time>
        <extensions>
          <gpxtpx:TrackPointExtension>
            <gpxtpx:hr>167</gpxtpx:hr>
          </gpxtpx:TrackPointExtension>
        </extensions>
      </trkpt>
      <trkpt lat="31.917497430995308" lon="120.58269520544124">
        <ele>3.5440159626305103</ele>
        <time>1970-01-01T00:22:13.500000Z</time>
        <extensions>
          <gpxtpx:TrackPointExtension>
            <gpxtpx:hr>167</gpxtpx:hr>
          </gpxtpx:TrackPointExtension>
        </extensions>
      </trkpt>
      <trkpt lat="31.91749007644628" lon="120.58272043185215">
        <ele>3.4796131206676364</ele>
        <time>1970-01-01T00:22:14.500000Z</time>
        <extensions>
          <gpxtpx:TrackPointExtension>
            <gpxtpx:hr>167</gpxtpx:hr>
          </gpxtpx:TrackPointExtension>
        </extensions>
      </trkpt>
      <trkpt lat="31.91748297923825" lon="120.58274490821192">
        <ele>3.421384454704821</ele>
        <time>1970-01-01T00:22:15.500000Z</time>
        <extensions>
          <gpxtpx:TrackPointExtension>
            <gpxtpx:hr>167</gpxtpx:hr>
          </gpxtpx:TrackPointExtension>
        </extensions>
      </trkpt>
      <trkpt lat="31.917475436999734" lon="120.5827685620898">
        <ele>3.364076775498688</ele>
        <time>1970-01-01T00:22:16.500000Z</time>
        <extensions>
          <gpxtpx:TrackPointExtension>
            <gpxtpx:hr>167</gpxtpx:hr>
          </gpxtpx:TrackPointExtension>
        </extensions>
      </trkpt>
      <trkpt lat="31.917466517188164" lon="120.58279156265657">
        <ele>3.3350160950794816</ele>
        <time>1970-01-01T00:22:17.500000Z</time>
        <extensions>
          <gpxtpx:TrackPointExtension>
            <gpxtpx:hr>167</gpxtpx:hr>
          </gpxtpx:TrackPointExtension>
        </extensions>
      </trkpt>
      <trkpt lat="31.917457219235313" lon="120.58281432683334">
        <ele>3.3123617582023144</ele>
        <time>1970-01-01T00:22:18.500000Z</time>
        <extensions>
          <gpxtpx:TrackPointExtension>
            <gpxtpx:hr>167</gpxtpx:hr>
          </gpxtpx:TrackPointExtension>
        </extensions>
      </trkpt>
      <trkpt lat="31.917448925916297" lon="120.58283750550866">
        <ele>3.2802613265812397</ele>
        <time>1970-01-01T00:22:19.500000Z</time>
        <extensions>
          <gpxtpx:TrackPointExtension>
            <gpxtpx:hr>167</gpxtpx:hr>
          </gpxtpx:TrackPointExtension>
        </extensions>
      </trkpt>
      <trkpt lat="31.91744195360406" lon="120.5828615929555">
        <ele>3.2505516447126865</ele>
        <time>1970-01-01T00:22:20.500000Z</time>
        <extensions>
          <gpxtpx:TrackPointExtension>
            <gpxtpx:hr>167</gpxtpx:hr>
          </gpxtpx:TrackPointExtension>
        </extensions>
      </trkpt>
      <trkpt lat="31.9174363193766" lon="120.58288624078276">
        <ele>3.2377214236184955</ele>
        <time>1970-01-01T00:22:21.500000Z</time>
        <extensions>
          <gpxtpx:TrackPointExtension>
            <gpxtpx:hr>166</gpxtpx:hr>
          </gpxtpx:TrackPointExtension>
        </extensions>
      </trkpt>
      <trkpt lat="31.917431320884745" lon="120.58291082831607">
        <ele>3.23115814384073</ele>
        <time>1970-01-01T00:22:22.500000Z</time>
        <extensions>
          <gpxtpx:TrackPointExtension>
            <gpxtpx:hr>166</gpxtpx:hr>
          </gpxtpx:TrackPointExtension>
        </extensions>
      </trkpt>
      <trkpt lat="31.91742525441713" lon="120.58293492027958">
        <ele>3.2255588453263044</ele>
        <time>1970-01-01T00:22:23.500000Z</time>
        <extensions>
          <gpxtpx:TrackPointExtension>
            <gpxtpx:hr>166</gpxtpx:hr>
          </gpxtpx:TrackPointExtension>
        </extensions>
      </trkpt>
      <trkpt lat="31.91741848316015" lon="120.58295859758023">
        <ele>3.221711615100503</ele>
        <time>1970-01-01T00:22:24.500000Z</time>
        <extensions>
          <gpxtpx:TrackPointExtension>
            <gpxtpx:hr>166</gpxtpx:hr>
          </gpxtpx:TrackPointExtension>
        </extensions>
      </trkpt>
      <trkpt lat="31.91741300404832" lon="120.58298274621221">
        <ele>3.2361475424841046</ele>
        <time>1970-01-01T00:22:25.500000Z</time>
        <extensions>
          <gpxtpx:TrackPointExtension>
            <gpxtpx:hr>166</gpxtpx:hr>
          </gpxtpx:TrackPointExtension>
        </extensions>
      </trkpt>
      <trkpt lat="31.917408522008664" lon="120.58300767969206">
        <ele>3.251646937802434</ele>
        <time>1970-01-01T00:22:26.500000Z</time>
        <extensions>
          <gpxtpx:TrackPointExtension>
            <gpxtpx:hr>166</gpxtpx:hr>
          </gpxtpx:TrackPointExtension>
        </extensions>
      </trkpt>
      <trkpt lat="31.917403495600286" lon="120.58303281676719">
        <ele>3.2697486467659473</ele>
        <time>1970-01-01T00:22:27.500000Z</time>
        <extensions>
          <gpxtpx:TrackPointExtension>
            <gpxtpx:hr>165</gpxtpx:hr>
          </gpxtpx:TrackPointExtension>
        </extensions>
      </trkpt>
      <trkpt lat="31.917396804548677" lon="120.58305791011314">
        <ele>3.3006589030846953</ele>
        <time>1970-01-01T00:22:28.500000Z</time>
        <extensions>
          <gpxtpx:TrackPointExtension>
            <gpxtpx:hr>165</gpxtpx:hr>
          </gpxtpx:TrackPointExtension>
        </extensions>
      </trkpt>
      <trkpt lat="31.917389626340135" lon="120.58308287960648">
        <ele>3.332330278120935</ele>
        <time>1970-01-01T00:22:29.500000Z</time>
        <extensions>
          <gpxtpx:TrackPointExtension>
            <gpxtpx:hr>165</gpxtpx:hr>
          </gpxtpx:TrackPointExtension>
        </extensions>
      </trkpt>
      <trkpt lat="31.917383752776377" lon="120.58310759739318">
        <ele>3.3458796460181475</ele>
        <time>1970-01-01T00:22:30.500000Z</time>
        <extensions>
          <gpxtpx:TrackPointExtension>
            <gpxtpx:hr>165</gpxtpx:hr>
          </gpxtpx:TrackPointExtension>
        </extensions>
      </trkpt>
      <trkpt lat="31.91737808343732" lon="120.58313174109155">
        <ele>3.365912060253322</ele>
        <time>1970-01-01T00:22:31.500000Z</time>
        <extensions>
          <gpxtpx:TrackPointExtension>
            <gpxtpx:hr>165</gpxtpx:hr>
          </gpxtpx:TrackPointExtension>
        </extensions>
      </trkpt>
      <trkpt lat="31.917370852110093" lon="120.58315483134758">
        <ele>3.388142571784556</ele>
        <time>1970-01-01T00:22:32.500000Z</time>
        <extensions>
          <gpxtpx:TrackPointExtension>
            <gpxtpx:hr>165</gpxtpx:hr>
          </gpxtpx:TrackPointExtension>
        </extensions>
      </trkpt>
      <trkpt lat="31.917362400179563" lon="120.58317683292927">
        <ele>3.4044225672259927</ele>
        <time>1970-01-01T00:22:33.500000Z</time>
        <extensions>
          <gpxtpx:TrackPointExtension>
            <gpxtpx:hr>165</gpxtpx:hr>
          </gpxtpx:TrackPointExtension>
        </extensions>
      </trkpt>
      <trkpt lat="31.91735341671196" lon="120.58319863337827">
        <ele>3.419732174836099</ele>
        <time>1970-01-01T00:22:34.500000Z</time>
        <extensions>
          <gpxtpx:TrackPointExtension>
            <gpxtpx:hr>165</gpxtpx:hr>
          </gpxtpx:TrackPointExtension>
        </extensions>
      </trkpt>
      <trkpt lat="31.91734418270502" lon="120.58322134156444">
        <ele>3.4374668020755053</ele>
        <time>1970-01-01T00:22:35.500000Z</time>
        <extensions>
          <gpxtpx:TrackPointExtension>
            <gpxtpx:hr>167</gpxtpx:hr>
          </gpxtpx:TrackPointExtension>
        </extensions>
      </trkpt>
      <trkpt lat="31.9173357397039" lon="120.58324489121739">
        <ele>3.452340398915112</ele>
        <time>1970-01-01T00:22:36.500000Z</time>
        <extensions>
          <gpxtpx:TrackPointExtension>
            <gpxtpx:hr>167</gpxtpx:hr>
          </gpxtpx:TrackPointExtension>
        </extensions>
      </trkpt>
      <trkpt lat="31.91732842383467" lon="120.5832685274588">
        <ele>3.462253483943641</ele>
        <time>1970-01-01T00:22:37.500000Z</time>
        <extensions>
          <gpxtpx:TrackPointExtension>
            <gpxtpx:hr>167</gpxtpx:hr>
          </gpxtpx:TrackPointExtension>
        </extensions>
      </trkpt>
      <trkpt lat="31.917320796984498" lon="120.58329180915923">
        <ele>3.4777649007737637</ele>
        <time>1970-01-01T00:22:38.500000Z</time>
        <extensions>
          <gpxtpx:TrackPointExtension>
            <gpxtpx:hr>167</gpxtpx:hr>
          </gpxtpx:TrackPointExtension>
        </extensions>
      </trkpt>
      <trkpt lat="31.917312239027318" lon="120.58331490054535">
        <ele>3.4857204714789987</ele>
        <time>1970-01-01T00:22:39.500000Z</time>
        <extensions>
          <gpxtpx:TrackPointExtension>
            <gpxtpx:hr>167</gpxtpx:hr>
          </gpxtpx:TrackPointExtension>
        </extensions>
      </trkpt>
      <trkpt lat="31.91730465545407" lon="120.58333865871312">
        <ele>3.479508171789348</ele>
        <time>1970-01-01T00:22:40.500000Z</time>
        <extensions>
          <gpxtpx:TrackPointExtension>
            <gpxtpx:hr>167</gpxtpx:hr>
          </gpxtpx:TrackPointExtension>
        </extensions>
      </trkpt>
      <trkpt lat="31.917298438143526" lon="120.58336337586809">
        <ele>3.4616412557661533</ele>
        <time>1970-01-01T00:22:41.500000Z</time>
        <extensions>
          <gpxtpx:TrackPointExtension>
            <gpxtpx:hr>167</gpxtpx:hr>
          </gpxtpx:TrackPointExtension>
        </extensions>
      </trkpt>
      <trkpt lat="31.917291907877743" lon="120.58338841380757">
        <ele>3.464440518990159</ele>
        <time>1970-01-01T00:22:42.500000Z</time>
        <extensions>
          <gpxtpx:TrackPointExtension>
            <gpxtpx:hr>167</gpxtpx:hr>
          </gpxtpx:TrackPointExtension>
        </extensions>
      </trkpt>
      <trkpt lat="31.917285096212026" lon="120.58341323271533">
        <ele>3.4551573107019067</ele>
        <time>1970-01-01T00:22:43.500000Z</time>
        <extensions>
          <gpxtpx:TrackPointExtension>
            <gpxtpx:hr>167</gpxtpx:hr>
          </gpxtpx:TrackPointExtension>
        </extensions>
      </trkpt>
      <trkpt lat="31.917278724553157" lon="120.58343711260646">
        <ele>3.44211564399302</ele>
        <time>1970-01-01T00:22:44.500000Z</time>
        <extensions>
          <gpxtpx:TrackPointExtension>
            <gpxtpx:hr>167</gpxtpx:hr>
          </gpxtpx:TrackPointExtension>
        </extensions>
      </trkpt>
      <trkpt lat="31.917271627498057" lon="120.58345965308128">
        <ele>3.421847420744598</ele>
        <time>1970-01-01T00:22:45.500000Z</time>
        <extensions>
          <gpxtpx:TrackPointExtension>
            <gpxtpx:hr>167</gpxtpx:hr>
          </gpxtpx:TrackPointExtension>
        </extensions>
      </trkpt>
      <trkpt lat="31.917263766811732" lon="120.58348186542189">
        <ele>3.411618234589696</ele>
        <time>1970-01-01T00:22:46.500000Z</time>
        <extensions>
          <gpxtpx:TrackPointExtension>
            <gpxtpx:hr>167</gpxtpx:hr>
          </gpxtpx:TrackPointExtension>
        </extensions>
      </trkpt>
      <trkpt lat="31.917256074225936" lon="120.58350516973057">
        <ele>3.3953086994588375</ele>
        <time>1970-01-01T00:22:47.500000Z</time>
        <extensions>
          <gpxtpx:TrackPointExtension>
            <gpxtpx:hr>166</gpxtpx:hr>
          </gpxtpx:TrackPointExtension>
        </extensions>
      </trkpt>
      <trkpt lat="31.917248254977654" lon="120.58352989455884">
        <ele>3.3635070668533444</ele>
        <time>1970-01-01T00:22:48.500000Z</time>
        <extensions>
          <gpxtpx:TrackPointExtension>
            <gpxtpx:hr>166</gpxtpx:hr>
          </gpxtpx:TrackPointExtension>
        </extensions>
      </trkpt>
      <trkpt lat="31.9172406521753" lon="120.58355561481989">
        <ele>3.3491066321730614</ele>
        <time>1970-01-01T00:22:49.500000Z</time>
        <extensions>
          <gpxtpx:TrackPointExtension>
            <gpxtpx:hr>166</gpxtpx:hr>
          </gpxtpx:TrackPointExtension>
        </extensions>
      </trkpt>
      <trkpt lat="31.91723419840011" lon="120.58358115933066">
        <ele>3.3569522434845567</ele>
        <time>1970-01-01T00:22:50.500000Z</time>
        <extensions>
          <gpxtpx:TrackPointExtension>
            <gpxtpx:hr>166</gpxtpx:hr>
          </gpxtpx:TrackPointExtension>
        </extensions>
      </trkpt>
      <trkpt lat="31.917228572590695" lon="120.58360547608014">
        <ele>3.3680115994066</ele>
        <time>1970-01-01T00:22:51.500000Z</time>
        <extensions>
          <gpxtpx:TrackPointExtension>
            <gpxtpx:hr>166</gpxtpx:hr>
          </gpxtpx:TrackPointExtension>
        </extensions>
      </trkpt>
      <trkpt lat="31.917222165184512" lon="120.58362873310536">
        <ele>3.3890082286670804</ele>
        <time>1970-01-01T00:22:52.500000Z</time>
        <extensions>
          <gpxtpx:TrackPointExtension>
            <gpxtpx:hr>166</gpxtpx:hr>
          </gpxtpx:TrackPointExtension>
        </extensions>
      </trkpt>
      <trkpt lat="31.917214587228212" lon="120.58365179348733">
        <ele>3.440763113088906</ele>
        <time>1970-01-01T00:22:53.500000Z</time>
        <extensions>
          <gpxtpx:TrackPointExtension>
            <gpxtpx:hr>166</gpxtpx:hr>
          </gpxtpx:TrackPointExtension>
        </extensions>
      </trkpt>
      <trkpt lat="31.91720777106779" lon="120.5836753943461">
        <ele>3.5022366009652615</ele>
        <time>1970-01-01T00:22:54.500000Z</time>
        <extensions>
          <gpxtpx:TrackPointExtension>
            <gpxtpx:hr>166</gpxtpx:hr>
          </gpxtpx:TrackPointExtension>
        </extensions>
      </trkpt>
      <trkpt lat="31.91720247074257" lon="120.58369926689876">
        <ele>3.5644217832013965</ele>
        <time>1970-01-01T00:22:55.500000Z</time>
        <extensions>
          <gpxtpx:TrackPointExtension>
            <gpxtpx:hr>166</gpxtpx:hr>
          </gpxtpx:TrackPointExtension>
        </extensions>
      </trkpt>
      <trkpt lat="31.917196879329342" lon="120.58372256104">
        <ele>3.641081366688013</ele>
        <time>1970-01-01T00:22:56.500000Z</time>
        <extensions>
          <gpxtpx:TrackPointExtension>
            <gpxtpx:hr>167</gpxtpx:hr>
          </gpxtpx:TrackPointExtension>
        </extensions>
      </trkpt>
      <trkpt lat="31.91719006661782" lon="120.58374486066214">
        <ele>3.714954875409603</ele>
        <time>1970-01-01T00:22:57.500000Z</time>
        <extensions>
          <gpxtpx:TrackPointExtension>
            <gpxtpx:hr>167</gpxtpx:hr>
          </gpxtpx:TrackPointExtension>
        </extensions>
      </trkpt>
      <trkpt lat="31.91718363173877" lon="120.58376677978278">
        <ele>3.7896260637789965</ele>
        <time>1970-01-01T00:22:58.500000Z</time>
        <extensions>
          <gpxtpx:TrackPointExtension>
            <gpxtpx:hr>167</gpxtpx:hr>
          </gpxtpx:TrackPointExtension>
        </extensions>
      </trkpt>
      <trkpt lat="31.917178074506424" lon="120.5837885008927">
        <ele>3.862718260847032</ele>
        <time>1970-01-01T00:22:59.500000Z</time>
        <extensions>
          <gpxtpx:TrackPointExtension>
            <gpxtpx:hr>167</gpxtpx:hr>
          </gpxtpx:TrackPointExtension>
        </extensions>
      </trkpt>
      <trkpt lat="31.917172462981362" lon="120.58380964132296">
        <ele>3.937373412773013</ele>
        <time>1970-01-01T00:23:00.500000Z</time>
        <extensions>
          <gpxtpx:TrackPointExtension>
            <gpxtpx:hr>167</gpxtpx:hr>
          </gpxtpx:TrackPointExtension>
        </extensions>
      </trkpt>
      <trkpt lat="31.917166464298145" lon="120.58383013589017">
        <ele>4.007065960206091</ele>
        <time>1970-01-01T00:23:01.500000Z</time>
        <extensions>
          <gpxtpx:TrackPointExtension>
            <gpxtpx:hr>167</gpxtpx:hr>
          </gpxtpx:TrackPointExtension>
        </extensions>
      </trkpt>
      <trkpt lat="31.917160287159085" lon="120.58385055150015">
        <ele>4.067779498174787</ele>
        <time>1970-01-01T00:23:02.500000Z</time>
        <extensions>
          <gpxtpx:TrackPointExtension>
            <gpxtpx:hr>166</gpxtpx:hr>
          </gpxtpx:TrackPointExtension>
        </extensions>
      </trkpt>
      <trkpt lat="31.9171536173652" lon="120.58387147297698">
        <ele>4.134685952216387</ele>
        <time>1970-01-01T00:23:03.500000Z</time>
        <extensions>
          <gpxtpx:TrackPointExtension>
            <gpxtpx:hr>166</gpxtpx:hr>
          </gpxtpx:TrackPointExtension>
        </extensions>
      </trkpt>
      <trkpt lat="31.917145932189346" lon="120.58389303662956">
        <ele>4.209541643969715</ele>
        <time>1970-01-01T00:23:04.500000Z</time>
        <extensions>
          <gpxtpx:TrackPointExtension>
            <gpxtpx:hr>166</gpxtpx:hr>
          </gpxtpx:TrackPointExtension>
        </extensions>
      </trkpt>
      <trkpt lat="31.917137601173796" lon="120.58391450817554">
        <ele>4.284750891849399</ele>
        <time>1970-01-01T00:23:05.500000Z</time>
        <extensions>
          <gpxtpx:TrackPointExtension>
            <gpxtpx:hr>166</gpxtpx:hr>
          </gpxtpx:TrackPointExtension>
        </extensions>
      </trkpt>
      <trkpt lat="31.917129141219302" lon="120.58393491803825">
        <ele>4.365048551931977</ele>
        <time>1970-01-01T00:23:06.500000Z</time>
        <extensions>
          <gpxtpx:TrackPointExtension>
            <gpxtpx:hr>166</gpxtpx:hr>
          </gpxtpx:TrackPointExtension>
        </extensions>
      </trkpt>
      <trkpt lat="31.917120300938013" lon="120.5839545866686">
        <ele>4.435966198332608</ele>
        <time>1970-01-01T00:23:07.500000Z</time>
        <extensions>
          <gpxtpx:TrackPointExtension>
            <gpxtpx:hr>166</gpxtpx:hr>
          </gpxtpx:TrackPointExtension>
        </extensions>
      </trkpt>
      <trkpt lat="31.91711130198352" lon="120.58397484048338">
        <ele>4.492838133126497</ele>
        <time>1970-01-01T00:23:08.500000Z</time>
        <extensions>
          <gpxtpx:TrackPointExtension>
            <gpxtpx:hr>166</gpxtpx:hr>
          </gpxtpx:TrackPointExtension>
        </extensions>
      </trkpt>
      <trkpt lat="31.917103211966328" lon="120.58399708935399">
        <ele>4.532007557339966</ele>
        <time>1970-01-01T00:23:09.500000Z</time>
        <extensions>
          <gpxtpx:TrackPointExtension>
            <gpxtpx:hr>166</gpxtpx:hr>
          </gpxtpx:TrackPointExtension>
        </extensions>
      </trkpt>
      <trkpt lat="31.917095663688862" lon="120.584021403388">
        <ele>4.566738698631525</ele>
        <time>1970-01-01T00:23:10.500000Z</time>
        <extensions>
          <gpxtpx:TrackPointExtension>
            <gpxtpx:hr>166</gpxtpx:hr>
          </gpxtpx:TrackPointExtension>
        </extensions>
      </trkpt>
      <trkpt lat="31.91708775357903" lon="120.58404629683899">
        <ele>4.615217071957886</ele>
        <time>1970-01-01T00:23:11.500000Z</time>
        <extensions>
          <gpxtpx:TrackPointExtension>
            <gpxtpx:hr>166</gpxtpx:hr>
          </gpxtpx:TrackPointExtension>
        </extensions>
      </trkpt>
      <trkpt lat="31.91708069460302" lon="120.5840707980031">
        <ele>4.667585504241288</ele>
        <time>1970-01-01T00:23:12.500000Z</time>
        <extensions>
          <gpxtpx:TrackPointExtension>
            <gpxtpx:hr>165</gpxtpx:hr>
          </gpxtpx:TrackPointExtension>
        </extensions>
      </trkpt>
      <trkpt lat="31.91707509620193" lon="120.58409418788668">
        <ele>4.737926611676812</ele>
        <time>1970-01-01T00:23:13.500000Z</time>
        <extensions>
          <gpxtpx:TrackPointExtension>
            <gpxtpx:hr>165</gpxtpx:hr>
          </gpxtpx:TrackPointExtension>
        </extensions>
      </trkpt>
      <trkpt lat="31.91706949879658" lon="120.58411541284603">
        <ele>4.796199394389987</ele>
        <time>1970-01-01T00:23:14.500000Z</time>
        <extensions>
          <gpxtpx:TrackPointExtension>
            <gpxtpx:hr>165</gpxtpx:hr>
          </gpxtpx:TrackPointExtension>
        </extensions>
      </trkpt>
      <trkpt lat="31.917063090592766" lon="120.58413475170146">
        <ele>4.859485185705125</ele>
        <time>1970-01-01T00:23:15.500000Z</time>
        <extensions>
          <gpxtpx:TrackPointExtension>
            <gpxtpx:hr>165</gpxtpx:hr>
          </gpxtpx:TrackPointExtension>
        </extensions>
      </trkpt>
      <trkpt lat="31.91705604538268" lon="120.5841533437688">
        <ele>4.94552902970463</ele>
        <time>1970-01-01T00:23:16.500000Z</time>
        <extensions>
          <gpxtpx:TrackPointExtension>
            <gpxtpx:hr>165</gpxtpx:hr>
          </gpxtpx:TrackPointExtension>
        </extensions>
      </trkpt>
      <trkpt lat="31.917048328481542" lon="120.58417263190573">
        <ele>5.06681617628783</ele>
        <time>1970-01-01T00:23:17.500000Z</time>
        <extensions>
          <gpxtpx:TrackPointExtension>
            <gpxtpx:hr>165</gpxtpx:hr>
          </gpxtpx:TrackPointExtension>
        </extensions>
      </trkpt>
      <trkpt lat="31.917039282976212" lon="120.58419348031616">
        <ele>5.182051540352404</ele>
        <time>1970-01-01T00:23:18.500000Z</time>
        <extensions>
          <gpxtpx:TrackPointExtension>
            <gpxtpx:hr>165</gpxtpx:hr>
          </gpxtpx:TrackPointExtension>
        </extensions>
      </trkpt>
      <trkpt lat="31.917029333415243" lon="120.58421508901237">
        <ele>5.301401739008725</ele>
        <time>1970-01-01T00:23:19.500000Z</time>
        <extensions>
          <gpxtpx:TrackPointExtension>
            <gpxtpx:hr>165</gpxtpx:hr>
          </gpxtpx:TrackPointExtension>
        </extensions>
      </trkpt>
      <trkpt lat="31.917020463459526" lon="120.58423715072098">
        <ele>5.4456955306231976</ele>
        <time>1970-01-01T00:23:20.500000Z</time>
        <extensions>
          <gpxtpx:TrackPointExtension>
            <gpxtpx:hr>165</gpxtpx:hr>
          </gpxtpx:TrackPointExtension>
        </extensions>
      </trkpt>
      <trkpt lat="31.91701369726845" lon="120.58426012166548">
        <ele>5.589752032421529</ele>
        <time>1970-01-01T00:23:21.500000Z</time>
        <extensions>
          <gpxtpx:TrackPointExtension>
            <gpxtpx:hr>162</gpxtpx:hr>
          </gpxtpx:TrackPointExtension>
        </extensions>
      </trkpt>
      <trkpt lat="31.917008287788217" lon="120.58428327068317">
        <ele>5.738064622506499</ele>
        <time>1970-01-01T00:23:22.500000Z</time>
        <extensions>
          <gpxtpx:TrackPointExtension>
            <gpxtpx:hr>162</gpxtpx:hr>
          </gpxtpx:TrackPointExtension>
        </extensions>
      </trkpt>
      <trkpt lat="31.917003503381466" lon="120.58430542744185">
        <ele>5.8804018115624785</ele>
        <time>1970-01-01T00:23:23.500000Z</time>
        <extensions>
          <gpxtpx:TrackPointExtension>
            <gpxtpx:hr>162</gpxtpx:hr>
          </gpxtpx:TrackPointExtension>
        </extensions>
      </trkpt>
      <trkpt lat="31.916998900960042" lon="120.58432647745481">
        <ele>6.016666923649609</ele>
        <time>1970-01-01T00:23:24.500000Z</time>
        <extensions>
          <gpxtpx:TrackPointExtension>
            <gpxtpx:hr>162</gpxtpx:hr>
          </gpxtpx:TrackPointExtension>
        </extensions>
      </trkpt>
      <trkpt lat="31.916993958043186" lon="120.58434674480691">
        <ele>6.135917844250798</ele>
        <time>1970-01-01T00:23:25.500000Z</time>
        <extensions>
          <gpxtpx:TrackPointExtension>
            <gpxtpx:hr>162</gpxtpx:hr>
          </gpxtpx:TrackPointExtension>
        </extensions>
      </trkpt>
      <trkpt lat="31.91698841753374" lon="120.58436608232866">
        <ele>6.257255633361638</ele>
        <time>1970-01-01T00:23:26.500000Z</time>
        <extensions>
          <gpxtpx:TrackPointExtension>
            <gpxtpx:hr>161</gpxtpx:hr>
          </gpxtpx:TrackPointExtension>
        </extensions>
      </trkpt>
      <trkpt lat="31.91698159170839" lon="120.58438386389804">
        <ele>6.365117337554693</ele>
        <time>1970-01-01T00:23:27.500000Z</time>
        <extensions>
          <gpxtpx:TrackPointExtension>
            <gpxtpx:hr>161</gpxtpx:hr>
          </gpxtpx:TrackPointExtension>
        </extensions>
      </trkpt>
      <trkpt lat="31.916972523923675" lon="120.58440047587352">
        <ele>6.455316892825067</ele>
        <time>1970-01-01T00:23:28.500000Z</time>
        <extensions>
          <gpxtpx:TrackPointExtension>
            <gpxtpx:hr>161</gpxtpx:hr>
          </gpxtpx:TrackPointExtension>
        </extensions>
      </trkpt>
      <trkpt lat="31.91696146277252" lon="120.58441640649716">
        <ele>6.543916407972574</ele>
        <time>1970-01-01T00:23:29.500000Z</time>
        <extensions>
          <gpxtpx:TrackPointExtension>
            <gpxtpx:hr>161</gpxtpx:hr>
          </gpxtpx:TrackPointExtension>
        </extensions>
      </trkpt>
      <trkpt lat="31.916951566770592" lon="120.584432650315">
        <ele>6.641808241605759</ele>
        <time>1970-01-01T00:23:30.500000Z</time>
        <extensions>
          <gpxtpx:TrackPointExtension>
            <gpxtpx:hr>161</gpxtpx:hr>
          </gpxtpx:TrackPointExtension>
        </extensions>
      </trkpt>
      <trkpt lat="31.916945395256697" lon="120.58445108836997">
        <ele>6.712750896811485</ele>
        <time>1970-01-01T00:23:31.500000Z</time>
        <extensions>
          <gpxtpx:TrackPointExtension>
            <gpxtpx:hr>161</gpxtpx:hr>
          </gpxtpx:TrackPointExtension>
        </extensions>
      </trkpt>
      <trkpt lat="31.91694207707521" lon="120.58447188310193">
        <ele>6.771443208679557</ele>
        <time>1970-01-01T00:23:32.500000Z</time>
        <extensions>
          <gpxtpx:TrackPointExtension>
            <gpxtpx:hr>163</gpxtpx:hr>
          </gpxtpx:TrackPointExtension>
        </extensions>
      </trkpt>
      <trkpt lat="31.916939384177184" lon="120.5844948694553">
        <ele>6.837144559249282</ele>
        <time>1970-01-01T00:23:33.500000Z</time>
        <extensions>
          <gpxtpx:TrackPointExtension>
            <gpxtpx:hr>163</gpxtpx:hr>
          </gpxtpx:TrackPointExtension>
        </extensions>
      </trkpt>
      <trkpt lat="31.91693533831319" lon="120.5845198926642">
        <ele>6.894406320527196</ele>
        <time>1970-01-01T00:23:34.500000Z</time>
        <extensions>
          <gpxtpx:TrackPointExtension>
            <gpxtpx:hr>163</gpxtpx:hr>
          </gpxtpx:TrackPointExtension>
        </extensions>
      </trkpt>
      <trkpt lat="31.91692906427253" lon="120.58454555474636">
        <ele>6.942601808346808</ele>
        <time>1970-01-01T00:23:35.500000Z</time>
        <extensions>
          <gpxtpx:TrackPointExtension>
            <gpxtpx:hr>163</gpxtpx:hr>
          </gpxtpx:TrackPointExtension>
        </extensions>
      </trkpt>
      <trkpt lat="31.91692090081483" lon="120.58456978740749">
        <ele>6.957647090777755</ele>
        <time>1970-01-01T00:23:36.500000Z</time>
        <extensions>
          <gpxtpx:TrackPointExtension>
            <gpxtpx:hr>163</gpxtpx:hr>
          </gpxtpx:TrackPointExtension>
        </extensions>
      </trkpt>
      <trkpt lat="31.91691197279695" lon="120.58459261233249">
        <ele>6.967338578775525</ele>
        <time>1970-01-01T00:23:37.500000Z</time>
        <extensions>
          <gpxtpx:TrackPointExtension>
            <gpxtpx:hr>165</gpxtpx:hr>
          </gpxtpx:TrackPointExtension>
        </extensions>
      </trkpt>
      <trkpt lat="31.916902827384153" lon="120.58461558642642">
        <ele>6.984223929233849</ele>
        <time>1970-01-01T00:23:38.500000Z</time>
        <extensions>
          <gpxtpx:TrackPointExtension>
            <gpxtpx:hr>165</gpxtpx:hr>
          </gpxtpx:TrackPointExtension>
        </extensions>
      </trkpt>
      <trkpt lat="31.916894069199326" lon="120.58463937282976">
        <ele>7.018838976509869</ele>
        <time>1970-01-01T00:23:39.500000Z</time>
        <extensions>
          <gpxtpx:TrackPointExtension>
            <gpxtpx:hr>165</gpxtpx:hr>
          </gpxtpx:TrackPointExtension>
        </extensions>
      </trkpt>
      <trkpt lat="31.916886028130996" lon="120.58466352164952">
        <ele>7.0471822982653975</ele>
        <time>1970-01-01T00:23:40.500000Z</time>
        <extensions>
          <gpxtpx:TrackPointExtension>
            <gpxtpx:hr>165</gpxtpx:hr>
          </gpxtpx:TrackPointExtension>
        </extensions>
      </trkpt>
      <trkpt lat="31.916878577741265" lon="120.58468765845696">
        <ele>7.092606574296951</ele>
        <time>1970-01-01T00:23:41.500000Z</time>
        <extensions>
          <gpxtpx:TrackPointExtension>
            <gpxtpx:hr>166</gpxtpx:hr>
          </gpxtpx:TrackPointExtension>
        </extensions>
      </trkpt>
      <trkpt lat="31.916872185719257" lon="120.58471192183546">
        <ele>7.113608678802848</ele>
        <time>1970-01-01T00:23:42.500000Z</time>
        <extensions>
          <gpxtpx:TrackPointExtension>
            <gpxtpx:hr>166</gpxtpx:hr>
          </gpxtpx:TrackPointExtension>
        </extensions>
      </trkpt>
      <trkpt lat="31.916866781908293" lon="120.58473578309196">
        <ele>7.130084143951535</ele>
        <time>1970-01-01T00:23:43.500000Z</time>
        <extensions>
          <gpxtpx:TrackPointExtension>
            <gpxtpx:hr>166</gpxtpx:hr>
          </gpxtpx:TrackPointExtension>
        </extensions>
      </trkpt>
      <trkpt lat="31.916861073423078" lon="120.58475937086563">
        <ele>7.113704999908805</ele>
        <time>1970-01-01T00:23:44.500000Z</time>
        <extensions>
          <gpxtpx:TrackPointExtension>
            <gpxtpx:hr>166</gpxtpx:hr>
          </gpxtpx:TrackPointExtension>
        </extensions>
      </trkpt>
      <trkpt lat="31.916854484570106" lon="120.58478317718946">
        <ele>7.086061740294099</ele>
        <time>1970-01-01T00:23:45.500000Z</time>
        <extensions>
          <gpxtpx:TrackPointExtension>
            <gpxtpx:hr>165</gpxtpx:hr>
          </gpxtpx:TrackPointExtension>
        </extensions>
      </trkpt>
      <trkpt lat="31.916846969254763" lon="120.58480719230415">
        <ele>7.053943562321365</ele>
        <time>1970-01-01T00:23:46.500000Z</time>
        <extensions>
          <gpxtpx:TrackPointExtension>
            <gpxtpx:hr>165</gpxtpx:hr>
          </gpxtpx:TrackPointExtension>
        </extensions>
      </trkpt>
      <trkpt lat="31.916839143033947" lon="120.58483070471077">
        <ele>7.009341790340841</ele>
        <time>1970-01-01T00:23:47.500000Z</time>
        <extensions>
          <gpxtpx:TrackPointExtension>
            <gpxtpx:hr>165</gpxtpx:hr>
          </gpxtpx:TrackPointExtension>
        </extensions>
      </trkpt>
      <trkpt lat="31.916832049962892" lon="120.58485338095687">
        <ele>6.933003727346659</ele>
        <time>1970-01-01T00:23:48.500000Z</time>
        <extensions>
          <gpxtpx:TrackPointExtension>
            <gpxtpx:hr>165</gpxtpx:hr>
          </gpxtpx:TrackPointExtension>
        </extensions>
      </trkpt>
      <trkpt lat="31.91682603611672" lon="120.58487652306324">
        <ele>6.851831409148872</ele>
        <time>1970-01-01T00:23:49.500000Z</time>
        <extensions>
          <gpxtpx:TrackPointExtension>
            <gpxtpx:hr>165</gpxtpx:hr>
          </gpxtpx:TrackPointExtension>
        </extensions>
      </trkpt>
      <trkpt lat="31.91682064276946" lon="120.58490061501182">
        <ele>6.758625308983028</ele>
        <time>1970-01-01T00:23:50.500000Z</time>
        <extensions>
          <gpxtpx:TrackPointExtension>
            <gpxtpx:hr>165</gpxtpx:hr>
          </gpxtpx:TrackPointExtension>
        </extensions>
      </trkpt>
      <trkpt lat="31.916814461959227" lon="120.5849240494952">
        <ele>6.655735060572624</ele>
        <time>1970-01-01T00:23:51.500000Z</time>
        <extensions>
          <gpxtpx:TrackPointExtension>
            <gpxtpx:hr>165</gpxtpx:hr>
          </gpxtpx:TrackPointExtension>
        </extensions>
      </trkpt>
      <trkpt lat="31.91680631331486" lon="120.58494645500416">
        <ele>6.566116958856583</ele>
        <time>1970-01-01T00:23:52.500000Z</time>
        <extensions>
          <gpxtpx:TrackPointExtension>
            <gpxtpx:hr>165</gpxtpx:hr>
          </gpxtpx:TrackPointExtension>
        </extensions>
      </trkpt>
      <trkpt lat="31.916796128226554" lon="120.58496901849108">
        <ele>6.469477058388293</ele>
        <time>1970-01-01T00:23:53.500000Z</time>
        <extensions>
          <gpxtpx:TrackPointExtension>
            <gpxtpx:hr>165</gpxtpx:hr>
          </gpxtpx:TrackPointExtension>
        </extensions>
      </trkpt>
      <trkpt lat="31.916786133252025" lon="120.58499322405903">
        <ele>6.38607778865844</ele>
        <time>1970-01-01T00:23:54.500000Z</time>
        <extensions>
          <gpxtpx:TrackPointExtension>
            <gpxtpx:hr>165</gpxtpx:hr>
          </gpxtpx:TrackPointExtension>
        </extensions>
      </trkpt>
      <trkpt lat="31.91677904820177" lon="120.58501921985321">
        <ele>6.314184853807092</ele>
        <time>1970-01-01T00:23:55.500000Z</time>
        <extensions>
          <gpxtpx:TrackPointExtension>
            <gpxtpx:hr>165</gpxtpx:hr>
          </gpxtpx:TrackPointExtension>
        </extensions>
      </trkpt>
      <trkpt lat="31.91677393940037" lon="120.58504596123304">
        <ele>6.2380229057744145</ele>
        <time>1970-01-01T00:23:56.500000Z</time>
        <extensions>
          <gpxtpx:TrackPointExtension>
            <gpxtpx:hr>165</gpxtpx:hr>
          </gpxtpx:TrackPointExtension>
        </extensions>
      </trkpt>
      <trkpt lat="31.916768642437518" lon="120.58507259848028">
        <ele>6.1623135870322585</ele>
        <time>1970-01-01T00:23:57.500000Z</time>
        <extensions>
          <gpxtpx:TrackPointExtension>
            <gpxtpx:hr>165</gpxtpx:hr>
          </gpxtpx:TrackPointExtension>
        </extensions>
      </trkpt>
      <trkpt lat="31.916762191356707" lon="120.58509776733139">
        <ele>6.097481227479875</ele>
        <time>1970-01-01T00:23:58.500000Z</time>
        <extensions>
          <gpxtpx:TrackPointExtension>
            <gpxtpx:hr>165</gpxtpx:hr>
          </gpxtpx:TrackPointExtension>
        </extensions>
      </trkpt>
      <trkpt lat="31.91675431476276" lon="120.58512114006935">
        <ele>6.049400079995394</ele>
        <time>1970-01-01T00:23:59.500000Z</time>
        <extensions>
          <gpxtpx:TrackPointExtension>
            <gpxtpx:hr>165</gpxtpx:hr>
          </gpxtpx:TrackPointExtension>
        </extensions>
      </trkpt>
      <trkpt lat="31.916745200636143" lon="120.5851435120889">
        <ele>6.036199455149472</ele>
        <time>1970-01-01T00:24:00.500000Z</time>
        <extensions>
          <gpxtpx:TrackPointExtension>
            <gpxtpx:hr>165</gpxtpx:hr>
          </gpxtpx:TrackPointExtension>
        </extensions>
      </trkpt>
      <trkpt lat="31.916736157661312" lon="120.58516610319543">
        <ele>6.029579640366137</ele>
        <time>1970-01-01T00:24:01.500000Z</time>
        <extensions>
          <gpxtpx:TrackPointExtension>
            <gpxtpx:hr>165</gpxtpx:hr>
          </gpxtpx:TrackPointExtension>
        </extensions>
      </trkpt>
      <trkpt lat="31.91672832795369" lon="120.58518927202772">
        <ele>6.035027195699513</ele>
        <time>1970-01-01T00:24:02.500000Z</time>
        <extensions>
          <gpxtpx:TrackPointExtension>
            <gpxtpx:hr>165</gpxtpx:hr>
          </gpxtpx:TrackPointExtension>
        </extensions>
      </trkpt>
      <trkpt lat="31.91672168347296" lon="120.58521317975115">
        <ele>6.090406201779842</ele>
        <time>1970-01-01T00:24:03.500000Z</time>
        <extensions>
          <gpxtpx:TrackPointExtension>
            <gpxtpx:hr>165</gpxtpx:hr>
          </gpxtpx:TrackPointExtension>
        </extensions>
      </trkpt>
      <trkpt lat="31.916714819896505" lon="120.58523773655968">
        <ele>6.146728990599513</ele>
        <time>1970-01-01T00:24:04.500000Z</time>
        <extensions>
          <gpxtpx:TrackPointExtension>
            <gpxtpx:hr>165</gpxtpx:hr>
          </gpxtpx:TrackPointExtension>
        </extensions>
      </trkpt>
      <trkpt lat="31.91670667207682" lon="120.58526172694044">
        <ele>6.192467576824129</ele>
        <time>1970-01-01T00:24:05.500000Z</time>
        <extensions>
          <gpxtpx:TrackPointExtension>
            <gpxtpx:hr>165</gpxtpx:hr>
          </gpxtpx:TrackPointExtension>
        </extensions>
      </trkpt>
      <trkpt lat="31.916697668351365" lon="120.58528456238164">
        <ele>6.230981783941388</ele>
        <time>1970-01-01T00:24:06.500000Z</time>
        <extensions>
          <gpxtpx:TrackPointExtension>
            <gpxtpx:hr>164</gpxtpx:hr>
          </gpxtpx:TrackPointExtension>
        </extensions>
      </trkpt>
      <trkpt lat="31.91668928169258" lon="120.58530660498896">
        <ele>6.250971477478743</ele>
        <time>1970-01-01T00:24:07.500000Z</time>
        <extensions>
          <gpxtpx:TrackPointExtension>
            <gpxtpx:hr>164</gpxtpx:hr>
          </gpxtpx:TrackPointExtension>
        </extensions>
      </trkpt>
      <trkpt lat="31.91668306290299" lon="120.5853285694794">
        <ele>6.262529554776847</ele>
        <time>1970-01-01T00:24:08.500000Z</time>
        <extensions>
          <gpxtpx:TrackPointExtension>
            <gpxtpx:hr>164</gpxtpx:hr>
          </gpxtpx:TrackPointExtension>
        </extensions>
      </trkpt>
      <trkpt lat="31.916678829637835" lon="120.58535087562983">
        <ele>6.261015769094229</ele>
        <time>1970-01-01T00:24:09.500000Z</time>
        <extensions>
          <gpxtpx:TrackPointExtension>
            <gpxtpx:hr>164</gpxtpx:hr>
          </gpxtpx:TrackPointExtension>
        </extensions>
      </trkpt>
      <trkpt lat="31.916674469914533" lon="120.5853726988647">
        <ele>6.235974607057869</ele>
        <time>1970-01-01T00:24:10.500000Z</time>
        <extensions>
          <gpxtpx:TrackPointExtension>
            <gpxtpx:hr>164</gpxtpx:hr>
          </gpxtpx:TrackPointExtension>
        </extensions>
      </trkpt>
      <trkpt lat="31.916669657003503" lon="120.58539275837133">
        <ele>6.215416417457163</ele>
        <time>1970-01-01T00:24:11.500000Z</time>
        <extensions>
          <gpxtpx:TrackPointExtension>
            <gpxtpx:hr>164</gpxtpx:hr>
          </gpxtpx:TrackPointExtension>
        </extensions>
      </trkpt>
      <trkpt lat="31.91666691082446" lon="120.58541020132238">
        <ele>6.176245930604637</ele>
        <time>1970-01-01T00:24:12.500000Z</time>
        <extensions>
          <gpxtpx:TrackPointExtension>
            <gpxtpx:hr>164</gpxtpx:hr>
          </gpxtpx:TrackPointExtension>
        </extensions>
      </trkpt>
      <trkpt lat="31.91666831191073" lon="120.58542403784793">
        <ele>6.112003323622048</ele>
        <time>1970-01-01T00:24:13.500000Z</time>
        <extensions>
          <gpxtpx:TrackPointExtension>
            <gpxtpx:hr>164</gpxtpx:hr>
          </gpxtpx:TrackPointExtension>
        </extensions>
      </trkpt>
      <trkpt lat="31.916675016377237" lon="120.58543397544948">
        <ele>6.035769981332123</ele>
        <time>1970-01-01T00:24:14.500000Z</time>
        <extensions>
          <gpxtpx:TrackPointExtension>
            <gpxtpx:hr>164</gpxtpx:hr>
          </gpxtpx:TrackPointExtension>
        </extensions>
      </trkpt>
      <trkpt lat="31.916687754866242" lon="120.58543966876618">
        <ele>5.950016177259386</ele>
        <time>1970-01-01T00:24:15.500000Z</time>
        <extensions>
          <gpxtpx:TrackPointExtension>
            <gpxtpx:hr>164</gpxtpx:hr>
          </gpxtpx:TrackPointExtension>
        </extensions>
      </trkpt>
      <trkpt lat="31.916705894324227" lon="120.58544001597615">
        <ele>5.843643493019044</ele>
        <time>1970-01-01T00:24:16.500000Z</time>
        <extensions>
          <gpxtpx:TrackPointExtension>
            <gpxtpx:hr>164</gpxtpx:hr>
          </gpxtpx:TrackPointExtension>
        </extensions>
      </trkpt>
      <trkpt lat="31.9167265157349" lon="120.58543480821119">
        <ele>5.727252132259309</ele>
        <time>1970-01-01T00:24:17.500000Z</time>
        <extensions>
          <gpxtpx:TrackPointExtension>
            <gpxtpx:hr>164</gpxtpx:hr>
          </gpxtpx:TrackPointExtension>
        </extensions>
      </trkpt>
      <trkpt lat="31.91674641035645" lon="120.58542373983549">
        <ele>5.608197222463787</ele>
        <time>1970-01-01T00:24:18.500000Z</time>
        <extensions>
          <gpxtpx:TrackPointExtension>
            <gpxtpx:hr>164</gpxtpx:hr>
          </gpxtpx:TrackPointExtension>
        </extensions>
      </trkpt>
      <trkpt lat="31.916764886083403" lon="120.58540786474093">
        <ele>5.470587844029069</ele>
        <time>1970-01-01T00:24:19.500000Z</time>
        <extensions>
          <gpxtpx:TrackPointExtension>
            <gpxtpx:hr>164</gpxtpx:hr>
          </gpxtpx:TrackPointExtension>
        </extensions>
      </trkpt>
      <trkpt lat="31.916781835354797" lon="120.58538945068749">
        <ele>5.33725365716964</ele>
        <time>1970-01-01T00:24:20.500000Z</time>
        <extensions>
          <gpxtpx:TrackPointExtension>
            <gpxtpx:hr>164</gpxtpx:hr>
          </gpxtpx:TrackPointExtension>
        </extensions>
      </trkpt>
      <trkpt lat="31.916796630667747" lon="120.5853695659132">
        <ele>5.2118686297908425</ele>
        <time>1970-01-01T00:24:21.500000Z</time>
        <extensions>
          <gpxtpx:TrackPointExtension>
            <gpxtpx:hr>164</gpxtpx:hr>
          </gpxtpx:TrackPointExtension>
        </extensions>
      </trkpt>
      <trkpt lat="31.916808725586442" lon="120.58534844793078">
        <ele>5.0779398595914245</ele>
        <time>1970-01-01T00:24:22.500000Z</time>
        <extensions>
          <gpxtpx:TrackPointExtension>
            <gpxtpx:hr>164</gpxtpx:hr>
          </gpxtpx:TrackPointExtension>
        </extensions>
      </trkpt>
      <trkpt lat="31.916817972944905" lon="120.58532626993963">
        <ele>4.949894499965012</ele>
        <time>1970-01-01T00:24:23.500000Z</time>
        <extensions>
          <gpxtpx:TrackPointExtension>
            <gpxtpx:hr>165</gpxtpx:hr>
          </gpxtpx:TrackPointExtension>
        </extensions>
      </trkpt>
      <trkpt lat="31.916825837151993" lon="120.58530398695254">
        <ele>4.84807606972754</ele>
        <time>1970-01-01T00:24:24.500000Z</time>
        <extensions>
          <gpxtpx:TrackPointExtension>
            <gpxtpx:hr>165</gpxtpx:hr>
          </gpxtpx:TrackPointExtension>
        </extensions>
      </trkpt>
      <trkpt lat="31.916833800028922" lon="120.58528224248246">
        <ele>4.74926783144474</ele>
        <time>1970-01-01T00:24:25.500000Z</time>
        <extensions>
          <gpxtpx:TrackPointExtension>
            <gpxtpx:hr>165</gpxtpx:hr>
          </gpxtpx:TrackPointExtension>
        </extensions>
      </trkpt>
      <trkpt lat="31.916841810084552" lon="120.58526118393628">
        <ele>4.6541184121742845</ele>
        <time>1970-01-01T00:24:26.500000Z</time>
        <extensions>
          <gpxtpx:TrackPointExtension>
            <gpxtpx:hr>165</gpxtpx:hr>
          </gpxtpx:TrackPointExtension>
        </extensions>
      </trkpt>
      <trkpt lat="31.916849793394075" lon="120.58524047139855">
        <ele>4.581479852087796</ele>
        <time>1970-01-01T00:24:27.500000Z</time>
        <extensions>
          <gpxtpx:TrackPointExtension>
            <gpxtpx:hr>165</gpxtpx:hr>
          </gpxtpx:TrackPointExtension>
        </extensions>
      </trkpt>
      <trkpt lat="31.916858796004107" lon="120.58521998423177">
        <ele>4.528658910654485</ele>
        <time>1970-01-01T00:24:28.500000Z</time>
        <extensions>
          <gpxtpx:TrackPointExtension>
            <gpxtpx:hr>165</gpxtpx:hr>
          </gpxtpx:TrackPointExtension>
        </extensions>
      </trkpt>
      <trkpt lat="31.916868463455874" lon="120.58519931722394">
        <ele>4.471292598173022</ele>
        <time>1970-01-01T00:24:29.500000Z</time>
        <extensions>
          <gpxtpx:TrackPointExtension>
            <gpxtpx:hr>165</gpxtpx:hr>
          </gpxtpx:TrackPointExtension>
        </extensions>
      </trkpt>
      <trkpt lat="31.916877185966243" lon="120.58517791305323">
        <ele>4.419497302733362</ele>
        <time>1970-01-01T00:24:30.500000Z</time>
        <extensions>
          <gpxtpx:TrackPointExtension>
            <gpxtpx:hr>165</gpxtpx:hr>
          </gpxtpx:TrackPointExtension>
        </extensions>
      </trkpt>
      <trkpt lat="31.916885201928487" lon="120.58515579893732">
        <ele>4.382734696380794</ele>
        <time>1970-01-01T00:24:31.500000Z</time>
        <extensions>
          <gpxtpx:TrackPointExtension>
            <gpxtpx:hr>165</gpxtpx:hr>
          </gpxtpx:TrackPointExtension>
        </extensions>
      </trkpt>
      <trkpt lat="31.916892637184866" lon="120.58513326728874">
        <ele>4.352592451497912</ele>
        <time>1970-01-01T00:24:32.500000Z</time>
        <extensions>
          <gpxtpx:TrackPointExtension>
            <gpxtpx:hr>166</gpxtpx:hr>
          </gpxtpx:TrackPointExtension>
        </extensions>
      </trkpt>
      <trkpt lat="31.916898984569183" lon="120.58511113400826">
        <ele>4.327563966624439</ele>
        <time>1970-01-01T00:24:33.500000Z</time>
        <extensions>
          <gpxtpx:TrackPointExtension>
            <gpxtpx:hr>166</gpxtpx:hr>
          </gpxtpx:TrackPointExtension>
        </extensions>
      </trkpt>
      <trkpt lat="31.916905651498627" lon="120.58509014606675">
        <ele>4.3146804217249155</ele>
        <time>1970-01-01T00:24:34.500000Z</time>
        <extensions>
          <gpxtpx:TrackPointExtension>
            <gpxtpx:hr>166</gpxtpx:hr>
          </gpxtpx:TrackPointExtension>
        </extensions>
      </trkpt>
      <trkpt lat="31.91691388388779" lon="120.58507005192503">
        <ele>4.306368565186858</ele>
        <time>1970-01-01T00:24:35.500000Z</time>
        <extensions>
          <gpxtpx:TrackPointExtension>
            <gpxtpx:hr>166</gpxtpx:hr>
          </gpxtpx:TrackPointExtension>
        </extensions>
      </trkpt>
      <trkpt lat="31.916922597834233" lon="120.58505018369141">
        <ele>4.29951598867774</ele>
        <time>1970-01-01T00:24:36.500000Z</time>
        <extensions>
          <gpxtpx:TrackPointExtension>
            <gpxtpx:hr>166</gpxtpx:hr>
          </gpxtpx:TrackPointExtension>
        </extensions>
      </trkpt>
      <trkpt lat="31.91693025608647" lon="120.5850296573674">
        <ele>4.2903093891218305</ele>
        <time>1970-01-01T00:24:37.500000Z</time>
        <extensions>
          <gpxtpx:TrackPointExtension>
            <gpxtpx:hr>166</gpxtpx:hr>
          </gpxtpx:TrackPointExtension>
        </extensions>
      </trkpt>
      <trkpt lat="31.916937701709728" lon="120.58500819167764">
        <ele>4.2793074026703835</ele>
        <time>1970-01-01T00:24:38.500000Z</time>
        <extensions>
          <gpxtpx:TrackPointExtension>
            <gpxtpx:hr>166</gpxtpx:hr>
          </gpxtpx:TrackPointExtension>
        </extensions>
      </trkpt>
      <trkpt lat="31.91694589724117" lon="120.58498692860384">
        <ele>4.2607882134616375</ele>
        <time>1970-01-01T00:24:39.500000Z</time>
        <extensions>
          <gpxtpx:TrackPointExtension>
            <gpxtpx:hr>166</gpxtpx:hr>
          </gpxtpx:TrackPointExtension>
        </extensions>
      </trkpt>
      <trkpt lat="31.91695404932509" lon="120.58496629862614">
        <ele>4.236460393294692</ele>
        <time>1970-01-01T00:24:40.500000Z</time>
        <extensions>
          <gpxtpx:TrackPointExtension>
            <gpxtpx:hr>167</gpxtpx:hr>
          </gpxtpx:TrackPointExtension>
        </extensions>
      </trkpt>
      <trkpt lat="31.916962191572424" lon="120.58494592255362">
        <ele>4.188702691346407</ele>
        <time>1970-01-01T00:24:41.500000Z</time>
        <extensions>
          <gpxtpx:TrackPointExtension>
            <gpxtpx:hr>167</gpxtpx:hr>
          </gpxtpx:TrackPointExtension>
        </extensions>
      </trkpt>
      <trkpt lat="31.916970228438803" lon="120.58492520604763">
        <ele>4.137087908573449</ele>
        <time>1970-01-01T00:24:42.500000Z</time>
        <extensions>
          <gpxtpx:TrackPointExtension>
            <gpxtpx:hr>167</gpxtpx:hr>
          </gpxtpx:TrackPointExtension>
        </extensions>
      </trkpt>
      <trkpt lat="31.91697809967134" lon="120.58490355581837">
        <ele>4.080519680865109</ele>
        <time>1970-01-01T00:24:43.500000Z</time>
        <extensions>
          <gpxtpx:TrackPointExtension>
            <gpxtpx:hr>167</gpxtpx:hr>
          </gpxtpx:TrackPointExtension>
        </extensions>
      </trkpt>
      <trkpt lat="31.91698674694861" lon="120.5848811874655">
        <ele>4.0167078245431185</ele>
        <time>1970-01-01T00:24:44.500000Z</time>
        <extensions>
          <gpxtpx:TrackPointExtension>
            <gpxtpx:hr>167</gpxtpx:hr>
          </gpxtpx:TrackPointExtension>
        </extensions>
      </trkpt>
      <trkpt lat="31.91699579472154" lon="120.58485840848122">
        <ele>3.9462055433541536</ele>
        <time>1970-01-01T00:24:45.500000Z</time>
        <extensions>
          <gpxtpx:TrackPointExtension>
            <gpxtpx:hr>167</gpxtpx:hr>
          </gpxtpx:TrackPointExtension>
        </extensions>
      </trkpt>
      <trkpt lat="31.917003980126797" lon="120.58483476458053">
        <ele>3.88394118193537</ele>
        <time>1970-01-01T00:24:46.500000Z</time>
        <extensions>
          <gpxtpx:TrackPointExtension>
            <gpxtpx:hr>166</gpxtpx:hr>
          </gpxtpx:TrackPointExtension>
        </extensions>
      </trkpt>
      <trkpt lat="31.917011388021727" lon="120.58481043487625">
        <ele>3.81438981089741</ele>
        <time>1970-01-01T00:24:47.500000Z</time>
        <extensions>
          <gpxtpx:TrackPointExtension>
            <gpxtpx:hr>166</gpxtpx:hr>
          </gpxtpx:TrackPointExtension>
        </extensions>
      </trkpt>
      <trkpt lat="31.91701890226391" lon="120.58478552653598">
        <ele>3.741163638420403</ele>
        <time>1970-01-01T00:24:48.500000Z</time>
        <extensions>
          <gpxtpx:TrackPointExtension>
            <gpxtpx:hr>166</gpxtpx:hr>
          </gpxtpx:TrackPointExtension>
        </extensions>
      </trkpt>
      <trkpt lat="31.91702681586237" lon="120.58476044707686">
        <ele>3.6549695320427418</ele>
        <time>1970-01-01T00:24:49.500000Z</time>
        <extensions>
          <gpxtpx:TrackPointExtension>
            <gpxtpx:hr>166</gpxtpx:hr>
          </gpxtpx:TrackPointExtension>
        </extensions>
      </trkpt>
      <trkpt lat="31.91703598228358" lon="120.58473699568383">
        <ele>3.579286732710898</ele>
        <time>1970-01-01T00:24:50.500000Z</time>
        <extensions>
          <gpxtpx:TrackPointExtension>
            <gpxtpx:hr>166</gpxtpx:hr>
          </gpxtpx:TrackPointExtension>
        </extensions>
      </trkpt>
      <trkpt lat="31.917045626464013" lon="120.58471504595131">
        <ele>3.5248609418049455</ele>
        <time>1970-01-01T00:24:51.500000Z</time>
        <extensions>
          <gpxtpx:TrackPointExtension>
            <gpxtpx:hr>166</gpxtpx:hr>
          </gpxtpx:TrackPointExtension>
        </extensions>
      </trkpt>
      <trkpt lat="31.917053990805464" lon="120.58469248346057">
        <ele>3.465081289410591</ele>
        <time>1970-01-01T00:24:52.500000Z</time>
        <extensions>
          <gpxtpx:TrackPointExtension>
            <gpxtpx:hr>166</gpxtpx:hr>
          </gpxtpx:TrackPointExtension>
        </extensions>
      </trkpt>
      <trkpt lat="31.91706166643187" lon="120.58466848911006">
        <ele>3.3980397172272205</ele>
        <time>1970-01-01T00:24:53.500000Z</time>
        <extensions>
          <gpxtpx:TrackPointExtension>
            <gpxtpx:hr>166</gpxtpx:hr>
          </gpxtpx:TrackPointExtension>
        </extensions>
      </trkpt>
      <trkpt lat="31.917069554489952" lon="120.5846437504197">
        <ele>3.3352906741201878</ele>
        <time>1970-01-01T00:24:54.500000Z</time>
        <extensions>
          <gpxtpx:TrackPointExtension>
            <gpxtpx:hr>166</gpxtpx:hr>
          </gpxtpx:TrackPointExtension>
        </extensions>
      </trkpt>
      <trkpt lat="31.91707688257387" lon="120.58461973244691">
        <ele>3.271311057731509</ele>
        <time>1970-01-01T00:24:55.500000Z</time>
        <extensions>
          <gpxtpx:TrackPointExtension>
            <gpxtpx:hr>166</gpxtpx:hr>
          </gpxtpx:TrackPointExtension>
        </extensions>
      </trkpt>
      <trkpt lat="31.91708373014447" lon="120.58459761014453">
        <ele>3.234297868795693</ele>
        <time>1970-01-01T00:24:56.500000Z</time>
        <extensions>
          <gpxtpx:TrackPointExtension>
            <gpxtpx:hr>166</gpxtpx:hr>
          </gpxtpx:TrackPointExtension>
        </extensions>
      </trkpt>
      <trkpt lat="31.91709042493687" lon="120.5845769841555">
        <ele>3.183857242576778</ele>
        <time>1970-01-01T00:24:57.500000Z</time>
        <extensions>
          <gpxtpx:TrackPointExtension>
            <gpxtpx:hr>166</gpxtpx:hr>
          </gpxtpx:TrackPointExtension>
        </extensions>
      </trkpt>
      <trkpt lat="31.91709632843596" lon="120.58455690886599">
        <ele>3.1513017313554883</ele>
        <time>1970-01-01T00:24:58.500000Z</time>
        <extensions>
          <gpxtpx:TrackPointExtension>
            <gpxtpx:hr>166</gpxtpx:hr>
          </gpxtpx:TrackPointExtension>
        </extensions>
      </trkpt>
      <trkpt lat="31.917102222208406" lon="120.58453604784405">
        <ele>3.127922859042883</ele>
        <time>1970-01-01T00:24:59.500000Z</time>
        <extensions>
          <gpxtpx:TrackPointExtension>
            <gpxtpx:hr>166</gpxtpx:hr>
          </gpxtpx:TrackPointExtension>
        </extensions>
      </trkpt>
      <trkpt lat="31.917109770785174" lon="120.58451356785">
        <ele>3.098405221477151</ele>
        <time>1970-01-01T00:25:00.500000Z</time>
        <extensions>
          <gpxtpx:TrackPointExtension>
            <gpxtpx:hr>165</gpxtpx:hr>
          </gpxtpx:TrackPointExtension>
        </extensions>
      </trkpt>
      <trkpt lat="31.91711921615602" lon="120.5844899657484">
        <ele>3.0586006734520197</ele>
        <time>1970-01-01T00:25:01.500000Z</time>
        <extensions>
          <gpxtpx:TrackPointExtension>
            <gpxtpx:hr>165</gpxtpx:hr>
          </gpxtpx:TrackPointExtension>
        </extensions>
      </trkpt>
      <trkpt lat="31.917128070125397" lon="120.58446632602872">
        <ele>3.0246228678151965</ele>
        <time>1970-01-01T00:25:02.500000Z</time>
        <extensions>
          <gpxtpx:TrackPointExtension>
            <gpxtpx:hr>165</gpxtpx:hr>
          </gpxtpx:TrackPointExtension>
        </extensions>
      </trkpt>
      <trkpt lat="31.917134496322532" lon="120.58444310825787">
        <ele>2.995933069847524</ele>
        <time>1970-01-01T00:25:03.500000Z</time>
        <extensions>
          <gpxtpx:TrackPointExtension>
            <gpxtpx:hr>165</gpxtpx:hr>
          </gpxtpx:TrackPointExtension>
        </extensions>
      </trkpt>
      <trkpt lat="31.917139339100448" lon="120.5844204868766">
        <ele>2.9715032624080777</ele>
        <time>1970-01-01T00:25:04.500000Z</time>
        <extensions>
          <gpxtpx:TrackPointExtension>
            <gpxtpx:hr>165</gpxtpx:hr>
          </gpxtpx:TrackPointExtension>
        </extensions>
      </trkpt>
      <trkpt lat="31.917145277903586" lon="120.58439888488368">
        <ele>2.9407009072601795</ele>
        <time>1970-01-01T00:25:05.500000Z</time>
        <extensions>
          <gpxtpx:TrackPointExtension>
            <gpxtpx:hr>165</gpxtpx:hr>
          </gpxtpx:TrackPointExtension>
        </extensions>
      </trkpt>
      <trkpt lat="31.917152865427866" lon="120.58437784027117">
        <ele>2.9185371631756425</ele>
        <time>1970-01-01T00:25:06.500000Z</time>
        <extensions>
          <gpxtpx:TrackPointExtension>
            <gpxtpx:hr>165</gpxtpx:hr>
          </gpxtpx:TrackPointExtension>
        </extensions>
      </trkpt>
      <trkpt lat="31.91716076381296" lon="120.58435618329312">
        <ele>2.9001025231555104</ele>
        <time>1970-01-01T00:25:07.500000Z</time>
        <extensions>
          <gpxtpx:TrackPointExtension>
            <gpxtpx:hr>164</gpxtpx:hr>
          </gpxtpx:TrackPointExtension>
        </extensions>
      </trkpt>
      <trkpt lat="31.91716870705493" lon="120.58433347806546">
        <ele>2.8781059915199876</ele>
        <time>1970-01-01T00:25:08.500000Z</time>
        <extensions>
          <gpxtpx:TrackPointExtension>
            <gpxtpx:hr>164</gpxtpx:hr>
          </gpxtpx:TrackPointExtension>
        </extensions>
      </trkpt>
      <trkpt lat="31.91717698958039" lon="120.58431053230858">
        <ele>2.841924950480461</ele>
        <time>1970-01-01T00:25:09.500000Z</time>
        <extensions>
          <gpxtpx:TrackPointExtension>
            <gpxtpx:hr>164</gpxtpx:hr>
          </gpxtpx:TrackPointExtension>
        </extensions>
      </trkpt>
      <trkpt lat="31.917185075184403" lon="120.58428798069747">
        <ele>2.797481883317232</ele>
        <time>1970-01-01T00:25:10.500000Z</time>
        <extensions>
          <gpxtpx:TrackPointExtension>
            <gpxtpx:hr>164</gpxtpx:hr>
          </gpxtpx:TrackPointExtension>
        </extensions>
      </trkpt>
      <trkpt lat="31.917193073986603" lon="120.58426585380067">
        <ele>2.7673540906980634</ele>
        <time>1970-01-01T00:25:11.500000Z</time>
        <extensions>
          <gpxtpx:TrackPointExtension>
            <gpxtpx:hr>164</gpxtpx:hr>
          </gpxtpx:TrackPointExtension>
        </extensions>
      </trkpt>
      <trkpt lat="31.917202022065933" lon="120.58424417136015">
        <ele>2.7563162026926875</ele>
        <time>1970-01-01T00:25:12.500000Z</time>
        <extensions>
          <gpxtpx:TrackPointExtension>
            <gpxtpx:hr>165</gpxtpx:hr>
          </gpxtpx:TrackPointExtension>
        </extensions>
      </trkpt>
      <trkpt lat="31.91721139543579" lon="120.58422217082563">
        <ele>2.7387768905609846</ele>
        <time>1970-01-01T00:25:13.500000Z</time>
        <extensions>
          <gpxtpx:TrackPointExtension>
            <gpxtpx:hr>165</gpxtpx:hr>
          </gpxtpx:TrackPointExtension>
        </extensions>
      </trkpt>
      <trkpt lat="31.91721933314056" lon="120.58419897297512">
        <ele>2.723688746802509</ele>
        <time>1970-01-01T00:25:14.500000Z</time>
        <extensions>
          <gpxtpx:TrackPointExtension>
            <gpxtpx:hr>165</gpxtpx:hr>
          </gpxtpx:TrackPointExtension>
        </extensions>
      </trkpt>
      <trkpt lat="31.91722569054283" lon="120.58417487790256">
        <ele>2.7181230541318655</ele>
        <time>1970-01-01T00:25:15.500000Z</time>
        <extensions>
          <gpxtpx:TrackPointExtension>
            <gpxtpx:hr>165</gpxtpx:hr>
          </gpxtpx:TrackPointExtension>
        </extensions>
      </trkpt>
      <trkpt lat="31.91723205654519" lon="120.58415059019019">
        <ele>2.7172441640868783</ele>
        <time>1970-01-01T00:25:16.500000Z</time>
        <extensions>
          <gpxtpx:TrackPointExtension>
            <gpxtpx:hr>164</gpxtpx:hr>
          </gpxtpx:TrackPointExtension>
        </extensions>
      </trkpt>
      <trkpt lat="31.91723971136467" lon="120.58412640449257">
        <ele>2.704903230071068</ele>
        <time>1970-01-01T00:25:17.500000Z</time>
        <extensions>
          <gpxtpx:TrackPointExtension>
            <gpxtpx:hr>164</gpxtpx:hr>
          </gpxtpx:TrackPointExtension>
        </extensions>
      </trkpt>
      <trkpt lat="31.917248380385463" lon="120.58410235747068">
        <ele>2.69538286793977</ele>
        <time>1970-01-01T00:25:18.500000Z</time>
        <extensions>
          <gpxtpx:TrackPointExtension>
            <gpxtpx:hr>164</gpxtpx:hr>
          </gpxtpx:TrackPointExtension>
        </extensions>
      </trkpt>
      <trkpt lat="31.917256869189885" lon="120.58407791127726">
        <ele>2.6979002505540848</ele>
        <time>1970-01-01T00:25:19.500000Z</time>
        <extensions>
          <gpxtpx:TrackPointExtension>
            <gpxtpx:hr>164</gpxtpx:hr>
          </gpxtpx:TrackPointExtension>
        </extensions>
      </trkpt>
      <trkpt lat="31.917264681187667" lon="120.5840525970381">
        <ele>2.699837419204414</ele>
        <time>1970-01-01T00:25:20.500000Z</time>
        <extensions>
          <gpxtpx:TrackPointExtension>
            <gpxtpx:hr>164</gpxtpx:hr>
          </gpxtpx:TrackPointExtension>
        </extensions>
      </trkpt>
      <trkpt lat="31.917271617028987" lon="120.58402694788121">
        <ele>2.690656173042953</ele>
        <time>1970-01-01T00:25:21.500000Z</time>
        <extensions>
          <gpxtpx:TrackPointExtension>
            <gpxtpx:hr>164</gpxtpx:hr>
          </gpxtpx:TrackPointExtension>
        </extensions>
      </trkpt>
      <trkpt lat="31.91727779999576" lon="120.58400205597039">
        <ele>2.6916497545316815</ele>
        <time>1970-01-01T00:25:22.500000Z</time>
        <extensions>
          <gpxtpx:TrackPointExtension>
            <gpxtpx:hr>164</gpxtpx:hr>
          </gpxtpx:TrackPointExtension>
        </extensions>
      </trkpt>
      <trkpt lat="31.917283639196086" lon="120.58397818652541">
        <ele>2.6967292446643114</ele>
        <time>1970-01-01T00:25:23.500000Z</time>
        <extensions>
          <gpxtpx:TrackPointExtension>
            <gpxtpx:hr>164</gpxtpx:hr>
          </gpxtpx:TrackPointExtension>
        </extensions>
      </trkpt>
      <trkpt lat="31.917289287615073" lon="120.58395455129329">
        <ele>2.698531168513</ele>
        <time>1970-01-01T00:25:24.500000Z</time>
        <extensions>
          <gpxtpx:TrackPointExtension>
            <gpxtpx:hr>164</gpxtpx:hr>
          </gpxtpx:TrackPointExtension>
        </extensions>
      </trkpt>
      <trkpt lat="31.91729560795912" lon="120.58393082529557">
        <ele>2.6936426665633917</ele>
        <time>1970-01-01T00:25:25.500000Z</time>
        <extensions>
          <gpxtpx:TrackPointExtension>
            <gpxtpx:hr>163</gpxtpx:hr>
          </gpxtpx:TrackPointExtension>
        </extensions>
      </trkpt>
      <trkpt lat="31.91730325122816" lon="120.58390749038657">
        <ele>2.6909968182444572</ele>
        <time>1970-01-01T00:25:26.500000Z</time>
        <extensions>
          <gpxtpx:TrackPointExtension>
            <gpxtpx:hr>163</gpxtpx:hr>
          </gpxtpx:TrackPointExtension>
        </extensions>
      </trkpt>
      <trkpt lat="31.917311027208328" lon="120.58388454464385">
        <ele>2.6777450228109956</ele>
        <time>1970-01-01T00:25:27.500000Z</time>
        <extensions>
          <gpxtpx:TrackPointExtension>
            <gpxtpx:hr>163</gpxtpx:hr>
          </gpxtpx:TrackPointExtension>
        </extensions>
      </trkpt>
      <trkpt lat="31.91731856875184" lon="120.58386186319908">
        <ele>2.6676468271762133</ele>
        <time>1970-01-01T00:25:28.500000Z</time>
        <extensions>
          <gpxtpx:TrackPointExtension>
            <gpxtpx:hr>163</gpxtpx:hr>
          </gpxtpx:TrackPointExtension>
        </extensions>
      </trkpt>
      <trkpt lat="31.917326975420274" lon="120.58384010140237">
        <ele>2.652219148352742</ele>
        <time>1970-01-01T00:25:29.500000Z</time>
        <extensions>
          <gpxtpx:TrackPointExtension>
            <gpxtpx:hr>163</gpxtpx:hr>
          </gpxtpx:TrackPointExtension>
        </extensions>
      </trkpt>
      <trkpt lat="31.91733629590995" lon="120.58381886333478">
        <ele>2.6331109050661325</ele>
        <time>1970-01-01T00:25:30.500000Z</time>
        <extensions>
          <gpxtpx:TrackPointExtension>
            <gpxtpx:hr>161</gpxtpx:hr>
          </gpxtpx:TrackPointExtension>
        </extensions>
      </trkpt>
      <trkpt lat="31.917345509362573" lon="120.58379651543402">
        <ele>2.6180071141570807</ele>
        <time>1970-01-01T00:25:31.500000Z</time>
        <extensions>
          <gpxtpx:TrackPointExtension>
            <gpxtpx:hr>161</gpxtpx:hr>
          </gpxtpx:TrackPointExtension>
        </extensions>
      </trkpt>
      <trkpt lat="31.917353736262722" lon="120.58377276828172">
        <ele>2.612407489679754</ele>
        <time>1970-01-01T00:25:32.500000Z</time>
        <extensions>
          <gpxtpx:TrackPointExtension>
            <gpxtpx:hr>161</gpxtpx:hr>
          </gpxtpx:TrackPointExtension>
        </extensions>
      </trkpt>
      <trkpt lat="31.917360838385452" lon="120.58374903889903">
        <ele>2.6236974634230137</ele>
        <time>1970-01-01T00:25:33.500000Z</time>
        <extensions>
          <gpxtpx:TrackPointExtension>
            <gpxtpx:hr>161</gpxtpx:hr>
          </gpxtpx:TrackPointExtension>
        </extensions>
      </trkpt>
      <trkpt lat="31.917367536250012" lon="120.58372607280329">
        <ele>2.6415464049205184</ele>
        <time>1970-01-01T00:25:34.500000Z</time>
        <extensions>
          <gpxtpx:TrackPointExtension>
            <gpxtpx:hr>161</gpxtpx:hr>
          </gpxtpx:TrackPointExtension>
        </extensions>
      </trkpt>
      <trkpt lat="31.91737442992074" lon="120.58370316675418">
        <ele>2.6560298185795546</ele>
        <time>1970-01-01T00:25:35.500000Z</time>
        <extensions>
          <gpxtpx:TrackPointExtension>
            <gpxtpx:hr>161</gpxtpx:hr>
          </gpxtpx:TrackPointExtension>
        </extensions>
      </trkpt>
      <trkpt lat="31.91738232588879" lon="120.5836801539272">
        <ele>2.675491909496486</ele>
        <time>1970-01-01T00:25:36.500000Z</time>
        <extensions>
          <gpxtpx:TrackPointExtension>
            <gpxtpx:hr>162</gpxtpx:hr>
          </gpxtpx:TrackPointExtension>
        </extensions>
      </trkpt>
      <trkpt lat="31.91739114471561" lon="120.58365692317567">
        <ele>2.704823554493487</ele>
        <time>1970-01-01T00:25:37.500000Z</time>
        <extensions>
          <gpxtpx:TrackPointExtension>
            <gpxtpx:hr>162</gpxtpx:hr>
          </gpxtpx:TrackPointExtension>
        </extensions>
      </trkpt>
      <trkpt lat="31.917400083856894" lon="120.58363288446722">
        <ele>2.7407437479123473</ele>
        <time>1970-01-01T00:25:38.500000Z</time>
        <extensions>
          <gpxtpx:TrackPointExtension>
            <gpxtpx:hr>162</gpxtpx:hr>
          </gpxtpx:TrackPointExtension>
        </extensions>
      </trkpt>
      <trkpt lat="31.917408989699748" lon="120.58360853165516">
        <ele>2.7639757925644517</ele>
        <time>1970-01-01T00:25:39.500000Z</time>
        <extensions>
          <gpxtpx:TrackPointExtension>
            <gpxtpx:hr>162</gpxtpx:hr>
          </gpxtpx:TrackPointExtension>
        </extensions>
      </trkpt>
      <trkpt lat="31.917417249726082" lon="120.58358438357834">
        <ele>2.801718763075769</ele>
        <time>1970-01-01T00:25:40.500000Z</time>
        <extensions>
          <gpxtpx:TrackPointExtension>
            <gpxtpx:hr>162</gpxtpx:hr>
          </gpxtpx:TrackPointExtension>
        </extensions>
      </trkpt>
      <trkpt lat="31.91742357983663" lon="120.58356015327169">
        <ele>2.848530350252986</ele>
        <time>1970-01-01T00:25:41.500000Z</time>
        <extensions>
          <gpxtpx:TrackPointExtension>
            <gpxtpx:hr>162</gpxtpx:hr>
          </gpxtpx:TrackPointExtension>
        </extensions>
      </trkpt>
      <trkpt lat="31.91742865065151" lon="120.58353635081319">
        <ele>2.8870798451825976</ele>
        <time>1970-01-01T00:25:42.500000Z</time>
        <extensions>
          <gpxtpx:TrackPointExtension>
            <gpxtpx:hr>163</gpxtpx:hr>
          </gpxtpx:TrackPointExtension>
        </extensions>
      </trkpt>
      <trkpt lat="31.917433047589856" lon="120.58351297426964">
        <ele>2.9129437301307917</ele>
        <time>1970-01-01T00:25:43.500000Z</time>
        <extensions>
          <gpxtpx:TrackPointExtension>
            <gpxtpx:hr>163</gpxtpx:hr>
          </gpxtpx:TrackPointExtension>
        </extensions>
      </trkpt>
      <trkpt lat="31.91743780140536" lon="120.58349080916143">
        <ele>2.949093814007938</ele>
        <time>1970-01-01T00:25:44.500000Z</time>
        <extensions>
          <gpxtpx:TrackPointExtension>
            <gpxtpx:hr>163</gpxtpx:hr>
          </gpxtpx:TrackPointExtension>
        </extensions>
      </trkpt>
      <trkpt lat="31.917443237011298" lon="120.58346980362985">
        <ele>2.9831443512812257</ele>
        <time>1970-01-01T00:25:45.500000Z</time>
        <extensions>
          <gpxtpx:TrackPointExtension>
            <gpxtpx:hr>163</gpxtpx:hr>
          </gpxtpx:TrackPointExtension>
        </extensions>
      </trkpt>
      <trkpt lat="31.91744914852033" lon="120.58344782793418">
        <ele>3.002988114953041</ele>
        <time>1970-01-01T00:25:46.500000Z</time>
        <extensions>
          <gpxtpx:TrackPointExtension>
            <gpxtpx:hr>164</gpxtpx:hr>
          </gpxtpx:TrackPointExtension>
        </extensions>
      </trkpt>
      <trkpt lat="31.91745525161712" lon="120.58342491188623">
        <ele>3.0210975715890527</ele>
        <time>1970-01-01T00:25:47.500000Z</time>
        <extensions>
          <gpxtpx:TrackPointExtension>
            <gpxtpx:hr>164</gpxtpx:hr>
          </gpxtpx:TrackPointExtension>
        </extensions>
      </trkpt>
      <trkpt lat="31.917461325827027" lon="120.58340169393254">
        <ele>3.0404853466898203</ele>
        <time>1970-01-01T00:25:48.500000Z</time>
        <extensions>
          <gpxtpx:TrackPointExtension>
            <gpxtpx:hr>164</gpxtpx:hr>
          </gpxtpx:TrackPointExtension>
        </extensions>
      </trkpt>
      <trkpt lat="31.917468496594264" lon="120.58337784943154">
        <ele>3.0685432413592935</ele>
        <time>1970-01-01T00:25:49.500000Z</time>
        <extensions>
          <gpxtpx:TrackPointExtension>
            <gpxtpx:hr>164</gpxtpx:hr>
          </gpxtpx:TrackPointExtension>
        </extensions>
      </trkpt>
      <trkpt lat="31.917476529976053" lon="120.58335377634367">
        <ele>3.082467551343143</ele>
        <time>1970-01-01T00:25:50.500000Z</time>
        <extensions>
          <gpxtpx:TrackPointExtension>
            <gpxtpx:hr>164</gpxtpx:hr>
          </gpxtpx:TrackPointExtension>
        </extensions>
      </trkpt>
      <trkpt lat="31.917484124126844" lon="120.58333017474214">
        <ele>3.084666804410517</ele>
        <time>1970-01-01T00:25:51.500000Z</time>
        <extensions>
          <gpxtpx:TrackPointExtension>
            <gpxtpx:hr>164</gpxtpx:hr>
          </gpxtpx:TrackPointExtension>
        </extensions>
      </trkpt>
      <trkpt lat="31.91749118234282" lon="120.5833066583436">
        <ele>3.074520856142044</ele>
        <time>1970-01-01T00:25:52.500000Z</time>
        <extensions>
          <gpxtpx:TrackPointExtension>
            <gpxtpx:hr>164</gpxtpx:hr>
          </gpxtpx:TrackPointExtension>
        </extensions>
      </trkpt>
      <trkpt lat="31.917498630335768" lon="120.58328252327244">
        <ele>3.0524742528796196</ele>
        <time>1970-01-01T00:25:53.500000Z</time>
        <extensions>
          <gpxtpx:TrackPointExtension>
            <gpxtpx:hr>164</gpxtpx:hr>
          </gpxtpx:TrackPointExtension>
        </extensions>
      </trkpt>
      <trkpt lat="31.917506311696403" lon="120.58325781010683">
        <ele>3.0323104048147798</ele>
        <time>1970-01-01T00:25:54.500000Z</time>
        <extensions>
          <gpxtpx:TrackPointExtension>
            <gpxtpx:hr>164</gpxtpx:hr>
          </gpxtpx:TrackPointExtension>
        </extensions>
      </trkpt>
      <trkpt lat="31.91751367853878" lon="120.58323345525396">
        <ele>3.027014808729291</ele>
        <time>1970-01-01T00:25:55.500000Z</time>
        <extensions>
          <gpxtpx:TrackPointExtension>
            <gpxtpx:hr>164</gpxtpx:hr>
          </gpxtpx:TrackPointExtension>
        </extensions>
      </trkpt>
      <trkpt lat="31.917520584049655" lon="120.58320998140012">
        <ele>3.0230238204821944</ele>
        <time>1970-01-01T00:25:56.500000Z</time>
        <extensions>
          <gpxtpx:TrackPointExtension>
            <gpxtpx:hr>164</gpxtpx:hr>
          </gpxtpx:TrackPointExtension>
        </extensions>
      </trkpt>
      <trkpt lat="31.917527795861833" lon="120.58318678718496">
        <ele>3.0148928510025144</ele>
        <time>1970-01-01T00:25:57.500000Z</time>
        <extensions>
          <gpxtpx:TrackPointExtension>
            <gpxtpx:hr>164</gpxtpx:hr>
          </gpxtpx:TrackPointExtension>
        </extensions>
      </trkpt>
      <trkpt lat="31.917535495071185" lon="120.58316352372482">
        <ele>2.993717271834612</ele>
        <time>1970-01-01T00:25:58.500000Z</time>
        <extensions>
          <gpxtpx:TrackPointExtension>
            <gpxtpx:hr>164</gpxtpx:hr>
          </gpxtpx:TrackPointExtension>
        </extensions>
      </trkpt>
      <trkpt lat="31.917543054455617" lon="120.58314026399898">
        <ele>2.967707822099328</ele>
        <time>1970-01-01T00:25:59.500000Z</time>
        <extensions>
          <gpxtpx:TrackPointExtension>
            <gpxtpx:hr>164</gpxtpx:hr>
          </gpxtpx:TrackPointExtension>
        </extensions>
      </trkpt>
      <trkpt lat="31.917549970770526" lon="120.58311703312161">
        <ele>2.9386360542848706</ele>
        <time>1970-01-01T00:26:00.500000Z</time>
        <extensions>
          <gpxtpx:TrackPointExtension>
            <gpxtpx:hr>164</gpxtpx:hr>
          </gpxtpx:TrackPointExtension>
        </extensions>
      </trkpt>
      <trkpt lat="31.91755689279792" lon="120.58309390027884">
        <ele>2.922339261509478</ele>
        <time>1970-01-01T00:26:01.500000Z</time>
        <extensions>
          <gpxtpx:TrackPointExtension>
            <gpxtpx:hr>164</gpxtpx:hr>
          </gpxtpx:TrackPointExtension>
        </extensions>
      </trkpt>
      <trkpt lat="31.91756446246203" lon="120.58307017411624">
        <ele>2.9286717120558023</ele>
        <time>1970-01-01T00:26:02.500000Z</time>
        <extensions>
          <gpxtpx:TrackPointExtension>
            <gpxtpx:hr>164</gpxtpx:hr>
          </gpxtpx:TrackPointExtension>
        </extensions>
      </trkpt>
      <trkpt lat="31.91757213266802" lon="120.58304555418489">
        <ele>2.9342185761779547</ele>
        <time>1970-01-01T00:26:03.500000Z</time>
        <extensions>
          <gpxtpx:TrackPointExtension>
            <gpxtpx:hr>164</gpxtpx:hr>
          </gpxtpx:TrackPointExtension>
        </extensions>
      </trkpt>
      <trkpt lat="31.91757961960929" lon="120.58302076937291">
        <ele>2.929836528375745</ele>
        <time>1970-01-01T00:26:04.500000Z</time>
        <extensions>
          <gpxtpx:TrackPointExtension>
            <gpxtpx:hr>164</gpxtpx:hr>
          </gpxtpx:TrackPointExtension>
        </extensions>
      </trkpt>
      <trkpt lat="31.917586328706502" lon="120.58299622718012">
        <ele>2.9241163786500692</ele>
        <time>1970-01-01T00:26:05.500000Z</time>
        <extensions>
          <gpxtpx:TrackPointExtension>
            <gpxtpx:hr>164</gpxtpx:hr>
          </gpxtpx:TrackPointExtension>
        </extensions>
      </trkpt>
      <trkpt lat="31.917592143578343" lon="120.58297243997785">
        <ele>2.9299592217430472</ele>
        <time>1970-01-01T00:26:06.500000Z</time>
        <extensions>
          <gpxtpx:TrackPointExtension>
            <gpxtpx:hr>164</gpxtpx:hr>
          </gpxtpx:TrackPointExtension>
        </extensions>
      </trkpt>
      <trkpt lat="31.91759799961375" lon="120.58294906856295">
        <ele>2.936448554508388</ele>
        <time>1970-01-01T00:26:07.500000Z</time>
        <extensions>
          <gpxtpx:TrackPointExtension>
            <gpxtpx:hr>164</gpxtpx:hr>
          </gpxtpx:TrackPointExtension>
        </extensions>
      </trkpt>
      <trkpt lat="31.917604811524047" lon="120.58292506470224">
        <ele>2.930582876317203</ele>
        <time>1970-01-01T00:26:08.500000Z</time>
        <extensions>
          <gpxtpx:TrackPointExtension>
            <gpxtpx:hr>164</gpxtpx:hr>
          </gpxtpx:TrackPointExtension>
        </extensions>
      </trkpt>
      <trkpt lat="31.917612791074365" lon="120.58289993856371">
        <ele>2.9208153737708926</ele>
        <time>1970-01-01T00:26:09.500000Z</time>
        <extensions>
          <gpxtpx:TrackPointExtension>
            <gpxtpx:hr>164</gpxtpx:hr>
          </gpxtpx:TrackPointExtension>
        </extensions>
      </trkpt>
      <trkpt lat="31.91762176218323" lon="120.58287396244897">
        <ele>2.9048319468274713</ele>
        <time>1970-01-01T00:26:10.500000Z</time>
        <extensions>
          <gpxtpx:TrackPointExtension>
            <gpxtpx:hr>164</gpxtpx:hr>
          </gpxtpx:TrackPointExtension>
        </extensions>
      </trkpt>
      <trkpt lat="31.91763115422377" lon="120.58284753937238">
        <ele>2.885062202811241</ele>
        <time>1970-01-01T00:26:11.500000Z</time>
        <extensions>
          <gpxtpx:TrackPointExtension>
            <gpxtpx:hr>164</gpxtpx:hr>
          </gpxtpx:TrackPointExtension>
        </extensions>
      </trkpt>
      <trkpt lat="31.91764034174071" lon="120.58282170551355">
        <ele>2.858946484513581</ele>
        <time>1970-01-01T00:26:12.500000Z</time>
        <extensions>
          <gpxtpx:TrackPointExtension>
            <gpxtpx:hr>164</gpxtpx:hr>
          </gpxtpx:TrackPointExtension>
        </extensions>
      </trkpt>
      <trkpt lat="31.917648965477117" lon="120.5827974617552">
        <ele>2.8261688454076648</ele>
        <time>1970-01-01T00:26:13.500000Z</time>
        <extensions>
          <gpxtpx:TrackPointExtension>
            <gpxtpx:hr>164</gpxtpx:hr>
          </gpxtpx:TrackPointExtension>
        </extensions>
      </trkpt>
      <trkpt lat="31.91765753539639" lon="120.58277365989414">
        <ele>2.7990517346188426</ele>
        <time>1970-01-01T00:26:14.500000Z</time>
        <extensions>
          <gpxtpx:TrackPointExtension>
            <gpxtpx:hr>164</gpxtpx:hr>
          </gpxtpx:TrackPointExtension>
        </extensions>
      </trkpt>
      <trkpt lat="31.917666532786477" lon="120.58274877419551">
        <ele>2.778447541408241</ele>
        <time>1970-01-01T00:26:15.500000Z</time>
        <extensions>
          <gpxtpx:TrackPointExtension>
            <gpxtpx:hr>164</gpxtpx:hr>
          </gpxtpx:TrackPointExtension>
        </extensions>
      </trkpt>
      <trkpt lat="31.917676087060247" lon="120.58272269577137">
        <ele>2.7763926312327385</ele>
        <time>1970-01-01T00:26:16.500000Z</time>
        <extensions>
          <gpxtpx:TrackPointExtension>
            <gpxtpx:hr>167</gpxtpx:hr>
          </gpxtpx:TrackPointExtension>
        </extensions>
      </trkpt>
      <trkpt lat="31.917685762325334" lon="120.58269569874349">
        <ele>2.7716100877150893</ele>
        <time>1970-01-01T00:26:17.500000Z</time>
        <extensions>
          <gpxtpx:TrackPointExtension>
            <gpxtpx:hr>167</gpxtpx:hr>
          </gpxtpx:TrackPointExtension>
        </extensions>
      </trkpt>
      <trkpt lat="31.917695291394438" lon="120.5826688979486">
        <ele>2.774583052843809</ele>
        <time>1970-01-01T00:26:18.500000Z</time>
        <extensions>
          <gpxtpx:TrackPointExtension>
            <gpxtpx:hr>167</gpxtpx:hr>
          </gpxtpx:TrackPointExtension>
        </extensions>
      </trkpt>
      <trkpt lat="31.91770478103267" lon="120.58264284454084">
        <ele>2.771804173476994</ele>
        <time>1970-01-01T00:26:19.500000Z</time>
        <extensions>
          <gpxtpx:TrackPointExtension>
            <gpxtpx:hr>167</gpxtpx:hr>
          </gpxtpx:TrackPointExtension>
        </extensions>
      </trkpt>
      <trkpt lat="31.917714328406834" lon="120.58261713529463">
        <ele>2.764572786167264</ele>
        <time>1970-01-01T00:26:20.500000Z</time>
        <extensions>
          <gpxtpx:TrackPointExtension>
            <gpxtpx:hr>167</gpxtpx:hr>
          </gpxtpx:TrackPointExtension>
        </extensions>
      </trkpt>
      <trkpt lat="31.917723989066065" lon="120.58259145657414">
        <ele>2.758358337916434</ele>
        <time>1970-01-01T00:26:21.500000Z</time>
        <extensions>
          <gpxtpx:TrackPointExtension>
            <gpxtpx:hr>167</gpxtpx:hr>
          </gpxtpx:TrackPointExtension>
        </extensions>
      </trkpt>
      <trkpt lat="31.917733419971984" lon="120.58256578212041">
        <ele>2.7596028223633766</ele>
        <time>1970-01-01T00:26:22.500000Z</time>
        <extensions>
          <gpxtpx:TrackPointExtension>
            <gpxtpx:hr>166</gpxtpx:hr>
          </gpxtpx:TrackPointExtension>
        </extensions>
      </trkpt>
      <trkpt lat="31.917742317457133" lon="120.5825401588509">
        <ele>2.7622913513332605</ele>
        <time>1970-01-01T00:26:23.500000Z</time>
        <extensions>
          <gpxtpx:TrackPointExtension>
            <gpxtpx:hr>166</gpxtpx:hr>
          </gpxtpx:TrackPointExtension>
        </extensions>
      </trkpt>
      <trkpt lat="31.917751020191282" lon="120.58251470734477">
        <ele>2.791332787834108</ele>
        <time>1970-01-01T00:26:24.500000Z</time>
        <extensions>
          <gpxtpx:TrackPointExtension>
            <gpxtpx:hr>166</gpxtpx:hr>
          </gpxtpx:TrackPointExtension>
        </extensions>
      </trkpt>
      <trkpt lat="31.917759404513067" lon="120.58248969007113">
        <ele>2.816344833932817</ele>
        <time>1970-01-01T00:26:25.500000Z</time>
        <extensions>
          <gpxtpx:TrackPointExtension>
            <gpxtpx:hr>166</gpxtpx:hr>
          </gpxtpx:TrackPointExtension>
        </extensions>
      </trkpt>
      <trkpt lat="31.917767101499194" lon="120.5824654783155">
        <ele>2.8258805498480797</ele>
        <time>1970-01-01T00:26:26.500000Z</time>
        <extensions>
          <gpxtpx:TrackPointExtension>
            <gpxtpx:hr>166</gpxtpx:hr>
          </gpxtpx:TrackPointExtension>
        </extensions>
      </trkpt>
      <trkpt lat="31.917774078029762" lon="120.58244250276812">
        <ele>2.8288586447015405</ele>
        <time>1970-01-01T00:26:27.500000Z</time>
        <extensions>
          <gpxtpx:TrackPointExtension>
            <gpxtpx:hr>167</gpxtpx:hr>
          </gpxtpx:TrackPointExtension>
        </extensions>
      </trkpt>
      <trkpt lat="31.917780332452438" lon="120.58242010877339">
        <ele>2.8378564827144146</ele>
        <time>1970-01-01T00:26:28.500000Z</time>
        <extensions>
          <gpxtpx:TrackPointExtension>
            <gpxtpx:hr>167</gpxtpx:hr>
          </gpxtpx:TrackPointExtension>
        </extensions>
      </trkpt>
      <trkpt lat="31.917786519857163" lon="120.5823973042757">
        <ele>2.8440361032262444</ele>
        <time>1970-01-01T00:26:29.500000Z</time>
        <extensions>
          <gpxtpx:TrackPointExtension>
            <gpxtpx:hr>167</gpxtpx:hr>
          </gpxtpx:TrackPointExtension>
        </extensions>
      </trkpt>
      <trkpt lat="31.91779319026652" lon="120.58237366405386">
        <ele>2.85059716925025</ele>
        <time>1970-01-01T00:26:30.500000Z</time>
        <extensions>
          <gpxtpx:TrackPointExtension>
            <gpxtpx:hr>167</gpxtpx:hr>
          </gpxtpx:TrackPointExtension>
        </extensions>
      </trkpt>
      <trkpt lat="31.91780082446117" lon="120.58234912891734">
        <ele>2.864456517621875</ele>
        <time>1970-01-01T00:26:31.500000Z</time>
        <extensions>
          <gpxtpx:TrackPointExtension>
            <gpxtpx:hr>167</gpxtpx:hr>
          </gpxtpx:TrackPointExtension>
        </extensions>
      </trkpt>
      <trkpt lat="31.917809327149783" lon="120.58232399159756">
        <ele>2.882729356177151</ele>
        <time>1970-01-01T00:26:32.500000Z</time>
        <extensions>
          <gpxtpx:TrackPointExtension>
            <gpxtpx:hr>167</gpxtpx:hr>
          </gpxtpx:TrackPointExtension>
        </extensions>
      </trkpt>
      <trkpt lat="31.917818052692727" lon="120.5822988472358">
        <ele>2.917875025421381</ele>
        <time>1970-01-01T00:26:33.500000Z</time>
        <extensions>
          <gpxtpx:TrackPointExtension>
            <gpxtpx:hr>167</gpxtpx:hr>
          </gpxtpx:TrackPointExtension>
        </extensions>
      </trkpt>
      <trkpt lat="31.91782645797211" lon="120.5822743167714">
        <ele>2.9532578140497208</ele>
        <time>1970-01-01T00:26:34.500000Z</time>
        <extensions>
          <gpxtpx:TrackPointExtension>
            <gpxtpx:hr>167</gpxtpx:hr>
          </gpxtpx:TrackPointExtension>
        </extensions>
      </trkpt>
      <trkpt lat="31.917833875825046" lon="120.58225086763868">
        <ele>2.9991611670702696</ele>
        <time>1970-01-01T00:26:35.500000Z</time>
        <extensions>
          <gpxtpx:TrackPointExtension>
            <gpxtpx:hr>167</gpxtpx:hr>
          </gpxtpx:TrackPointExtension>
        </extensions>
      </trkpt>
      <trkpt lat="31.917840216628793" lon="120.58222849473346">
        <ele>3.0178338764235377</ele>
        <time>1970-01-01T00:26:36.500000Z</time>
        <extensions>
          <gpxtpx:TrackPointExtension>
            <gpxtpx:hr>167</gpxtpx:hr>
          </gpxtpx:TrackPointExtension>
        </extensions>
      </trkpt>
      <trkpt lat="31.917846680169344" lon="120.58220604048854">
        <ele>3.0478511760011315</ele>
        <time>1970-01-01T00:26:37.500000Z</time>
        <extensions>
          <gpxtpx:TrackPointExtension>
            <gpxtpx:hr>167</gpxtpx:hr>
          </gpxtpx:TrackPointExtension>
        </extensions>
      </trkpt>
      <trkpt lat="31.917853941146458" lon="120.5821823122071">
        <ele>3.064933859743178</ele>
        <time>1970-01-01T00:26:38.500000Z</time>
        <extensions>
          <gpxtpx:TrackPointExtension>
            <gpxtpx:hr>167</gpxtpx:hr>
          </gpxtpx:TrackPointExtension>
        </extensions>
      </trkpt>
      <trkpt lat="31.917862026638726" lon="120.58215733222396">
        <ele>3.089276517741382</ele>
        <time>1970-01-01T00:26:39.500000Z</time>
        <extensions>
          <gpxtpx:TrackPointExtension>
            <gpxtpx:hr>167</gpxtpx:hr>
          </gpxtpx:TrackPointExtension>
        </extensions>
      </trkpt>
      <trkpt lat="31.917870613025006" lon="120.58213167129796">
        <ele>3.1184029411524534</ele>
        <time>1970-01-01T00:26:40.500000Z</time>
        <extensions>
          <gpxtpx:TrackPointExtension>
            <gpxtpx:hr>167</gpxtpx:hr>
          </gpxtpx:TrackPointExtension>
        </extensions>
      </trkpt>
      <trkpt lat="31.91787937476769" lon="120.58210601631298">
        <ele>3.16149072162807</ele>
        <time>1970-01-01T00:26:41.500000Z</time>
        <extensions>
          <gpxtpx:TrackPointExtension>
            <gpxtpx:hr>167</gpxtpx:hr>
          </gpxtpx:TrackPointExtension>
        </extensions>
      </trkpt>
      <trkpt lat="31.917888305091395" lon="120.58208080966963">
        <ele>3.2033800529316068</ele>
        <time>1970-01-01T00:26:42.500000Z</time>
        <extensions>
          <gpxtpx:TrackPointExtension>
            <gpxtpx:hr>167</gpxtpx:hr>
          </gpxtpx:TrackPointExtension>
        </extensions>
      </trkpt>
      <trkpt lat="31.917897226481973" lon="120.58205608429807">
        <ele>3.221137118525803</ele>
        <time>1970-01-01T00:26:43.500000Z</time>
        <extensions>
          <gpxtpx:TrackPointExtension>
            <gpxtpx:hr>167</gpxtpx:hr>
          </gpxtpx:TrackPointExtension>
        </extensions>
      </trkpt>
      <trkpt lat="31.917905957969797" lon="120.58203148616678">
        <ele>3.2325405720621347</ele>
        <time>1970-01-01T00:26:44.500000Z</time>
        <extensions>
          <gpxtpx:TrackPointExtension>
            <gpxtpx:hr>167</gpxtpx:hr>
          </gpxtpx:TrackPointExtension>
        </extensions>
      </trkpt>
      <trkpt lat="31.91791431067258" lon="120.58200675495023">
        <ele>3.2388096693903208</ele>
        <time>1970-01-01T00:26:45.500000Z</time>
        <extensions>
          <gpxtpx:TrackPointExtension>
            <gpxtpx:hr>168</gpxtpx:hr>
          </gpxtpx:TrackPointExtension>
        </extensions>
      </trkpt>
      <trkpt lat="31.917922039487486" lon="120.5819825087141">
        <ele>3.238329268991947</ele>
        <time>1970-01-01T00:26:46.500000Z</time>
        <extensions>
          <gpxtpx:TrackPointExtension>
            <gpxtpx:hr>168</gpxtpx:hr>
          </gpxtpx:TrackPointExtension>
        </extensions>
      </trkpt>
      <trkpt lat="31.91792928281592" lon="120.5819588053457">
        <ele>3.2422564290463924</ele>
        <time>1970-01-01T00:26:47.500000Z</time>
        <extensions>
          <gpxtpx:TrackPointExtension>
            <gpxtpx:hr>168</gpxtpx:hr>
          </gpxtpx:TrackPointExtension>
        </extensions>
      </trkpt>
      <trkpt lat="31.917936979849035" lon="120.58193518076598">
        <ele>3.25184593629092</ele>
        <time>1970-01-01T00:26:48.500000Z</time>
        <extensions>
          <gpxtpx:TrackPointExtension>
            <gpxtpx:hr>168</gpxtpx:hr>
          </gpxtpx:TrackPointExtension>
        </extensions>
      </trkpt>
      <trkpt lat="31.917945492132755" lon="120.58191121441176">
        <ele>3.2442457508295774</ele>
        <time>1970-01-01T00:26:49.500000Z</time>
        <extensions>
          <gpxtpx:TrackPointExtension>
            <gpxtpx:hr>168</gpxtpx:hr>
          </gpxtpx:TrackPointExtension>
        </extensions>
      </trkpt>
      <trkpt lat="31.917954331331067" lon="120.58188698494793">
        <ele>3.2277067517861724</ele>
        <time>1970-01-01T00:26:50.500000Z</time>
        <extensions>
          <gpxtpx:TrackPointExtension>
            <gpxtpx:hr>168</gpxtpx:hr>
          </gpxtpx:TrackPointExtension>
        </extensions>
      </trkpt>
      <trkpt lat="31.917963157373705" lon="120.58186297529082">
        <ele>3.2245118487626314</ele>
        <time>1970-01-01T00:26:51.500000Z</time>
        <extensions>
          <gpxtpx:TrackPointExtension>
            <gpxtpx:hr>167</gpxtpx:hr>
          </gpxtpx:TrackPointExtension>
        </extensions>
      </trkpt>
      <trkpt lat="31.917972009973926" lon="120.58183883572508">
        <ele>3.23466875590384</ele>
        <time>1970-01-01T00:26:52.500000Z</time>
        <extensions>
          <gpxtpx:TrackPointExtension>
            <gpxtpx:hr>167</gpxtpx:hr>
          </gpxtpx:TrackPointExtension>
        </extensions>
      </trkpt>
      <trkpt lat="31.917980461454704" lon="120.58181378683135">
        <ele>3.237576805986464</ele>
        <time>1970-01-01T00:26:53.500000Z</time>
        <extensions>
          <gpxtpx:TrackPointExtension>
            <gpxtpx:hr>167</gpxtpx:hr>
          </gpxtpx:TrackPointExtension>
        </extensions>
      </trkpt>
      <trkpt lat="31.917988016608557" lon="120.58178767139432">
        <ele>3.2375255301594734</ele>
        <time>1970-01-01T00:26:54.500000Z</time>
        <extensions>
          <gpxtpx:TrackPointExtension>
            <gpxtpx:hr>167</gpxtpx:hr>
          </gpxtpx:TrackPointExtension>
        </extensions>
      </trkpt>
      <trkpt lat="31.917995880356543" lon="120.58176135991746">
        <ele>3.2375840758904815</ele>
        <time>1970-01-01T00:26:55.500000Z</time>
        <extensions>
          <gpxtpx:TrackPointExtension>
            <gpxtpx:hr>167</gpxtpx:hr>
          </gpxtpx:TrackPointExtension>
        </extensions>
      </trkpt>
      <trkpt lat="31.918005109657805" lon="120.58173628365499">
        <ele>3.24093743506819</ele>
        <time>1970-01-01T00:26:56.500000Z</time>
        <extensions>
          <gpxtpx:TrackPointExtension>
            <gpxtpx:hr>168</gpxtpx:hr>
          </gpxtpx:TrackPointExtension>
        </extensions>
      </trkpt>
      <trkpt lat="31.918014631392435" lon="120.58171214876646">
        <ele>3.261518571525812</ele>
        <time>1970-01-01T00:26:57.500000Z</time>
        <extensions>
          <gpxtpx:TrackPointExtension>
            <gpxtpx:hr>168</gpxtpx:hr>
          </gpxtpx:TrackPointExtension>
        </extensions>
      </trkpt>
      <trkpt lat="31.918023264423272" lon="120.5816874627298">
        <ele>3.288943416438997</ele>
        <time>1970-01-01T00:26:58.500000Z</time>
        <extensions>
          <gpxtpx:TrackPointExtension>
            <gpxtpx:hr>168</gpxtpx:hr>
          </gpxtpx:TrackPointExtension>
        </extensions>
      </trkpt>
      <trkpt lat="31.918031152716775" lon="120.58166132957189">
        <ele>3.3106175418943167</ele>
        <time>1970-01-01T00:26:59.500000Z</time>
        <extensions>
          <gpxtpx:TrackPointExtension>
            <gpxtpx:hr>168</gpxtpx:hr>
          </gpxtpx:TrackPointExtension>
        </extensions>
      </trkpt>
      <trkpt lat="31.918039204785483" lon="120.58163385134017">
        <ele>3.313052968122065</ele>
        <time>1970-01-01T00:27:00.500000Z</time>
        <extensions>
          <gpxtpx:TrackPointExtension>
            <gpxtpx:hr>168</gpxtpx:hr>
          </gpxtpx:TrackPointExtension>
        </extensions>
      </trkpt>
      <trkpt lat="31.91804771358576" lon="120.58160587687001">
        <ele>3.2994036497548223</ele>
        <time>1970-01-01T00:27:01.500000Z</time>
        <extensions>
          <gpxtpx:TrackPointExtension>
            <gpxtpx:hr>169</gpxtpx:hr>
          </gpxtpx:TrackPointExtension>
        </extensions>
      </trkpt>
      <trkpt lat="31.918055800117536" lon="120.58157778236641">
        <ele>3.28655597101897</ele>
        <time>1970-01-01T00:27:02.500000Z</time>
        <extensions>
          <gpxtpx:TrackPointExtension>
            <gpxtpx:hr>169</gpxtpx:hr>
          </gpxtpx:TrackPointExtension>
        </extensions>
      </trkpt>
      <trkpt lat="31.918062801482343" lon="120.58154957509758">
        <ele>3.2986773839220405</ele>
        <time>1970-01-01T00:27:03.500000Z</time>
        <extensions>
          <gpxtpx:TrackPointExtension>
            <gpxtpx:hr>169</gpxtpx:hr>
          </gpxtpx:TrackPointExtension>
        </extensions>
      </trkpt>
      <trkpt lat="31.91806969051995" lon="120.58152128707336">
        <ele>3.3101161690428853</ele>
        <time>1970-01-01T00:27:04.500000Z</time>
        <extensions>
          <gpxtpx:TrackPointExtension>
            <gpxtpx:hr>169</gpxtpx:hr>
          </gpxtpx:TrackPointExtension>
        </extensions>
      </trkpt>
      <trkpt lat="31.918077665041118" lon="120.58149303884002">
        <ele>3.3136546136811376</ele>
        <time>1970-01-01T00:27:05.500000Z</time>
        <extensions>
          <gpxtpx:TrackPointExtension>
            <gpxtpx:hr>169</gpxtpx:hr>
          </gpxtpx:TrackPointExtension>
        </extensions>
      </trkpt>
      <trkpt lat="31.918086131620484" lon="120.58146506149167">
        <ele>3.3051496520638466</ele>
        <time>1970-01-01T00:27:06.500000Z</time>
        <extensions>
          <gpxtpx:TrackPointExtension>
            <gpxtpx:hr>169</gpxtpx:hr>
          </gpxtpx:TrackPointExtension>
        </extensions>
      </trkpt>
      <trkpt lat="31.91809276504649" lon="120.58143739608997">
        <ele>3.2960158493369818</ele>
        <time>1970-01-01T00:27:07.500000Z</time>
        <extensions>
          <gpxtpx:TrackPointExtension>
            <gpxtpx:hr>169</gpxtpx:hr>
          </gpxtpx:TrackPointExtension>
        </extensions>
      </trkpt>
      <trkpt lat="31.918096608082358" lon="120.58140977985441">
        <ele>3.296291201375425</ele>
        <time>1970-01-01T00:27:08.500000Z</time>
        <extensions>
          <gpxtpx:TrackPointExtension>
            <gpxtpx:hr>169</gpxtpx:hr>
          </gpxtpx:TrackPointExtension>
        </extensions>
      </trkpt>
      <trkpt lat="31.918099826500004" lon="120.58138204901954">
        <ele>3.301621062681079</ele>
        <time>1970-01-01T00:27:09.500000Z</time>
        <extensions>
          <gpxtpx:TrackPointExtension>
            <gpxtpx:hr>169</gpxtpx:hr>
          </gpxtpx:TrackPointExtension>
        </extensions>
      </trkpt>
      <trkpt lat="31.9181049581452" lon="120.5813549542899">
        <ele>3.3113441802561283</ele>
        <time>1970-01-01T00:27:10.500000Z</time>
        <extensions>
          <gpxtpx:TrackPointExtension>
            <gpxtpx:hr>169</gpxtpx:hr>
          </gpxtpx:TrackPointExtension>
        </extensions>
      </trkpt>
      <trkpt lat="31.918111673895833" lon="120.5813295253478">
        <ele>3.3268921822309494</ele>
        <time>1970-01-01T00:27:11.500000Z</time>
        <extensions>
          <gpxtpx:TrackPointExtension>
            <gpxtpx:hr>170</gpxtpx:hr>
          </gpxtpx:TrackPointExtension>
        </extensions>
      </trkpt>
      <trkpt lat="31.9181189514849" lon="120.58130512219775">
        <ele>3.339480424299836</ele>
        <time>1970-01-01T00:27:12.500000Z</time>
        <extensions>
          <gpxtpx:TrackPointExtension>
            <gpxtpx:hr>170</gpxtpx:hr>
          </gpxtpx:TrackPointExtension>
        </extensions>
      </trkpt>
      <trkpt lat="31.918125505601022" lon="120.58128033107">
        <ele>3.3570855259895325</ele>
        <time>1970-01-01T00:27:13.500000Z</time>
        <extensions>
          <gpxtpx:TrackPointExtension>
            <gpxtpx:hr>170</gpxtpx:hr>
          </gpxtpx:TrackPointExtension>
        </extensions>
      </trkpt>
      <trkpt lat="31.9181311193052" lon="120.58125491206687">
        <ele>3.3698296807706356</ele>
        <time>1970-01-01T00:27:14.500000Z</time>
        <extensions>
          <gpxtpx:TrackPointExtension>
            <gpxtpx:hr>170</gpxtpx:hr>
          </gpxtpx:TrackPointExtension>
        </extensions>
      </trkpt>
      <trkpt lat="31.918137398214178" lon="120.58122899223252">
        <ele>3.3689357955008745</ele>
        <time>1970-01-01T00:27:15.500000Z</time>
        <extensions>
          <gpxtpx:TrackPointExtension>
            <gpxtpx:hr>170</gpxtpx:hr>
          </gpxtpx:TrackPointExtension>
        </extensions>
      </trkpt>
      <trkpt lat="31.918144779805274" lon="120.58120254504568">
        <ele>3.3563658744096756</ele>
        <time>1970-01-01T00:27:16.500000Z</time>
        <extensions>
          <gpxtpx:TrackPointExtension>
            <gpxtpx:hr>170</gpxtpx:hr>
          </gpxtpx:TrackPointExtension>
        </extensions>
      </trkpt>
      <trkpt lat="31.91815245287609" lon="120.5811757643784">
        <ele>3.3472997434437275</ele>
        <time>1970-01-01T00:27:17.500000Z</time>
        <extensions>
          <gpxtpx:TrackPointExtension>
            <gpxtpx:hr>170</gpxtpx:hr>
          </gpxtpx:TrackPointExtension>
        </extensions>
      </trkpt>
      <trkpt lat="31.918160105834797" lon="120.58114935958322">
        <ele>3.3486554585397243</ele>
        <time>1970-01-01T00:27:18.500000Z</time>
        <extensions>
          <gpxtpx:TrackPointExtension>
            <gpxtpx:hr>170</gpxtpx:hr>
          </gpxtpx:TrackPointExtension>
        </extensions>
      </trkpt>
      <trkpt lat="31.918168019165886" lon="120.58112330783939">
        <ele>3.360162043944001</ele>
        <time>1970-01-01T00:27:19.500000Z</time>
        <extensions>
          <gpxtpx:TrackPointExtension>
            <gpxtpx:hr>170</gpxtpx:hr>
          </gpxtpx:TrackPointExtension>
        </extensions>
      </trkpt>
      <trkpt lat="31.91817644163277" lon="120.58109696138641">
        <ele>3.357796815223992</ele>
        <time>1970-01-01T00:27:20.500000Z</time>
        <extensions>
          <gpxtpx:TrackPointExtension>
            <gpxtpx:hr>170</gpxtpx:hr>
          </gpxtpx:TrackPointExtension>
        </extensions>
      </trkpt>
      <trkpt lat="31.91818532419384" lon="120.58107033899107">
        <ele>3.3475754791870713</ele>
        <time>1970-01-01T00:27:21.500000Z</time>
        <extensions>
          <gpxtpx:TrackPointExtension>
            <gpxtpx:hr>170</gpxtpx:hr>
          </gpxtpx:TrackPointExtension>
        </extensions>
      </trkpt>
      <trkpt lat="31.91819437735181" lon="120.58104385840622">
        <ele>3.341411655768752</ele>
        <time>1970-01-01T00:27:22.500000Z</time>
        <extensions>
          <gpxtpx:TrackPointExtension>
            <gpxtpx:hr>172</gpxtpx:hr>
          </gpxtpx:TrackPointExtension>
        </extensions>
      </trkpt>
      <trkpt lat="31.918203520240276" lon="120.58101762012083">
        <ele>3.3387384451925755</ele>
        <time>1970-01-01T00:27:23.500000Z</time>
        <extensions>
          <gpxtpx:TrackPointExtension>
            <gpxtpx:hr>172</gpxtpx:hr>
          </gpxtpx:TrackPointExtension>
        </extensions>
      </trkpt>
      <trkpt lat="31.91821270015037" lon="120.5809912094033">
        <ele>3.3383439127355814</ele>
        <time>1970-01-01T00:27:24.500000Z</time>
        <extensions>
          <gpxtpx:TrackPointExtension>
            <gpxtpx:hr>172</gpxtpx:hr>
          </gpxtpx:TrackPointExtension>
        </extensions>
      </trkpt>
      <trkpt lat="31.91822185624638" lon="120.58096417703719">
        <ele>3.3127823378890753</ele>
        <time>1970-01-01T00:27:25.500000Z</time>
        <extensions>
          <gpxtpx:TrackPointExtension>
            <gpxtpx:hr>172</gpxtpx:hr>
          </gpxtpx:TrackPointExtension>
        </extensions>
      </trkpt>
      <trkpt lat="31.918231426808305" lon="120.58093703700715">
        <ele>3.2859989665448666</ele>
        <time>1970-01-01T00:27:26.500000Z</time>
        <extensions>
          <gpxtpx:TrackPointExtension>
            <gpxtpx:hr>172</gpxtpx:hr>
          </gpxtpx:TrackPointExtension>
        </extensions>
      </trkpt>
      <trkpt lat="31.91824231371306" lon="120.58091056556786">
        <ele>3.2713429145514965</ele>
        <time>1970-01-01T00:27:27.500000Z</time>
        <extensions>
          <gpxtpx:TrackPointExtension>
            <gpxtpx:hr>172</gpxtpx:hr>
          </gpxtpx:TrackPointExtension>
        </extensions>
      </trkpt>
      <trkpt lat="31.918253586463848" lon="120.58088463905271">
        <ele>3.2705926867201924</ele>
        <time>1970-01-01T00:27:28.500000Z</time>
        <extensions>
          <gpxtpx:TrackPointExtension>
            <gpxtpx:hr>172</gpxtpx:hr>
          </gpxtpx:TrackPointExtension>
        </extensions>
      </trkpt>
      <trkpt lat="31.918263221533962" lon="120.58085877993112">
        <ele>3.245840554125607</ele>
        <time>1970-01-01T00:27:29.500000Z</time>
        <extensions>
          <gpxtpx:TrackPointExtension>
            <gpxtpx:hr>172</gpxtpx:hr>
          </gpxtpx:TrackPointExtension>
        </extensions>
      </trkpt>
      <trkpt lat="31.91827114456327" lon="120.58083308087703">
        <ele>3.2193191051483154</ele>
        <time>1970-01-01T00:27:30.500000Z</time>
        <extensions>
          <gpxtpx:TrackPointExtension>
            <gpxtpx:hr>172</gpxtpx:hr>
          </gpxtpx:TrackPointExtension>
        </extensions>
      </trkpt>
      <trkpt lat="31.91827952746774" lon="120.58080774773772">
        <ele>3.175245024263859</ele>
        <time>1970-01-01T00:27:31.500000Z</time>
        <extensions>
          <gpxtpx:TrackPointExtension>
            <gpxtpx:hr>171</gpxtpx:hr>
          </gpxtpx:TrackPointExtension>
        </extensions>
      </trkpt>
      <trkpt lat="31.918289276163947" lon="120.58078228273335">
        <ele>3.1460624616593122</ele>
        <time>1970-01-01T00:27:32.500000Z</time>
        <extensions>
          <gpxtpx:TrackPointExtension>
            <gpxtpx:hr>171</gpxtpx:hr>
          </gpxtpx:TrackPointExtension>
        </extensions>
      </trkpt>
      <trkpt lat="31.9182991747095" lon="120.58075650417621">
        <ele>3.127898355014622</ele>
        <time>1970-01-01T00:27:33.500000Z</time>
        <extensions>
          <gpxtpx:TrackPointExtension>
            <gpxtpx:hr>171</gpxtpx:hr>
          </gpxtpx:TrackPointExtension>
        </extensions>
      </trkpt>
      <trkpt lat="31.91830773976679" lon="120.58073076993307">
        <ele>3.117842840962112</ele>
        <time>1970-01-01T00:27:34.500000Z</time>
        <extensions>
          <gpxtpx:TrackPointExtension>
            <gpxtpx:hr>171</gpxtpx:hr>
          </gpxtpx:TrackPointExtension>
        </extensions>
      </trkpt>
      <trkpt lat="31.918315386802707" lon="120.5807054068714">
        <ele>3.0964812664315104</ele>
        <time>1970-01-01T00:27:35.500000Z</time>
        <extensions>
          <gpxtpx:TrackPointExtension>
            <gpxtpx:hr>171</gpxtpx:hr>
          </gpxtpx:TrackPointExtension>
        </extensions>
      </trkpt>
      <trkpt lat="31.918323682298674" lon="120.58068049629749">
        <ele>3.086310038343072</ele>
        <time>1970-01-01T00:27:36.500000Z</time>
        <extensions>
          <gpxtpx:TrackPointExtension>
            <gpxtpx:hr>171</gpxtpx:hr>
          </gpxtpx:TrackPointExtension>
        </extensions>
      </trkpt>
      <trkpt lat="31.91833274539187" lon="120.58065573088595">
        <ele>3.0670819599181414</ele>
        <time>1970-01-01T00:27:37.500000Z</time>
        <extensions>
          <gpxtpx:TrackPointExtension>
            <gpxtpx:hr>171</gpxtpx:hr>
          </gpxtpx:TrackPointExtension>
        </extensions>
      </trkpt>
      <trkpt lat="31.918341280566075" lon="120.58063094445586">
        <ele>3.0502246096730232</ele>
        <time>1970-01-01T00:27:38.500000Z</time>
        <extensions>
          <gpxtpx:TrackPointExtension>
            <gpxtpx:hr>171</gpxtpx:hr>
          </gpxtpx:TrackPointExtension>
        </extensions>
      </trkpt>
      <trkpt lat="31.918348881244516" lon="120.58060618608093">
        <ele>3.0271097319200635</ele>
        <time>1970-01-01T00:27:39.500000Z</time>
        <extensions>
          <gpxtpx:TrackPointExtension>
            <gpxtpx:hr>171</gpxtpx:hr>
          </gpxtpx:TrackPointExtension>
        </extensions>
      </trkpt>
      <trkpt lat="31.918355477890604" lon="120.58058130278482">
        <ele>3.000016584061086</ele>
        <time>1970-01-01T00:27:40.500000Z</time>
        <extensions>
          <gpxtpx:TrackPointExtension>
            <gpxtpx:hr>170</gpxtpx:hr>
          </gpxtpx:TrackPointExtension>
        </extensions>
      </trkpt>
      <trkpt lat="31.9183612038279" lon="120.58055657839817">
        <ele>2.9848902774974704</ele>
        <time>1970-01-01T00:27:41.500000Z</time>
        <extensions>
          <gpxtpx:TrackPointExtension>
            <gpxtpx:hr>170</gpxtpx:hr>
          </gpxtpx:TrackPointExtension>
        </extensions>
      </trkpt>
      <trkpt lat="31.918367064182082" lon="120.58053259988247">
        <ele>2.9725589407607913</ele>
        <time>1970-01-01T00:27:42.500000Z</time>
        <extensions>
          <gpxtpx:TrackPointExtension>
            <gpxtpx:hr>170</gpxtpx:hr>
          </gpxtpx:TrackPointExtension>
        </extensions>
      </trkpt>
      <trkpt lat="31.91837333356479" lon="120.58050942717858">
        <ele>2.953549745492637</ele>
        <time>1970-01-01T00:27:43.500000Z</time>
        <extensions>
          <gpxtpx:TrackPointExtension>
            <gpxtpx:hr>170</gpxtpx:hr>
          </gpxtpx:TrackPointExtension>
        </extensions>
      </trkpt>
      <trkpt lat="31.91837990740048" lon="120.58048628914973">
        <ele>2.9232659796252847</ele>
        <time>1970-01-01T00:27:44.500000Z</time>
        <extensions>
          <gpxtpx:TrackPointExtension>
            <gpxtpx:hr>170</gpxtpx:hr>
          </gpxtpx:TrackPointExtension>
        </extensions>
      </trkpt>
      <trkpt lat="31.91838741492609" lon="120.58046249573961">
        <ele>2.8914994252845645</ele>
        <time>1970-01-01T00:27:45.500000Z</time>
        <extensions>
          <gpxtpx:TrackPointExtension>
            <gpxtpx:hr>170</gpxtpx:hr>
          </gpxtpx:TrackPointExtension>
        </extensions>
      </trkpt>
      <trkpt lat="31.91839633748843" lon="120.58043848134417">
        <ele>2.866089197807014</ele>
        <time>1970-01-01T00:27:46.500000Z</time>
        <extensions>
          <gpxtpx:TrackPointExtension>
            <gpxtpx:hr>171</gpxtpx:hr>
          </gpxtpx:TrackPointExtension>
        </extensions>
      </trkpt>
      <trkpt lat="31.91840609946924" lon="120.58041464734143">
        <ele>2.8540293481200933</ele>
        <time>1970-01-01T00:27:47.500000Z</time>
        <extensions>
          <gpxtpx:TrackPointExtension>
            <gpxtpx:hr>171</gpxtpx:hr>
          </gpxtpx:TrackPointExtension>
        </extensions>
      </trkpt>
      <trkpt lat="31.918415144845962" lon="120.58039080129743">
        <ele>2.8435024488717318</ele>
        <time>1970-01-01T00:27:48.500000Z</time>
        <extensions>
          <gpxtpx:TrackPointExtension>
            <gpxtpx:hr>171</gpxtpx:hr>
          </gpxtpx:TrackPointExtension>
        </extensions>
      </trkpt>
      <trkpt lat="31.918422737281105" lon="120.58036669676952">
        <ele>2.8288496006280184</ele>
        <time>1970-01-01T00:27:49.500000Z</time>
        <extensions>
          <gpxtpx:TrackPointExtension>
            <gpxtpx:hr>171</gpxtpx:hr>
          </gpxtpx:TrackPointExtension>
        </extensions>
      </trkpt>
      <trkpt lat="31.91843053669933" lon="120.58034260184944">
        <ele>2.821193840354681</ele>
        <time>1970-01-01T00:27:50.500000Z</time>
        <extensions>
          <gpxtpx:TrackPointExtension>
            <gpxtpx:hr>171</gpxtpx:hr>
          </gpxtpx:TrackPointExtension>
        </extensions>
      </trkpt>
      <trkpt lat="31.91843984585226" lon="120.58031862644646">
        <ele>2.828443808481097</ele>
        <time>1970-01-01T00:27:51.500000Z</time>
        <extensions>
          <gpxtpx:TrackPointExtension>
            <gpxtpx:hr>170</gpxtpx:hr>
          </gpxtpx:TrackPointExtension>
        </extensions>
      </trkpt>
      <trkpt lat="31.918449502501645" lon="120.58029403603366">
        <ele>2.8395659113302827</ele>
        <time>1970-01-01T00:27:52.500000Z</time>
        <extensions>
          <gpxtpx:TrackPointExtension>
            <gpxtpx:hr>170</gpxtpx:hr>
          </gpxtpx:TrackPointExtension>
        </extensions>
      </trkpt>
      <trkpt lat="31.91845815344244" lon="120.58026836909032">
        <ele>2.851965619251132</ele>
        <time>1970-01-01T00:27:53.500000Z</time>
        <extensions>
          <gpxtpx:TrackPointExtension>
            <gpxtpx:hr>170</gpxtpx:hr>
          </gpxtpx:TrackPointExtension>
        </extensions>
      </trkpt>
      <trkpt lat="31.918466327750938" lon="120.58024265149417">
        <ele>2.870849817059934</ele>
        <time>1970-01-01T00:27:54.500000Z</time>
        <extensions>
          <gpxtpx:TrackPointExtension>
            <gpxtpx:hr>170</gpxtpx:hr>
          </gpxtpx:TrackPointExtension>
        </extensions>
      </trkpt>
      <trkpt lat="31.91847519343106" lon="120.58021822371927">
        <ele>2.9057337725535035</ele>
        <time>1970-01-01T00:27:55.500000Z</time>
        <extensions>
          <gpxtpx:TrackPointExtension>
            <gpxtpx:hr>170</gpxtpx:hr>
          </gpxtpx:TrackPointExtension>
        </extensions>
      </trkpt>
      <trkpt lat="31.918484163674297" lon="120.5801946201612">
        <ele>2.962566675618291</ele>
        <time>1970-01-01T00:27:56.500000Z</time>
        <extensions>
          <gpxtpx:TrackPointExtension>
            <gpxtpx:hr>169</gpxtpx:hr>
          </gpxtpx:TrackPointExtension>
        </extensions>
      </trkpt>
      <trkpt lat="31.91849196905314" lon="120.58017024599401">
        <ele>3.0217175390571356</ele>
        <time>1970-01-01T00:27:57.500000Z</time>
        <extensions>
          <gpxtpx:TrackPointExtension>
            <gpxtpx:hr>169</gpxtpx:hr>
          </gpxtpx:TrackPointExtension>
        </extensions>
      </trkpt>
      <trkpt lat="31.918499281357796" lon="120.58014508924445">
        <ele>3.093764618039131</ele>
        <time>1970-01-01T00:27:58.500000Z</time>
        <extensions>
          <gpxtpx:TrackPointExtension>
            <gpxtpx:hr>169</gpxtpx:hr>
          </gpxtpx:TrackPointExtension>
        </extensions>
      </trkpt>
      <trkpt lat="31.9185076538774" lon="120.58012059275183">
        <ele>3.1789521565660834</ele>
        <time>1970-01-01T00:27:59.500000Z</time>
        <extensions>
          <gpxtpx:TrackPointExtension>
            <gpxtpx:hr>169</gpxtpx:hr>
          </gpxtpx:TrackPointExtension>
        </extensions>
      </trkpt>
      <trkpt lat="31.91851687075386" lon="120.58009664859713">
        <ele>3.2697665942832828</ele>
        <time>1970-01-01T00:28:00.500000Z</time>
        <extensions>
          <gpxtpx:TrackPointExtension>
            <gpxtpx:hr>169</gpxtpx:hr>
          </gpxtpx:TrackPointExtension>
        </extensions>
      </trkpt>
      <trkpt lat="31.918525544184988" lon="120.58007211314128">
        <ele>3.3557064523920417</ele>
        <time>1970-01-01T00:28:01.500000Z</time>
        <extensions>
          <gpxtpx:TrackPointExtension>
            <gpxtpx:hr>169</gpxtpx:hr>
          </gpxtpx:TrackPointExtension>
        </extensions>
      </trkpt>
      <trkpt lat="31.918532833625544" lon="120.58004670459843">
        <ele>3.4422067292034626</ele>
        <time>1970-01-01T00:28:02.500000Z</time>
        <extensions>
          <gpxtpx:TrackPointExtension>
            <gpxtpx:hr>169</gpxtpx:hr>
          </gpxtpx:TrackPointExtension>
        </extensions>
      </trkpt>
      <trkpt lat="31.918539209433366" lon="120.58002135483798">
        <ele>3.529561343602836</ele>
        <time>1970-01-01T00:28:03.500000Z</time>
        <extensions>
          <gpxtpx:TrackPointExtension>
            <gpxtpx:hr>169</gpxtpx:hr>
          </gpxtpx:TrackPointExtension>
        </extensions>
      </trkpt>
      <trkpt lat="31.918546163743258" lon="120.57999693201857">
        <ele>3.603182894177735</ele>
        <time>1970-01-01T00:28:04.500000Z</time>
        <extensions>
          <gpxtpx:TrackPointExtension>
            <gpxtpx:hr>169</gpxtpx:hr>
          </gpxtpx:TrackPointExtension>
        </extensions>
      </trkpt>
      <trkpt lat="31.918554008594047" lon="120.57997325517826">
        <ele>3.669839520007372</ele>
        <time>1970-01-01T00:28:05.500000Z</time>
        <extensions>
          <gpxtpx:TrackPointExtension>
            <gpxtpx:hr>171</gpxtpx:hr>
          </gpxtpx:TrackPointExtension>
        </extensions>
      </trkpt>
      <trkpt lat="31.918561418940456" lon="120.57994952307814">
        <ele>3.727747391909361</ele>
        <time>1970-01-01T00:28:06.500000Z</time>
        <extensions>
          <gpxtpx:TrackPointExtension>
            <gpxtpx:hr>171</gpxtpx:hr>
          </gpxtpx:TrackPointExtension>
        </extensions>
      </trkpt>
      <trkpt lat="31.918568483274" lon="120.5799257417509">
        <ele>3.776676737703383</ele>
        <time>1970-01-01T00:28:07.500000Z</time>
        <extensions>
          <gpxtpx:TrackPointExtension>
            <gpxtpx:hr>171</gpxtpx:hr>
          </gpxtpx:TrackPointExtension>
        </extensions>
      </trkpt>
      <trkpt lat="31.91857609907451" lon="120.57990219967871">
        <ele>3.809871739707887</ele>
        <time>1970-01-01T00:28:08.500000Z</time>
        <extensions>
          <gpxtpx:TrackPointExtension>
            <gpxtpx:hr>171</gpxtpx:hr>
          </gpxtpx:TrackPointExtension>
        </extensions>
      </trkpt>
      <trkpt lat="31.918583894537964" lon="120.57987840491823">
        <ele>3.820738951675594</ele>
        <time>1970-01-01T00:28:09.500000Z</time>
        <extensions>
          <gpxtpx:TrackPointExtension>
            <gpxtpx:hr>171</gpxtpx:hr>
          </gpxtpx:TrackPointExtension>
        </extensions>
      </trkpt>
      <trkpt lat="31.918590796233794" lon="120.57985369041697">
        <ele>3.8266047220677137</ele>
        <time>1970-01-01T00:28:10.500000Z</time>
        <extensions>
          <gpxtpx:TrackPointExtension>
            <gpxtpx:hr>171</gpxtpx:hr>
          </gpxtpx:TrackPointExtension>
        </extensions>
      </trkpt>
      <trkpt lat="31.918597059305284" lon="120.57982858275219">
        <ele>3.824349165894091</ele>
        <time>1970-01-01T00:28:11.500000Z</time>
        <extensions>
          <gpxtpx:TrackPointExtension>
            <gpxtpx:hr>171</gpxtpx:hr>
          </gpxtpx:TrackPointExtension>
        </extensions>
      </trkpt>
      <trkpt lat="31.918604341670864" lon="120.57980433440467">
        <ele>3.7977927746251225</ele>
        <time>1970-01-01T00:28:12.500000Z</time>
        <extensions>
          <gpxtpx:TrackPointExtension>
            <gpxtpx:hr>172</gpxtpx:hr>
          </gpxtpx:TrackPointExtension>
        </extensions>
      </trkpt>
      <trkpt lat="31.918612001743266" lon="120.57978059137076">
        <ele>3.7603083848953247</ele>
        <time>1970-01-01T00:28:13.500000Z</time>
        <extensions>
          <gpxtpx:TrackPointExtension>
            <gpxtpx:hr>172</gpxtpx:hr>
          </gpxtpx:TrackPointExtension>
        </extensions>
      </trkpt>
      <trkpt lat="31.918619043277808" lon="120.57975659580606">
        <ele>3.716839898377657</ele>
        <time>1970-01-01T00:28:14.500000Z</time>
        <extensions>
          <gpxtpx:TrackPointExtension>
            <gpxtpx:hr>172</gpxtpx:hr>
          </gpxtpx:TrackPointExtension>
        </extensions>
      </trkpt>
      <trkpt lat="31.918626558402956" lon="120.57973242455732">
        <ele>3.677708985283971</ele>
        <time>1970-01-01T00:28:15.500000Z</time>
        <extensions>
          <gpxtpx:TrackPointExtension>
            <gpxtpx:hr>172</gpxtpx:hr>
          </gpxtpx:TrackPointExtension>
        </extensions>
      </trkpt>
      <trkpt lat="31.918634938472515" lon="120.57970796273324">
        <ele>3.6412369469180703</ele>
        <time>1970-01-01T00:28:16.500000Z</time>
        <extensions>
          <gpxtpx:TrackPointExtension>
            <gpxtpx:hr>172</gpxtpx:hr>
          </gpxtpx:TrackPointExtension>
        </extensions>
      </trkpt>
      <trkpt lat="31.918643307736428" lon="120.57968301408533">
        <ele>3.6034507928416133</ele>
        <time>1970-01-01T00:28:17.500000Z</time>
        <extensions>
          <gpxtpx:TrackPointExtension>
            <gpxtpx:hr>172</gpxtpx:hr>
          </gpxtpx:TrackPointExtension>
        </extensions>
      </trkpt>
      <trkpt lat="31.91865124149199" lon="120.57965826203628">
        <ele>3.553672570735216</ele>
        <time>1970-01-01T00:28:18.500000Z</time>
        <extensions>
          <gpxtpx:TrackPointExtension>
            <gpxtpx:hr>172</gpxtpx:hr>
          </gpxtpx:TrackPointExtension>
        </extensions>
      </trkpt>
      <trkpt lat="31.918659412409802" lon="120.57963429933272">
        <ele>3.494349059648812</ele>
        <time>1970-01-01T00:28:19.500000Z</time>
        <extensions>
          <gpxtpx:TrackPointExtension>
            <gpxtpx:hr>172</gpxtpx:hr>
          </gpxtpx:TrackPointExtension>
        </extensions>
      </trkpt>
      <trkpt lat="31.918668177570737" lon="120.57961080448923">
        <ele>3.4451824240386486</ele>
        <time>1970-01-01T00:28:20.500000Z</time>
        <extensions>
          <gpxtpx:TrackPointExtension>
            <gpxtpx:hr>172</gpxtpx:hr>
          </gpxtpx:TrackPointExtension>
        </extensions>
      </trkpt>
      <trkpt lat="31.9186766493964" lon="120.57958697721011">
        <ele>3.420447474345565</ele>
        <time>1970-01-01T00:28:21.500000Z</time>
        <extensions>
          <gpxtpx:TrackPointExtension>
            <gpxtpx:hr>170</gpxtpx:hr>
          </gpxtpx:TrackPointExtension>
        </extensions>
      </trkpt>
      <trkpt lat="31.918684563507053" lon="120.57956289090399">
        <ele>3.3925182949751616</ele>
        <time>1970-01-01T00:28:22.500000Z</time>
        <extensions>
          <gpxtpx:TrackPointExtension>
            <gpxtpx:hr>170</gpxtpx:hr>
          </gpxtpx:TrackPointExtension>
        </extensions>
      </trkpt>
      <trkpt lat="31.918692655329487" lon="120.57953912194769">
        <ele>3.364885405637324</ele>
        <time>1970-01-01T00:28:23.500000Z</time>
        <extensions>
          <gpxtpx:TrackPointExtension>
            <gpxtpx:hr>170</gpxtpx:hr>
          </gpxtpx:TrackPointExtension>
        </extensions>
      </trkpt>
      <trkpt lat="31.918700848758867" lon="120.5795151325703">
        <ele>3.3541465466842055</ele>
        <time>1970-01-01T00:28:24.500000Z</time>
        <extensions>
          <gpxtpx:TrackPointExtension>
            <gpxtpx:hr>170</gpxtpx:hr>
          </gpxtpx:TrackPointExtension>
        </extensions>
      </trkpt>
      <trkpt lat="31.918708458701893" lon="120.5794905840002">
        <ele>3.3519505681470037</ele>
        <time>1970-01-01T00:28:25.500000Z</time>
        <extensions>
          <gpxtpx:TrackPointExtension>
            <gpxtpx:hr>170</gpxtpx:hr>
          </gpxtpx:TrackPointExtension>
        </extensions>
      </trkpt>
      <trkpt lat="31.91871536384897" lon="120.5794660295219">
        <ele>3.363816919736564</ele>
        <time>1970-01-01T00:28:26.500000Z</time>
        <extensions>
          <gpxtpx:TrackPointExtension>
            <gpxtpx:hr>170</gpxtpx:hr>
          </gpxtpx:TrackPointExtension>
        </extensions>
      </trkpt>
      <trkpt lat="31.918721942592597" lon="120.57944174228221">
        <ele>3.382486781105399</ele>
        <time>1970-01-01T00:28:27.500000Z</time>
        <extensions>
          <gpxtpx:TrackPointExtension>
            <gpxtpx:hr>171</gpxtpx:hr>
          </gpxtpx:TrackPointExtension>
        </extensions>
      </trkpt>
      <trkpt lat="31.918728690584455" lon="120.57941751786804">
        <ele>3.39274828042835</ele>
        <time>1970-01-01T00:28:28.500000Z</time>
        <extensions>
          <gpxtpx:TrackPointExtension>
            <gpxtpx:hr>171</gpxtpx:hr>
          </gpxtpx:TrackPointExtension>
        </extensions>
      </trkpt>
      <trkpt lat="31.918736098585807" lon="120.57939339313897">
        <ele>3.3929113494232297</ele>
        <time>1970-01-01T00:28:29.500000Z</time>
        <extensions>
          <gpxtpx:TrackPointExtension>
            <gpxtpx:hr>171</gpxtpx:hr>
          </gpxtpx:TrackPointExtension>
        </extensions>
      </trkpt>
      <trkpt lat="31.91874395813078" lon="120.57936927588274">
        <ele>3.3955697249621153</ele>
        <time>1970-01-01T00:28:30.500000Z</time>
        <extensions>
          <gpxtpx:TrackPointExtension>
            <gpxtpx:hr>171</gpxtpx:hr>
          </gpxtpx:TrackPointExtension>
        </extensions>
      </trkpt>
      <trkpt lat="31.918751479586494" lon="120.57934505744915">
        <ele>3.4121968718245625</ele>
        <time>1970-01-01T00:28:31.500000Z</time>
        <extensions>
          <gpxtpx:TrackPointExtension>
            <gpxtpx:hr>171</gpxtpx:hr>
          </gpxtpx:TrackPointExtension>
        </extensions>
      </trkpt>
      <trkpt lat="31.918757945352688" lon="120.5793203283663">
        <ele>3.4121145252138376</ele>
        <time>1970-01-01T00:28:32.500000Z</time>
        <extensions>
          <gpxtpx:TrackPointExtension>
            <gpxtpx:hr>171</gpxtpx:hr>
          </gpxtpx:TrackPointExtension>
        </extensions>
      </trkpt>
      <trkpt lat="31.918764308856392" lon="120.57929563616081">
        <ele>3.4195024641230702</ele>
        <time>1970-01-01T00:28:33.500000Z</time>
        <extensions>
          <gpxtpx:TrackPointExtension>
            <gpxtpx:hr>171</gpxtpx:hr>
          </gpxtpx:TrackPointExtension>
        </extensions>
      </trkpt>
      <trkpt lat="31.91877179827388" lon="120.57927160250921">
        <ele>3.438643611036241</ele>
        <time>1970-01-01T00:28:34.500000Z</time>
        <extensions>
          <gpxtpx:TrackPointExtension>
            <gpxtpx:hr>171</gpxtpx:hr>
          </gpxtpx:TrackPointExtension>
        </extensions>
      </trkpt>
      <trkpt lat="31.91877958316282" lon="120.57924723667035">
        <ele>3.4551959093660116</ele>
        <time>1970-01-01T00:28:35.500000Z</time>
        <extensions>
          <gpxtpx:TrackPointExtension>
            <gpxtpx:hr>171</gpxtpx:hr>
          </gpxtpx:TrackPointExtension>
        </extensions>
      </trkpt>
      <trkpt lat="31.91878666860057" lon="120.57922173176136">
        <ele>3.456961465999484</ele>
        <time>1970-01-01T00:28:36.500000Z</time>
        <extensions>
          <gpxtpx:TrackPointExtension>
            <gpxtpx:hr>171</gpxtpx:hr>
          </gpxtpx:TrackPointExtension>
        </extensions>
      </trkpt>
      <trkpt lat="31.918793702525324" lon="120.57919552009287">
        <ele>3.445386487059295</ele>
        <time>1970-01-01T00:28:37.500000Z</time>
        <extensions>
          <gpxtpx:TrackPointExtension>
            <gpxtpx:hr>171</gpxtpx:hr>
          </gpxtpx:TrackPointExtension>
        </extensions>
      </trkpt>
      <trkpt lat="31.91880118962902" lon="120.57916938194276">
        <ele>3.4292099168524146</ele>
        <time>1970-01-01T00:28:38.500000Z</time>
        <extensions>
          <gpxtpx:TrackPointExtension>
            <gpxtpx:hr>171</gpxtpx:hr>
          </gpxtpx:TrackPointExtension>
        </extensions>
      </trkpt>
      <trkpt lat="31.91880915979974" lon="120.57914384559439">
        <ele>3.420215747319162</ele>
        <time>1970-01-01T00:28:39.500000Z</time>
        <extensions>
          <gpxtpx:TrackPointExtension>
            <gpxtpx:hr>171</gpxtpx:hr>
          </gpxtpx:TrackPointExtension>
        </extensions>
      </trkpt>
      <trkpt lat="31.91881782382405" lon="120.5791194503432">
        <ele>3.402615422382951</ele>
        <time>1970-01-01T00:28:40.500000Z</time>
        <extensions>
          <gpxtpx:TrackPointExtension>
            <gpxtpx:hr>171</gpxtpx:hr>
          </gpxtpx:TrackPointExtension>
        </extensions>
      </trkpt>
      <trkpt lat="31.91882612007142" lon="120.57909553754045">
        <ele>3.378193802200258</ele>
        <time>1970-01-01T00:28:41.500000Z</time>
        <extensions>
          <gpxtpx:TrackPointExtension>
            <gpxtpx:hr>171</gpxtpx:hr>
          </gpxtpx:TrackPointExtension>
        </extensions>
      </trkpt>
      <trkpt lat="31.91883390446886" lon="120.57907143417138">
        <ele>3.3458916814997792</ele>
        <time>1970-01-01T00:28:42.500000Z</time>
        <extensions>
          <gpxtpx:TrackPointExtension>
            <gpxtpx:hr>171</gpxtpx:hr>
          </gpxtpx:TrackPointExtension>
        </extensions>
      </trkpt>
      <trkpt lat="31.918842443844667" lon="120.57904741828726">
        <ele>3.297328770160675</ele>
        <time>1970-01-01T00:28:43.500000Z</time>
        <extensions>
          <gpxtpx:TrackPointExtension>
            <gpxtpx:hr>171</gpxtpx:hr>
          </gpxtpx:TrackPointExtension>
        </extensions>
      </trkpt>
      <trkpt lat="31.918851318048336" lon="120.57902285663158">
        <ele>3.2407367387786508</ele>
        <time>1970-01-01T00:28:44.500000Z</time>
        <extensions>
          <gpxtpx:TrackPointExtension>
            <gpxtpx:hr>171</gpxtpx:hr>
          </gpxtpx:TrackPointExtension>
        </extensions>
      </trkpt>
      <trkpt lat="31.918859046373992" lon="120.57899693654223">
        <ele>3.178216648288071</ele>
        <time>1970-01-01T00:28:45.500000Z</time>
        <extensions>
          <gpxtpx:TrackPointExtension>
            <gpxtpx:hr>171</gpxtpx:hr>
          </gpxtpx:TrackPointExtension>
        </extensions>
      </trkpt>
      <trkpt lat="31.918865814413664" lon="120.57897078641487">
        <ele>3.117810532450676</ele>
        <time>1970-01-01T00:28:46.500000Z</time>
        <extensions>
          <gpxtpx:TrackPointExtension>
            <gpxtpx:hr>171</gpxtpx:hr>
          </gpxtpx:TrackPointExtension>
        </extensions>
      </trkpt>
      <trkpt lat="31.91887336422014" lon="120.57894568765447">
        <ele>3.072775865904987</ele>
        <time>1970-01-01T00:28:47.500000Z</time>
        <extensions>
          <gpxtpx:TrackPointExtension>
            <gpxtpx:hr>171</gpxtpx:hr>
          </gpxtpx:TrackPointExtension>
        </extensions>
      </trkpt>
      <trkpt lat="31.918882061893658" lon="120.57892146067977">
        <ele>3.028859463520348</ele>
        <time>1970-01-01T00:28:48.500000Z</time>
        <extensions>
          <gpxtpx:TrackPointExtension>
            <gpxtpx:hr>171</gpxtpx:hr>
          </gpxtpx:TrackPointExtension>
        </extensions>
      </trkpt>
      <trkpt lat="31.9188900889001" lon="120.57889711035652">
        <ele>2.995796953327954</ele>
        <time>1970-01-01T00:28:49.500000Z</time>
        <extensions>
          <gpxtpx:TrackPointExtension>
            <gpxtpx:hr>171</gpxtpx:hr>
          </gpxtpx:TrackPointExtension>
        </extensions>
      </trkpt>
      <trkpt lat="31.91889697435104" lon="120.57887230208205">
        <ele>2.9519908213987947</ele>
        <time>1970-01-01T00:28:50.500000Z</time>
        <extensions>
          <gpxtpx:TrackPointExtension>
            <gpxtpx:hr>169</gpxtpx:hr>
          </gpxtpx:TrackPointExtension>
        </extensions>
      </trkpt>
      <trkpt lat="31.918904061080298" lon="120.57884766118757">
        <ele>2.916855115443468</ele>
        <time>1970-01-01T00:28:51.500000Z</time>
        <extensions>
          <gpxtpx:TrackPointExtension>
            <gpxtpx:hr>169</gpxtpx:hr>
          </gpxtpx:TrackPointExtension>
        </extensions>
      </trkpt>
      <trkpt lat="31.918911745459994" lon="120.57882319256338">
        <ele>2.899450189433992</ele>
        <time>1970-01-01T00:28:52.500000Z</time>
        <extensions>
          <gpxtpx:TrackPointExtension>
            <gpxtpx:hr>169</gpxtpx:hr>
          </gpxtpx:TrackPointExtension>
        </extensions>
      </trkpt>
      <trkpt lat="31.91891992097596" lon="120.57879877269333">
        <ele>2.8977226614952087</ele>
        <time>1970-01-01T00:28:53.500000Z</time>
        <extensions>
          <gpxtpx:TrackPointExtension>
            <gpxtpx:hr>169</gpxtpx:hr>
          </gpxtpx:TrackPointExtension>
        </extensions>
      </trkpt>
      <trkpt lat="31.91892851816403" lon="120.57877451905098">
        <ele>2.9030115138739347</ele>
        <time>1970-01-01T00:28:54.500000Z</time>
        <extensions>
          <gpxtpx:TrackPointExtension>
            <gpxtpx:hr>169</gpxtpx:hr>
          </gpxtpx:TrackPointExtension>
        </extensions>
      </trkpt>
      <trkpt lat="31.918937775460655" lon="120.57875072984548">
        <ele>2.904916824772954</ele>
        <time>1970-01-01T00:28:55.500000Z</time>
        <extensions>
          <gpxtpx:TrackPointExtension>
            <gpxtpx:hr>169</gpxtpx:hr>
          </gpxtpx:TrackPointExtension>
        </extensions>
      </trkpt>
      <trkpt lat="31.918948097025428" lon="120.57872759583145">
        <ele>2.915826879441738</ele>
        <time>1970-01-01T00:28:56.500000Z</time>
        <extensions>
          <gpxtpx:TrackPointExtension>
            <gpxtpx:hr>169</gpxtpx:hr>
          </gpxtpx:TrackPointExtension>
        </extensions>
      </trkpt>
      <trkpt lat="31.918959519603433" lon="120.57870569220226">
        <ele>2.9427496446296573</ele>
        <time>1970-01-01T00:28:57.500000Z</time>
        <extensions>
          <gpxtpx:TrackPointExtension>
            <gpxtpx:hr>169</gpxtpx:hr>
          </gpxtpx:TrackPointExtension>
        </extensions>
      </trkpt>
      <trkpt lat="31.918972021825148" lon="120.57868612998952">
        <ele>2.958465976640582</ele>
        <time>1970-01-01T00:28:58.500000Z</time>
        <extensions>
          <gpxtpx:TrackPointExtension>
            <gpxtpx:hr>169</gpxtpx:hr>
          </gpxtpx:TrackPointExtension>
        </extensions>
      </trkpt>
      <trkpt lat="31.918986144332436" lon="120.57866985921211">
        <ele>2.970585302449763</ele>
        <time>1970-01-01T00:28:59.500000Z</time>
        <extensions>
          <gpxtpx:TrackPointExtension>
            <gpxtpx:hr>169</gpxtpx:hr>
          </gpxtpx:TrackPointExtension>
        </extensions>
      </trkpt>
      <trkpt lat="31.919003641351548" lon="120.57865822939279">
        <ele>2.998987326398492</ele>
        <time>1970-01-01T00:29:00.500000Z</time>
        <extensions>
          <gpxtpx:TrackPointExtension>
            <gpxtpx:hr>169</gpxtpx:hr>
          </gpxtpx:TrackPointExtension>
        </extensions>
      </trkpt>
      <trkpt lat="31.91902474923319" lon="120.57865236954055">
        <ele>3.031330288387835</ele>
        <time>1970-01-01T00:29:01.500000Z</time>
        <extensions>
          <gpxtpx:TrackPointExtension>
            <gpxtpx:hr>171</gpxtpx:hr>
          </gpxtpx:TrackPointExtension>
        </extensions>
      </trkpt>
      <trkpt lat="31.919047420624022" lon="120.57865080340558">
        <ele>3.053225787356496</ele>
        <time>1970-01-01T00:29:02.500000Z</time>
        <extensions>
          <gpxtpx:TrackPointExtension>
            <gpxtpx:hr>171</gpxtpx:hr>
          </gpxtpx:TrackPointExtension>
        </extensions>
      </trkpt>
      <trkpt lat="31.919070190313466" lon="120.57865161450749">
        <ele>3.0748492209240794</ele>
        <time>1970-01-01T00:29:03.500000Z</time>
        <extensions>
          <gpxtpx:TrackPointExtension>
            <gpxtpx:hr>171</gpxtpx:hr>
          </gpxtpx:TrackPointExtension>
        </extensions>
      </trkpt>
      <trkpt lat="31.919092772157484" lon="120.57865628057827">
        <ele>3.10847754124552</ele>
        <time>1970-01-01T00:29:04.500000Z</time>
        <extensions>
          <gpxtpx:TrackPointExtension>
            <gpxtpx:hr>171</gpxtpx:hr>
          </gpxtpx:TrackPointExtension>
        </extensions>
      </trkpt>
      <trkpt lat="31.91911502943863" lon="120.57866591469121">
        <ele>3.1349011976271868</ele>
        <time>1970-01-01T00:29:05.500000Z</time>
        <extensions>
          <gpxtpx:TrackPointExtension>
            <gpxtpx:hr>172</gpxtpx:hr>
          </gpxtpx:TrackPointExtension>
        </extensions>
      </trkpt>
      <trkpt lat="31.919136763776763" lon="120.57867877071968">
        <ele>3.157802897505462</ele>
        <time>1970-01-01T00:29:06.500000Z</time>
        <extensions>
          <gpxtpx:TrackPointExtension>
            <gpxtpx:hr>172</gpxtpx:hr>
          </gpxtpx:TrackPointExtension>
        </extensions>
      </trkpt>
      <trkpt lat="31.919158227322647" lon="120.57869221007223">
        <ele>3.172178310342133</ele>
        <time>1970-01-01T00:29:07.500000Z</time>
        <extensions>
          <gpxtpx:TrackPointExtension>
            <gpxtpx:hr>172</gpxtpx:hr>
          </gpxtpx:TrackPointExtension>
        </extensions>
      </trkpt>
      <trkpt lat="31.919179903365333" lon="120.57870456293293">
        <ele>3.179580144584179</ele>
        <time>1970-01-01T00:29:08.500000Z</time>
        <extensions>
          <gpxtpx:TrackPointExtension>
            <gpxtpx:hr>172</gpxtpx:hr>
          </gpxtpx:TrackPointExtension>
        </extensions>
      </trkpt>
      <trkpt lat="31.91920165784855" lon="120.5787163484569">
        <ele>3.186441672965884</ele>
        <time>1970-01-01T00:29:09.500000Z</time>
        <extensions>
          <gpxtpx:TrackPointExtension>
            <gpxtpx:hr>172</gpxtpx:hr>
          </gpxtpx:TrackPointExtension>
        </extensions>
      </trkpt>
      <trkpt lat="31.919222713351818" lon="120.57872747593626">
        <ele>3.1992304930463433</ele>
        <time>1970-01-01T00:29:10.500000Z</time>
        <extensions>
          <gpxtpx:TrackPointExtension>
            <gpxtpx:hr>172</gpxtpx:hr>
          </gpxtpx:TrackPointExtension>
        </extensions>
      </trkpt>
      <trkpt lat="31.91924283200313" lon="120.57873702147485">
        <ele>3.2185309594497085</ele>
        <time>1970-01-01T00:29:11.500000Z</time>
        <extensions>
          <gpxtpx:TrackPointExtension>
            <gpxtpx:hr>173</gpxtpx:hr>
          </gpxtpx:TrackPointExtension>
        </extensions>
      </trkpt>
      <trkpt lat="31.919262520719364" lon="120.57874614592491">
        <ele>3.2345597771927714</ele>
        <time>1970-01-01T00:29:12.500000Z</time>
        <extensions>
          <gpxtpx:TrackPointExtension>
            <gpxtpx:hr>173</gpxtpx:hr>
          </gpxtpx:TrackPointExtension>
        </extensions>
      </trkpt>
      <trkpt lat="31.919282099569493" lon="120.5787566065696">
        <ele>3.235968541353941</ele>
        <time>1970-01-01T00:29:13.500000Z</time>
        <extensions>
          <gpxtpx:TrackPointExtension>
            <gpxtpx:hr>173</gpxtpx:hr>
          </gpxtpx:TrackPointExtension>
        </extensions>
      </trkpt>
      <trkpt lat="31.91930201423051" lon="120.57876744438961">
        <ele>3.243406208232045</ele>
        <time>1970-01-01T00:29:14.500000Z</time>
        <extensions>
          <gpxtpx:TrackPointExtension>
            <gpxtpx:hr>173</gpxtpx:hr>
          </gpxtpx:TrackPointExtension>
        </extensions>
      </trkpt>
      <trkpt lat="31.919322492605016" lon="120.57877656768635">
        <ele>3.2624664083123207</ele>
        <time>1970-01-01T00:29:15.500000Z</time>
        <extensions>
          <gpxtpx:TrackPointExtension>
            <gpxtpx:hr>173</gpxtpx:hr>
          </gpxtpx:TrackPointExtension>
        </extensions>
      </trkpt>
      <trkpt lat="31.919342939721222" lon="120.57878452372319">
        <ele>3.2807102035731077</ele>
        <time>1970-01-01T00:29:16.500000Z</time>
        <extensions>
          <gpxtpx:TrackPointExtension>
            <gpxtpx:hr>174</gpxtpx:hr>
          </gpxtpx:TrackPointExtension>
        </extensions>
      </trkpt>
      <trkpt lat="31.91936318088807" lon="120.57879311101568">
        <ele>3.2872891575098038</ele>
        <time>1970-01-01T00:29:17.500000Z</time>
        <extensions>
          <gpxtpx:TrackPointExtension>
            <gpxtpx:hr>174</gpxtpx:hr>
          </gpxtpx:TrackPointExtension>
        </extensions>
      </trkpt>
      <trkpt lat="31.919383267101047" lon="120.57880328452768">
        <ele>3.294419459067285</ele>
        <time>1970-01-01T00:29:18.500000Z</time>
        <extensions>
          <gpxtpx:TrackPointExtension>
            <gpxtpx:hr>174</gpxtpx:hr>
          </gpxtpx:TrackPointExtension>
        </extensions>
      </trkpt>
      <trkpt lat="31.919403333866445" lon="120.57881472730378">
        <ele>3.313581191934645</ele>
        <time>1970-01-01T00:29:19.500000Z</time>
        <extensions>
          <gpxtpx:TrackPointExtension>
            <gpxtpx:hr>174</gpxtpx:hr>
          </gpxtpx:TrackPointExtension>
        </extensions>
      </trkpt>
      <trkpt lat="31.919424003787928" lon="120.57882606705434">
        <ele>3.3258392373099923</ele>
        <time>1970-01-01T00:29:20.500000Z</time>
        <extensions>
          <gpxtpx:TrackPointExtension>
            <gpxtpx:hr>174</gpxtpx:hr>
          </gpxtpx:TrackPointExtension>
        </extensions>
      </trkpt>
      <trkpt lat="31.919445223524725" lon="120.5788357701815">
        <ele>3.3272686786949635</ele>
        <time>1970-01-01T00:29:21.500000Z</time>
        <extensions>
          <gpxtpx:TrackPointExtension>
            <gpxtpx:hr>172</gpxtpx:hr>
          </gpxtpx:TrackPointExtension>
        </extensions>
      </trkpt>
      <trkpt lat="31.919466172614804" lon="120.57884430453537">
        <ele>3.3306833459064364</ele>
        <time>1970-01-01T00:29:22.500000Z</time>
        <extensions>
          <gpxtpx:TrackPointExtension>
            <gpxtpx:hr>172</gpxtpx:hr>
          </gpxtpx:TrackPointExtension>
        </extensions>
      </trkpt>
      <trkpt lat="31.919486575488545" lon="120.57885353390682">
        <ele>3.3390296064317226</ele>
        <time>1970-01-01T00:29:23.500000Z</time>
        <extensions>
          <gpxtpx:TrackPointExtension>
            <gpxtpx:hr>172</gpxtpx:hr>
          </gpxtpx:TrackPointExtension>
        </extensions>
      </trkpt>
      <trkpt lat="31.919507115313767" lon="120.57886405393761">
        <ele>3.3555793492123485</ele>
        <time>1970-01-01T00:29:24.500000Z</time>
        <extensions>
          <gpxtpx:TrackPointExtension>
            <gpxtpx:hr>172</gpxtpx:hr>
          </gpxtpx:TrackPointExtension>
        </extensions>
      </trkpt>
      <trkpt lat="31.919528006525425" lon="120.57887484317946">
        <ele>3.388051463291049</ele>
        <time>1970-01-01T00:29:25.500000Z</time>
        <extensions>
          <gpxtpx:TrackPointExtension>
            <gpxtpx:hr>172</gpxtpx:hr>
          </gpxtpx:TrackPointExtension>
        </extensions>
      </trkpt>
      <trkpt lat="31.91954883738576" lon="120.57888475357336">
        <ele>3.417249840684235</ele>
        <time>1970-01-01T00:29:26.500000Z</time>
        <extensions>
          <gpxtpx:TrackPointExtension>
            <gpxtpx:hr>172</gpxtpx:hr>
          </gpxtpx:TrackPointExtension>
        </extensions>
      </trkpt>
      <trkpt lat="31.919569287590217" lon="120.57889448364475">
        <ele>3.4351071948185563</ele>
        <time>1970-01-01T00:29:27.500000Z</time>
        <extensions>
          <gpxtpx:TrackPointExtension>
            <gpxtpx:hr>172</gpxtpx:hr>
          </gpxtpx:TrackPointExtension>
        </extensions>
      </trkpt>
      <trkpt lat="31.919589215232143" lon="120.57890560479221">
        <ele>3.4619559440761805</ele>
        <time>1970-01-01T00:29:28.500000Z</time>
        <extensions>
          <gpxtpx:TrackPointExtension>
            <gpxtpx:hr>172</gpxtpx:hr>
          </gpxtpx:TrackPointExtension>
        </extensions>
      </trkpt>
      <trkpt lat="31.91960912397967" lon="120.57891733296978">
        <ele>3.49303057231009</ele>
        <time>1970-01-01T00:29:29.500000Z</time>
        <extensions>
          <gpxtpx:TrackPointExtension>
            <gpxtpx:hr>172</gpxtpx:hr>
          </gpxtpx:TrackPointExtension>
        </extensions>
      </trkpt>
      <trkpt lat="31.91962966085433" lon="120.57892862384514">
        <ele>3.5187503648921847</ele>
        <time>1970-01-01T00:29:30.500000Z</time>
        <extensions>
          <gpxtpx:TrackPointExtension>
            <gpxtpx:hr>172</gpxtpx:hr>
          </gpxtpx:TrackPointExtension>
        </extensions>
      </trkpt>
      <trkpt lat="31.919650870351806" lon="120.57893969937213">
        <ele>3.5650331703945994</ele>
        <time>1970-01-01T00:29:31.500000Z</time>
        <extensions>
          <gpxtpx:TrackPointExtension>
            <gpxtpx:hr>172</gpxtpx:hr>
          </gpxtpx:TrackPointExtension>
        </extensions>
      </trkpt>
      <trkpt lat="31.919672036833123" lon="120.57894965760651">
        <ele>3.6132971458137035</ele>
        <time>1970-01-01T00:29:32.500000Z</time>
        <extensions>
          <gpxtpx:TrackPointExtension>
            <gpxtpx:hr>173</gpxtpx:hr>
          </gpxtpx:TrackPointExtension>
        </extensions>
      </trkpt>
      <trkpt lat="31.919692219249235" lon="120.5789585717104">
        <ele>3.656122731976211</ele>
        <time>1970-01-01T00:29:33.500000Z</time>
        <extensions>
          <gpxtpx:TrackPointExtension>
            <gpxtpx:hr>173</gpxtpx:hr>
          </gpxtpx:TrackPointExtension>
        </extensions>
      </trkpt>
      <trkpt lat="31.919711167275253" lon="120.57896793930414">
        <ele>3.7056936249136925</ele>
        <time>1970-01-01T00:29:34.500000Z</time>
        <extensions>
          <gpxtpx:TrackPointExtension>
            <gpxtpx:hr>173</gpxtpx:hr>
          </gpxtpx:TrackPointExtension>
        </extensions>
      </trkpt>
      <trkpt lat="31.91972976799619" lon="120.57897734181365">
        <ele>3.7572351405397058</ele>
        <time>1970-01-01T00:29:35.500000Z</time>
        <extensions>
          <gpxtpx:TrackPointExtension>
            <gpxtpx:hr>173</gpxtpx:hr>
          </gpxtpx:TrackPointExtension>
        </extensions>
      </trkpt>
      <trkpt lat="31.919748665767774" lon="120.57898622629264">
        <ele>3.795368396677077</ele>
        <time>1970-01-01T00:29:36.500000Z</time>
        <extensions>
          <gpxtpx:TrackPointExtension>
            <gpxtpx:hr>173</gpxtpx:hr>
          </gpxtpx:TrackPointExtension>
        </extensions>
      </trkpt>
      <trkpt lat="31.919768649659044" lon="120.57899540980449">
        <ele>3.828414848074317</ele>
        <time>1970-01-01T00:29:37.500000Z</time>
        <extensions>
          <gpxtpx:TrackPointExtension>
            <gpxtpx:hr>174</gpxtpx:hr>
          </gpxtpx:TrackPointExtension>
        </extensions>
      </trkpt>
      <trkpt lat="31.919790004929755" lon="120.57900531926994">
        <ele>3.8676837515085936</ele>
        <time>1970-01-01T00:29:38.500000Z</time>
        <extensions>
          <gpxtpx:TrackPointExtension>
            <gpxtpx:hr>174</gpxtpx:hr>
          </gpxtpx:TrackPointExtension>
        </extensions>
      </trkpt>
      <trkpt lat="31.919811605617745" lon="120.5790149185722">
        <ele>3.895921249873936</ele>
        <time>1970-01-01T00:29:39.500000Z</time>
        <extensions>
          <gpxtpx:TrackPointExtension>
            <gpxtpx:hr>174</gpxtpx:hr>
          </gpxtpx:TrackPointExtension>
        </extensions>
      </trkpt>
      <trkpt lat="31.919832111322133" lon="120.57902416708603">
        <ele>3.9329461278393865</ele>
        <time>1970-01-01T00:29:40.500000Z</time>
        <extensions>
          <gpxtpx:TrackPointExtension>
            <gpxtpx:hr>174</gpxtpx:hr>
          </gpxtpx:TrackPointExtension>
        </extensions>
      </trkpt>
      <trkpt lat="31.919850980772786" lon="120.57903341877201">
        <ele>3.9829425187781453</ele>
        <time>1970-01-01T00:29:41.500000Z</time>
        <extensions>
          <gpxtpx:TrackPointExtension>
            <gpxtpx:hr>174</gpxtpx:hr>
          </gpxtpx:TrackPointExtension>
        </extensions>
      </trkpt>
      <trkpt lat="31.91986893940933" lon="120.57904180492692">
        <ele>4.028649657964706</ele>
        <time>1970-01-01T00:29:42.500000Z</time>
        <extensions>
          <gpxtpx:TrackPointExtension>
            <gpxtpx:hr>174</gpxtpx:hr>
          </gpxtpx:TrackPointExtension>
        </extensions>
      </trkpt>
      <trkpt lat="31.919886757084484" lon="120.57905001453462">
        <ele>4.074072642251849</ele>
        <time>1970-01-01T00:29:43.500000Z</time>
        <extensions>
          <gpxtpx:TrackPointExtension>
            <gpxtpx:hr>174</gpxtpx:hr>
          </gpxtpx:TrackPointExtension>
        </extensions>
      </trkpt>
      <trkpt lat="31.91990509477202" lon="120.5790591525994">
        <ele>4.134705470874906</ele>
        <time>1970-01-01T00:29:44.500000Z</time>
        <extensions>
          <gpxtpx:TrackPointExtension>
            <gpxtpx:hr>174</gpxtpx:hr>
          </gpxtpx:TrackPointExtension>
        </extensions>
      </trkpt>
      <trkpt lat="31.919924693892817" lon="120.57906870155962">
        <ele>4.191328310407698</ele>
        <time>1970-01-01T00:29:45.500000Z</time>
        <extensions>
          <gpxtpx:TrackPointExtension>
            <gpxtpx:hr>174</gpxtpx:hr>
          </gpxtpx:TrackPointExtension>
        </extensions>
      </trkpt>
      <trkpt lat="31.919945387972824" lon="120.57907828379719">
        <ele>4.232040394097567</ele>
        <time>1970-01-01T00:29:46.500000Z</time>
        <extensions>
          <gpxtpx:TrackPointExtension>
            <gpxtpx:hr>174</gpxtpx:hr>
          </gpxtpx:TrackPointExtension>
        </extensions>
      </trkpt>
      <trkpt lat="31.919966133705863" lon="120.57908826961592">
        <ele>4.269483403302729</ele>
        <time>1970-01-01T00:29:47.500000Z</time>
        <extensions>
          <gpxtpx:TrackPointExtension>
            <gpxtpx:hr>174</gpxtpx:hr>
          </gpxtpx:TrackPointExtension>
        </extensions>
      </trkpt>
      <trkpt lat="31.919986018808466" lon="120.5790977350479">
        <ele>4.309453192166984</ele>
        <time>1970-01-01T00:29:48.500000Z</time>
        <extensions>
          <gpxtpx:TrackPointExtension>
            <gpxtpx:hr>174</gpxtpx:hr>
          </gpxtpx:TrackPointExtension>
        </extensions>
      </trkpt>
      <trkpt lat="31.920004204362378" lon="120.57910713580331">
        <ele>4.363301583565772</ele>
        <time>1970-01-01T00:29:49.500000Z</time>
        <extensions>
          <gpxtpx:TrackPointExtension>
            <gpxtpx:hr>174</gpxtpx:hr>
          </gpxtpx:TrackPointExtension>
        </extensions>
      </trkpt>
      <trkpt lat="31.920020994058145" lon="120.5791172715042">
        <ele>4.4346747705712914</ele>
        <time>1970-01-01T00:29:50.500000Z</time>
        <extensions>
          <gpxtpx:TrackPointExtension>
            <gpxtpx:hr>173</gpxtpx:hr>
          </gpxtpx:TrackPointExtension>
        </extensions>
      </trkpt>
      <trkpt lat="31.92003755314615" lon="120.57912680816882">
        <ele>4.496554204262793</ele>
        <time>1970-01-01T00:29:51.500000Z</time>
        <extensions>
          <gpxtpx:TrackPointExtension>
            <gpxtpx:hr>173</gpxtpx:hr>
          </gpxtpx:TrackPointExtension>
        </extensions>
      </trkpt>
      <trkpt lat="31.92005465835438" lon="120.57913556751919">
        <ele>4.5538017535582185</ele>
        <time>1970-01-01T00:29:52.500000Z</time>
        <extensions>
          <gpxtpx:TrackPointExtension>
            <gpxtpx:hr>173</gpxtpx:hr>
          </gpxtpx:TrackPointExtension>
        </extensions>
      </trkpt>
      <trkpt lat="31.920073094207684" lon="120.57914464355497">
        <ele>4.609933104366064</ele>
        <time>1970-01-01T00:29:53.500000Z</time>
        <extensions>
          <gpxtpx:TrackPointExtension>
            <gpxtpx:hr>173</gpxtpx:hr>
          </gpxtpx:TrackPointExtension>
        </extensions>
      </trkpt>
      <trkpt lat="31.920093175178692" lon="120.57915360526826">
        <ele>4.679064864292741</ele>
        <time>1970-01-01T00:29:54.500000Z</time>
        <extensions>
          <gpxtpx:TrackPointExtension>
            <gpxtpx:hr>173</gpxtpx:hr>
          </gpxtpx:TrackPointExtension>
        </extensions>
      </trkpt>
      <trkpt lat="31.920114072401038" lon="120.57916148287205">
        <ele>4.752220136113465</ele>
        <time>1970-01-01T00:29:55.500000Z</time>
        <extensions>
          <gpxtpx:TrackPointExtension>
            <gpxtpx:hr>173</gpxtpx:hr>
          </gpxtpx:TrackPointExtension>
        </extensions>
      </trkpt>
      <trkpt lat="31.920134357431035" lon="120.57916903037237">
        <ele>4.818787466734648</ele>
        <time>1970-01-01T00:29:56.500000Z</time>
        <extensions>
          <gpxtpx:TrackPointExtension>
            <gpxtpx:hr>173</gpxtpx:hr>
          </gpxtpx:TrackPointExtension>
        </extensions>
      </trkpt>
      <trkpt lat="31.920153709044254" lon="120.57917810419745">
        <ele>4.860335522331297</ele>
        <time>1970-01-01T00:29:57.500000Z</time>
        <extensions>
          <gpxtpx:TrackPointExtension>
            <gpxtpx:hr>173</gpxtpx:hr>
          </gpxtpx:TrackPointExtension>
        </extensions>
      </trkpt>
      <trkpt lat="31.920173003710445" lon="120.57918857143429">
        <ele>4.904841493815184</ele>
        <time>1970-01-01T00:29:58.500000Z</time>
        <extensions>
          <gpxtpx:TrackPointExtension>
            <gpxtpx:hr>173</gpxtpx:hr>
          </gpxtpx:TrackPointExtension>
        </extensions>
      </trkpt>
      <trkpt lat="31.920192863502056" lon="120.57919858446878">
        <ele>4.94191640522331</ele>
        <time>1970-01-01T00:29:59.500000Z</time>
        <extensions>
          <gpxtpx:TrackPointExtension>
            <gpxtpx:hr>173</gpxtpx:hr>
          </gpxtpx:TrackPointExtension>
        </extensions>
      </trkpt>
      <trkpt lat="31.920213084540784" lon="120.57920737338227">
        <ele>4.971548138186336</ele>
        <time>1970-01-01T00:30:00.500000Z</time>
        <extensions>
          <gpxtpx:TrackPointExtension>
            <gpxtpx:hr>172</gpxtpx:hr>
          </gpxtpx:TrackPointExtension>
        </extensions>
      </trkpt>
      <trkpt lat="31.920233478548948" lon="120.5792161514519">
        <ele>4.992264162749052</ele>
        <time>1970-01-01T00:30:01.500000Z</time>
        <extensions>
          <gpxtpx:TrackPointExtension>
            <gpxtpx:hr>172</gpxtpx:hr>
          </gpxtpx:TrackPointExtension>
        </extensions>
      </trkpt>
      <trkpt lat="31.920254126681083" lon="120.57922639961761">
        <ele>5.024611215107143</ele>
        <time>1970-01-01T00:30:02.500000Z</time>
        <extensions>
          <gpxtpx:TrackPointExtension>
            <gpxtpx:hr>172</gpxtpx:hr>
          </gpxtpx:TrackPointExtension>
        </extensions>
      </trkpt>
      <trkpt lat="31.9202751636683" lon="120.57923764644333">
        <ele>5.034219772554934</ele>
        <time>1970-01-01T00:30:03.500000Z</time>
        <extensions>
          <gpxtpx:TrackPointExtension>
            <gpxtpx:hr>172</gpxtpx:hr>
          </gpxtpx:TrackPointExtension>
        </extensions>
      </trkpt>
      <trkpt lat="31.920296430048722" lon="120.579248355508">
        <ele>5.04251700360328</ele>
        <time>1970-01-01T00:30:04.500000Z</time>
        <extensions>
          <gpxtpx:TrackPointExtension>
            <gpxtpx:hr>172</gpxtpx:hr>
          </gpxtpx:TrackPointExtension>
        </extensions>
      </trkpt>
      <trkpt lat="31.920317662925903" lon="120.57925822119918">
        <ele>5.041420300491154</ele>
        <time>1970-01-01T00:30:05.500000Z</time>
        <extensions>
          <gpxtpx:TrackPointExtension>
            <gpxtpx:hr>173</gpxtpx:hr>
          </gpxtpx:TrackPointExtension>
        </extensions>
      </trkpt>
      <trkpt lat="31.920338725261086" lon="120.57926811866406">
        <ele>5.037584757432342</ele>
        <time>1970-01-01T00:30:06.500000Z</time>
        <extensions>
          <gpxtpx:TrackPointExtension>
            <gpxtpx:hr>173</gpxtpx:hr>
          </gpxtpx:TrackPointExtension>
        </extensions>
      </trkpt>
      <trkpt lat="31.920359571311003" lon="120.57927906022296">
        <ele>5.007496881298721</ele>
        <time>1970-01-01T00:30:07.500000Z</time>
        <extensions>
          <gpxtpx:TrackPointExtension>
            <gpxtpx:hr>173</gpxtpx:hr>
          </gpxtpx:TrackPointExtension>
        </extensions>
      </trkpt>
      <trkpt lat="31.92038047880966" lon="120.5792910387629">
        <ele>4.996529348194599</ele>
        <time>1970-01-01T00:30:08.500000Z</time>
        <extensions>
          <gpxtpx:TrackPointExtension>
            <gpxtpx:hr>173</gpxtpx:hr>
          </gpxtpx:TrackPointExtension>
        </extensions>
      </trkpt>
      <trkpt lat="31.920401728462743" lon="120.57930265266117">
        <ele>4.9742231741547585</ele>
        <time>1970-01-01T00:30:09.500000Z</time>
        <extensions>
          <gpxtpx:TrackPointExtension>
            <gpxtpx:hr>173</gpxtpx:hr>
          </gpxtpx:TrackPointExtension>
        </extensions>
      </trkpt>
      <trkpt lat="31.920423108073848" lon="120.57931296664464">
        <ele>4.929775455966592</ele>
        <time>1970-01-01T00:30:10.500000Z</time>
        <extensions>
          <gpxtpx:TrackPointExtension>
            <gpxtpx:hr>173</gpxtpx:hr>
          </gpxtpx:TrackPointExtension>
        </extensions>
      </trkpt>
      <trkpt lat="31.920444016606943" lon="120.57932278129618">
        <ele>4.867596921510994</ele>
        <time>1970-01-01T00:30:11.500000Z</time>
        <extensions>
          <gpxtpx:TrackPointExtension>
            <gpxtpx:hr>173</gpxtpx:hr>
          </gpxtpx:TrackPointExtension>
        </extensions>
      </trkpt>
      <trkpt lat="31.92046473729313" lon="120.57933287417147">
        <ele>4.819776521064341</ele>
        <time>1970-01-01T00:30:12.500000Z</time>
        <extensions>
          <gpxtpx:TrackPointExtension>
            <gpxtpx:hr>173</gpxtpx:hr>
          </gpxtpx:TrackPointExtension>
        </extensions>
      </trkpt>
      <trkpt lat="31.920485632563008" lon="120.5793426883652">
        <ele>4.790365598164499</ele>
        <time>1970-01-01T00:30:13.500000Z</time>
        <extensions>
          <gpxtpx:TrackPointExtension>
            <gpxtpx:hr>173</gpxtpx:hr>
          </gpxtpx:TrackPointExtension>
        </extensions>
      </trkpt>
      <trkpt lat="31.92050641524265" lon="120.57935285653372">
        <ele>4.751688037998974</ele>
        <time>1970-01-01T00:30:14.500000Z</time>
        <extensions>
          <gpxtpx:TrackPointExtension>
            <gpxtpx:hr>173</gpxtpx:hr>
          </gpxtpx:TrackPointExtension>
        </extensions>
      </trkpt>
      <trkpt lat="31.92052729489875" lon="120.57936394856848">
        <ele>4.73147480096668</ele>
        <time>1970-01-01T00:30:15.500000Z</time>
        <extensions>
          <gpxtpx:TrackPointExtension>
            <gpxtpx:hr>173</gpxtpx:hr>
          </gpxtpx:TrackPointExtension>
        </extensions>
      </trkpt>
      <trkpt lat="31.920548864927056" lon="120.57937495264176">
        <ele>4.7107034511864185</ele>
        <time>1970-01-01T00:30:16.500000Z</time>
        <extensions>
          <gpxtpx:TrackPointExtension>
            <gpxtpx:hr>173</gpxtpx:hr>
          </gpxtpx:TrackPointExtension>
        </extensions>
      </trkpt>
      <trkpt lat="31.92057065683112" lon="120.57938560375196">
        <ele>4.676653249189258</ele>
        <time>1970-01-01T00:30:17.500000Z</time>
        <extensions>
          <gpxtpx:TrackPointExtension>
            <gpxtpx:hr>173</gpxtpx:hr>
          </gpxtpx:TrackPointExtension>
        </extensions>
      </trkpt>
      <trkpt lat="31.920592372135" lon="120.57939576500421">
        <ele>4.651135760359466</ele>
        <time>1970-01-01T00:30:18.500000Z</time>
        <extensions>
          <gpxtpx:TrackPointExtension>
            <gpxtpx:hr>173</gpxtpx:hr>
          </gpxtpx:TrackPointExtension>
        </extensions>
      </trkpt>
      <trkpt lat="31.920613974457435" lon="120.57940487373894">
        <ele>4.652547768317163</ele>
        <time>1970-01-01T00:30:19.500000Z</time>
        <extensions>
          <gpxtpx:TrackPointExtension>
            <gpxtpx:hr>173</gpxtpx:hr>
          </gpxtpx:TrackPointExtension>
        </extensions>
      </trkpt>
      <trkpt lat="31.92063489061155" lon="120.57941340749096">
        <ele>4.655095581896603</ele>
        <time>1970-01-01T00:30:20.500000Z</time>
        <extensions>
          <gpxtpx:TrackPointExtension>
            <gpxtpx:hr>173</gpxtpx:hr>
          </gpxtpx:TrackPointExtension>
        </extensions>
      </trkpt>
      <trkpt lat="31.920655150057833" lon="120.57942254620163">
        <ele>4.66296396497637</ele>
        <time>1970-01-01T00:30:21.500000Z</time>
        <extensions>
          <gpxtpx:TrackPointExtension>
            <gpxtpx:hr>173</gpxtpx:hr>
          </gpxtpx:TrackPointExtension>
        </extensions>
      </trkpt>
      <trkpt lat="31.9206754393792" lon="120.57943297009933">
        <ele>4.655554122291505</ele>
        <time>1970-01-01T00:30:22.500000Z</time>
        <extensions>
          <gpxtpx:TrackPointExtension>
            <gpxtpx:hr>173</gpxtpx:hr>
          </gpxtpx:TrackPointExtension>
        </extensions>
      </trkpt>
      <trkpt lat="31.920696011620603" lon="120.57944409115191">
        <ele>4.652319800108671</ele>
        <time>1970-01-01T00:30:23.500000Z</time>
        <extensions>
          <gpxtpx:TrackPointExtension>
            <gpxtpx:hr>173</gpxtpx:hr>
          </gpxtpx:TrackPointExtension>
        </extensions>
      </trkpt>
      <trkpt lat="31.9207165185791" lon="120.579455518978">
        <ele>4.6558747766539454</ele>
        <time>1970-01-01T00:30:24.500000Z</time>
        <extensions>
          <gpxtpx:TrackPointExtension>
            <gpxtpx:hr>173</gpxtpx:hr>
          </gpxtpx:TrackPointExtension>
        </extensions>
      </trkpt>
      <trkpt lat="31.920736646194026" lon="120.57946709483532">
        <ele>4.66934163030237</ele>
        <time>1970-01-01T00:30:25.500000Z</time>
        <extensions>
          <gpxtpx:TrackPointExtension>
            <gpxtpx:hr>173</gpxtpx:hr>
          </gpxtpx:TrackPointExtension>
        </extensions>
      </trkpt>
      <trkpt lat="31.92075676579615" lon="120.57947799677419">
        <ele>4.683559628203511</ele>
        <time>1970-01-01T00:30:26.500000Z</time>
        <extensions>
          <gpxtpx:TrackPointExtension>
            <gpxtpx:hr>173</gpxtpx:hr>
          </gpxtpx:TrackPointExtension>
        </extensions>
      </trkpt>
      <trkpt lat="31.920777272002837" lon="120.57948882946842">
        <ele>4.68651354778558</ele>
        <time>1970-01-01T00:30:27.500000Z</time>
        <extensions>
          <gpxtpx:TrackPointExtension>
            <gpxtpx:hr>173</gpxtpx:hr>
          </gpxtpx:TrackPointExtension>
        </extensions>
      </trkpt>
      <trkpt lat="31.920798202690445" lon="120.57950078077762">
        <ele>4.689904246479273</ele>
        <time>1970-01-01T00:30:28.500000Z</time>
        <extensions>
          <gpxtpx:TrackPointExtension>
            <gpxtpx:hr>173</gpxtpx:hr>
          </gpxtpx:TrackPointExtension>
        </extensions>
      </trkpt>
      <trkpt lat="31.92081967041268" lon="120.57951291975722">
        <ele>4.705807011574507</ele>
        <time>1970-01-01T00:30:29.500000Z</time>
        <extensions>
          <gpxtpx:TrackPointExtension>
            <gpxtpx:hr>173</gpxtpx:hr>
          </gpxtpx:TrackPointExtension>
        </extensions>
      </trkpt>
      <trkpt lat="31.920841814836912" lon="120.57952370441319">
        <ele>4.718825778923929</ele>
        <time>1970-01-01T00:30:30.500000Z</time>
        <extensions>
          <gpxtpx:TrackPointExtension>
            <gpxtpx:hr>173</gpxtpx:hr>
          </gpxtpx:TrackPointExtension>
        </extensions>
      </trkpt>
      <trkpt lat="31.920864026878554" lon="120.5795333555353">
        <ele>4.719466052949429</ele>
        <time>1970-01-01T00:30:31.500000Z</time>
        <extensions>
          <gpxtpx:TrackPointExtension>
            <gpxtpx:hr>173</gpxtpx:hr>
          </gpxtpx:TrackPointExtension>
        </extensions>
      </trkpt>
      <trkpt lat="31.9208857725499" lon="120.57954347590548">
        <ele>4.714455761015415</ele>
        <time>1970-01-01T00:30:32.500000Z</time>
        <extensions>
          <gpxtpx:TrackPointExtension>
            <gpxtpx:hr>173</gpxtpx:hr>
          </gpxtpx:TrackPointExtension>
        </extensions>
      </trkpt>
      <trkpt lat="31.920906835518984" lon="120.5795549376533">
        <ele>4.719036601483822</ele>
        <time>1970-01-01T00:30:33.500000Z</time>
        <extensions>
          <gpxtpx:TrackPointExtension>
            <gpxtpx:hr>173</gpxtpx:hr>
          </gpxtpx:TrackPointExtension>
        </extensions>
      </trkpt>
      <trkpt lat="31.92092711253832" lon="120.57956738840053">
        <ele>4.735512153245509</ele>
        <time>1970-01-01T00:30:34.500000Z</time>
        <extensions>
          <gpxtpx:TrackPointExtension>
            <gpxtpx:hr>173</gpxtpx:hr>
          </gpxtpx:TrackPointExtension>
        </extensions>
      </trkpt>
      <trkpt lat="31.920947214064817" lon="120.57957925680554">
        <ele>4.742432639934123</ele>
        <time>1970-01-01T00:30:35.500000Z</time>
        <extensions>
          <gpxtpx:TrackPointExtension>
            <gpxtpx:hr>173</gpxtpx:hr>
          </gpxtpx:TrackPointExtension>
        </extensions>
      </trkpt>
      <trkpt lat="31.920968047636176" lon="120.57958953352255">
        <ele>4.744245343841612</ele>
        <time>1970-01-01T00:30:36.500000Z</time>
        <extensions>
          <gpxtpx:TrackPointExtension>
            <gpxtpx:hr>173</gpxtpx:hr>
          </gpxtpx:TrackPointExtension>
        </extensions>
      </trkpt>
      <trkpt lat="31.920989421456383" lon="120.57959968784817">
        <ele>4.739397351630032</ele>
        <time>1970-01-01T00:30:37.500000Z</time>
        <extensions>
          <gpxtpx:TrackPointExtension>
            <gpxtpx:hr>173</gpxtpx:hr>
          </gpxtpx:TrackPointExtension>
        </extensions>
      </trkpt>
      <trkpt lat="31.921010625292134" lon="120.57961067140191">
        <ele>4.7332691960036755</ele>
        <time>1970-01-01T00:30:38.500000Z</time>
        <extensions>
          <gpxtpx:TrackPointExtension>
            <gpxtpx:hr>173</gpxtpx:hr>
          </gpxtpx:TrackPointExtension>
        </extensions>
      </trkpt>
      <trkpt lat="31.92103187282525" lon="120.57962173157584">
        <ele>4.736989254131913</ele>
        <time>1970-01-01T00:30:39.500000Z</time>
        <extensions>
          <gpxtpx:TrackPointExtension>
            <gpxtpx:hr>173</gpxtpx:hr>
          </gpxtpx:TrackPointExtension>
        </extensions>
      </trkpt>
      <trkpt lat="31.921053674074486" lon="120.57963153361925">
        <ele>4.753592452034354</ele>
        <time>1970-01-01T00:30:40.500000Z</time>
        <extensions>
          <gpxtpx:TrackPointExtension>
            <gpxtpx:hr>172</gpxtpx:hr>
          </gpxtpx:TrackPointExtension>
        </extensions>
      </trkpt>
      <trkpt lat="31.921075612514247" lon="120.57964056524133">
        <ele>4.769967190921307</ele>
        <time>1970-01-01T00:30:41.500000Z</time>
        <extensions>
          <gpxtpx:TrackPointExtension>
            <gpxtpx:hr>172</gpxtpx:hr>
          </gpxtpx:TrackPointExtension>
        </extensions>
      </trkpt>
      <trkpt lat="31.92109681867989" lon="120.57965016160338">
        <ele>4.7800531489774585</ele>
        <time>1970-01-01T00:30:42.500000Z</time>
        <extensions>
          <gpxtpx:TrackPointExtension>
            <gpxtpx:hr>172</gpxtpx:hr>
          </gpxtpx:TrackPointExtension>
        </extensions>
      </trkpt>
      <trkpt lat="31.921117279472746" lon="120.57966093570403">
        <ele>4.786704041995108</ele>
        <time>1970-01-01T00:30:43.500000Z</time>
        <extensions>
          <gpxtpx:TrackPointExtension>
            <gpxtpx:hr>172</gpxtpx:hr>
          </gpxtpx:TrackPointExtension>
        </extensions>
      </trkpt>
      <trkpt lat="31.921137915404724" lon="120.57967211023457">
        <ele>4.793993246741593</ele>
        <time>1970-01-01T00:30:44.500000Z</time>
        <extensions>
          <gpxtpx:TrackPointExtension>
            <gpxtpx:hr>172</gpxtpx:hr>
          </gpxtpx:TrackPointExtension>
        </extensions>
      </trkpt>
      <trkpt lat="31.92115933213962" lon="120.5796827790546">
        <ele>4.795871686190367</ele>
        <time>1970-01-01T00:30:45.500000Z</time>
        <extensions>
          <gpxtpx:TrackPointExtension>
            <gpxtpx:hr>172</gpxtpx:hr>
          </gpxtpx:TrackPointExtension>
        </extensions>
      </trkpt>
      <trkpt lat="31.921180998444722" lon="120.57969327519507">
        <ele>4.787615649402142</ele>
        <time>1970-01-01T00:30:46.500000Z</time>
        <extensions>
          <gpxtpx:TrackPointExtension>
            <gpxtpx:hr>172</gpxtpx:hr>
          </gpxtpx:TrackPointExtension>
        </extensions>
      </trkpt>
      <trkpt lat="31.92120231697811" lon="120.5797039525573">
        <ele>4.786655397154391</ele>
        <time>1970-01-01T00:30:47.500000Z</time>
        <extensions>
          <gpxtpx:TrackPointExtension>
            <gpxtpx:hr>171</gpxtpx:hr>
          </gpxtpx:TrackPointExtension>
        </extensions>
      </trkpt>
      <trkpt lat="31.921223076478746" lon="120.5797146618939">
        <ele>4.786585615947843</ele>
        <time>1970-01-01T00:30:48.500000Z</time>
        <extensions>
          <gpxtpx:TrackPointExtension>
            <gpxtpx:hr>171</gpxtpx:hr>
          </gpxtpx:TrackPointExtension>
        </extensions>
      </trkpt>
      <trkpt lat="31.92124352942413" lon="120.57972531813661">
        <ele>4.785870534367859</ele>
        <time>1970-01-01T00:30:49.500000Z</time>
        <extensions>
          <gpxtpx:TrackPointExtension>
            <gpxtpx:hr>171</gpxtpx:hr>
          </gpxtpx:TrackPointExtension>
        </extensions>
      </trkpt>
      <trkpt lat="31.921264133175384" lon="120.57973551318693">
        <ele>4.7777684992179275</ele>
        <time>1970-01-01T00:30:50.500000Z</time>
        <extensions>
          <gpxtpx:TrackPointExtension>
            <gpxtpx:hr>171</gpxtpx:hr>
          </gpxtpx:TrackPointExtension>
        </extensions>
      </trkpt>
      <trkpt lat="31.921284934994695" lon="120.57974543721473">
        <ele>4.779844474047422</ele>
        <time>1970-01-01T00:30:51.500000Z</time>
        <extensions>
          <gpxtpx:TrackPointExtension>
            <gpxtpx:hr>171</gpxtpx:hr>
          </gpxtpx:TrackPointExtension>
        </extensions>
      </trkpt>
      <trkpt lat="31.92130544375721" lon="120.5797557484896">
        <ele>4.789529534056783</ele>
        <time>1970-01-01T00:30:52.500000Z</time>
        <extensions>
          <gpxtpx:TrackPointExtension>
            <gpxtpx:hr>171</gpxtpx:hr>
          </gpxtpx:TrackPointExtension>
        </extensions>
      </trkpt>
      <trkpt lat="31.921324982598662" lon="120.57976608829033">
        <ele>4.807488947175443</ele>
        <time>1970-01-01T00:30:53.500000Z</time>
        <extensions>
          <gpxtpx:TrackPointExtension>
            <gpxtpx:hr>170</gpxtpx:hr>
          </gpxtpx:TrackPointExtension>
        </extensions>
      </trkpt>
      <trkpt lat="31.921344515465968" lon="120.57977636496429">
        <ele>4.801903191022575</ele>
        <time>1970-01-01T00:30:54.500000Z</time>
        <extensions>
          <gpxtpx:TrackPointExtension>
            <gpxtpx:hr>170</gpxtpx:hr>
          </gpxtpx:TrackPointExtension>
        </extensions>
      </trkpt>
      <trkpt lat="31.921365033561358" lon="120.57978581095816">
        <ele>4.793327206745744</ele>
        <time>1970-01-01T00:30:55.500000Z</time>
        <extensions>
          <gpxtpx:TrackPointExtension>
            <gpxtpx:hr>170</gpxtpx:hr>
          </gpxtpx:TrackPointExtension>
        </extensions>
      </trkpt>
      <trkpt lat="31.921385643363664" lon="120.57979438789182">
        <ele>4.78425863571465</ele>
        <time>1970-01-01T00:30:56.500000Z</time>
        <extensions>
          <gpxtpx:TrackPointExtension>
            <gpxtpx:hr>170</gpxtpx:hr>
          </gpxtpx:TrackPointExtension>
        </extensions>
      </trkpt>
      <trkpt lat="31.921405626059943" lon="120.57980345118136">
        <ele>4.79048269521445</ele>
        <time>1970-01-01T00:30:57.500000Z</time>
        <extensions>
          <gpxtpx:TrackPointExtension>
            <gpxtpx:hr>170</gpxtpx:hr>
          </gpxtpx:TrackPointExtension>
        </extensions>
      </trkpt>
      <trkpt lat="31.92142575483659" lon="120.57981468362829">
        <ele>4.775875637307763</ele>
        <time>1970-01-01T00:30:58.500000Z</time>
        <extensions>
          <gpxtpx:TrackPointExtension>
            <gpxtpx:hr>170</gpxtpx:hr>
          </gpxtpx:TrackPointExtension>
        </extensions>
      </trkpt>
      <trkpt lat="31.921446701569252" lon="120.57982640066217">
        <ele>4.746374520473182</ele>
        <time>1970-01-01T00:30:59.500000Z</time>
        <extensions>
          <gpxtpx:TrackPointExtension>
            <gpxtpx:hr>170</gpxtpx:hr>
          </gpxtpx:TrackPointExtension>
        </extensions>
      </trkpt>
      <trkpt lat="31.921468014134355" lon="120.57983686343684">
        <ele>4.7218350833281875</ele>
        <time>1970-01-01T00:31:00.500000Z</time>
        <extensions>
          <gpxtpx:TrackPointExtension>
            <gpxtpx:hr>170</gpxtpx:hr>
          </gpxtpx:TrackPointExtension>
        </extensions>
      </trkpt>
      <trkpt lat="31.921489222682712" lon="120.5798477540427">
        <ele>4.6918967962265015</ele>
        <time>1970-01-01T00:31:01.500000Z</time>
        <extensions>
          <gpxtpx:TrackPointExtension>
            <gpxtpx:hr>171</gpxtpx:hr>
          </gpxtpx:TrackPointExtension>
        </extensions>
      </trkpt>
      <trkpt lat="31.921510441394698" lon="120.57985988493212">
        <ele>4.666776840575039</ele>
        <time>1970-01-01T00:31:02.500000Z</time>
        <extensions>
          <gpxtpx:TrackPointExtension>
            <gpxtpx:hr>171</gpxtpx:hr>
          </gpxtpx:TrackPointExtension>
        </extensions>
      </trkpt>
      <trkpt lat="31.92153177385408" lon="120.57987243977814">
        <ele>4.656537828966975</ele>
        <time>1970-01-01T00:31:03.500000Z</time>
        <extensions>
          <gpxtpx:TrackPointExtension>
            <gpxtpx:hr>171</gpxtpx:hr>
          </gpxtpx:TrackPointExtension>
        </extensions>
      </trkpt>
      <trkpt lat="31.921552877189107" lon="120.5798845280046">
        <ele>4.642777181230485</ele>
        <time>1970-01-01T00:31:04.500000Z</time>
        <extensions>
          <gpxtpx:TrackPointExtension>
            <gpxtpx:hr>171</gpxtpx:hr>
          </gpxtpx:TrackPointExtension>
        </extensions>
      </trkpt>
      <trkpt lat="31.921573747245585" lon="120.5798959314171">
        <ele>4.632660636678338</ele>
        <time>1970-01-01T00:31:05.500000Z</time>
        <extensions>
          <gpxtpx:TrackPointExtension>
            <gpxtpx:hr>171</gpxtpx:hr>
          </gpxtpx:TrackPointExtension>
        </extensions>
      </trkpt>
      <trkpt lat="31.921594871907953" lon="120.57990680939565">
        <ele>4.616107681766152</ele>
        <time>1970-01-01T00:31:06.500000Z</time>
        <extensions>
          <gpxtpx:TrackPointExtension>
            <gpxtpx:hr>171</gpxtpx:hr>
          </gpxtpx:TrackPointExtension>
        </extensions>
      </trkpt>
      <trkpt lat="31.921616837459947" lon="120.57991776216303">
        <ele>4.608978821896017</ele>
        <time>1970-01-01T00:31:07.500000Z</time>
        <extensions>
          <gpxtpx:TrackPointExtension>
            <gpxtpx:hr>171</gpxtpx:hr>
          </gpxtpx:TrackPointExtension>
        </extensions>
      </trkpt>
      <trkpt lat="31.92163937121245" lon="120.5799289091279">
        <ele>4.598492729477584</ele>
        <time>1970-01-01T00:31:08.500000Z</time>
        <extensions>
          <gpxtpx:TrackPointExtension>
            <gpxtpx:hr>171</gpxtpx:hr>
          </gpxtpx:TrackPointExtension>
        </extensions>
      </trkpt>
      <trkpt lat="31.92166130742221" lon="120.57993984284029">
        <ele>4.584704477339983</ele>
        <time>1970-01-01T00:31:09.500000Z</time>
        <extensions>
          <gpxtpx:TrackPointExtension>
            <gpxtpx:hr>171</gpxtpx:hr>
          </gpxtpx:TrackPointExtension>
        </extensions>
      </trkpt>
      <trkpt lat="31.921682481389922" lon="120.57995094981243">
        <ele>4.569175072945654</ele>
        <time>1970-01-01T00:31:10.500000Z</time>
        <extensions>
          <gpxtpx:TrackPointExtension>
            <gpxtpx:hr>171</gpxtpx:hr>
          </gpxtpx:TrackPointExtension>
        </extensions>
      </trkpt>
      <trkpt lat="31.92170336236646" lon="120.57996321596502">
        <ele>4.550924599170685</ele>
        <time>1970-01-01T00:31:11.500000Z</time>
        <extensions>
          <gpxtpx:TrackPointExtension>
            <gpxtpx:hr>171</gpxtpx:hr>
          </gpxtpx:TrackPointExtension>
        </extensions>
      </trkpt>
      <trkpt lat="31.921724000332038" lon="120.57997581794906">
        <ele>4.52903257124126</ele>
        <time>1970-01-01T00:31:12.500000Z</time>
        <extensions>
          <gpxtpx:TrackPointExtension>
            <gpxtpx:hr>171</gpxtpx:hr>
          </gpxtpx:TrackPointExtension>
        </extensions>
      </trkpt>
      <trkpt lat="31.921744889745064" lon="120.57998782834972">
        <ele>4.52065459638834</ele>
        <time>1970-01-01T00:31:13.500000Z</time>
        <extensions>
          <gpxtpx:TrackPointExtension>
            <gpxtpx:hr>171</gpxtpx:hr>
          </gpxtpx:TrackPointExtension>
        </extensions>
      </trkpt>
      <trkpt lat="31.921766428304853" lon="120.57999881406474">
        <ele>4.500373357906938</ele>
        <time>1970-01-01T00:31:14.500000Z</time>
        <extensions>
          <gpxtpx:TrackPointExtension>
            <gpxtpx:hr>171</gpxtpx:hr>
          </gpxtpx:TrackPointExtension>
        </extensions>
      </trkpt>
      <trkpt lat="31.921788181025246" lon="120.58000873770193">
        <ele>4.465764803811908</ele>
        <time>1970-01-01T00:31:15.500000Z</time>
        <extensions>
          <gpxtpx:TrackPointExtension>
            <gpxtpx:hr>172</gpxtpx:hr>
          </gpxtpx:TrackPointExtension>
        </extensions>
      </trkpt>
      <trkpt lat="31.921809766820356" lon="120.58001836193513">
        <ele>4.433688109740615</ele>
        <time>1970-01-01T00:31:16.500000Z</time>
        <extensions>
          <gpxtpx:TrackPointExtension>
            <gpxtpx:hr>172</gpxtpx:hr>
          </gpxtpx:TrackPointExtension>
        </extensions>
      </trkpt>
      <trkpt lat="31.92183133730345" lon="120.58002893085484">
        <ele>4.395282574929297</ele>
        <time>1970-01-01T00:31:17.500000Z</time>
        <extensions>
          <gpxtpx:TrackPointExtension>
            <gpxtpx:hr>172</gpxtpx:hr>
          </gpxtpx:TrackPointExtension>
        </extensions>
      </trkpt>
      <trkpt lat="31.921853079398414" lon="120.58004043163635">
        <ele>4.3462400594726205</ele>
        <time>1970-01-01T00:31:18.500000Z</time>
        <extensions>
          <gpxtpx:TrackPointExtension>
            <gpxtpx:hr>172</gpxtpx:hr>
          </gpxtpx:TrackPointExtension>
        </extensions>
      </trkpt>
      <trkpt lat="31.921875091202082" lon="120.58005110439642">
        <ele>4.303422132506967</ele>
        <time>1970-01-01T00:31:19.500000Z</time>
        <extensions>
          <gpxtpx:TrackPointExtension>
            <gpxtpx:hr>172</gpxtpx:hr>
          </gpxtpx:TrackPointExtension>
        </extensions>
      </trkpt>
      <trkpt lat="31.921897343155027" lon="120.5800608726394">
        <ele>4.274990658275783</ele>
        <time>1970-01-01T00:31:20.500000Z</time>
        <extensions>
          <gpxtpx:TrackPointExtension>
            <gpxtpx:hr>172</gpxtpx:hr>
          </gpxtpx:TrackPointExtension>
        </extensions>
      </trkpt>
      <trkpt lat="31.92191976116995" lon="120.58007063803542">
        <ele>4.2408049227669835</ele>
        <time>1970-01-01T00:31:21.500000Z</time>
        <extensions>
          <gpxtpx:TrackPointExtension>
            <gpxtpx:hr>172</gpxtpx:hr>
          </gpxtpx:TrackPointExtension>
        </extensions>
      </trkpt>
      <trkpt lat="31.921941448750996" lon="120.58008056323239">
        <ele>4.217471791431308</ele>
        <time>1970-01-01T00:31:22.500000Z</time>
        <extensions>
          <gpxtpx:TrackPointExtension>
            <gpxtpx:hr>172</gpxtpx:hr>
          </gpxtpx:TrackPointExtension>
        </extensions>
      </trkpt>
      <trkpt lat="31.921962210613334" lon="120.58009100185168">
        <ele>4.190811940468848</ele>
        <time>1970-01-01T00:31:23.500000Z</time>
        <extensions>
          <gpxtpx:TrackPointExtension>
            <gpxtpx:hr>172</gpxtpx:hr>
          </gpxtpx:TrackPointExtension>
        </extensions>
      </trkpt>
      <trkpt lat="31.9219827380989" lon="120.58010215534685">
        <ele>4.146174315363169</ele>
        <time>1970-01-01T00:31:24.500000Z</time>
        <extensions>
          <gpxtpx:TrackPointExtension>
            <gpxtpx:hr>172</gpxtpx:hr>
          </gpxtpx:TrackPointExtension>
        </extensions>
      </trkpt>
      <trkpt lat="31.92200329810031" lon="120.5801134917262">
        <ele>4.108377264812589</ele>
        <time>1970-01-01T00:31:25.500000Z</time>
        <extensions>
          <gpxtpx:TrackPointExtension>
            <gpxtpx:hr>172</gpxtpx:hr>
          </gpxtpx:TrackPointExtension>
        </extensions>
      </trkpt>
      <trkpt lat="31.922024117077218" lon="120.58012519230161">
        <ele>4.074085277505219</ele>
        <time>1970-01-01T00:31:26.500000Z</time>
        <extensions>
          <gpxtpx:TrackPointExtension>
            <gpxtpx:hr>172</gpxtpx:hr>
          </gpxtpx:TrackPointExtension>
        </extensions>
      </trkpt>
      <trkpt lat="31.92204561393752" lon="120.58013683071398">
        <ele>4.03146658744663</ele>
        <time>1970-01-01T00:31:27.500000Z</time>
        <extensions>
          <gpxtpx:TrackPointExtension>
            <gpxtpx:hr>172</gpxtpx:hr>
          </gpxtpx:TrackPointExtension>
        </extensions>
      </trkpt>
      <trkpt lat="31.92206758772943" lon="120.58014740471275">
        <ele>4.016878804191947</ele>
        <time>1970-01-01T00:31:28.500000Z</time>
        <extensions>
          <gpxtpx:TrackPointExtension>
            <gpxtpx:hr>172</gpxtpx:hr>
          </gpxtpx:TrackPointExtension>
        </extensions>
      </trkpt>
      <trkpt lat="31.922089468799705" lon="120.58015728212864">
        <ele>4.00182274915278</ele>
        <time>1970-01-01T00:31:29.500000Z</time>
        <extensions>
          <gpxtpx:TrackPointExtension>
            <gpxtpx:hr>172</gpxtpx:hr>
          </gpxtpx:TrackPointExtension>
        </extensions>
      </trkpt>
      <trkpt lat="31.92211116421017" lon="120.58016719267502">
        <ele>3.984179970808327</ele>
        <time>1970-01-01T00:31:30.500000Z</time>
        <extensions>
          <gpxtpx:TrackPointExtension>
            <gpxtpx:hr>172</gpxtpx:hr>
          </gpxtpx:TrackPointExtension>
        </extensions>
      </trkpt>
      <trkpt lat="31.922131947378052" lon="120.58017727337574">
        <ele>3.975253116339445</ele>
        <time>1970-01-01T00:31:31.500000Z</time>
        <extensions>
          <gpxtpx:TrackPointExtension>
            <gpxtpx:hr>172</gpxtpx:hr>
          </gpxtpx:TrackPointExtension>
        </extensions>
      </trkpt>
      <trkpt lat="31.922151875666835" lon="120.58018748801472">
        <ele>3.9814624516293406</ele>
        <time>1970-01-01T00:31:32.500000Z</time>
        <extensions>
          <gpxtpx:TrackPointExtension>
            <gpxtpx:hr>172</gpxtpx:hr>
          </gpxtpx:TrackPointExtension>
        </extensions>
      </trkpt>
      <trkpt lat="31.9221718540139" lon="120.5801981273208">
        <ele>3.9761585481464863</ele>
        <time>1970-01-01T00:31:33.500000Z</time>
        <extensions>
          <gpxtpx:TrackPointExtension>
            <gpxtpx:hr>172</gpxtpx:hr>
          </gpxtpx:TrackPointExtension>
        </extensions>
      </trkpt>
      <trkpt lat="31.922192186751808" lon="120.58020886643925">
        <ele>3.974238697439432</ele>
        <time>1970-01-01T00:31:34.500000Z</time>
        <extensions>
          <gpxtpx:TrackPointExtension>
            <gpxtpx:hr>172</gpxtpx:hr>
          </gpxtpx:TrackPointExtension>
        </extensions>
      </trkpt>
      <trkpt lat="31.92221293642458" lon="120.58021996137545">
        <ele>3.9804719695821404</ele>
        <time>1970-01-01T00:31:35.500000Z</time>
        <extensions>
          <gpxtpx:TrackPointExtension>
            <gpxtpx:hr>172</gpxtpx:hr>
          </gpxtpx:TrackPointExtension>
        </extensions>
      </trkpt>
      <trkpt lat="31.92223421651194" lon="120.58023136184119">
        <ele>3.9841488637030125</ele>
        <time>1970-01-01T00:31:36.500000Z</time>
        <extensions>
          <gpxtpx:TrackPointExtension>
            <gpxtpx:hr>173</gpxtpx:hr>
          </gpxtpx:TrackPointExtension>
        </extensions>
      </trkpt>
      <trkpt lat="31.922255929294433" lon="120.58024197795868">
        <ele>3.9854558873921633</ele>
        <time>1970-01-01T00:31:37.500000Z</time>
        <extensions>
          <gpxtpx:TrackPointExtension>
            <gpxtpx:hr>173</gpxtpx:hr>
          </gpxtpx:TrackPointExtension>
        </extensions>
      </trkpt>
      <trkpt lat="31.92227763082505" lon="120.58025256857373">
        <ele>4.006237348541617</ele>
        <time>1970-01-01T00:31:38.500000Z</time>
        <extensions>
          <gpxtpx:TrackPointExtension>
            <gpxtpx:hr>173</gpxtpx:hr>
          </gpxtpx:TrackPointExtension>
        </extensions>
      </trkpt>
      <trkpt lat="31.922299011987025" lon="120.58026391333776">
        <ele>4.018260605633259</ele>
        <time>1970-01-01T00:31:39.500000Z</time>
        <extensions>
          <gpxtpx:TrackPointExtension>
            <gpxtpx:hr>173</gpxtpx:hr>
          </gpxtpx:TrackPointExtension>
        </extensions>
      </trkpt>
      <trkpt lat="31.92231992875082" lon="120.58027496482417">
        <ele>4.036982888355851</ele>
        <time>1970-01-01T00:31:40.500000Z</time>
        <extensions>
          <gpxtpx:TrackPointExtension>
            <gpxtpx:hr>173</gpxtpx:hr>
          </gpxtpx:TrackPointExtension>
        </extensions>
      </trkpt>
      <trkpt lat="31.922340346524628" lon="120.58028529754618">
        <ele>4.051441730931401</ele>
        <time>1970-01-01T00:31:41.500000Z</time>
        <extensions>
          <gpxtpx:TrackPointExtension>
            <gpxtpx:hr>173</gpxtpx:hr>
          </gpxtpx:TrackPointExtension>
        </extensions>
      </trkpt>
      <trkpt lat="31.922360560447228" lon="120.58029627036234">
        <ele>4.055430698208511</ele>
        <time>1970-01-01T00:31:42.500000Z</time>
        <extensions>
          <gpxtpx:TrackPointExtension>
            <gpxtpx:hr>173</gpxtpx:hr>
          </gpxtpx:TrackPointExtension>
        </extensions>
      </trkpt>
      <trkpt lat="31.922381209510114" lon="120.58030756266044">
        <ele>4.076047473587096</ele>
        <time>1970-01-01T00:31:43.500000Z</time>
        <extensions>
          <gpxtpx:TrackPointExtension>
            <gpxtpx:hr>173</gpxtpx:hr>
          </gpxtpx:TrackPointExtension>
        </extensions>
      </trkpt>
      <trkpt lat="31.922402604801324" lon="120.58031752037954">
        <ele>4.098484678193927</ele>
        <time>1970-01-01T00:31:44.500000Z</time>
        <extensions>
          <gpxtpx:TrackPointExtension>
            <gpxtpx:hr>173</gpxtpx:hr>
          </gpxtpx:TrackPointExtension>
        </extensions>
      </trkpt>
      <trkpt lat="31.92242436055455" lon="120.58032702394621">
        <ele>4.11846780218184</ele>
        <time>1970-01-01T00:31:45.500000Z</time>
        <extensions>
          <gpxtpx:TrackPointExtension>
            <gpxtpx:hr>173</gpxtpx:hr>
          </gpxtpx:TrackPointExtension>
        </extensions>
      </trkpt>
      <trkpt lat="31.922445505598557" lon="120.58033793986606">
        <ele>4.147660889662802</ele>
        <time>1970-01-01T00:31:46.500000Z</time>
        <extensions>
          <gpxtpx:TrackPointExtension>
            <gpxtpx:hr>174</gpxtpx:hr>
          </gpxtpx:TrackPointExtension>
        </extensions>
      </trkpt>
      <trkpt lat="31.922465724765146" lon="120.58034917853942">
        <ele>4.164744170382619</ele>
        <time>1970-01-01T00:31:47.500000Z</time>
        <extensions>
          <gpxtpx:TrackPointExtension>
            <gpxtpx:hr>174</gpxtpx:hr>
          </gpxtpx:TrackPointExtension>
        </extensions>
      </trkpt>
      <trkpt lat="31.92248555031151" lon="120.58035954976249">
        <ele>4.188740716315806</ele>
        <time>1970-01-01T00:31:48.500000Z</time>
        <extensions>
          <gpxtpx:TrackPointExtension>
            <gpxtpx:hr>174</gpxtpx:hr>
          </gpxtpx:TrackPointExtension>
        </extensions>
      </trkpt>
      <trkpt lat="31.922505319906527" lon="120.58036932750738">
        <ele>4.220918785780668</ele>
        <time>1970-01-01T00:31:49.500000Z</time>
        <extensions>
          <gpxtpx:TrackPointExtension>
            <gpxtpx:hr>174</gpxtpx:hr>
          </gpxtpx:TrackPointExtension>
        </extensions>
      </trkpt>
      <trkpt lat="31.922525043364306" lon="120.58037885955962">
        <ele>4.238473881967366</ele>
        <time>1970-01-01T00:31:50.500000Z</time>
        <extensions>
          <gpxtpx:TrackPointExtension>
            <gpxtpx:hr>174</gpxtpx:hr>
          </gpxtpx:TrackPointExtension>
        </extensions>
      </trkpt>
      <trkpt lat="31.922545118998176" lon="120.58038886060241">
        <ele>4.245928978547454</ele>
        <time>1970-01-01T00:31:51.500000Z</time>
        <extensions>
          <gpxtpx:TrackPointExtension>
            <gpxtpx:hr>174</gpxtpx:hr>
          </gpxtpx:TrackPointExtension>
        </extensions>
      </trkpt>
      <trkpt lat="31.92256562143299" lon="120.58039964399471">
        <ele>4.255386646836996</ele>
        <time>1970-01-01T00:31:52.500000Z</time>
        <extensions>
          <gpxtpx:TrackPointExtension>
            <gpxtpx:hr>174</gpxtpx:hr>
          </gpxtpx:TrackPointExtension>
        </extensions>
      </trkpt>
      <trkpt lat="31.922586247500405" lon="120.58041176778866">
        <ele>4.258402454666793</ele>
        <time>1970-01-01T00:31:53.500000Z</time>
        <extensions>
          <gpxtpx:TrackPointExtension>
            <gpxtpx:hr>173</gpxtpx:hr>
          </gpxtpx:TrackPointExtension>
        </extensions>
      </trkpt>
      <trkpt lat="31.922607157656717" lon="120.58042516258263">
        <ele>4.25949318613857</ele>
        <time>1970-01-01T00:31:54.500000Z</time>
        <extensions>
          <gpxtpx:TrackPointExtension>
            <gpxtpx:hr>173</gpxtpx:hr>
          </gpxtpx:TrackPointExtension>
        </extensions>
      </trkpt>
      <trkpt lat="31.92262890692784" lon="120.58043797918717">
        <ele>4.274479856714606</ele>
        <time>1970-01-01T00:31:55.500000Z</time>
        <extensions>
          <gpxtpx:TrackPointExtension>
            <gpxtpx:hr>173</gpxtpx:hr>
          </gpxtpx:TrackPointExtension>
        </extensions>
      </trkpt>
      <trkpt lat="31.922651111830355" lon="120.58044981859325">
        <ele>4.284600769169629</ele>
        <time>1970-01-01T00:31:56.500000Z</time>
        <extensions>
          <gpxtpx:TrackPointExtension>
            <gpxtpx:hr>173</gpxtpx:hr>
          </gpxtpx:TrackPointExtension>
        </extensions>
      </trkpt>
      <trkpt lat="31.922671984057214" lon="120.58046151688615">
        <ele>4.295570130459964</ele>
        <time>1970-01-01T00:31:57.500000Z</time>
        <extensions>
          <gpxtpx:TrackPointExtension>
            <gpxtpx:hr>173</gpxtpx:hr>
          </gpxtpx:TrackPointExtension>
        </extensions>
      </trkpt>
      <trkpt lat="31.92269168617345" lon="120.58047204671456">
        <ele>4.320415104739368</ele>
        <time>1970-01-01T00:31:58.500000Z</time>
        <extensions>
          <gpxtpx:TrackPointExtension>
            <gpxtpx:hr>173</gpxtpx:hr>
          </gpxtpx:TrackPointExtension>
        </extensions>
      </trkpt>
      <trkpt lat="31.92271142010184" lon="120.58048197308544">
        <ele>4.332763557322323</ele>
        <time>1970-01-01T00:31:59.500000Z</time>
        <extensions>
          <gpxtpx:TrackPointExtension>
            <gpxtpx:hr>173</gpxtpx:hr>
          </gpxtpx:TrackPointExtension>
        </extensions>
      </trkpt>
      <trkpt lat="31.92273111534682" lon="120.580492282346">
        <ele>4.355328002944589</ele>
        <time>1970-01-01T00:32:00.500000Z</time>
        <extensions>
          <gpxtpx:TrackPointExtension>
            <gpxtpx:hr>173</gpxtpx:hr>
          </gpxtpx:TrackPointExtension>
        </extensions>
      </trkpt>
      <trkpt lat="31.922750574041668" lon="120.5805024859191">
        <ele>4.394280420616269</ele>
        <time>1970-01-01T00:32:01.500000Z</time>
        <extensions>
          <gpxtpx:TrackPointExtension>
            <gpxtpx:hr>173</gpxtpx:hr>
          </gpxtpx:TrackPointExtension>
        </extensions>
      </trkpt>
      <trkpt lat="31.922769883182408" lon="120.58051341507984">
        <ele>4.430282678455114</ele>
        <time>1970-01-01T00:32:02.500000Z</time>
        <extensions>
          <gpxtpx:TrackPointExtension>
            <gpxtpx:hr>173</gpxtpx:hr>
          </gpxtpx:TrackPointExtension>
        </extensions>
      </trkpt>
      <trkpt lat="31.922789298062614" lon="120.58052527346322">
        <ele>4.465239004231989</ele>
        <time>1970-01-01T00:32:03.500000Z</time>
        <extensions>
          <gpxtpx:TrackPointExtension>
            <gpxtpx:hr>173</gpxtpx:hr>
          </gpxtpx:TrackPointExtension>
        </extensions>
      </trkpt>
      <trkpt lat="31.922809344143168" lon="120.58053649232846">
        <ele>4.5153561513870955</ele>
        <time>1970-01-01T00:32:04.500000Z</time>
        <extensions>
          <gpxtpx:TrackPointExtension>
            <gpxtpx:hr>173</gpxtpx:hr>
          </gpxtpx:TrackPointExtension>
        </extensions>
      </trkpt>
      <trkpt lat="31.922830127382216" lon="120.58054696314028">
        <ele>4.566063667647541</ele>
        <time>1970-01-01T00:32:05.500000Z</time>
        <extensions>
          <gpxtpx:TrackPointExtension>
            <gpxtpx:hr>173</gpxtpx:hr>
          </gpxtpx:TrackPointExtension>
        </extensions>
      </trkpt>
      <trkpt lat="31.922851056511057" lon="120.58055732304632">
        <ele>4.626340041868389</ele>
        <time>1970-01-01T00:32:06.500000Z</time>
        <extensions>
          <gpxtpx:TrackPointExtension>
            <gpxtpx:hr>173</gpxtpx:hr>
          </gpxtpx:TrackPointExtension>
        </extensions>
      </trkpt>
      <trkpt lat="31.92287177064697" lon="120.58056674705398">
        <ele>4.699510782957077</ele>
        <time>1970-01-01T00:32:07.500000Z</time>
        <extensions>
          <gpxtpx:TrackPointExtension>
            <gpxtpx:hr>173</gpxtpx:hr>
          </gpxtpx:TrackPointExtension>
        </extensions>
      </trkpt>
      <trkpt lat="31.922891988977923" lon="120.58057552532195">
        <ele>4.7626936584711075</ele>
        <time>1970-01-01T00:32:08.500000Z</time>
        <extensions>
          <gpxtpx:TrackPointExtension>
            <gpxtpx:hr>173</gpxtpx:hr>
          </gpxtpx:TrackPointExtension>
        </extensions>
      </trkpt>
      <trkpt lat="31.922911317066575" lon="120.58058461950203">
        <ele>4.808184226974845</ele>
        <time>1970-01-01T00:32:09.500000Z</time>
        <extensions>
          <gpxtpx:TrackPointExtension>
            <gpxtpx:hr>173</gpxtpx:hr>
          </gpxtpx:TrackPointExtension>
        </extensions>
      </trkpt>
      <trkpt lat="31.92293001506228" lon="120.58059341362394">
        <ele>4.8562599159777164</ele>
        <time>1970-01-01T00:32:10.500000Z</time>
        <extensions>
          <gpxtpx:TrackPointExtension>
            <gpxtpx:hr>173</gpxtpx:hr>
          </gpxtpx:TrackPointExtension>
        </extensions>
      </trkpt>
      <trkpt lat="31.922948434662437" lon="120.58060190753199">
        <ele>4.893933740444481</ele>
        <time>1970-01-01T00:32:11.500000Z</time>
        <extensions>
          <gpxtpx:TrackPointExtension>
            <gpxtpx:hr>173</gpxtpx:hr>
          </gpxtpx:TrackPointExtension>
        </extensions>
      </trkpt>
      <trkpt lat="31.92296703541845" lon="120.5806112104808">
        <ele>4.919639291241765</ele>
        <time>1970-01-01T00:32:12.500000Z</time>
        <extensions>
          <gpxtpx:TrackPointExtension>
            <gpxtpx:hr>173</gpxtpx:hr>
          </gpxtpx:TrackPointExtension>
        </extensions>
      </trkpt>
      <trkpt lat="31.92298617852959" lon="120.58062132899146">
        <ele>4.960804332047701</ele>
        <time>1970-01-01T00:32:13.500000Z</time>
        <extensions>
          <gpxtpx:TrackPointExtension>
            <gpxtpx:hr>173</gpxtpx:hr>
          </gpxtpx:TrackPointExtension>
        </extensions>
      </trkpt>
      <trkpt lat="31.92300572956583" lon="120.5806321116683">
        <ele>5.007427672855556</ele>
        <time>1970-01-01T00:32:14.500000Z</time>
        <extensions>
          <gpxtpx:TrackPointExtension>
            <gpxtpx:hr>173</gpxtpx:hr>
          </gpxtpx:TrackPointExtension>
        </extensions>
      </trkpt>
      <trkpt lat="31.92302532883623" lon="120.58064256982676">
        <ele>5.033953655511141</ele>
        <time>1970-01-01T00:32:15.500000Z</time>
        <extensions>
          <gpxtpx:TrackPointExtension>
            <gpxtpx:hr>173</gpxtpx:hr>
          </gpxtpx:TrackPointExtension>
        </extensions>
      </trkpt>
      <trkpt lat="31.923044887339394" lon="120.58065167055055">
        <ele>5.069862866774201</ele>
        <time>1970-01-01T00:32:16.500000Z</time>
        <extensions>
          <gpxtpx:TrackPointExtension>
            <gpxtpx:hr>173</gpxtpx:hr>
          </gpxtpx:TrackPointExtension>
        </extensions>
      </trkpt>
      <trkpt lat="31.923064341467995" lon="120.58066036464014">
        <ele>5.0905638402327895</ele>
        <time>1970-01-01T00:32:17.500000Z</time>
        <extensions>
          <gpxtpx:TrackPointExtension>
            <gpxtpx:hr>173</gpxtpx:hr>
          </gpxtpx:TrackPointExtension>
        </extensions>
      </trkpt>
      <trkpt lat="31.923083129986846" lon="120.58066956766272">
        <ele>5.106550795957446</ele>
        <time>1970-01-01T00:32:18.500000Z</time>
        <extensions>
          <gpxtpx:TrackPointExtension>
            <gpxtpx:hr>173</gpxtpx:hr>
          </gpxtpx:TrackPointExtension>
        </extensions>
      </trkpt>
      <trkpt lat="31.923101603610437" lon="120.58067811364317">
        <ele>5.1112644374370575</ele>
        <time>1970-01-01T00:32:19.500000Z</time>
        <extensions>
          <gpxtpx:TrackPointExtension>
            <gpxtpx:hr>173</gpxtpx:hr>
          </gpxtpx:TrackPointExtension>
        </extensions>
      </trkpt>
      <trkpt lat="31.92312021575367" lon="120.580686653579">
        <ele>5.124346404336393</ele>
        <time>1970-01-01T00:32:20.500000Z</time>
        <extensions>
          <gpxtpx:TrackPointExtension>
            <gpxtpx:hr>173</gpxtpx:hr>
          </gpxtpx:TrackPointExtension>
        </extensions>
      </trkpt>
      <trkpt lat="31.923139037408145" lon="120.5806967729684">
        <ele>5.124362074770033</ele>
        <time>1970-01-01T00:32:21.500000Z</time>
        <extensions>
          <gpxtpx:TrackPointExtension>
            <gpxtpx:hr>173</gpxtpx:hr>
          </gpxtpx:TrackPointExtension>
        </extensions>
      </trkpt>
      <trkpt lat="31.923158817777978" lon="120.58070720985747">
        <ele>5.135185798630118</ele>
        <time>1970-01-01T00:32:22.500000Z</time>
        <extensions>
          <gpxtpx:TrackPointExtension>
            <gpxtpx:hr>173</gpxtpx:hr>
          </gpxtpx:TrackPointExtension>
        </extensions>
      </trkpt>
      <trkpt lat="31.923179471403937" lon="120.58071712157142">
        <ele>5.149606197141111</ele>
        <time>1970-01-01T00:32:23.500000Z</time>
        <extensions>
          <gpxtpx:TrackPointExtension>
            <gpxtpx:hr>173</gpxtpx:hr>
          </gpxtpx:TrackPointExtension>
        </extensions>
      </trkpt>
      <trkpt lat="31.92319982135869" lon="120.58072737508286">
        <ele>5.171635535545647</ele>
        <time>1970-01-01T00:32:24.500000Z</time>
        <extensions>
          <gpxtpx:TrackPointExtension>
            <gpxtpx:hr>173</gpxtpx:hr>
          </gpxtpx:TrackPointExtension>
        </extensions>
      </trkpt>
      <trkpt lat="31.923219683371382" lon="120.58073784115481">
        <ele>5.196622155606747</ele>
        <time>1970-01-01T00:32:25.500000Z</time>
        <extensions>
          <gpxtpx:TrackPointExtension>
            <gpxtpx:hr>173</gpxtpx:hr>
          </gpxtpx:TrackPointExtension>
        </extensions>
      </trkpt>
      <trkpt lat="31.923239396735568" lon="120.58074739807614">
        <ele>5.2263576574623585</ele>
        <time>1970-01-01T00:32:26.500000Z</time>
        <extensions>
          <gpxtpx:TrackPointExtension>
            <gpxtpx:hr>173</gpxtpx:hr>
          </gpxtpx:TrackPointExtension>
        </extensions>
      </trkpt>
      <trkpt lat="31.923258932239413" lon="120.58075590153284">
        <ele>5.26732980273664</ele>
        <time>1970-01-01T00:32:27.500000Z</time>
        <extensions>
          <gpxtpx:TrackPointExtension>
            <gpxtpx:hr>173</gpxtpx:hr>
          </gpxtpx:TrackPointExtension>
        </extensions>
      </trkpt>
      <trkpt lat="31.92327860835448" lon="120.58076368258753">
        <ele>5.315694075077772</ele>
        <time>1970-01-01T00:32:28.500000Z</time>
        <extensions>
          <gpxtpx:TrackPointExtension>
            <gpxtpx:hr>173</gpxtpx:hr>
          </gpxtpx:TrackPointExtension>
        </extensions>
      </trkpt>
      <trkpt lat="31.92329806070513" lon="120.58077234317838">
        <ele>5.363255988806486</ele>
        <time>1970-01-01T00:32:29.500000Z</time>
        <extensions>
          <gpxtpx:TrackPointExtension>
            <gpxtpx:hr>173</gpxtpx:hr>
          </gpxtpx:TrackPointExtension>
        </extensions>
      </trkpt>
      <trkpt lat="31.923317506281577" lon="120.5807821902583">
        <ele>5.410988787189126</ele>
        <time>1970-01-01T00:32:30.500000Z</time>
        <extensions>
          <gpxtpx:TrackPointExtension>
            <gpxtpx:hr>173</gpxtpx:hr>
          </gpxtpx:TrackPointExtension>
        </extensions>
      </trkpt>
      <trkpt lat="31.923336993756912" lon="120.58079307308522">
        <ele>5.460512054152787</ele>
        <time>1970-01-01T00:32:31.500000Z</time>
        <extensions>
          <gpxtpx:TrackPointExtension>
            <gpxtpx:hr>173</gpxtpx:hr>
          </gpxtpx:TrackPointExtension>
        </extensions>
      </trkpt>
      <trkpt lat="31.923356713524434" lon="120.58080395210123">
        <ele>5.5110889580100775</ele>
        <time>1970-01-01T00:32:32.500000Z</time>
        <extensions>
          <gpxtpx:TrackPointExtension>
            <gpxtpx:hr>173</gpxtpx:hr>
          </gpxtpx:TrackPointExtension>
        </extensions>
      </trkpt>
      <trkpt lat="31.92337649170771" lon="120.58081463624018">
        <ele>5.560587679035962</ele>
        <time>1970-01-01T00:32:33.500000Z</time>
        <extensions>
          <gpxtpx:TrackPointExtension>
            <gpxtpx:hr>173</gpxtpx:hr>
          </gpxtpx:TrackPointExtension>
        </extensions>
      </trkpt>
      <trkpt lat="31.923395750182095" lon="120.580825376">
        <ele>5.616694478318095</ele>
        <time>1970-01-01T00:32:34.500000Z</time>
        <extensions>
          <gpxtpx:TrackPointExtension>
            <gpxtpx:hr>173</gpxtpx:hr>
          </gpxtpx:TrackPointExtension>
        </extensions>
      </trkpt>
      <trkpt lat="31.92341448047763" lon="120.58083580726048">
        <ele>5.667599244043231</ele>
        <time>1970-01-01T00:32:35.500000Z</time>
        <extensions>
          <gpxtpx:TrackPointExtension>
            <gpxtpx:hr>173</gpxtpx:hr>
          </gpxtpx:TrackPointExtension>
        </extensions>
      </trkpt>
      <trkpt lat="31.923433266949797" lon="120.58084572882296">
        <ele>5.713585000485182</ele>
        <time>1970-01-01T00:32:36.500000Z</time>
        <extensions>
          <gpxtpx:TrackPointExtension>
            <gpxtpx:hr>173</gpxtpx:hr>
          </gpxtpx:TrackPointExtension>
        </extensions>
      </trkpt>
      <trkpt lat="31.923452015508307" lon="120.58085564120792">
        <ele>5.749249760992825</ele>
        <time>1970-01-01T00:32:37.500000Z</time>
        <extensions>
          <gpxtpx:TrackPointExtension>
            <gpxtpx:hr>173</gpxtpx:hr>
          </gpxtpx:TrackPointExtension>
        </extensions>
      </trkpt>
      <trkpt lat="31.92347077272555" lon="120.58086538448156">
        <ele>5.776034736074507</ele>
        <time>1970-01-01T00:32:38.500000Z</time>
        <extensions>
          <gpxtpx:TrackPointExtension>
            <gpxtpx:hr>173</gpxtpx:hr>
          </gpxtpx:TrackPointExtension>
        </extensions>
      </trkpt>
      <trkpt lat="31.92349018910687" lon="120.58087496348134">
        <ele>5.792337813414633</ele>
        <time>1970-01-01T00:32:39.500000Z</time>
        <extensions>
          <gpxtpx:TrackPointExtension>
            <gpxtpx:hr>173</gpxtpx:hr>
          </gpxtpx:TrackPointExtension>
        </extensions>
      </trkpt>
      <trkpt lat="31.92350977405375" lon="120.5808852411625">
        <ele>5.826596933417022</ele>
        <time>1970-01-01T00:32:40.500000Z</time>
        <extensions>
          <gpxtpx:TrackPointExtension>
            <gpxtpx:hr>173</gpxtpx:hr>
          </gpxtpx:TrackPointExtension>
        </extensions>
      </trkpt>
      <trkpt lat="31.923529349398713" lon="120.58089547668808">
        <ele>5.839103759266436</ele>
        <time>1970-01-01T00:32:41.500000Z</time>
        <extensions>
          <gpxtpx:TrackPointExtension>
            <gpxtpx:hr>174</gpxtpx:hr>
          </gpxtpx:TrackPointExtension>
        </extensions>
      </trkpt>
      <trkpt lat="31.923548917091654" lon="120.58090459523139">
        <ele>5.844812534749508</ele>
        <time>1970-01-01T00:32:42.500000Z</time>
        <extensions>
          <gpxtpx:TrackPointExtension>
            <gpxtpx:hr>174</gpxtpx:hr>
          </gpxtpx:TrackPointExtension>
        </extensions>
      </trkpt>
      <trkpt lat="31.923569058459023" lon="120.58091305959702">
        <ele>5.837434505112469</ele>
        <time>1970-01-01T00:32:43.500000Z</time>
        <extensions>
          <gpxtpx:TrackPointExtension>
            <gpxtpx:hr>174</gpxtpx:hr>
          </gpxtpx:TrackPointExtension>
        </extensions>
      </trkpt>
      <trkpt lat="31.923590222159376" lon="120.5809211346582">
        <ele>5.812047649174929</ele>
        <time>1970-01-01T00:32:44.500000Z</time>
        <extensions>
          <gpxtpx:TrackPointExtension>
            <gpxtpx:hr>174</gpxtpx:hr>
          </gpxtpx:TrackPointExtension>
        </extensions>
      </trkpt>
      <trkpt lat="31.923611538076425" lon="120.58092991028852">
        <ele>5.776393453590572</ele>
        <time>1970-01-01T00:32:45.500000Z</time>
        <extensions>
          <gpxtpx:TrackPointExtension>
            <gpxtpx:hr>174</gpxtpx:hr>
          </gpxtpx:TrackPointExtension>
        </extensions>
      </trkpt>
      <trkpt lat="31.923632787826033" lon="120.5809401935775">
        <ele>5.729386862367392</ele>
        <time>1970-01-01T00:32:46.500000Z</time>
        <extensions>
          <gpxtpx:TrackPointExtension>
            <gpxtpx:hr>174</gpxtpx:hr>
          </gpxtpx:TrackPointExtension>
        </extensions>
      </trkpt>
      <trkpt lat="31.92365424981222" lon="120.58095038306075">
        <ele>5.690946702845395</ele>
        <time>1970-01-01T00:32:47.500000Z</time>
        <extensions>
          <gpxtpx:TrackPointExtension>
            <gpxtpx:hr>174</gpxtpx:hr>
          </gpxtpx:TrackPointExtension>
        </extensions>
      </trkpt>
      <trkpt lat="31.923675463701347" lon="120.58096044637519">
        <ele>5.637969672679901</ele>
        <time>1970-01-01T00:32:48.500000Z</time>
        <extensions>
          <gpxtpx:TrackPointExtension>
            <gpxtpx:hr>174</gpxtpx:hr>
          </gpxtpx:TrackPointExtension>
        </extensions>
      </trkpt>
      <trkpt lat="31.923696356930677" lon="120.58097054832554">
        <ele>5.597727071493864</ele>
        <time>1970-01-01T00:32:49.500000Z</time>
        <extensions>
          <gpxtpx:TrackPointExtension>
            <gpxtpx:hr>174</gpxtpx:hr>
          </gpxtpx:TrackPointExtension>
        </extensions>
      </trkpt>
      <trkpt lat="31.923717039437175" lon="120.58098011908962">
        <ele>5.558190616779029</ele>
        <time>1970-01-01T00:32:50.500000Z</time>
        <extensions>
          <gpxtpx:TrackPointExtension>
            <gpxtpx:hr>174</gpxtpx:hr>
          </gpxtpx:TrackPointExtension>
        </extensions>
      </trkpt>
      <trkpt lat="31.9237376791081" lon="120.5809893259152">
        <ele>5.519892878830433</ele>
        <time>1970-01-01T00:32:51.500000Z</time>
        <extensions>
          <gpxtpx:TrackPointExtension>
            <gpxtpx:hr>174</gpxtpx:hr>
          </gpxtpx:TrackPointExtension>
        </extensions>
      </trkpt>
      <trkpt lat="31.923758462576107" lon="120.58099918178395">
        <ele>5.482642441987991</ele>
        <time>1970-01-01T00:32:52.500000Z</time>
        <extensions>
          <gpxtpx:TrackPointExtension>
            <gpxtpx:hr>174</gpxtpx:hr>
          </gpxtpx:TrackPointExtension>
        </extensions>
      </trkpt>
      <trkpt lat="31.923779159408443" lon="120.58100955501644">
        <ele>5.4456935888156295</ele>
        <time>1970-01-01T00:32:53.500000Z</time>
        <extensions>
          <gpxtpx:TrackPointExtension>
            <gpxtpx:hr>174</gpxtpx:hr>
          </gpxtpx:TrackPointExtension>
        </extensions>
      </trkpt>
      <trkpt lat="31.92379968491842" lon="120.5810201688022">
        <ele>5.422303245402873</ele>
        <time>1970-01-01T00:32:54.500000Z</time>
        <extensions>
          <gpxtpx:TrackPointExtension>
            <gpxtpx:hr>174</gpxtpx:hr>
          </gpxtpx:TrackPointExtension>
        </extensions>
      </trkpt>
      <trkpt lat="31.923819770107922" lon="120.58103113680384">
        <ele>5.390872565098107</ele>
        <time>1970-01-01T00:32:55.500000Z</time>
        <extensions>
          <gpxtpx:TrackPointExtension>
            <gpxtpx:hr>174</gpxtpx:hr>
          </gpxtpx:TrackPointExtension>
        </extensions>
      </trkpt>
      <trkpt lat="31.923839418782904" lon="120.58104216250051">
        <ele>5.3760704677551985</ele>
        <time>1970-01-01T00:32:56.500000Z</time>
        <extensions>
          <gpxtpx:TrackPointExtension>
            <gpxtpx:hr>175</gpxtpx:hr>
          </gpxtpx:TrackPointExtension>
        </extensions>
      </trkpt>
      <trkpt lat="31.923859089775256" lon="120.58105309334535">
        <ele>5.374555558897555</ele>
        <time>1970-01-01T00:32:57.500000Z</time>
        <extensions>
          <gpxtpx:TrackPointExtension>
            <gpxtpx:hr>175</gpxtpx:hr>
          </gpxtpx:TrackPointExtension>
        </extensions>
      </trkpt>
      <trkpt lat="31.92387900001984" lon="120.58106386703395">
        <ele>5.368049415759742</ele>
        <time>1970-01-01T00:32:58.500000Z</time>
        <extensions>
          <gpxtpx:TrackPointExtension>
            <gpxtpx:hr>175</gpxtpx:hr>
          </gpxtpx:TrackPointExtension>
        </extensions>
      </trkpt>
      <trkpt lat="31.923899173908595" lon="120.5810745429148">
        <ele>5.36208382807672</ele>
        <time>1970-01-01T00:32:59.500000Z</time>
        <extensions>
          <gpxtpx:TrackPointExtension>
            <gpxtpx:hr>175</gpxtpx:hr>
          </gpxtpx:TrackPointExtension>
        </extensions>
      </trkpt>
      <trkpt lat="31.923919361536978" lon="120.58108462243611">
        <ele>5.358162857592106</ele>
        <time>1970-01-01T00:33:00.500000Z</time>
        <extensions>
          <gpxtpx:TrackPointExtension>
            <gpxtpx:hr>174</gpxtpx:hr>
          </gpxtpx:TrackPointExtension>
        </extensions>
      </trkpt>
      <trkpt lat="31.92393927558268" lon="120.58109477697279">
        <ele>5.3456746228039265</ele>
        <time>1970-01-01T00:33:01.500000Z</time>
        <extensions>
          <gpxtpx:TrackPointExtension>
            <gpxtpx:hr>174</gpxtpx:hr>
          </gpxtpx:TrackPointExtension>
        </extensions>
      </trkpt>
      <trkpt lat="31.923958844619047" lon="120.58110544161178">
        <ele>5.334522900171578</ele>
        <time>1970-01-01T00:33:02.500000Z</time>
        <extensions>
          <gpxtpx:TrackPointExtension>
            <gpxtpx:hr>174</gpxtpx:hr>
          </gpxtpx:TrackPointExtension>
        </extensions>
      </trkpt>
      <trkpt lat="31.92397857767919" lon="120.58111526640579">
        <ele>5.33364487811923</ele>
        <time>1970-01-01T00:33:03.500000Z</time>
        <extensions>
          <gpxtpx:TrackPointExtension>
            <gpxtpx:hr>174</gpxtpx:hr>
          </gpxtpx:TrackPointExtension>
        </extensions>
      </trkpt>
      <trkpt lat="31.92399868752588" lon="120.5811235568112">
        <ele>5.346503430046141</ele>
        <time>1970-01-01T00:33:04.500000Z</time>
        <extensions>
          <gpxtpx:TrackPointExtension>
            <gpxtpx:hr>174</gpxtpx:hr>
          </gpxtpx:TrackPointExtension>
        </extensions>
      </trkpt>
      <trkpt lat="31.924018779228632" lon="120.58113168289081">
        <ele>5.347191640175879</ele>
        <time>1970-01-01T00:33:05.500000Z</time>
        <extensions>
          <gpxtpx:TrackPointExtension>
            <gpxtpx:hr>174</gpxtpx:hr>
          </gpxtpx:TrackPointExtension>
        </extensions>
      </trkpt>
      <trkpt lat="31.92403844182853" lon="120.58114088817214">
        <ele>5.342436693608761</ele>
        <time>1970-01-01T00:33:06.500000Z</time>
        <extensions>
          <gpxtpx:TrackPointExtension>
            <gpxtpx:hr>173</gpxtpx:hr>
          </gpxtpx:TrackPointExtension>
        </extensions>
      </trkpt>
      <trkpt lat="31.92405738502757" lon="120.58115060179539">
        <ele>5.336419672705233</ele>
        <time>1970-01-01T00:33:07.500000Z</time>
        <extensions>
          <gpxtpx:TrackPointExtension>
            <gpxtpx:hr>173</gpxtpx:hr>
          </gpxtpx:TrackPointExtension>
        </extensions>
      </trkpt>
      <trkpt lat="31.924076191068394" lon="120.58116047101477">
        <ele>5.330763624049723</ele>
        <time>1970-01-01T00:33:08.500000Z</time>
        <extensions>
          <gpxtpx:TrackPointExtension>
            <gpxtpx:hr>173</gpxtpx:hr>
          </gpxtpx:TrackPointExtension>
        </extensions>
      </trkpt>
      <trkpt lat="31.924095505356615" lon="120.58117075792121">
        <ele>5.31412002351135</ele>
        <time>1970-01-01T00:33:09.500000Z</time>
        <extensions>
          <gpxtpx:TrackPointExtension>
            <gpxtpx:hr>173</gpxtpx:hr>
          </gpxtpx:TrackPointExtension>
        </extensions>
      </trkpt>
      <trkpt lat="31.924115468232863" lon="120.58118143825688">
        <ele>5.299897498451173</ele>
        <time>1970-01-01T00:33:10.500000Z</time>
        <extensions>
          <gpxtpx:TrackPointExtension>
            <gpxtpx:hr>173</gpxtpx:hr>
          </gpxtpx:TrackPointExtension>
        </extensions>
      </trkpt>
      <trkpt lat="31.92413554928602" lon="120.58119283733579">
        <ele>5.287045975215733</ele>
        <time>1970-01-01T00:33:11.500000Z</time>
        <extensions>
          <gpxtpx:TrackPointExtension>
            <gpxtpx:hr>173</gpxtpx:hr>
          </gpxtpx:TrackPointExtension>
        </extensions>
      </trkpt>
      <trkpt lat="31.924155314102183" lon="120.58120393367082">
        <ele>5.247487616725266</ele>
        <time>1970-01-01T00:33:12.500000Z</time>
        <extensions>
          <gpxtpx:TrackPointExtension>
            <gpxtpx:hr>174</gpxtpx:hr>
          </gpxtpx:TrackPointExtension>
        </extensions>
      </trkpt>
      <trkpt lat="31.924174848403858" lon="120.58121444433012">
        <ele>5.232597642578185</ele>
        <time>1970-01-01T00:33:13.500000Z</time>
        <extensions>
          <gpxtpx:TrackPointExtension>
            <gpxtpx:hr>174</gpxtpx:hr>
          </gpxtpx:TrackPointExtension>
        </extensions>
      </trkpt>
      <trkpt lat="31.924194630753668" lon="120.58122444519931">
        <ele>5.2238504737615585</ele>
        <time>1970-01-01T00:33:14.500000Z</time>
        <extensions>
          <gpxtpx:TrackPointExtension>
            <gpxtpx:hr>174</gpxtpx:hr>
          </gpxtpx:TrackPointExtension>
        </extensions>
      </trkpt>
      <trkpt lat="31.924214857890444" lon="120.5812340498813">
        <ele>5.2084071189165115</ele>
        <time>1970-01-01T00:33:15.500000Z</time>
        <extensions>
          <gpxtpx:TrackPointExtension>
            <gpxtpx:hr>174</gpxtpx:hr>
          </gpxtpx:TrackPointExtension>
        </extensions>
      </trkpt>
      <trkpt lat="31.92423539907054" lon="120.58124459273292">
        <ele>5.199428276158869</ele>
        <time>1970-01-01T00:33:16.500000Z</time>
        <extensions>
          <gpxtpx:TrackPointExtension>
            <gpxtpx:hr>173</gpxtpx:hr>
          </gpxtpx:TrackPointExtension>
        </extensions>
      </trkpt>
      <trkpt lat="31.924256604835698" lon="120.58125617746113">
        <ele>5.177310943603516</ele>
        <time>1970-01-01T00:33:17.500000Z</time>
        <extensions>
          <gpxtpx:TrackPointExtension>
            <gpxtpx:hr>173</gpxtpx:hr>
          </gpxtpx:TrackPointExtension>
        </extensions>
      </trkpt>
      <trkpt lat="31.924278309182277" lon="120.58126795829534">
        <ele>5.166023519821465</ele>
        <time>1970-01-01T00:33:18.500000Z</time>
        <extensions>
          <gpxtpx:TrackPointExtension>
            <gpxtpx:hr>173</gpxtpx:hr>
          </gpxtpx:TrackPointExtension>
        </extensions>
      </trkpt>
      <trkpt lat="31.92429993742886" lon="120.58128012958132">
        <ele>5.162832459434867</ele>
        <time>1970-01-01T00:33:19.500000Z</time>
        <extensions>
          <gpxtpx:TrackPointExtension>
            <gpxtpx:hr>173</gpxtpx:hr>
          </gpxtpx:TrackPointExtension>
        </extensions>
      </trkpt>
      <trkpt lat="31.924321045972878" lon="120.58129243961139">
        <ele>5.167936465702951</ele>
        <time>1970-01-01T00:33:20.500000Z</time>
        <extensions>
          <gpxtpx:TrackPointExtension>
            <gpxtpx:hr>173</gpxtpx:hr>
          </gpxtpx:TrackPointExtension>
        </extensions>
      </trkpt>
      <trkpt lat="31.9243412209563" lon="120.58130418823228">
        <ele>5.196781945414841</ele>
        <time>1970-01-01T00:33:21.500000Z</time>
        <extensions>
          <gpxtpx:TrackPointExtension>
            <gpxtpx:hr>172</gpxtpx:hr>
          </gpxtpx:TrackPointExtension>
        </extensions>
      </trkpt>
      <trkpt lat="31.924360854052185" lon="120.58131557830494">
        <ele>5.2142907893285155</ele>
        <time>1970-01-01T00:33:22.500000Z</time>
        <extensions>
          <gpxtpx:TrackPointExtension>
            <gpxtpx:hr>172</gpxtpx:hr>
          </gpxtpx:TrackPointExtension>
        </extensions>
      </trkpt>
      <trkpt lat="31.924380044235154" lon="120.58132698164749">
        <ele>5.231687322258949</ele>
        <time>1970-01-01T00:33:23.500000Z</time>
        <extensions>
          <gpxtpx:TrackPointExtension>
            <gpxtpx:hr>172</gpxtpx:hr>
          </gpxtpx:TrackPointExtension>
        </extensions>
      </trkpt>
      <trkpt lat="31.924399114839293" lon="120.58133795008465">
        <ele>5.252707680687308</ele>
        <time>1970-01-01T00:33:24.500000Z</time>
        <extensions>
          <gpxtpx:TrackPointExtension>
            <gpxtpx:hr>172</gpxtpx:hr>
          </gpxtpx:TrackPointExtension>
        </extensions>
      </trkpt>
      <trkpt lat="31.92441888937085" lon="120.58134886185515">
        <ele>5.266823465004563</ele>
        <time>1970-01-01T00:33:25.500000Z</time>
        <extensions>
          <gpxtpx:TrackPointExtension>
            <gpxtpx:hr>172</gpxtpx:hr>
          </gpxtpx:TrackPointExtension>
        </extensions>
      </trkpt>
      <trkpt lat="31.92443926936739" lon="120.58136027936796">
        <ele>5.271896302700043</ele>
        <time>1970-01-01T00:33:26.500000Z</time>
        <extensions>
          <gpxtpx:TrackPointExtension>
            <gpxtpx:hr>172</gpxtpx:hr>
          </gpxtpx:TrackPointExtension>
        </extensions>
      </trkpt>
      <trkpt lat="31.92446023198992" lon="120.58137103045534">
        <ele>5.278706735931337</ele>
        <time>1970-01-01T00:33:27.500000Z</time>
        <extensions>
          <gpxtpx:TrackPointExtension>
            <gpxtpx:hr>172</gpxtpx:hr>
          </gpxtpx:TrackPointExtension>
        </extensions>
      </trkpt>
      <trkpt lat="31.9244813705966" lon="120.58138046120915">
        <ele>5.294015847146511</ele>
        <time>1970-01-01T00:33:28.500000Z</time>
        <extensions>
          <gpxtpx:TrackPointExtension>
            <gpxtpx:hr>172</gpxtpx:hr>
          </gpxtpx:TrackPointExtension>
        </extensions>
      </trkpt>
      <trkpt lat="31.924501918859207" lon="120.58138879363122">
        <ele>5.295100339688361</ele>
        <time>1970-01-01T00:33:29.500000Z</time>
        <extensions>
          <gpxtpx:TrackPointExtension>
            <gpxtpx:hr>172</gpxtpx:hr>
          </gpxtpx:TrackPointExtension>
        </extensions>
      </trkpt>
      <trkpt lat="31.92452177510477" lon="120.58139617364797">
        <ele>5.285946011543274</ele>
        <time>1970-01-01T00:33:30.500000Z</time>
        <extensions>
          <gpxtpx:TrackPointExtension>
            <gpxtpx:hr>172</gpxtpx:hr>
          </gpxtpx:TrackPointExtension>
        </extensions>
      </trkpt>
      <trkpt lat="31.92454132827153" lon="120.58140361807966">
        <ele>5.260169678367674</ele>
        <time>1970-01-01T00:33:31.500000Z</time>
        <extensions>
          <gpxtpx:TrackPointExtension>
            <gpxtpx:hr>172</gpxtpx:hr>
          </gpxtpx:TrackPointExtension>
        </extensions>
      </trkpt>
      <trkpt lat="31.92456141786187" lon="120.58141180183202">
        <ele>5.226029778830707</ele>
        <time>1970-01-01T00:33:32.500000Z</time>
        <extensions>
          <gpxtpx:TrackPointExtension>
            <gpxtpx:hr>172</gpxtpx:hr>
          </gpxtpx:TrackPointExtension>
        </extensions>
      </trkpt>
      <trkpt lat="31.92458187078852" lon="120.58142109432832">
        <ele>5.17711660079658</ele>
        <time>1970-01-01T00:33:33.500000Z</time>
        <extensions>
          <gpxtpx:TrackPointExtension>
            <gpxtpx:hr>172</gpxtpx:hr>
          </gpxtpx:TrackPointExtension>
        </extensions>
      </trkpt>
      <trkpt lat="31.92460207332212" lon="120.58143058899363">
        <ele>5.121626535430551</ele>
        <time>1970-01-01T00:33:34.500000Z</time>
        <extensions>
          <gpxtpx:TrackPointExtension>
            <gpxtpx:hr>172</gpxtpx:hr>
          </gpxtpx:TrackPointExtension>
        </extensions>
      </trkpt>
      <trkpt lat="31.92462166947897" lon="120.581439663558">
        <ele>5.066380844451487</ele>
        <time>1970-01-01T00:33:35.500000Z</time>
        <extensions>
          <gpxtpx:TrackPointExtension>
            <gpxtpx:hr>172</gpxtpx:hr>
          </gpxtpx:TrackPointExtension>
        </extensions>
      </trkpt>
      <trkpt lat="31.924640468108972" lon="120.58144866948332">
        <ele>5.007289004512131</ele>
        <time>1970-01-01T00:33:36.500000Z</time>
        <extensions>
          <gpxtpx:TrackPointExtension>
            <gpxtpx:hr>172</gpxtpx:hr>
          </gpxtpx:TrackPointExtension>
        </extensions>
      </trkpt>
      <trkpt lat="31.924658916051783" lon="120.58145763565089">
        <ele>4.9485489297658205</ele>
        <time>1970-01-01T00:33:37.500000Z</time>
        <extensions>
          <gpxtpx:TrackPointExtension>
            <gpxtpx:hr>172</gpxtpx:hr>
          </gpxtpx:TrackPointExtension>
        </extensions>
      </trkpt>
      <trkpt lat="31.924677412515972" lon="120.58146677133219">
        <ele>4.889208036474884</ele>
        <time>1970-01-01T00:33:38.500000Z</time>
        <extensions>
          <gpxtpx:TrackPointExtension>
            <gpxtpx:hr>172</gpxtpx:hr>
          </gpxtpx:TrackPointExtension>
        </extensions>
      </trkpt>
      <trkpt lat="31.924696273067863" lon="120.58147619519724">
        <ele>4.834932119585574</ele>
        <time>1970-01-01T00:33:39.500000Z</time>
        <extensions>
          <gpxtpx:TrackPointExtension>
            <gpxtpx:hr>172</gpxtpx:hr>
          </gpxtpx:TrackPointExtension>
        </extensions>
      </trkpt>
      <trkpt lat="31.92471585637261" lon="120.58148592846466">
        <ele>4.797930725850165</ele>
        <time>1970-01-01T00:33:40.500000Z</time>
        <extensions>
          <gpxtpx:TrackPointExtension>
            <gpxtpx:hr>172</gpxtpx:hr>
          </gpxtpx:TrackPointExtension>
        </extensions>
      </trkpt>
      <trkpt lat="31.924736099460223" lon="120.58149589728563">
        <ele>4.76253851223737</ele>
        <time>1970-01-01T00:33:41.500000Z</time>
        <extensions>
          <gpxtpx:TrackPointExtension>
            <gpxtpx:hr>172</gpxtpx:hr>
          </gpxtpx:TrackPointExtension>
        </extensions>
      </trkpt>
      <trkpt lat="31.924756438597605" lon="120.5815066621803">
        <ele>4.726049166172743</ele>
        <time>1970-01-01T00:33:42.500000Z</time>
        <extensions>
          <gpxtpx:TrackPointExtension>
            <gpxtpx:hr>172</gpxtpx:hr>
          </gpxtpx:TrackPointExtension>
        </extensions>
      </trkpt>
      <trkpt lat="31.92477662350717" lon="120.58151737537521">
        <ele>4.706441378220916</ele>
        <time>1970-01-01T00:33:43.500000Z</time>
        <extensions>
          <gpxtpx:TrackPointExtension>
            <gpxtpx:hr>172</gpxtpx:hr>
          </gpxtpx:TrackPointExtension>
        </extensions>
      </trkpt>
      <trkpt lat="31.924796799990023" lon="120.58152673195508">
        <ele>4.696935808286071</ele>
        <time>1970-01-01T00:33:44.500000Z</time>
        <extensions>
          <gpxtpx:TrackPointExtension>
            <gpxtpx:hr>172</gpxtpx:hr>
          </gpxtpx:TrackPointExtension>
        </extensions>
      </trkpt>
      <trkpt lat="31.924817115941835" lon="120.58153579754868">
        <ele>4.699333122931421</ele>
        <time>1970-01-01T00:33:45.500000Z</time>
        <extensions>
          <gpxtpx:TrackPointExtension>
            <gpxtpx:hr>172</gpxtpx:hr>
          </gpxtpx:TrackPointExtension>
        </extensions>
      </trkpt>
      <trkpt lat="31.924837080850686" lon="120.58154617436718">
        <ele>4.6875085746869445</ele>
        <time>1970-01-01T00:33:46.500000Z</time>
        <extensions>
          <gpxtpx:TrackPointExtension>
            <gpxtpx:hr>172</gpxtpx:hr>
          </gpxtpx:TrackPointExtension>
        </extensions>
      </trkpt>
      <trkpt lat="31.92485672354673" lon="120.58155738157807">
        <ele>4.673507811501622</ele>
        <time>1970-01-01T00:33:47.500000Z</time>
        <extensions>
          <gpxtpx:TrackPointExtension>
            <gpxtpx:hr>172</gpxtpx:hr>
          </gpxtpx:TrackPointExtension>
        </extensions>
      </trkpt>
      <trkpt lat="31.92487667089382" lon="120.58156882183184">
        <ele>4.67486553452909</ele>
        <time>1970-01-01T00:33:48.500000Z</time>
        <extensions>
          <gpxtpx:TrackPointExtension>
            <gpxtpx:hr>172</gpxtpx:hr>
          </gpxtpx:TrackPointExtension>
        </extensions>
      </trkpt>
      <trkpt lat="31.924897294262106" lon="120.58157993846773">
        <ele>4.6871801894158125</ele>
        <time>1970-01-01T00:33:49.500000Z</time>
        <extensions>
          <gpxtpx:TrackPointExtension>
            <gpxtpx:hr>172</gpxtpx:hr>
          </gpxtpx:TrackPointExtension>
        </extensions>
      </trkpt>
      <trkpt lat="31.924918362173614" lon="120.581590286228">
        <ele>4.6975760301575065</ele>
        <time>1970-01-01T00:33:50.500000Z</time>
        <extensions>
          <gpxtpx:TrackPointExtension>
            <gpxtpx:hr>172</gpxtpx:hr>
          </gpxtpx:TrackPointExtension>
        </extensions>
      </trkpt>
      <trkpt lat="31.924939713887273" lon="120.58160017729415">
        <ele>4.706685126759112</ele>
        <time>1970-01-01T00:33:51.500000Z</time>
        <extensions>
          <gpxtpx:TrackPointExtension>
            <gpxtpx:hr>172</gpxtpx:hr>
          </gpxtpx:TrackPointExtension>
        </extensions>
      </trkpt>
      <trkpt lat="31.924961416567893" lon="120.58160979796901">
        <ele>4.715473364107311</ele>
        <time>1970-01-01T00:33:52.500000Z</time>
        <extensions>
          <gpxtpx:TrackPointExtension>
            <gpxtpx:hr>172</gpxtpx:hr>
          </gpxtpx:TrackPointExtension>
        </extensions>
      </trkpt>
      <trkpt lat="31.92498292096716" lon="120.58161966129255">
        <ele>4.721360569819808</ele>
        <time>1970-01-01T00:33:53.500000Z</time>
        <extensions>
          <gpxtpx:TrackPointExtension>
            <gpxtpx:hr>173</gpxtpx:hr>
          </gpxtpx:TrackPointExtension>
        </extensions>
      </trkpt>
      <trkpt lat="31.92500375032322" lon="120.58162958328674">
        <ele>4.7149729784578085</ele>
        <time>1970-01-01T00:33:54.500000Z</time>
        <extensions>
          <gpxtpx:TrackPointExtension>
            <gpxtpx:hr>173</gpxtpx:hr>
          </gpxtpx:TrackPointExtension>
        </extensions>
      </trkpt>
      <trkpt lat="31.925023646400465" lon="120.58164002359608">
        <ele>4.725085722282529</ele>
        <time>1970-01-01T00:33:55.500000Z</time>
        <extensions>
          <gpxtpx:TrackPointExtension>
            <gpxtpx:hr>173</gpxtpx:hr>
          </gpxtpx:TrackPointExtension>
        </extensions>
      </trkpt>
      <trkpt lat="31.92504348400804" lon="120.58165103419178">
        <ele>4.738192806951702</ele>
        <time>1970-01-01T00:33:56.500000Z</time>
        <extensions>
          <gpxtpx:TrackPointExtension>
            <gpxtpx:hr>173</gpxtpx:hr>
          </gpxtpx:TrackPointExtension>
        </extensions>
      </trkpt>
      <trkpt lat="31.92506378445873" lon="120.58166231513636">
        <ele>4.755377205088735</ele>
        <time>1970-01-01T00:33:57.500000Z</time>
        <extensions>
          <gpxtpx:TrackPointExtension>
            <gpxtpx:hr>173</gpxtpx:hr>
          </gpxtpx:TrackPointExtension>
        </extensions>
      </trkpt>
      <trkpt lat="31.925084657460438" lon="120.58167317415459">
        <ele>4.765655366703868</ele>
        <time>1970-01-01T00:33:58.500000Z</time>
        <extensions>
          <gpxtpx:TrackPointExtension>
            <gpxtpx:hr>173</gpxtpx:hr>
          </gpxtpx:TrackPointExtension>
        </extensions>
      </trkpt>
      <trkpt lat="31.925106127401023" lon="120.58168285015944">
        <ele>4.776375003159046</ele>
        <time>1970-01-01T00:33:59.500000Z</time>
        <extensions>
          <gpxtpx:TrackPointExtension>
            <gpxtpx:hr>173</gpxtpx:hr>
          </gpxtpx:TrackPointExtension>
        </extensions>
      </trkpt>
      <trkpt lat="31.925127294683126" lon="120.581692396058">
        <ele>4.793736260384321</ele>
        <time>1970-01-01T00:34:00.500000Z</time>
        <extensions>
          <gpxtpx:TrackPointExtension>
            <gpxtpx:hr>173</gpxtpx:hr>
          </gpxtpx:TrackPointExtension>
        </extensions>
      </trkpt>
      <trkpt lat="31.925147977868072" lon="120.58170223927247">
        <ele>4.817520311102271</ele>
        <time>1970-01-01T00:34:01.500000Z</time>
        <extensions>
          <gpxtpx:TrackPointExtension>
            <gpxtpx:hr>173</gpxtpx:hr>
          </gpxtpx:TrackPointExtension>
        </extensions>
      </trkpt>
      <trkpt lat="31.925168139365258" lon="120.5817128496961">
        <ele>4.832068843767047</ele>
        <time>1970-01-01T00:34:02.500000Z</time>
        <extensions>
          <gpxtpx:TrackPointExtension>
            <gpxtpx:hr>173</gpxtpx:hr>
          </gpxtpx:TrackPointExtension>
        </extensions>
      </trkpt>
      <trkpt lat="31.925188219842628" lon="120.58172386456862">
        <ele>4.840411608107388</ele>
        <time>1970-01-01T00:34:03.500000Z</time>
        <extensions>
          <gpxtpx:TrackPointExtension>
            <gpxtpx:hr>173</gpxtpx:hr>
          </gpxtpx:TrackPointExtension>
        </extensions>
      </trkpt>
      <trkpt lat="31.925208384804648" lon="120.58173468064169">
        <ele>4.857626210898161</ele>
        <time>1970-01-01T00:34:04.500000Z</time>
        <extensions>
          <gpxtpx:TrackPointExtension>
            <gpxtpx:hr>173</gpxtpx:hr>
          </gpxtpx:TrackPointExtension>
        </extensions>
      </trkpt>
      <trkpt lat="31.92522835417031" lon="120.58174503250484">
        <ele>4.858438500203192</ele>
        <time>1970-01-01T00:34:05.500000Z</time>
        <extensions>
          <gpxtpx:TrackPointExtension>
            <gpxtpx:hr>173</gpxtpx:hr>
          </gpxtpx:TrackPointExtension>
        </extensions>
      </trkpt>
      <trkpt lat="31.92524844666948" lon="120.58175456379993">
        <ele>4.876229558140039</ele>
        <time>1970-01-01T00:34:06.500000Z</time>
        <extensions>
          <gpxtpx:TrackPointExtension>
            <gpxtpx:hr>173</gpxtpx:hr>
          </gpxtpx:TrackPointExtension>
        </extensions>
      </trkpt>
      <trkpt lat="31.92526857286982" lon="120.58176398390364">
        <ele>4.897819258272648</ele>
        <time>1970-01-01T00:34:07.500000Z</time>
        <extensions>
          <gpxtpx:TrackPointExtension>
            <gpxtpx:hr>172</gpxtpx:hr>
          </gpxtpx:TrackPointExtension>
        </extensions>
      </trkpt>
      <trkpt lat="31.9252888457249" lon="120.58177324339947">
        <ele>4.901812991127372</ele>
        <time>1970-01-01T00:34:08.500000Z</time>
        <extensions>
          <gpxtpx:TrackPointExtension>
            <gpxtpx:hr>172</gpxtpx:hr>
          </gpxtpx:TrackPointExtension>
        </extensions>
      </trkpt>
      <trkpt lat="31.925308964347515" lon="120.58178245641925">
        <ele>4.9067756701260805</ele>
        <time>1970-01-01T00:34:09.500000Z</time>
        <extensions>
          <gpxtpx:TrackPointExtension>
            <gpxtpx:hr>172</gpxtpx:hr>
          </gpxtpx:TrackPointExtension>
        </extensions>
      </trkpt>
      <trkpt lat="31.92532873046105" lon="120.58179261230602">
        <ele>4.912421104498208</ele>
        <time>1970-01-01T00:34:10.500000Z</time>
        <extensions>
          <gpxtpx:TrackPointExtension>
            <gpxtpx:hr>172</gpxtpx:hr>
          </gpxtpx:TrackPointExtension>
        </extensions>
      </trkpt>
      <trkpt lat="31.92534908912983" lon="120.58180384065938">
        <ele>4.886273391544819</ele>
        <time>1970-01-01T00:34:11.500000Z</time>
        <extensions>
          <gpxtpx:TrackPointExtension>
            <gpxtpx:hr>172</gpxtpx:hr>
          </gpxtpx:TrackPointExtension>
        </extensions>
      </trkpt>
      <trkpt lat="31.925370136116438" lon="120.58181602456484">
        <ele>4.848340731114149</ele>
        <time>1970-01-01T00:34:12.500000Z</time>
        <extensions>
          <gpxtpx:TrackPointExtension>
            <gpxtpx:hr>172</gpxtpx:hr>
          </gpxtpx:TrackPointExtension>
        </extensions>
      </trkpt>
      <trkpt lat="31.925391614965005" lon="120.58182840205681">
        <ele>4.826299048960209</ele>
        <time>1970-01-01T00:34:13.500000Z</time>
        <extensions>
          <gpxtpx:TrackPointExtension>
            <gpxtpx:hr>172</gpxtpx:hr>
          </gpxtpx:TrackPointExtension>
        </extensions>
      </trkpt>
      <trkpt lat="31.92541355466132" lon="120.58183931660069">
        <ele>4.7954818001016974</ele>
        <time>1970-01-01T00:34:14.500000Z</time>
        <extensions>
          <gpxtpx:TrackPointExtension>
            <gpxtpx:hr>172</gpxtpx:hr>
          </gpxtpx:TrackPointExtension>
        </extensions>
      </trkpt>
      <trkpt lat="31.92543490135147" lon="120.58184936295491">
        <ele>4.768902045674622</ele>
        <time>1970-01-01T00:34:15.500000Z</time>
        <extensions>
          <gpxtpx:TrackPointExtension>
            <gpxtpx:hr>172</gpxtpx:hr>
          </gpxtpx:TrackPointExtension>
        </extensions>
      </trkpt>
      <trkpt lat="31.925455431973266" lon="120.5818598332488">
        <ele>4.742013378068805</ele>
        <time>1970-01-01T00:34:16.500000Z</time>
        <extensions>
          <gpxtpx:TrackPointExtension>
            <gpxtpx:hr>172</gpxtpx:hr>
          </gpxtpx:TrackPointExtension>
        </extensions>
      </trkpt>
      <trkpt lat="31.925476099483383" lon="120.58187010912665">
        <ele>4.739615488797426</ele>
        <time>1970-01-01T00:34:17.500000Z</time>
        <extensions>
          <gpxtpx:TrackPointExtension>
            <gpxtpx:hr>172</gpxtpx:hr>
          </gpxtpx:TrackPointExtension>
        </extensions>
      </trkpt>
      <trkpt lat="31.92549693817871" lon="120.58188068812412">
        <ele>4.743718882091343</ele>
        <time>1970-01-01T00:34:18.500000Z</time>
        <extensions>
          <gpxtpx:TrackPointExtension>
            <gpxtpx:hr>172</gpxtpx:hr>
          </gpxtpx:TrackPointExtension>
        </extensions>
      </trkpt>
      <trkpt lat="31.92551778591261" lon="120.58189266604622">
        <ele>4.7406863160431385</ele>
        <time>1970-01-01T00:34:19.500000Z</time>
        <extensions>
          <gpxtpx:TrackPointExtension>
            <gpxtpx:hr>172</gpxtpx:hr>
          </gpxtpx:TrackPointExtension>
        </extensions>
      </trkpt>
      <trkpt lat="31.925539479348508" lon="120.58190552244233">
        <ele>4.744039104320109</ele>
        <time>1970-01-01T00:34:20.500000Z</time>
        <extensions>
          <gpxtpx:TrackPointExtension>
            <gpxtpx:hr>173</gpxtpx:hr>
          </gpxtpx:TrackPointExtension>
        </extensions>
      </trkpt>
      <trkpt lat="31.92556202081844" lon="120.58191884158153">
        <ele>4.752460586838424</ele>
        <time>1970-01-01T00:34:21.500000Z</time>
        <extensions>
          <gpxtpx:TrackPointExtension>
            <gpxtpx:hr>173</gpxtpx:hr>
          </gpxtpx:TrackPointExtension>
        </extensions>
      </trkpt>
      <trkpt lat="31.92558422679961" lon="120.58193227412882">
        <ele>4.751961387693882</ele>
        <time>1970-01-01T00:34:22.500000Z</time>
        <extensions>
          <gpxtpx:TrackPointExtension>
            <gpxtpx:hr>173</gpxtpx:hr>
          </gpxtpx:TrackPointExtension>
        </extensions>
      </trkpt>
      <trkpt lat="31.925605638861686" lon="120.5819444428962">
        <ele>4.753816224634647</ele>
        <time>1970-01-01T00:34:23.500000Z</time>
        <extensions>
          <gpxtpx:TrackPointExtension>
            <gpxtpx:hr>173</gpxtpx:hr>
          </gpxtpx:TrackPointExtension>
        </extensions>
      </trkpt>
      <trkpt lat="31.925626782124716" lon="120.58195450652823">
        <ele>4.765377337113023</ele>
        <time>1970-01-01T00:34:24.500000Z</time>
        <extensions>
          <gpxtpx:TrackPointExtension>
            <gpxtpx:hr>173</gpxtpx:hr>
          </gpxtpx:TrackPointExtension>
        </extensions>
      </trkpt>
      <trkpt lat="31.9256475774716" lon="120.58196206262787">
        <ele>4.798082326538861</ele>
        <time>1970-01-01T00:34:25.500000Z</time>
        <extensions>
          <gpxtpx:TrackPointExtension>
            <gpxtpx:hr>173</gpxtpx:hr>
          </gpxtpx:TrackPointExtension>
        </extensions>
      </trkpt>
      <trkpt lat="31.92566794323808" lon="120.58196893556197">
        <ele>4.828507144935429</ele>
        <time>1970-01-01T00:34:26.500000Z</time>
        <extensions>
          <gpxtpx:TrackPointExtension>
            <gpxtpx:hr>173</gpxtpx:hr>
          </gpxtpx:TrackPointExtension>
        </extensions>
      </trkpt>
      <trkpt lat="31.92568825359213" lon="120.5819771126358">
        <ele>4.851161614060402</ele>
        <time>1970-01-01T00:34:27.500000Z</time>
        <extensions>
          <gpxtpx:TrackPointExtension>
            <gpxtpx:hr>174</gpxtpx:hr>
          </gpxtpx:TrackPointExtension>
        </extensions>
      </trkpt>
      <trkpt lat="31.925708619298838" lon="120.58198414717333">
        <ele>4.8791918102651834</ele>
        <time>1970-01-01T00:34:28.500000Z</time>
        <extensions>
          <gpxtpx:TrackPointExtension>
            <gpxtpx:hr>174</gpxtpx:hr>
          </gpxtpx:TrackPointExtension>
        </extensions>
      </trkpt>
      <trkpt lat="31.92572948031831" lon="120.5819904253502">
        <ele>4.884213298559189</ele>
        <time>1970-01-01T00:34:29.500000Z</time>
        <extensions>
          <gpxtpx:TrackPointExtension>
            <gpxtpx:hr>174</gpxtpx:hr>
          </gpxtpx:TrackPointExtension>
        </extensions>
      </trkpt>
      <trkpt lat="31.92575084659301" lon="120.58200049530964">
        <ele>4.862212058156729</ele>
        <time>1970-01-01T00:34:30.500000Z</time>
        <extensions>
          <gpxtpx:TrackPointExtension>
            <gpxtpx:hr>174</gpxtpx:hr>
          </gpxtpx:TrackPointExtension>
        </extensions>
      </trkpt>
      <trkpt lat="31.92577255133775" lon="120.58201489793186">
        <ele>4.8344392804428935</ele>
        <time>1970-01-01T00:34:31.500000Z</time>
        <extensions>
          <gpxtpx:TrackPointExtension>
            <gpxtpx:hr>174</gpxtpx:hr>
          </gpxtpx:TrackPointExtension>
        </extensions>
      </trkpt>
      <trkpt lat="31.925794777786994" lon="120.58203137182242">
        <ele>4.798023438081145</ele>
        <time>1970-01-01T00:34:32.500000Z</time>
        <extensions>
          <gpxtpx:TrackPointExtension>
            <gpxtpx:hr>174</gpxtpx:hr>
          </gpxtpx:TrackPointExtension>
        </extensions>
      </trkpt>
      <trkpt lat="31.92581715082538" lon="120.5820475390482">
        <ele>4.744261027313769</ele>
        <time>1970-01-01T00:34:33.500000Z</time>
        <extensions>
          <gpxtpx:TrackPointExtension>
            <gpxtpx:hr>174</gpxtpx:hr>
          </gpxtpx:TrackPointExtension>
        </extensions>
      </trkpt>
      <trkpt lat="31.925839400469744" lon="120.58206198907799">
        <ele>4.683935048058629</ele>
        <time>1970-01-01T00:34:34.500000Z</time>
        <extensions>
          <gpxtpx:TrackPointExtension>
            <gpxtpx:hr>174</gpxtpx:hr>
          </gpxtpx:TrackPointExtension>
        </extensions>
      </trkpt>
      <trkpt lat="31.92586132771219" lon="120.5820749618864">
        <ele>4.635042172856629</ele>
        <time>1970-01-01T00:34:35.500000Z</time>
        <extensions>
          <gpxtpx:TrackPointExtension>
            <gpxtpx:hr>174</gpxtpx:hr>
          </gpxtpx:TrackPointExtension>
        </extensions>
      </trkpt>
      <trkpt lat="31.925882375993087" lon="120.58208859450893">
        <ele>4.559635757468641</ele>
        <time>1970-01-01T00:34:36.500000Z</time>
        <extensions>
          <gpxtpx:TrackPointExtension>
            <gpxtpx:hr>174</gpxtpx:hr>
          </gpxtpx:TrackPointExtension>
        </extensions>
      </trkpt>
      <trkpt lat="31.92590191060977" lon="120.58210389694698">
        <ele>4.4789238115772605</ele>
        <time>1970-01-01T00:34:37.500000Z</time>
        <extensions>
          <gpxtpx:TrackPointExtension>
            <gpxtpx:hr>174</gpxtpx:hr>
          </gpxtpx:TrackPointExtension>
        </extensions>
      </trkpt>
      <trkpt lat="31.925919850203798" lon="120.5821216311106">
        <ele>4.401975573971868</ele>
        <time>1970-01-01T00:34:38.500000Z</time>
        <extensions>
          <gpxtpx:TrackPointExtension>
            <gpxtpx:hr>174</gpxtpx:hr>
          </gpxtpx:TrackPointExtension>
        </extensions>
      </trkpt>
      <trkpt lat="31.9259361262915" lon="120.58214256624515">
        <ele>4.319933697581291</ele>
        <time>1970-01-01T00:34:39.500000Z</time>
        <extensions>
          <gpxtpx:TrackPointExtension>
            <gpxtpx:hr>174</gpxtpx:hr>
          </gpxtpx:TrackPointExtension>
        </extensions>
      </trkpt>
      <trkpt lat="31.925950512111125" lon="120.58216603191835">
        <ele>4.235618690960109</ele>
        <time>1970-01-01T00:34:40.500000Z</time>
        <extensions>
          <gpxtpx:TrackPointExtension>
            <gpxtpx:hr>174</gpxtpx:hr>
          </gpxtpx:TrackPointExtension>
        </extensions>
      </trkpt>
      <trkpt lat="31.92596261659702" lon="120.58219141505232">
        <ele>4.16788505576551</ele>
        <time>1970-01-01T00:34:41.500000Z</time>
        <extensions>
          <gpxtpx:TrackPointExtension>
            <gpxtpx:hr>174</gpxtpx:hr>
          </gpxtpx:TrackPointExtension>
        </extensions>
      </trkpt>
      <trkpt lat="31.925971605770783" lon="120.58221855185022">
        <ele>4.1127579510211945</ele>
        <time>1970-01-01T00:34:42.500000Z</time>
        <extensions>
          <gpxtpx:TrackPointExtension>
            <gpxtpx:hr>174</gpxtpx:hr>
          </gpxtpx:TrackPointExtension>
        </extensions>
      </trkpt>
      <trkpt lat="31.92597583158194" lon="120.58224730274166">
        <ele>4.07479187194258</ele>
        <time>1970-01-01T00:34:43.500000Z</time>
        <extensions>
          <gpxtpx:TrackPointExtension>
            <gpxtpx:hr>174</gpxtpx:hr>
          </gpxtpx:TrackPointExtension>
        </extensions>
      </trkpt>
      <trkpt lat="31.925974700006293" lon="120.58227658231677">
        <ele>4.054764835163951</ele>
        <time>1970-01-01T00:34:44.500000Z</time>
        <extensions>
          <gpxtpx:TrackPointExtension>
            <gpxtpx:hr>174</gpxtpx:hr>
          </gpxtpx:TrackPointExtension>
        </extensions>
      </trkpt>
      <trkpt lat="31.925970258197637" lon="120.58230565176338">
        <ele>4.036928227171302</ele>
        <time>1970-01-01T00:34:45.500000Z</time>
        <extensions>
          <gpxtpx:TrackPointExtension>
            <gpxtpx:hr>174</gpxtpx:hr>
          </gpxtpx:TrackPointExtension>
        </extensions>
      </trkpt>
      <trkpt lat="31.925964912423805" lon="120.5823339090738">
        <ele>4.000083127990365</ele>
        <time>1970-01-01T00:34:46.500000Z</time>
        <extensions>
          <gpxtpx:TrackPointExtension>
            <gpxtpx:hr>174</gpxtpx:hr>
          </gpxtpx:TrackPointExtension>
        </extensions>
      </trkpt>
      <trkpt lat="31.925959987584676" lon="120.58236109639546">
        <ele>3.975959719158709</ele>
        <time>1970-01-01T00:34:47.500000Z</time>
        <extensions>
          <gpxtpx:TrackPointExtension>
            <gpxtpx:hr>174</gpxtpx:hr>
          </gpxtpx:TrackPointExtension>
        </extensions>
      </trkpt>
      <trkpt lat="31.925954965446646" lon="120.58238789514952">
        <ele>3.9595929393544793</ele>
        <time>1970-01-01T00:34:48.500000Z</time>
        <extensions>
          <gpxtpx:TrackPointExtension>
            <gpxtpx:hr>174</gpxtpx:hr>
          </gpxtpx:TrackPointExtension>
        </extensions>
      </trkpt>
      <trkpt lat="31.9259491198957" lon="120.58241414361497">
        <ele>3.938684979453683</ele>
        <time>1970-01-01T00:34:49.500000Z</time>
        <extensions>
          <gpxtpx:TrackPointExtension>
            <gpxtpx:hr>174</gpxtpx:hr>
          </gpxtpx:TrackPointExtension>
        </extensions>
      </trkpt>
      <trkpt lat="31.925942912937895" lon="120.58243939277291">
        <ele>3.970078661106527</ele>
        <time>1970-01-01T00:34:50.500000Z</time>
        <extensions>
          <gpxtpx:TrackPointExtension>
            <gpxtpx:hr>174</gpxtpx:hr>
          </gpxtpx:TrackPointExtension>
        </extensions>
      </trkpt>
      <trkpt lat="31.92593618313765" lon="120.58246398364379">
        <ele>4.02707336936146</ele>
        <time>1970-01-01T00:34:51.500000Z</time>
        <extensions>
          <gpxtpx:TrackPointExtension>
            <gpxtpx:hr>174</gpxtpx:hr>
          </gpxtpx:TrackPointExtension>
        </extensions>
      </trkpt>
      <trkpt lat="31.925928229480647" lon="120.58248791101975">
        <ele>4.100635902956128</ele>
        <time>1970-01-01T00:34:52.500000Z</time>
        <extensions>
          <gpxtpx:TrackPointExtension>
            <gpxtpx:hr>173</gpxtpx:hr>
          </gpxtpx:TrackPointExtension>
        </extensions>
      </trkpt>
      <trkpt lat="31.92592000613268" lon="120.58251202853718">
        <ele>4.176167389377952</ele>
        <time>1970-01-01T00:34:53.500000Z</time>
        <extensions>
          <gpxtpx:TrackPointExtension>
            <gpxtpx:hr>173</gpxtpx:hr>
          </gpxtpx:TrackPointExtension>
        </extensions>
      </trkpt>
      <trkpt lat="31.925911150687423" lon="120.58253664451911">
        <ele>4.255990938283503</ele>
        <time>1970-01-01T00:34:54.500000Z</time>
        <extensions>
          <gpxtpx:TrackPointExtension>
            <gpxtpx:hr>173</gpxtpx:hr>
          </gpxtpx:TrackPointExtension>
        </extensions>
      </trkpt>
      <trkpt lat="31.92590135266186" lon="120.58256106167988">
        <ele>4.313208367675543</ele>
        <time>1970-01-01T00:34:55.500000Z</time>
        <extensions>
          <gpxtpx:TrackPointExtension>
            <gpxtpx:hr>173</gpxtpx:hr>
          </gpxtpx:TrackPointExtension>
        </extensions>
      </trkpt>
      <trkpt lat="31.925892223855396" lon="120.58258545917919">
        <ele>4.370643457397819</ele>
        <time>1970-01-01T00:34:56.500000Z</time>
        <extensions>
          <gpxtpx:TrackPointExtension>
            <gpxtpx:hr>173</gpxtpx:hr>
          </gpxtpx:TrackPointExtension>
        </extensions>
      </trkpt>
      <trkpt lat="31.925883903924266" lon="120.58260943671787">
        <ele>4.4241834711283445</ele>
        <time>1970-01-01T00:34:57.500000Z</time>
        <extensions>
          <gpxtpx:TrackPointExtension>
            <gpxtpx:hr>173</gpxtpx:hr>
          </gpxtpx:TrackPointExtension>
        </extensions>
      </trkpt>
      <trkpt lat="31.92587496145402" lon="120.58263149171457">
        <ele>4.483117885887623</ele>
        <time>1970-01-01T00:34:58.500000Z</time>
        <extensions>
          <gpxtpx:TrackPointExtension>
            <gpxtpx:hr>173</gpxtpx:hr>
          </gpxtpx:TrackPointExtension>
        </extensions>
      </trkpt>
      <trkpt lat="31.925864706680304" lon="120.58265071289576">
        <ele>4.511045118793845</ele>
        <time>1970-01-01T00:34:59.500000Z</time>
        <extensions>
          <gpxtpx:TrackPointExtension>
            <gpxtpx:hr>173</gpxtpx:hr>
          </gpxtpx:TrackPointExtension>
        </extensions>
      </trkpt>
      <trkpt lat="31.925853579548505" lon="120.58266781509221">
        <ele>4.544953039847314</ele>
        <time>1970-01-01T00:35:00.500000Z</time>
        <extensions>
          <gpxtpx:TrackPointExtension>
            <gpxtpx:hr>173</gpxtpx:hr>
          </gpxtpx:TrackPointExtension>
        </extensions>
      </trkpt>
      <trkpt lat="31.9258419301689" lon="120.58268479856059">
        <ele>4.5678377924486995</ele>
        <time>1970-01-01T00:35:01.500000Z</time>
        <extensions>
          <gpxtpx:TrackPointExtension>
            <gpxtpx:hr>173</gpxtpx:hr>
          </gpxtpx:TrackPointExtension>
        </extensions>
      </trkpt>
      <trkpt lat="31.925830518899282" lon="120.58270304296072">
        <ele>4.584850889630616</ele>
        <time>1970-01-01T00:35:02.500000Z</time>
        <extensions>
          <gpxtpx:TrackPointExtension>
            <gpxtpx:hr>173</gpxtpx:hr>
          </gpxtpx:TrackPointExtension>
        </extensions>
      </trkpt>
      <trkpt lat="31.925820361185902" lon="120.58272272955854">
        <ele>4.5870228465646505</ele>
        <time>1970-01-01T00:35:03.500000Z</time>
        <extensions>
          <gpxtpx:TrackPointExtension>
            <gpxtpx:hr>173</gpxtpx:hr>
          </gpxtpx:TrackPointExtension>
        </extensions>
      </trkpt>
      <trkpt lat="31.925810843502763" lon="120.58274366902386">
        <ele>4.586737402714789</ele>
        <time>1970-01-01T00:35:04.500000Z</time>
        <extensions>
          <gpxtpx:TrackPointExtension>
            <gpxtpx:hr>173</gpxtpx:hr>
          </gpxtpx:TrackPointExtension>
        </extensions>
      </trkpt>
      <trkpt lat="31.92580129687899" lon="120.5827653416831">
        <ele>4.576783428899944</ele>
        <time>1970-01-01T00:35:05.500000Z</time>
        <extensions>
          <gpxtpx:TrackPointExtension>
            <gpxtpx:hr>173</gpxtpx:hr>
          </gpxtpx:TrackPointExtension>
        </extensions>
      </trkpt>
      <trkpt lat="31.925791803195125" lon="120.58278726597588">
        <ele>4.5764206144958735</ele>
        <time>1970-01-01T00:35:06.500000Z</time>
        <extensions>
          <gpxtpx:TrackPointExtension>
            <gpxtpx:hr>173</gpxtpx:hr>
          </gpxtpx:TrackPointExtension>
        </extensions>
      </trkpt>
      <trkpt lat="31.92578165927055" lon="120.58280932206814">
        <ele>4.570523367263377</ele>
        <time>1970-01-01T00:35:07.500000Z</time>
        <extensions>
          <gpxtpx:TrackPointExtension>
            <gpxtpx:hr>173</gpxtpx:hr>
          </gpxtpx:TrackPointExtension>
        </extensions>
      </trkpt>
      <trkpt lat="31.92577091272258" lon="120.5828318123156">
        <ele>4.547952719032764</ele>
        <time>1970-01-01T00:35:08.500000Z</time>
        <extensions>
          <gpxtpx:TrackPointExtension>
            <gpxtpx:hr>172</gpxtpx:hr>
          </gpxtpx:TrackPointExtension>
        </extensions>
      </trkpt>
      <trkpt lat="31.925760962334273" lon="120.58285522707523">
        <ele>4.503308073617518</ele>
        <time>1970-01-01T00:35:09.500000Z</time>
        <extensions>
          <gpxtpx:TrackPointExtension>
            <gpxtpx:hr>172</gpxtpx:hr>
          </gpxtpx:TrackPointExtension>
        </extensions>
      </trkpt>
      <trkpt lat="31.925752254733325" lon="120.58287942367558">
        <ele>4.459828852675855</ele>
        <time>1970-01-01T00:35:10.500000Z</time>
        <extensions>
          <gpxtpx:TrackPointExtension>
            <gpxtpx:hr>172</gpxtpx:hr>
          </gpxtpx:TrackPointExtension>
        </extensions>
      </trkpt>
      <trkpt lat="31.92574347213385" lon="120.58290358656683">
        <ele>4.423230644315481</ele>
        <time>1970-01-01T00:35:11.500000Z</time>
        <extensions>
          <gpxtpx:TrackPointExtension>
            <gpxtpx:hr>172</gpxtpx:hr>
          </gpxtpx:TrackPointExtension>
        </extensions>
      </trkpt>
      <trkpt lat="31.925734396848906" lon="120.58292657807046">
        <ele>4.384112446568906</ele>
        <time>1970-01-01T00:35:12.500000Z</time>
        <extensions>
          <gpxtpx:TrackPointExtension>
            <gpxtpx:hr>172</gpxtpx:hr>
          </gpxtpx:TrackPointExtension>
        </extensions>
      </trkpt>
      <trkpt lat="31.925725024792342" lon="120.58294765948038">
        <ele>4.342711189761758</ele>
        <time>1970-01-01T00:35:13.500000Z</time>
        <extensions>
          <gpxtpx:TrackPointExtension>
            <gpxtpx:hr>173</gpxtpx:hr>
          </gpxtpx:TrackPointExtension>
        </extensions>
      </trkpt>
      <trkpt lat="31.92571495286965" lon="120.5829678108174">
        <ele>4.293736878782511</ele>
        <time>1970-01-01T00:35:14.500000Z</time>
        <extensions>
          <gpxtpx:TrackPointExtension>
            <gpxtpx:hr>173</gpxtpx:hr>
          </gpxtpx:TrackPointExtension>
        </extensions>
      </trkpt>
      <trkpt lat="31.925704300418538" lon="120.58298822016486">
        <ele>4.249695088714361</ele>
        <time>1970-01-01T00:35:15.500000Z</time>
        <extensions>
          <gpxtpx:TrackPointExtension>
            <gpxtpx:hr>173</gpxtpx:hr>
          </gpxtpx:TrackPointExtension>
        </extensions>
      </trkpt>
      <trkpt lat="31.92569394255419" lon="120.58300970320592">
        <ele>4.195486035197973</ele>
        <time>1970-01-01T00:35:16.500000Z</time>
        <extensions>
          <gpxtpx:TrackPointExtension>
            <gpxtpx:hr>173</gpxtpx:hr>
          </gpxtpx:TrackPointExtension>
        </extensions>
      </trkpt>
      <trkpt lat="31.925684254976435" lon="120.58303262145887">
        <ele>4.1332003669813275</ele>
        <time>1970-01-01T00:35:17.500000Z</time>
        <extensions>
          <gpxtpx:TrackPointExtension>
            <gpxtpx:hr>173</gpxtpx:hr>
          </gpxtpx:TrackPointExtension>
        </extensions>
      </trkpt>
      <trkpt lat="31.925675096939063" lon="120.58305607533796">
        <ele>4.066650675609708</ele>
        <time>1970-01-01T00:35:18.500000Z</time>
        <extensions>
          <gpxtpx:TrackPointExtension>
            <gpxtpx:hr>174</gpxtpx:hr>
          </gpxtpx:TrackPointExtension>
        </extensions>
      </trkpt>
      <trkpt lat="31.925666001121673" lon="120.58307886589748">
        <ele>3.9931280482560396</ele>
        <time>1970-01-01T00:35:19.500000Z</time>
        <extensions>
          <gpxtpx:TrackPointExtension>
            <gpxtpx:hr>174</gpxtpx:hr>
          </gpxtpx:TrackPointExtension>
        </extensions>
      </trkpt>
      <trkpt lat="31.925656274281426" lon="120.58310130010793">
        <ele>3.9179652146995068</ele>
        <time>1970-01-01T00:35:20.500000Z</time>
        <extensions>
          <gpxtpx:TrackPointExtension>
            <gpxtpx:hr>174</gpxtpx:hr>
          </gpxtpx:TrackPointExtension>
        </extensions>
      </trkpt>
      <trkpt lat="31.92564586579248" lon="120.5831240581054">
        <ele>3.864127996377647</ele>
        <time>1970-01-01T00:35:21.500000Z</time>
        <extensions>
          <gpxtpx:TrackPointExtension>
            <gpxtpx:hr>174</gpxtpx:hr>
          </gpxtpx:TrackPointExtension>
        </extensions>
      </trkpt>
      <trkpt lat="31.925635197381485" lon="120.58314708512847">
        <ele>3.8196295211091638</ele>
        <time>1970-01-01T00:35:22.500000Z</time>
        <extensions>
          <gpxtpx:TrackPointExtension>
            <gpxtpx:hr>174</gpxtpx:hr>
          </gpxtpx:TrackPointExtension>
        </extensions>
      </trkpt>
      <trkpt lat="31.92562464479015" lon="120.5831702617756">
        <ele>3.78057630173862</ele>
        <time>1970-01-01T00:35:23.500000Z</time>
        <extensions>
          <gpxtpx:TrackPointExtension>
            <gpxtpx:hr>174</gpxtpx:hr>
          </gpxtpx:TrackPointExtension>
        </extensions>
      </trkpt>
      <trkpt lat="31.925613927784557" lon="120.58319356257248">
        <ele>3.7372680325061083</ele>
        <time>1970-01-01T00:35:24.500000Z</time>
        <extensions>
          <gpxtpx:TrackPointExtension>
            <gpxtpx:hr>174</gpxtpx:hr>
          </gpxtpx:TrackPointExtension>
        </extensions>
      </trkpt>
      <trkpt lat="31.92560254540811" lon="120.58321712978336">
        <ele>3.7018406074494123</ele>
        <time>1970-01-01T00:35:25.500000Z</time>
        <extensions>
          <gpxtpx:TrackPointExtension>
            <gpxtpx:hr>174</gpxtpx:hr>
          </gpxtpx:TrackPointExtension>
        </extensions>
      </trkpt>
      <trkpt lat="31.925590799466526" lon="120.5832407796669">
        <ele>3.678650596179068</ele>
        <time>1970-01-01T00:35:26.500000Z</time>
        <extensions>
          <gpxtpx:TrackPointExtension>
            <gpxtpx:hr>174</gpxtpx:hr>
          </gpxtpx:TrackPointExtension>
        </extensions>
      </trkpt>
      <trkpt lat="31.92558015531257" lon="120.58326432775495">
        <ele>3.6663363026455045</ele>
        <time>1970-01-01T00:35:27.500000Z</time>
        <extensions>
          <gpxtpx:TrackPointExtension>
            <gpxtpx:hr>174</gpxtpx:hr>
          </gpxtpx:TrackPointExtension>
        </extensions>
      </trkpt>
      <trkpt lat="31.925570059122396" lon="120.58328797969244">
        <ele>3.6520519964396954</ele>
        <time>1970-01-01T00:35:28.500000Z</time>
        <extensions>
          <gpxtpx:TrackPointExtension>
            <gpxtpx:hr>174</gpxtpx:hr>
          </gpxtpx:TrackPointExtension>
        </extensions>
      </trkpt>
      <trkpt lat="31.925559492235248" lon="120.58331162807531">
        <ele>3.6467162016779184</ele>
        <time>1970-01-01T00:35:29.500000Z</time>
        <extensions>
          <gpxtpx:TrackPointExtension>
            <gpxtpx:hr>174</gpxtpx:hr>
          </gpxtpx:TrackPointExtension>
        </extensions>
      </trkpt>
      <trkpt lat="31.925548740402746" lon="120.58333437292247">
        <ele>3.640780192799866</ele>
        <time>1970-01-01T00:35:30.500000Z</time>
        <extensions>
          <gpxtpx:TrackPointExtension>
            <gpxtpx:hr>174</gpxtpx:hr>
          </gpxtpx:TrackPointExtension>
        </extensions>
      </trkpt>
      <trkpt lat="31.925537638797206" lon="120.58335601387931">
        <ele>3.6368960347026587</ele>
        <time>1970-01-01T00:35:31.500000Z</time>
        <extensions>
          <gpxtpx:TrackPointExtension>
            <gpxtpx:hr>174</gpxtpx:hr>
          </gpxtpx:TrackPointExtension>
        </extensions>
      </trkpt>
      <trkpt lat="31.92552608548283" lon="120.58337737051565">
        <ele>3.647604779340327</ele>
        <time>1970-01-01T00:35:32.500000Z</time>
        <extensions>
          <gpxtpx:TrackPointExtension>
            <gpxtpx:hr>174</gpxtpx:hr>
          </gpxtpx:TrackPointExtension>
        </extensions>
      </trkpt>
      <trkpt lat="31.925515396355408" lon="120.58339938283066">
        <ele>3.653101450763643</ele>
        <time>1970-01-01T00:35:33.500000Z</time>
        <extensions>
          <gpxtpx:TrackPointExtension>
            <gpxtpx:hr>174</gpxtpx:hr>
          </gpxtpx:TrackPointExtension>
        </extensions>
      </trkpt>
      <trkpt lat="31.925505859284563" lon="120.58342240435226">
        <ele>3.6508540911599994</ele>
        <time>1970-01-01T00:35:34.500000Z</time>
        <extensions>
          <gpxtpx:TrackPointExtension>
            <gpxtpx:hr>174</gpxtpx:hr>
          </gpxtpx:TrackPointExtension>
        </extensions>
      </trkpt>
      <trkpt lat="31.925496380560542" lon="120.58344613775715">
        <ele>3.65691112075001</ele>
        <time>1970-01-01T00:35:35.500000Z</time>
        <extensions>
          <gpxtpx:TrackPointExtension>
            <gpxtpx:hr>174</gpxtpx:hr>
          </gpxtpx:TrackPointExtension>
        </extensions>
      </trkpt>
      <trkpt lat="31.92548564133088" lon="120.58346993092937">
        <ele>3.6671287957578897</ele>
        <time>1970-01-01T00:35:36.500000Z</time>
        <extensions>
          <gpxtpx:TrackPointExtension>
            <gpxtpx:hr>172</gpxtpx:hr>
          </gpxtpx:TrackPointExtension>
        </extensions>
      </trkpt>
      <trkpt lat="31.925473532711294" lon="120.58349341127997">
        <ele>3.686456455849111</ele>
        <time>1970-01-01T00:35:37.500000Z</time>
        <extensions>
          <gpxtpx:TrackPointExtension>
            <gpxtpx:hr>172</gpxtpx:hr>
          </gpxtpx:TrackPointExtension>
        </extensions>
      </trkpt>
      <trkpt lat="31.92546152672847" lon="120.58351661356295">
        <ele>3.7070007333531976</ele>
        <time>1970-01-01T00:35:38.500000Z</time>
        <extensions>
          <gpxtpx:TrackPointExtension>
            <gpxtpx:hr>172</gpxtpx:hr>
          </gpxtpx:TrackPointExtension>
        </extensions>
      </trkpt>
      <trkpt lat="31.925449991572876" lon="120.58353923123904">
        <ele>3.7142027569934726</ele>
        <time>1970-01-01T00:35:39.500000Z</time>
        <extensions>
          <gpxtpx:TrackPointExtension>
            <gpxtpx:hr>172</gpxtpx:hr>
          </gpxtpx:TrackPointExtension>
        </extensions>
      </trkpt>
      <trkpt lat="31.925439021200354" lon="120.58356106582626">
        <ele>3.7244018288329244</ele>
        <time>1970-01-01T00:35:40.500000Z</time>
        <extensions>
          <gpxtpx:TrackPointExtension>
            <gpxtpx:hr>172</gpxtpx:hr>
          </gpxtpx:TrackPointExtension>
        </extensions>
      </trkpt>
      <trkpt lat="31.925428818786433" lon="120.58358211408462">
        <ele>3.7448847023770213</ele>
        <time>1970-01-01T00:35:41.500000Z</time>
        <extensions>
          <gpxtpx:TrackPointExtension>
            <gpxtpx:hr>172</gpxtpx:hr>
          </gpxtpx:TrackPointExtension>
        </extensions>
      </trkpt>
      <trkpt lat="31.925418609331363" lon="120.58360295814695">
        <ele>3.762737770564854</ele>
        <time>1970-01-01T00:35:42.500000Z</time>
        <extensions>
          <gpxtpx:TrackPointExtension>
            <gpxtpx:hr>172</gpxtpx:hr>
          </gpxtpx:TrackPointExtension>
        </extensions>
      </trkpt>
      <trkpt lat="31.925407711873405" lon="120.58362464000506">
        <ele>3.7931809183210135</ele>
        <time>1970-01-01T00:35:43.500000Z</time>
        <extensions>
          <gpxtpx:TrackPointExtension>
            <gpxtpx:hr>171</gpxtpx:hr>
          </gpxtpx:TrackPointExtension>
        </extensions>
      </trkpt>
      <trkpt lat="31.925396450203372" lon="120.58364735445564">
        <ele>3.8233892638236284</ele>
        <time>1970-01-01T00:35:44.500000Z</time>
        <extensions>
          <gpxtpx:TrackPointExtension>
            <gpxtpx:hr>171</gpxtpx:hr>
          </gpxtpx:TrackPointExtension>
        </extensions>
      </trkpt>
      <trkpt lat="31.925385218074855" lon="120.58367106760562">
        <ele>3.8505733935162425</ele>
        <time>1970-01-01T00:35:45.500000Z</time>
        <extensions>
          <gpxtpx:TrackPointExtension>
            <gpxtpx:hr>171</gpxtpx:hr>
          </gpxtpx:TrackPointExtension>
        </extensions>
      </trkpt>
      <trkpt lat="31.92537382543789" lon="120.58369558934243">
        <ele>3.892340337857604</ele>
        <time>1970-01-01T00:35:46.500000Z</time>
        <extensions>
          <gpxtpx:TrackPointExtension>
            <gpxtpx:hr>171</gpxtpx:hr>
          </gpxtpx:TrackPointExtension>
        </extensions>
      </trkpt>
      <trkpt lat="31.9253619640282" lon="120.58372034229382">
        <ele>3.934816204942763</ele>
        <time>1970-01-01T00:35:47.500000Z</time>
        <extensions>
          <gpxtpx:TrackPointExtension>
            <gpxtpx:hr>171</gpxtpx:hr>
          </gpxtpx:TrackPointExtension>
        </extensions>
      </trkpt>
      <trkpt lat="31.92535037096751" lon="120.58374505896205">
        <ele>3.980025595985353</ele>
        <time>1970-01-01T00:35:48.500000Z</time>
        <extensions>
          <gpxtpx:TrackPointExtension>
            <gpxtpx:hr>171</gpxtpx:hr>
          </gpxtpx:TrackPointExtension>
        </extensions>
      </trkpt>
      <trkpt lat="31.92533945714284" lon="120.58376900041007">
        <ele>4.020325210876763</ele>
        <time>1970-01-01T00:35:49.500000Z</time>
        <extensions>
          <gpxtpx:TrackPointExtension>
            <gpxtpx:hr>171</gpxtpx:hr>
          </gpxtpx:TrackPointExtension>
        </extensions>
      </trkpt>
      <trkpt lat="31.925328614762822" lon="120.58379149512437">
        <ele>4.05869559571147</ele>
        <time>1970-01-01T00:35:50.500000Z</time>
        <extensions>
          <gpxtpx:TrackPointExtension>
            <gpxtpx:hr>170</gpxtpx:hr>
          </gpxtpx:TrackPointExtension>
        </extensions>
      </trkpt>
      <trkpt lat="31.925317034338054" lon="120.58381283709475">
        <ele>4.1108623975887895</ele>
        <time>1970-01-01T00:35:51.500000Z</time>
        <extensions>
          <gpxtpx:TrackPointExtension>
            <gpxtpx:hr>170</gpxtpx:hr>
          </gpxtpx:TrackPointExtension>
        </extensions>
      </trkpt>
      <trkpt lat="31.925304843031032" lon="120.58383372289688">
        <ele>4.178390106186271</ele>
        <time>1970-01-01T00:35:52.500000Z</time>
        <extensions>
          <gpxtpx:TrackPointExtension>
            <gpxtpx:hr>170</gpxtpx:hr>
          </gpxtpx:TrackPointExtension>
        </extensions>
      </trkpt>
      <trkpt lat="31.925292882037624" lon="120.58385504038831">
        <ele>4.238677619956434</ele>
        <time>1970-01-01T00:35:53.500000Z</time>
        <extensions>
          <gpxtpx:TrackPointExtension>
            <gpxtpx:hr>170</gpxtpx:hr>
          </gpxtpx:TrackPointExtension>
        </extensions>
      </trkpt>
      <trkpt lat="31.925281442965368" lon="120.58387735119395">
        <ele>4.313877358101308</ele>
        <time>1970-01-01T00:35:54.500000Z</time>
        <extensions>
          <gpxtpx:TrackPointExtension>
            <gpxtpx:hr>170</gpxtpx:hr>
          </gpxtpx:TrackPointExtension>
        </extensions>
      </trkpt>
      <trkpt lat="31.92527056710143" lon="120.58390044521256">
        <ele>4.383899679407477</ele>
        <time>1970-01-01T00:35:55.500000Z</time>
        <extensions>
          <gpxtpx:TrackPointExtension>
            <gpxtpx:hr>170</gpxtpx:hr>
          </gpxtpx:TrackPointExtension>
        </extensions>
      </trkpt>
      <trkpt lat="31.92526046548901" lon="120.58392399999383">
        <ele>4.444425309076905</ele>
        <time>1970-01-01T00:35:56.500000Z</time>
        <extensions>
          <gpxtpx:TrackPointExtension>
            <gpxtpx:hr>170</gpxtpx:hr>
          </gpxtpx:TrackPointExtension>
        </extensions>
      </trkpt>
      <trkpt lat="31.925251513588773" lon="120.58394765095065">
        <ele>4.4897899981588125</ele>
        <time>1970-01-01T00:35:57.500000Z</time>
        <extensions>
          <gpxtpx:TrackPointExtension>
            <gpxtpx:hr>170</gpxtpx:hr>
          </gpxtpx:TrackPointExtension>
        </extensions>
      </trkpt>
      <trkpt lat="31.925243382487913" lon="120.58397106752064">
        <ele>4.523548216558993</ele>
        <time>1970-01-01T00:35:58.500000Z</time>
        <extensions>
          <gpxtpx:TrackPointExtension>
            <gpxtpx:hr>170</gpxtpx:hr>
          </gpxtpx:TrackPointExtension>
        </extensions>
      </trkpt>
      <trkpt lat="31.92523499659502" lon="120.58399394991149">
        <ele>4.53400715906173</ele>
        <time>1970-01-01T00:35:59.500000Z</time>
        <extensions>
          <gpxtpx:TrackPointExtension>
            <gpxtpx:hr>170</gpxtpx:hr>
          </gpxtpx:TrackPointExtension>
        </extensions>
      </trkpt>
      <trkpt lat="31.92522552074406" lon="120.58401526016227">
        <ele>4.528504797257483</ele>
        <time>1970-01-01T00:36:00.500000Z</time>
        <extensions>
          <gpxtpx:TrackPointExtension>
            <gpxtpx:hr>170</gpxtpx:hr>
          </gpxtpx:TrackPointExtension>
        </extensions>
      </trkpt>
      <trkpt lat="31.925214856109832" lon="120.58403439139954">
        <ele>4.551197290420532</ele>
        <time>1970-01-01T00:36:01.500000Z</time>
        <extensions>
          <gpxtpx:TrackPointExtension>
            <gpxtpx:hr>171</gpxtpx:hr>
          </gpxtpx:TrackPointExtension>
        </extensions>
      </trkpt>
      <trkpt lat="31.92520329817182" lon="120.58405265732733">
        <ele>4.571238852106035</ele>
        <time>1970-01-01T00:36:02.500000Z</time>
        <extensions>
          <gpxtpx:TrackPointExtension>
            <gpxtpx:hr>171</gpxtpx:hr>
          </gpxtpx:TrackPointExtension>
        </extensions>
      </trkpt>
      <trkpt lat="31.925190895011383" lon="120.58407144712343">
        <ele>4.575883246026933</ele>
        <time>1970-01-01T00:36:03.500000Z</time>
        <extensions>
          <gpxtpx:TrackPointExtension>
            <gpxtpx:hr>171</gpxtpx:hr>
          </gpxtpx:TrackPointExtension>
        </extensions>
      </trkpt>
      <trkpt lat="31.92517815249719" lon="120.58409152862832">
        <ele>4.577348206192255</ele>
        <time>1970-01-01T00:36:04.500000Z</time>
        <extensions>
          <gpxtpx:TrackPointExtension>
            <gpxtpx:hr>171</gpxtpx:hr>
          </gpxtpx:TrackPointExtension>
        </extensions>
      </trkpt>
      <trkpt lat="31.925165324366866" lon="120.58411365928647">
        <ele>4.570253832265735</ele>
        <time>1970-01-01T00:36:05.500000Z</time>
        <extensions>
          <gpxtpx:TrackPointExtension>
            <gpxtpx:hr>171</gpxtpx:hr>
          </gpxtpx:TrackPointExtension>
        </extensions>
      </trkpt>
      <trkpt lat="31.925152816454133" lon="120.58413728747645">
        <ele>4.54911001957953</ele>
        <time>1970-01-01T00:36:06.500000Z</time>
        <extensions>
          <gpxtpx:TrackPointExtension>
            <gpxtpx:hr>171</gpxtpx:hr>
          </gpxtpx:TrackPointExtension>
        </extensions>
      </trkpt>
      <trkpt lat="31.925140689468773" lon="120.58416146926817">
        <ele>4.526155457831919</ele>
        <time>1970-01-01T00:36:07.500000Z</time>
        <extensions>
          <gpxtpx:TrackPointExtension>
            <gpxtpx:hr>171</gpxtpx:hr>
          </gpxtpx:TrackPointExtension>
        </extensions>
      </trkpt>
      <trkpt lat="31.925128682401187" lon="120.5841863743818">
        <ele>4.506621169857681</ele>
        <time>1970-01-01T00:36:08.500000Z</time>
        <extensions>
          <gpxtpx:TrackPointExtension>
            <gpxtpx:hr>171</gpxtpx:hr>
          </gpxtpx:TrackPointExtension>
        </extensions>
      </trkpt>
      <trkpt lat="31.925117321107532" lon="120.58421152168992">
        <ele>4.484112908132374</ele>
        <time>1970-01-01T00:36:09.500000Z</time>
        <extensions>
          <gpxtpx:TrackPointExtension>
            <gpxtpx:hr>171</gpxtpx:hr>
          </gpxtpx:TrackPointExtension>
        </extensions>
      </trkpt>
      <trkpt lat="31.92510669320705" lon="120.58423528566236">
        <ele>4.462357106618583</ele>
        <time>1970-01-01T00:36:10.500000Z</time>
        <extensions>
          <gpxtpx:TrackPointExtension>
            <gpxtpx:hr>173</gpxtpx:hr>
          </gpxtpx:TrackPointExtension>
        </extensions>
      </trkpt>
      <trkpt lat="31.925095657020222" lon="120.5842586512224">
        <ele>4.4566617188975215</ele>
        <time>1970-01-01T00:36:11.500000Z</time>
        <extensions>
          <gpxtpx:TrackPointExtension>
            <gpxtpx:hr>173</gpxtpx:hr>
          </gpxtpx:TrackPointExtension>
        </extensions>
      </trkpt>
      <trkpt lat="31.925083696470143" lon="120.58428318550826">
        <ele>4.456825338304043</ele>
        <time>1970-01-01T00:36:12.500000Z</time>
        <extensions>
          <gpxtpx:TrackPointExtension>
            <gpxtpx:hr>173</gpxtpx:hr>
          </gpxtpx:TrackPointExtension>
        </extensions>
      </trkpt>
      <trkpt lat="31.925072234050756" lon="120.5843084362781">
        <ele>4.447219653986394</ele>
        <time>1970-01-01T00:36:13.500000Z</time>
        <extensions>
          <gpxtpx:TrackPointExtension>
            <gpxtpx:hr>173</gpxtpx:hr>
          </gpxtpx:TrackPointExtension>
        </extensions>
      </trkpt>
      <trkpt lat="31.925061864289933" lon="120.58433376233515">
        <ele>4.428617308847606</ele>
        <time>1970-01-01T00:36:14.500000Z</time>
        <extensions>
          <gpxtpx:TrackPointExtension>
            <gpxtpx:hr>173</gpxtpx:hr>
          </gpxtpx:TrackPointExtension>
        </extensions>
      </trkpt>
      <trkpt lat="31.925051791358136" lon="120.58435885258172">
        <ele>4.4185108207166195</ele>
        <time>1970-01-01T00:36:15.500000Z</time>
        <extensions>
          <gpxtpx:TrackPointExtension>
            <gpxtpx:hr>173</gpxtpx:hr>
          </gpxtpx:TrackPointExtension>
        </extensions>
      </trkpt>
      <trkpt lat="31.925041028389938" lon="120.58438339078168">
        <ele>4.376902568154037</ele>
        <time>1970-01-01T00:36:16.500000Z</time>
        <extensions>
          <gpxtpx:TrackPointExtension>
            <gpxtpx:hr>173</gpxtpx:hr>
          </gpxtpx:TrackPointExtension>
        </extensions>
      </trkpt>
      <trkpt lat="31.925028786956396" lon="120.5844070023641">
        <ele>4.342147251591086</ele>
        <time>1970-01-01T00:36:17.500000Z</time>
        <extensions>
          <gpxtpx:TrackPointExtension>
            <gpxtpx:hr>175</gpxtpx:hr>
          </gpxtpx:TrackPointExtension>
        </extensions>
      </trkpt>
      <trkpt lat="31.925014696774777" lon="120.58443028947224">
        <ele>4.313705982640386</ele>
        <time>1970-01-01T00:36:18.500000Z</time>
        <extensions>
          <gpxtpx:TrackPointExtension>
            <gpxtpx:hr>175</gpxtpx:hr>
          </gpxtpx:TrackPointExtension>
        </extensions>
      </trkpt>
      <trkpt lat="31.924999713356048" lon="120.58445359735413">
        <ele>4.275234395638108</ele>
        <time>1970-01-01T00:36:19.500000Z</time>
        <extensions>
          <gpxtpx:TrackPointExtension>
            <gpxtpx:hr>175</gpxtpx:hr>
          </gpxtpx:TrackPointExtension>
        </extensions>
      </trkpt>
      <trkpt lat="31.924985240673486" lon="120.58447627036912">
        <ele>4.242311103269458</ele>
        <time>1970-01-01T00:36:20.500000Z</time>
        <extensions>
          <gpxtpx:TrackPointExtension>
            <gpxtpx:hr>175</gpxtpx:hr>
          </gpxtpx:TrackPointExtension>
        </extensions>
      </trkpt>
      <trkpt lat="31.924971213217617" lon="120.58449839933263">
        <ele>4.2061872119084</ele>
        <time>1970-01-01T00:36:21.500000Z</time>
        <extensions>
          <gpxtpx:TrackPointExtension>
            <gpxtpx:hr>175</gpxtpx:hr>
          </gpxtpx:TrackPointExtension>
        </extensions>
      </trkpt>
      <trkpt lat="31.924956651176405" lon="120.58451995507406">
        <ele>4.153429418802261</ele>
        <time>1970-01-01T00:36:22.500000Z</time>
        <extensions>
          <gpxtpx:TrackPointExtension>
            <gpxtpx:hr>175</gpxtpx:hr>
          </gpxtpx:TrackPointExtension>
        </extensions>
      </trkpt>
      <trkpt lat="31.924941739402783" lon="120.5845412719733">
        <ele>4.106701483950019</ele>
        <time>1970-01-01T00:36:23.500000Z</time>
        <extensions>
          <gpxtpx:TrackPointExtension>
            <gpxtpx:hr>175</gpxtpx:hr>
          </gpxtpx:TrackPointExtension>
        </extensions>
      </trkpt>
      <trkpt lat="31.92492679497781" lon="120.58456353448524">
        <ele>4.061704114079475</ele>
        <time>1970-01-01T00:36:24.500000Z</time>
        <extensions>
          <gpxtpx:TrackPointExtension>
            <gpxtpx:hr>175</gpxtpx:hr>
          </gpxtpx:TrackPointExtension>
        </extensions>
      </trkpt>
      <trkpt lat="31.92491196531057" lon="120.58458721516313">
        <ele>3.9968774868175387</ele>
        <time>1970-01-01T00:36:25.500000Z</time>
        <extensions>
          <gpxtpx:TrackPointExtension>
            <gpxtpx:hr>175</gpxtpx:hr>
          </gpxtpx:TrackPointExtension>
        </extensions>
      </trkpt>
      <trkpt lat="31.92489806114393" lon="120.584611745178">
        <ele>3.935616030357778</ele>
        <time>1970-01-01T00:36:26.500000Z</time>
        <extensions>
          <gpxtpx:TrackPointExtension>
            <gpxtpx:hr>175</gpxtpx:hr>
          </gpxtpx:TrackPointExtension>
        </extensions>
      </trkpt>
      <trkpt lat="31.924884971609043" lon="120.58463556974557">
        <ele>3.880743933841586</ele>
        <time>1970-01-01T00:36:27.500000Z</time>
        <extensions>
          <gpxtpx:TrackPointExtension>
            <gpxtpx:hr>175</gpxtpx:hr>
          </gpxtpx:TrackPointExtension>
        </extensions>
      </trkpt>
      <trkpt lat="31.924871968787457" lon="120.58465803375327">
        <ele>3.8249898673966527</ele>
        <time>1970-01-01T00:36:28.500000Z</time>
        <extensions>
          <gpxtpx:TrackPointExtension>
            <gpxtpx:hr>175</gpxtpx:hr>
          </gpxtpx:TrackPointExtension>
        </extensions>
      </trkpt>
      <trkpt lat="31.92485867339093" lon="120.58467990903524">
        <ele>3.787453289143741</ele>
        <time>1970-01-01T00:36:29.500000Z</time>
        <extensions>
          <gpxtpx:TrackPointExtension>
            <gpxtpx:hr>175</gpxtpx:hr>
          </gpxtpx:TrackPointExtension>
        </extensions>
      </trkpt>
      <trkpt lat="31.92484534711109" lon="120.58470203537256">
        <ele>3.7669530641287565</ele>
        <time>1970-01-01T00:36:30.500000Z</time>
        <extensions>
          <gpxtpx:TrackPointExtension>
            <gpxtpx:hr>175</gpxtpx:hr>
          </gpxtpx:TrackPointExtension>
        </extensions>
      </trkpt>
      <trkpt lat="31.924832172559732" lon="120.58472542184364">
        <ele>3.7449861858040094</ele>
        <time>1970-01-01T00:36:31.500000Z</time>
        <extensions>
          <gpxtpx:TrackPointExtension>
            <gpxtpx:hr>175</gpxtpx:hr>
          </gpxtpx:TrackPointExtension>
        </extensions>
      </trkpt>
      <trkpt lat="31.924819190066174" lon="120.58474979195509">
        <ele>3.7164745396003127</ele>
        <time>1970-01-01T00:36:32.500000Z</time>
        <extensions>
          <gpxtpx:TrackPointExtension>
            <gpxtpx:hr>175</gpxtpx:hr>
          </gpxtpx:TrackPointExtension>
        </extensions>
      </trkpt>
      <trkpt lat="31.9248068103245" lon="120.58477476326918">
        <ele>3.7045771246775985</ele>
        <time>1970-01-01T00:36:33.500000Z</time>
        <extensions>
          <gpxtpx:TrackPointExtension>
            <gpxtpx:hr>175</gpxtpx:hr>
          </gpxtpx:TrackPointExtension>
        </extensions>
      </trkpt>
      <trkpt lat="31.924795516674628" lon="120.58480074390317">
        <ele>3.6755087142810225</ele>
        <time>1970-01-01T00:36:34.500000Z</time>
        <extensions>
          <gpxtpx:TrackPointExtension>
            <gpxtpx:hr>175</gpxtpx:hr>
          </gpxtpx:TrackPointExtension>
        </extensions>
      </trkpt>
      <trkpt lat="31.924786005411484" lon="120.58482725545171">
        <ele>3.6530362721532583</ele>
        <time>1970-01-01T00:36:35.500000Z</time>
        <extensions>
          <gpxtpx:TrackPointExtension>
            <gpxtpx:hr>174</gpxtpx:hr>
          </gpxtpx:TrackPointExtension>
        </extensions>
      </trkpt>
      <trkpt lat="31.924777497488982" lon="120.58485315392512">
        <ele>3.628716911189258</ele>
        <time>1970-01-01T00:36:36.500000Z</time>
        <extensions>
          <gpxtpx:TrackPointExtension>
            <gpxtpx:hr>174</gpxtpx:hr>
          </gpxtpx:TrackPointExtension>
        </extensions>
      </trkpt>
      <trkpt lat="31.92476771626093" lon="120.58487791100728">
        <ele>3.6165642626583576</ele>
        <time>1970-01-01T00:36:37.500000Z</time>
        <extensions>
          <gpxtpx:TrackPointExtension>
            <gpxtpx:hr>174</gpxtpx:hr>
          </gpxtpx:TrackPointExtension>
        </extensions>
      </trkpt>
      <trkpt lat="31.924755656527484" lon="120.58490149710262">
        <ele>3.6003680480644107</ele>
        <time>1970-01-01T00:36:38.500000Z</time>
        <extensions>
          <gpxtpx:TrackPointExtension>
            <gpxtpx:hr>174</gpxtpx:hr>
          </gpxtpx:TrackPointExtension>
        </extensions>
      </trkpt>
      <trkpt lat="31.924742032590956" lon="120.58492425132857">
        <ele>3.583618768490851</ele>
        <time>1970-01-01T00:36:39.500000Z</time>
        <extensions>
          <gpxtpx:TrackPointExtension>
            <gpxtpx:hr>174</gpxtpx:hr>
          </gpxtpx:TrackPointExtension>
        </extensions>
      </trkpt>
      <trkpt lat="31.924727762283357" lon="120.5849475880634">
        <ele>3.582059350796044</ele>
        <time>1970-01-01T00:36:40.500000Z</time>
        <extensions>
          <gpxtpx:TrackPointExtension>
            <gpxtpx:hr>174</gpxtpx:hr>
          </gpxtpx:TrackPointExtension>
        </extensions>
      </trkpt>
      <trkpt lat="31.92471372077378" lon="120.58497185459436">
        <ele>3.5638317950069904</ele>
        <time>1970-01-01T00:36:41.500000Z</time>
        <extensions>
          <gpxtpx:TrackPointExtension>
            <gpxtpx:hr>174</gpxtpx:hr>
          </gpxtpx:TrackPointExtension>
        </extensions>
      </trkpt>
      <trkpt lat="31.924700756121826" lon="120.58499605401148">
        <ele>3.5557956798002124</ele>
        <time>1970-01-01T00:36:42.500000Z</time>
        <extensions>
          <gpxtpx:TrackPointExtension>
            <gpxtpx:hr>174</gpxtpx:hr>
          </gpxtpx:TrackPointExtension>
        </extensions>
      </trkpt>
      <trkpt lat="31.9246886566988" lon="120.58501955058621">
        <ele>3.554840595461428</ele>
        <time>1970-01-01T00:36:43.500000Z</time>
        <extensions>
          <gpxtpx:TrackPointExtension>
            <gpxtpx:hr>174</gpxtpx:hr>
          </gpxtpx:TrackPointExtension>
        </extensions>
      </trkpt>
      <trkpt lat="31.92467669681184" lon="120.5850424908454">
        <ele>3.5608117068186402</ele>
        <time>1970-01-01T00:36:44.500000Z</time>
        <extensions>
          <gpxtpx:TrackPointExtension>
            <gpxtpx:hr>174</gpxtpx:hr>
          </gpxtpx:TrackPointExtension>
        </extensions>
      </trkpt>
      <trkpt lat="31.924664175535288" lon="120.58506477525357">
        <ele>3.5647750794887543</ele>
        <time>1970-01-01T00:36:45.500000Z</time>
        <extensions>
          <gpxtpx:TrackPointExtension>
            <gpxtpx:hr>174</gpxtpx:hr>
          </gpxtpx:TrackPointExtension>
        </extensions>
      </trkpt>
      <trkpt lat="31.924651513655952" lon="120.58508723732297">
        <ele>3.567451709881425</ele>
        <time>1970-01-01T00:36:46.500000Z</time>
        <extensions>
          <gpxtpx:TrackPointExtension>
            <gpxtpx:hr>174</gpxtpx:hr>
          </gpxtpx:TrackPointExtension>
        </extensions>
      </trkpt>
      <trkpt lat="31.924638845763862" lon="120.58511089011044">
        <ele>3.5735066076740623</ele>
        <time>1970-01-01T00:36:47.500000Z</time>
        <extensions>
          <gpxtpx:TrackPointExtension>
            <gpxtpx:hr>175</gpxtpx:hr>
          </gpxtpx:TrackPointExtension>
        </extensions>
      </trkpt>
      <trkpt lat="31.92462565775891" lon="120.58513514890323">
        <ele>3.5852930890396237</ele>
        <time>1970-01-01T00:36:48.500000Z</time>
        <extensions>
          <gpxtpx:TrackPointExtension>
            <gpxtpx:hr>175</gpxtpx:hr>
          </gpxtpx:TrackPointExtension>
        </extensions>
      </trkpt>
      <trkpt lat="31.92461230555183" lon="120.58515845965618">
        <ele>3.607228168286383</ele>
        <time>1970-01-01T00:36:49.500000Z</time>
        <extensions>
          <gpxtpx:TrackPointExtension>
            <gpxtpx:hr>175</gpxtpx:hr>
          </gpxtpx:TrackPointExtension>
        </extensions>
      </trkpt>
      <trkpt lat="31.924598726805606" lon="120.58518028713935">
        <ele>3.63782746065408</ele>
        <time>1970-01-01T00:36:50.500000Z</time>
        <extensions>
          <gpxtpx:TrackPointExtension>
            <gpxtpx:hr>175</gpxtpx:hr>
          </gpxtpx:TrackPointExtension>
        </extensions>
      </trkpt>
      <trkpt lat="31.924584636213357" lon="120.58520045280619">
        <ele>3.6822490198537707</ele>
        <time>1970-01-01T00:36:51.500000Z</time>
        <extensions>
          <gpxtpx:TrackPointExtension>
            <gpxtpx:hr>175</gpxtpx:hr>
          </gpxtpx:TrackPointExtension>
        </extensions>
      </trkpt>
      <trkpt lat="31.92457079162809" lon="120.58521854618596">
        <ele>3.7326596919447184</ele>
        <time>1970-01-01T00:36:52.500000Z</time>
        <extensions>
          <gpxtpx:TrackPointExtension>
            <gpxtpx:hr>175</gpxtpx:hr>
          </gpxtpx:TrackPointExtension>
        </extensions>
      </trkpt>
      <trkpt lat="31.924558514976734" lon="120.58523463781106">
        <ele>3.7957980781793594</ele>
        <time>1970-01-01T00:36:53.500000Z</time>
        <extensions>
          <gpxtpx:TrackPointExtension>
            <gpxtpx:hr>175</gpxtpx:hr>
          </gpxtpx:TrackPointExtension>
        </extensions>
      </trkpt>
      <trkpt lat="31.92454859178716" lon="120.58524864820788">
        <ele>3.8730116533115506</ele>
        <time>1970-01-01T00:36:54.500000Z</time>
        <extensions>
          <gpxtpx:TrackPointExtension>
            <gpxtpx:hr>175</gpxtpx:hr>
          </gpxtpx:TrackPointExtension>
        </extensions>
      </trkpt>
      <trkpt lat="31.924540403617645" lon="120.58526086358762">
        <ele>3.9424667563289404</ele>
        <time>1970-01-01T00:36:55.500000Z</time>
        <extensions>
          <gpxtpx:TrackPointExtension>
            <gpxtpx:hr>175</gpxtpx:hr>
          </gpxtpx:TrackPointExtension>
        </extensions>
      </trkpt>
      <trkpt lat="31.92453296084231" lon="120.5852717431143">
        <ele>4.00883574783802</ele>
        <time>1970-01-01T00:36:56.500000Z</time>
        <extensions>
          <gpxtpx:TrackPointExtension>
            <gpxtpx:hr>175</gpxtpx:hr>
          </gpxtpx:TrackPointExtension>
        </extensions>
      </trkpt>
      <trkpt lat="31.924525451280722" lon="120.58528195532685">
        <ele>4.089459897950292</ele>
        <time>1970-01-01T00:36:57.500000Z</time>
        <extensions>
          <gpxtpx:TrackPointExtension>
            <gpxtpx:hr>175</gpxtpx:hr>
          </gpxtpx:TrackPointExtension>
        </extensions>
      </trkpt>
      <trkpt lat="31.924517244935355" lon="120.58529281141132">
        <ele>4.17162682954222</ele>
        <time>1970-01-01T00:36:58.500000Z</time>
        <extensions>
          <gpxtpx:TrackPointExtension>
            <gpxtpx:hr>175</gpxtpx:hr>
          </gpxtpx:TrackPointExtension>
        </extensions>
      </trkpt>
      <trkpt lat="31.924507965014918" lon="120.58530562470797">
        <ele>4.283028114587069</ele>
        <time>1970-01-01T00:36:59.500000Z</time>
        <extensions>
          <gpxtpx:TrackPointExtension>
            <gpxtpx:hr>175</gpxtpx:hr>
          </gpxtpx:TrackPointExtension>
        </extensions>
      </trkpt>
      <trkpt lat="31.924497225293678" lon="120.58532106768106">
        <ele>4.385834803804755</ele>
        <time>1970-01-01T00:37:00.500000Z</time>
        <extensions>
          <gpxtpx:TrackPointExtension>
            <gpxtpx:hr>174</gpxtpx:hr>
          </gpxtpx:TrackPointExtension>
        </extensions>
      </trkpt>
      <trkpt lat="31.924485484576344" lon="120.58533971981011">
        <ele>4.496368550695479</ele>
        <time>1970-01-01T00:37:01.500000Z</time>
        <extensions>
          <gpxtpx:TrackPointExtension>
            <gpxtpx:hr>174</gpxtpx:hr>
          </gpxtpx:TrackPointExtension>
        </extensions>
      </trkpt>
      <trkpt lat="31.924474736584376" lon="120.58536165842192">
        <ele>4.6003261879086494</ele>
        <time>1970-01-01T00:37:02.500000Z</time>
        <extensions>
          <gpxtpx:TrackPointExtension>
            <gpxtpx:hr>174</gpxtpx:hr>
          </gpxtpx:TrackPointExtension>
        </extensions>
      </trkpt>
      <trkpt lat="31.924466211951334" lon="120.58538601866127">
        <ele>4.707114943303168</ele>
        <time>1970-01-01T00:37:03.500000Z</time>
        <extensions>
          <gpxtpx:TrackPointExtension>
            <gpxtpx:hr>174</gpxtpx:hr>
          </gpxtpx:TrackPointExtension>
        </extensions>
      </trkpt>
      <trkpt lat="31.924459278200686" lon="120.58541180931248">
        <ele>4.8359496016055346</ele>
        <time>1970-01-01T00:37:04.500000Z</time>
        <extensions>
          <gpxtpx:TrackPointExtension>
            <gpxtpx:hr>174</gpxtpx:hr>
          </gpxtpx:TrackPointExtension>
        </extensions>
      </trkpt>
      <trkpt lat="31.92445304085418" lon="120.58543789006298">
        <ele>4.958335554227233</ele>
        <time>1970-01-01T00:37:05.500000Z</time>
        <extensions>
          <gpxtpx:TrackPointExtension>
            <gpxtpx:hr>172</gpxtpx:hr>
          </gpxtpx:TrackPointExtension>
        </extensions>
      </trkpt>
      <trkpt lat="31.92444731998558" lon="120.58546328405752">
        <ele>5.083896520547569</ele>
        <time>1970-01-01T00:37:06.500000Z</time>
        <extensions>
          <gpxtpx:TrackPointExtension>
            <gpxtpx:hr>172</gpxtpx:hr>
          </gpxtpx:TrackPointExtension>
        </extensions>
      </trkpt>
      <trkpt lat="31.924442234459317" lon="120.58548798585294">
        <ele>5.207914846949279</ele>
        <time>1970-01-01T00:37:07.500000Z</time>
        <extensions>
          <gpxtpx:TrackPointExtension>
            <gpxtpx:hr>172</gpxtpx:hr>
          </gpxtpx:TrackPointExtension>
        </extensions>
      </trkpt>
      <trkpt lat="31.92443901095358" lon="120.58551232590693">
        <ele>5.342983292415738</ele>
        <time>1970-01-01T00:37:08.500000Z</time>
        <extensions>
          <gpxtpx:TrackPointExtension>
            <gpxtpx:hr>172</gpxtpx:hr>
          </gpxtpx:TrackPointExtension>
        </extensions>
      </trkpt>
      <trkpt lat="31.924439079980893" lon="120.58553713388487">
        <ele>5.4678833447396755</ele>
        <time>1970-01-01T00:37:09.500000Z</time>
        <extensions>
          <gpxtpx:TrackPointExtension>
            <gpxtpx:hr>172</gpxtpx:hr>
          </gpxtpx:TrackPointExtension>
        </extensions>
      </trkpt>
      <trkpt lat="31.924442093539792" lon="120.58556271321686">
        <ele>5.601965199224651</ele>
        <time>1970-01-01T00:37:10.500000Z</time>
        <extensions>
          <gpxtpx:TrackPointExtension>
            <gpxtpx:hr>172</gpxtpx:hr>
          </gpxtpx:TrackPointExtension>
        </extensions>
      </trkpt>
      <trkpt lat="31.924446152419367" lon="120.58558880123717">
        <ele>5.737604063004255</ele>
        <time>1970-01-01T00:37:11.500000Z</time>
        <extensions>
          <gpxtpx:TrackPointExtension>
            <gpxtpx:hr>172</gpxtpx:hr>
          </gpxtpx:TrackPointExtension>
        </extensions>
      </trkpt>
      <trkpt lat="31.924449649761154" lon="120.58561535774506">
        <ele>5.861576630733907</ele>
        <time>1970-01-01T00:37:12.500000Z</time>
        <extensions>
          <gpxtpx:TrackPointExtension>
            <gpxtpx:hr>172</gpxtpx:hr>
          </gpxtpx:TrackPointExtension>
        </extensions>
      </trkpt>
      <trkpt lat="31.92445275788477" lon="120.58564186421604">
        <ele>6.005748367868364</ele>
        <time>1970-01-01T00:37:13.500000Z</time>
        <extensions>
          <gpxtpx:TrackPointExtension>
            <gpxtpx:hr>172</gpxtpx:hr>
          </gpxtpx:TrackPointExtension>
        </extensions>
      </trkpt>
      <trkpt lat="31.924454605951457" lon="120.58566827399358">
        <ele>6.151504484005272</ele>
        <time>1970-01-01T00:37:14.500000Z</time>
        <extensions>
          <gpxtpx:TrackPointExtension>
            <gpxtpx:hr>172</gpxtpx:hr>
          </gpxtpx:TrackPointExtension>
        </extensions>
      </trkpt>
      <trkpt lat="31.92445353787539" lon="120.58569459232429">
        <ele>6.292336395941675</ele>
        <time>1970-01-01T00:37:15.500000Z</time>
        <extensions>
          <gpxtpx:TrackPointExtension>
            <gpxtpx:hr>172</gpxtpx:hr>
          </gpxtpx:TrackPointExtension>
        </extensions>
      </trkpt>
      <trkpt lat="31.924450002604072" lon="120.58572053076064">
        <ele>6.419029568322003</ele>
        <time>1970-01-01T00:37:16.500000Z</time>
        <extensions>
          <gpxtpx:TrackPointExtension>
            <gpxtpx:hr>172</gpxtpx:hr>
          </gpxtpx:TrackPointExtension>
        </extensions>
      </trkpt>
      <trkpt lat="31.92444503600154" lon="120.5857462044508">
        <ele>6.530828521586955</ele>
        <time>1970-01-01T00:37:17.500000Z</time>
        <extensions>
          <gpxtpx:TrackPointExtension>
            <gpxtpx:hr>172</gpxtpx:hr>
          </gpxtpx:TrackPointExtension>
        </extensions>
      </trkpt>
      <trkpt lat="31.924438570742144" lon="120.58577141664377">
        <ele>6.636394906789064</ele>
        <time>1970-01-01T00:37:18.500000Z</time>
        <extensions>
          <gpxtpx:TrackPointExtension>
            <gpxtpx:hr>172</gpxtpx:hr>
          </gpxtpx:TrackPointExtension>
        </extensions>
      </trkpt>
      <trkpt lat="31.924431265841363" lon="120.58579546541048">
        <ele>6.719400606118143</ele>
        <time>1970-01-01T00:37:19.500000Z</time>
        <extensions>
          <gpxtpx:TrackPointExtension>
            <gpxtpx:hr>172</gpxtpx:hr>
          </gpxtpx:TrackPointExtension>
        </extensions>
      </trkpt>
      <trkpt lat="31.924423639609792" lon="120.58581882744849">
        <ele>6.785845189355314</ele>
        <time>1970-01-01T00:37:20.500000Z</time>
        <extensions>
          <gpxtpx:TrackPointExtension>
            <gpxtpx:hr>172</gpxtpx:hr>
          </gpxtpx:TrackPointExtension>
        </extensions>
      </trkpt>
      <trkpt lat="31.924415161393885" lon="120.58584132392816">
        <ele>6.850598342716694</ele>
        <time>1970-01-01T00:37:21.500000Z</time>
        <extensions>
          <gpxtpx:TrackPointExtension>
            <gpxtpx:hr>173</gpxtpx:hr>
          </gpxtpx:TrackPointExtension>
        </extensions>
      </trkpt>
      <trkpt lat="31.924405202363285" lon="120.58586206169308">
        <ele>6.904961775057018</ele>
        <time>1970-01-01T00:37:22.500000Z</time>
        <extensions>
          <gpxtpx:TrackPointExtension>
            <gpxtpx:hr>173</gpxtpx:hr>
          </gpxtpx:TrackPointExtension>
        </extensions>
      </trkpt>
      <trkpt lat="31.92439432344637" lon="120.58588248976092">
        <ele>6.9353320291265845</ele>
        <time>1970-01-01T00:37:23.500000Z</time>
        <extensions>
          <gpxtpx:TrackPointExtension>
            <gpxtpx:hr>173</gpxtpx:hr>
          </gpxtpx:TrackPointExtension>
        </extensions>
      </trkpt>
      <trkpt lat="31.92438431037538" lon="120.5859053649051">
        <ele>6.94274574611336</ele>
        <time>1970-01-01T00:37:24.500000Z</time>
        <extensions>
          <gpxtpx:TrackPointExtension>
            <gpxtpx:hr>173</gpxtpx:hr>
          </gpxtpx:TrackPointExtension>
        </extensions>
      </trkpt>
      <trkpt lat="31.92437580639267" lon="120.58593079004893">
        <ele>6.9453490218147635</ele>
        <time>1970-01-01T00:37:25.500000Z</time>
        <extensions>
          <gpxtpx:TrackPointExtension>
            <gpxtpx:hr>173</gpxtpx:hr>
          </gpxtpx:TrackPointExtension>
        </extensions>
      </trkpt>
      <trkpt lat="31.924368543710326" lon="120.58595700974604">
        <ele>6.95533481054008</ele>
        <time>1970-01-01T00:37:26.500000Z</time>
        <extensions>
          <gpxtpx:TrackPointExtension>
            <gpxtpx:hr>174</gpxtpx:hr>
          </gpxtpx:TrackPointExtension>
        </extensions>
      </trkpt>
      <trkpt lat="31.924361659566813" lon="120.58598345672472">
        <ele>6.950661427341402</ele>
        <time>1970-01-01T00:37:27.500000Z</time>
        <extensions>
          <gpxtpx:TrackPointExtension>
            <gpxtpx:hr>174</gpxtpx:hr>
          </gpxtpx:TrackPointExtension>
        </extensions>
      </trkpt>
      <trkpt lat="31.924353744025574" lon="120.58600997565331">
        <ele>6.932634771801531</ele>
        <time>1970-01-01T00:37:28.500000Z</time>
        <extensions>
          <gpxtpx:TrackPointExtension>
            <gpxtpx:hr>174</gpxtpx:hr>
          </gpxtpx:TrackPointExtension>
        </extensions>
      </trkpt>
      <trkpt lat="31.924345111173352" lon="120.58603611849543">
        <ele>6.912391210906208</ele>
        <time>1970-01-01T00:37:29.500000Z</time>
        <extensions>
          <gpxtpx:TrackPointExtension>
            <gpxtpx:hr>174</gpxtpx:hr>
          </gpxtpx:TrackPointExtension>
        </extensions>
      </trkpt>
      <trkpt lat="31.924337262369406" lon="120.58606173627884">
        <ele>6.891125867143273</ele>
        <time>1970-01-01T00:37:30.500000Z</time>
        <extensions>
          <gpxtpx:TrackPointExtension>
            <gpxtpx:hr>174</gpxtpx:hr>
          </gpxtpx:TrackPointExtension>
        </extensions>
      </trkpt>
      <trkpt lat="31.92432995512205" lon="120.58608696689421">
        <ele>6.851198703981936</ele>
        <time>1970-01-01T00:37:31.500000Z</time>
        <extensions>
          <gpxtpx:TrackPointExtension>
            <gpxtpx:hr>174</gpxtpx:hr>
          </gpxtpx:TrackPointExtension>
        </extensions>
      </trkpt>
      <trkpt lat="31.92432154564488" lon="120.58611160176491">
        <ele>6.799888169392943</ele>
        <time>1970-01-01T00:37:32.500000Z</time>
        <extensions>
          <gpxtpx:TrackPointExtension>
            <gpxtpx:hr>174</gpxtpx:hr>
          </gpxtpx:TrackPointExtension>
        </extensions>
      </trkpt>
      <trkpt lat="31.924312168118536" lon="120.58613609098249">
        <ele>6.749254337511957</ele>
        <time>1970-01-01T00:37:33.500000Z</time>
        <extensions>
          <gpxtpx:TrackPointExtension>
            <gpxtpx:hr>174</gpxtpx:hr>
          </gpxtpx:TrackPointExtension>
        </extensions>
      </trkpt>
      <trkpt lat="31.924303665398867" lon="120.58616081947385">
        <ele>6.7138773230835795</ele>
        <time>1970-01-01T00:37:34.500000Z</time>
        <extensions>
          <gpxtpx:TrackPointExtension>
            <gpxtpx:hr>174</gpxtpx:hr>
          </gpxtpx:TrackPointExtension>
        </extensions>
      </trkpt>
      <trkpt lat="31.924297056429523" lon="120.58618572631934">
        <ele>6.712647810578346</ele>
        <time>1970-01-01T00:37:35.500000Z</time>
        <extensions>
          <gpxtpx:TrackPointExtension>
            <gpxtpx:hr>174</gpxtpx:hr>
          </gpxtpx:TrackPointExtension>
        </extensions>
      </trkpt>
      <trkpt lat="31.924291072538296" lon="120.5862108479602">
        <ele>6.721841144375503</ele>
        <time>1970-01-01T00:37:36.500000Z</time>
        <extensions>
          <gpxtpx:TrackPointExtension>
            <gpxtpx:hr>174</gpxtpx:hr>
          </gpxtpx:TrackPointExtension>
        </extensions>
      </trkpt>
      <trkpt lat="31.924284082719858" lon="120.58623550701333">
        <ele>6.714187979698181</ele>
        <time>1970-01-01T00:37:37.500000Z</time>
        <extensions>
          <gpxtpx:TrackPointExtension>
            <gpxtpx:hr>175</gpxtpx:hr>
          </gpxtpx:TrackPointExtension>
        </extensions>
      </trkpt>
      <trkpt lat="31.92427514631061" lon="120.58625906515329">
        <ele>6.703139550983906</ele>
        <time>1970-01-01T00:37:38.500000Z</time>
        <extensions>
          <gpxtpx:TrackPointExtension>
            <gpxtpx:hr>175</gpxtpx:hr>
          </gpxtpx:TrackPointExtension>
        </extensions>
      </trkpt>
      <trkpt lat="31.924264774290982" lon="120.5862817017077">
        <ele>6.695292907766998</ele>
        <time>1970-01-01T00:37:39.500000Z</time>
        <extensions>
          <gpxtpx:TrackPointExtension>
            <gpxtpx:hr>175</gpxtpx:hr>
          </gpxtpx:TrackPointExtension>
        </extensions>
      </trkpt>
      <trkpt lat="31.92425505474692" lon="120.58630529509858">
        <ele>6.675587499514222</ele>
        <time>1970-01-01T00:37:40.500000Z</time>
        <extensions>
          <gpxtpx:TrackPointExtension>
            <gpxtpx:hr>175</gpxtpx:hr>
          </gpxtpx:TrackPointExtension>
        </extensions>
      </trkpt>
      <trkpt lat="31.924247097864065" lon="120.58633055026945">
        <ele>6.653137528337538</ele>
        <time>1970-01-01T00:37:41.500000Z</time>
        <extensions>
          <gpxtpx:TrackPointExtension>
            <gpxtpx:hr>175</gpxtpx:hr>
          </gpxtpx:TrackPointExtension>
        </extensions>
      </trkpt>
      <trkpt lat="31.92423990906453" lon="120.58635558130435">
        <ele>6.633799423463643</ele>
        <time>1970-01-01T00:37:42.500000Z</time>
        <extensions>
          <gpxtpx:TrackPointExtension>
            <gpxtpx:hr>175</gpxtpx:hr>
          </gpxtpx:TrackPointExtension>
        </extensions>
      </trkpt>
      <trkpt lat="31.924233064107696" lon="120.5863794950969">
        <ele>6.60741104464978</ele>
        <time>1970-01-01T00:37:43.500000Z</time>
        <extensions>
          <gpxtpx:TrackPointExtension>
            <gpxtpx:hr>175</gpxtpx:hr>
          </gpxtpx:TrackPointExtension>
        </extensions>
      </trkpt>
      <trkpt lat="31.924226773516377" lon="120.58640308393585">
        <ele>6.567193577066064</ele>
        <time>1970-01-01T00:37:44.500000Z</time>
        <extensions>
          <gpxtpx:TrackPointExtension>
            <gpxtpx:hr>175</gpxtpx:hr>
          </gpxtpx:TrackPointExtension>
        </extensions>
      </trkpt>
      <trkpt lat="31.92422067524258" lon="120.58642733649303">
        <ele>6.528731733560562</ele>
        <time>1970-01-01T00:37:45.500000Z</time>
        <extensions>
          <gpxtpx:TrackPointExtension>
            <gpxtpx:hr>175</gpxtpx:hr>
          </gpxtpx:TrackPointExtension>
        </extensions>
      </trkpt>
      <trkpt lat="31.924214562437456" lon="120.58645262937128">
        <ele>6.472741903737187</ele>
        <time>1970-01-01T00:37:46.500000Z</time>
        <extensions>
          <gpxtpx:TrackPointExtension>
            <gpxtpx:hr>175</gpxtpx:hr>
          </gpxtpx:TrackPointExtension>
        </extensions>
      </trkpt>
      <trkpt lat="31.924208158811474" lon="120.58647826580484">
        <ele>6.407595429569483</ele>
        <time>1970-01-01T00:37:47.500000Z</time>
        <extensions>
          <gpxtpx:TrackPointExtension>
            <gpxtpx:hr>176</gpxtpx:hr>
          </gpxtpx:TrackPointExtension>
        </extensions>
      </trkpt>
      <trkpt lat="31.924200912203794" lon="120.58650354720498">
        <ele>6.349961921572685</ele>
        <time>1970-01-01T00:37:48.500000Z</time>
        <extensions>
          <gpxtpx:TrackPointExtension>
            <gpxtpx:hr>176</gpxtpx:hr>
          </gpxtpx:TrackPointExtension>
        </extensions>
      </trkpt>
      <trkpt lat="31.924193130854416" lon="120.58652864509686">
        <ele>6.296813829801977</ele>
        <time>1970-01-01T00:37:49.500000Z</time>
        <extensions>
          <gpxtpx:TrackPointExtension>
            <gpxtpx:hr>176</gpxtpx:hr>
          </gpxtpx:TrackPointExtension>
        </extensions>
      </trkpt>
      <trkpt lat="31.924185652308257" lon="120.58655321292962">
        <ele>6.23373491037637</ele>
        <time>1970-01-01T00:37:50.500000Z</time>
        <extensions>
          <gpxtpx:TrackPointExtension>
            <gpxtpx:hr>176</gpxtpx:hr>
          </gpxtpx:TrackPointExtension>
        </extensions>
      </trkpt>
      <trkpt lat="31.92417822559755" lon="120.58657704180703">
        <ele>6.167179428040981</ele>
        <time>1970-01-01T00:37:51.500000Z</time>
        <extensions>
          <gpxtpx:TrackPointExtension>
            <gpxtpx:hr>176</gpxtpx:hr>
          </gpxtpx:TrackPointExtension>
        </extensions>
      </trkpt>
      <trkpt lat="31.92417067271108" lon="120.58660117623707">
        <ele>6.09838692471385</ele>
        <time>1970-01-01T00:37:52.500000Z</time>
        <extensions>
          <gpxtpx:TrackPointExtension>
            <gpxtpx:hr>176</gpxtpx:hr>
          </gpxtpx:TrackPointExtension>
        </extensions>
      </trkpt>
      <trkpt lat="31.92416272228553" lon="120.58662642615867">
        <ele>6.028520846739411</ele>
        <time>1970-01-01T00:37:53.500000Z</time>
        <extensions>
          <gpxtpx:TrackPointExtension>
            <gpxtpx:hr>176</gpxtpx:hr>
          </gpxtpx:TrackPointExtension>
        </extensions>
      </trkpt>
      <trkpt lat="31.924154577454875" lon="120.58665202702369">
        <ele>5.9586861953139305</ele>
        <time>1970-01-01T00:37:54.500000Z</time>
        <extensions>
          <gpxtpx:TrackPointExtension>
            <gpxtpx:hr>176</gpxtpx:hr>
          </gpxtpx:TrackPointExtension>
        </extensions>
      </trkpt>
      <trkpt lat="31.924146222872015" lon="120.58667682912544">
        <ele>5.889804879203439</ele>
        <time>1970-01-01T00:37:55.500000Z</time>
        <extensions>
          <gpxtpx:TrackPointExtension>
            <gpxtpx:hr>176</gpxtpx:hr>
          </gpxtpx:TrackPointExtension>
        </extensions>
      </trkpt>
      <trkpt lat="31.924137078995066" lon="120.58670027650399">
        <ele>5.8224803218618035</ele>
        <time>1970-01-01T00:37:56.500000Z</time>
        <extensions>
          <gpxtpx:TrackPointExtension>
            <gpxtpx:hr>176</gpxtpx:hr>
          </gpxtpx:TrackPointExtension>
        </extensions>
      </trkpt>
      <trkpt lat="31.924127927797205" lon="120.58672245229114">
        <ele>5.756965631619096</ele>
        <time>1970-01-01T00:37:57.500000Z</time>
        <extensions>
          <gpxtpx:TrackPointExtension>
            <gpxtpx:hr>176</gpxtpx:hr>
          </gpxtpx:TrackPointExtension>
        </extensions>
      </trkpt>
      <trkpt lat="31.924118520737128" lon="120.58674392673112">
        <ele>5.693065321072936</ele>
        <time>1970-01-01T00:37:58.500000Z</time>
        <extensions>
          <gpxtpx:TrackPointExtension>
            <gpxtpx:hr>176</gpxtpx:hr>
          </gpxtpx:TrackPointExtension>
        </extensions>
      </trkpt>
      <trkpt lat="31.924107772106733" lon="120.58676511436686">
        <ele>5.6301736533641815</ele>
        <time>1970-01-01T00:37:59.500000Z</time>
        <extensions>
          <gpxtpx:TrackPointExtension>
            <gpxtpx:hr>176</gpxtpx:hr>
          </gpxtpx:TrackPointExtension>
        </extensions>
      </trkpt>
    </trkseg>
  </trk>
</gpx>