<?xml version="1.0" encoding="UTF-8"?>
<gpx xmlns="http://www.topografix.com/GPX/1/1" xmlns:gpxtpx="http://www.garmin.com/xmlschemas/TrackPointExtension/v1" xmlns:xsi="http://www.w3.org/2001/XMLSchema-instance" xsi:schemaLocation="http://www.topografix.com/GPX/1/1 http://www.topografix.com/GPX/1/1/gpx.xsd" version="1.1" creator="gpx.py -- https://github.com/tkrajina/gpxpy">
  <trk>
    <name>gpx from keep</name>
    <type>Ride</type>
    <trkseg>
      <trkpt lat="32.38692786534708" lon="119.41090070687706">
        <ele>11.325416014529765</ele>
        <time>2025-10-04T01:00:45Z</time>
      </trkpt>
      <trkpt lat="32.38692784352993" lon="119.4109009754499">
        <ele>11.326147269457579</ele>
        <time>2025-10-04T01:00:45.900000Z</time>
      </trkpt>
      <trkpt lat="32.38692782029127" lon="119.41090141669926">
        <ele>11.327546971850097</ele>
        <time>2025-10-04T01:00:46.900000Z</time>
        <extensions>
          <gpxtpx:TrackPointExtension>
            <gpxtpx:hr>85</gpxtpx:hr>
          </gpxtpx:TrackPointExtension>
        </extensions>
      </trkpt>
      <trkpt lat="32.38692775856609" lon="119.4109022938023">
        <ele>11.328944518230855</ele>
        <time>2025-10-04T01:00:47.900000Z</time>
        <extensions>
          <gpxtpx:TrackPointExtension>
            <gpxtpx:hr>85</gpxtpx:hr>
          </gpxtpx:TrackPointExtension>
        </extensions>
      </trkpt>
      <trkpt lat="32.38692765637292" lon="119.41090355388738">
        <ele>11.330949682742357</ele>
        <time>2025-10-04T01:00:48.900000Z</time>
        <extensions>
          <gpxtpx:TrackPointExtension>
            <gpxtpx:hr>85</gpxtpx:hr>
          </gpxtpx:TrackPointExtension>
        </extensions>
      </trkpt>
      <trkpt lat="32.38692763909719" lon="119.41090473425837">
        <ele>11.333563539199531</ele>
        <time>2025-10-04T01:00:49.900000Z</time>
        <extensions>
          <gpxtpx:TrackPointExtension>
            <gpxtpx:hr>85</gpxtpx:hr>
          </gpxtpx:TrackPointExtension>
        </extensions>
      </trkpt>
      <trkpt lat="32.386927671299425" lon="119.41090639614585">
        <ele>11.33588377572596</ele>
        <time>2025-10-04T01:00:50.900000Z</time>
        <extensions>
          <gpxtpx:TrackPointExtension>
            <gpxtpx:hr>85</gpxtpx:hr>
          </gpxtpx:TrackPointExtension>
        </extensions>
      </trkpt>
      <trkpt lat="32.38692739706128" lon="119.41091242384871">
        <ele>11.336168797686696</ele>
        <time>2025-10-04T01:00:51.900000Z</time>
        <extensions>
          <gpxtpx:TrackPointExtension>
            <gpxtpx:hr>85</gpxtpx:hr>
          </gpxtpx:TrackPointExtension>
        </extensions>
      </trkpt>
      <trkpt lat="32.38692689244466" lon="119.41092266419723">
        <ele>11.33805769123137</ele>
        <time>2025-10-04T01:00:52.900000Z</time>
        <extensions>
          <gpxtpx:TrackPointExtension>
            <gpxtpx:hr>85</gpxtpx:hr>
          </gpxtpx:TrackPointExtension>
        </extensions>
      </trkpt>
      <trkpt lat="32.386926684961395" lon="119.41093990718609">
        <ele>11.339964934624732</ele>
        <time>2025-10-04T01:00:53.900000Z</time>
        <extensions>
          <gpxtpx:TrackPointExtension>
            <gpxtpx:hr>85</gpxtpx:hr>
          </gpxtpx:TrackPointExtension>
        </extensions>
      </trkpt>
      <trkpt lat="32.38692763350122" lon="119.41096938820256">
        <ele>11.342013823799789</ele>
        <time>2025-10-04T01:00:54.900000Z</time>
        <extensions>
          <gpxtpx:TrackPointExtension>
            <gpxtpx:hr>85</gpxtpx:hr>
          </gpxtpx:TrackPointExtension>
        </extensions>
      </trkpt>
      <trkpt lat="32.38693079538693" lon="119.4110086718179">
        <ele>11.344243949279189</ele>
        <time>2025-10-04T01:00:55.900000Z</time>
        <extensions>
          <gpxtpx:TrackPointExtension>
            <gpxtpx:hr>85</gpxtpx:hr>
          </gpxtpx:TrackPointExtension>
        </extensions>
      </trkpt>
      <trkpt lat="32.38693565577498" lon="119.41105517759901">
        <ele>11.346512343734503</ele>
        <time>2025-10-04T01:00:56.900000Z</time>
        <extensions>
          <gpxtpx:TrackPointExtension>
            <gpxtpx:hr>85</gpxtpx:hr>
          </gpxtpx:TrackPointExtension>
        </extensions>
      </trkpt>
      <trkpt lat="32.38694120724646" lon="119.41110446294951">
        <ele>11.348759618587792</ele>
        <time>2025-10-04T01:00:57.900000Z</time>
        <extensions>
          <gpxtpx:TrackPointExtension>
            <gpxtpx:hr>85</gpxtpx:hr>
          </gpxtpx:TrackPointExtension>
        </extensions>
      </trkpt>
      <trkpt lat="32.38694720002554" lon="119.41115289534228">
        <ele>11.351316045038402</ele>
        <time>2025-10-04T01:00:58.900000Z</time>
        <extensions>
          <gpxtpx:TrackPointExtension>
            <gpxtpx:hr>86</gpxtpx:hr>
          </gpxtpx:TrackPointExtension>
        </extensions>
      </trkpt>
      <trkpt lat="32.386953237559915" lon="119.41120021843147">
        <ele>11.35422213934362</ele>
        <time>2025-10-04T01:00:59.900000Z</time>
        <extensions>
          <gpxtpx:TrackPointExtension>
            <gpxtpx:hr>86</gpxtpx:hr>
          </gpxtpx:TrackPointExtension>
        </extensions>
      </trkpt>
      <trkpt lat="32.38695898957096" lon="119.41124739446508">
        <ele>11.357211666181684</ele>
        <time>2025-10-04T01:01:00.900000Z</time>
        <extensions>
          <gpxtpx:TrackPointExtension>
            <gpxtpx:hr>86</gpxtpx:hr>
          </gpxtpx:TrackPointExtension>
        </extensions>
      </trkpt>
      <trkpt lat="32.386964592949184" lon="119.41129422940683">
        <ele>11.3605962600559</ele>
        <time>2025-10-04T01:01:01.900000Z</time>
        <extensions>
          <gpxtpx:TrackPointExtension>
            <gpxtpx:hr>85</gpxtpx:hr>
          </gpxtpx:TrackPointExtension>
        </extensions>
      </trkpt>
      <trkpt lat="32.38696883144091" lon="119.41133893143956">
        <ele>11.364196820184588</ele>
        <time>2025-10-04T01:01:02.900000Z</time>
        <extensions>
          <gpxtpx:TrackPointExtension>
            <gpxtpx:hr>85</gpxtpx:hr>
          </gpxtpx:TrackPointExtension>
        </extensions>
      </trkpt>
      <trkpt lat="32.38697139886242" lon="119.41137837460323">
        <ele>11.36812173947692</ele>
        <time>2025-10-04T01:01:03.900000Z</time>
        <extensions>
          <gpxtpx:TrackPointExtension>
            <gpxtpx:hr>85</gpxtpx:hr>
          </gpxtpx:TrackPointExtension>
        </extensions>
      </trkpt>
      <trkpt lat="32.38697437821127" lon="119.4114138142383">
        <ele>11.372443075291812</ele>
        <time>2025-10-04T01:01:04.900000Z</time>
        <extensions>
          <gpxtpx:TrackPointExtension>
            <gpxtpx:hr>85</gpxtpx:hr>
          </gpxtpx:TrackPointExtension>
        </extensions>
      </trkpt>
      <trkpt lat="32.38697769724239" lon="119.41145278343417">
        <ele>11.377159553579986</ele>
        <time>2025-10-04T01:01:05.900000Z</time>
        <extensions>
          <gpxtpx:TrackPointExtension>
            <gpxtpx:hr>88</gpxtpx:hr>
          </gpxtpx:TrackPointExtension>
        </extensions>
      </trkpt>
      <trkpt lat="32.386981450673204" lon="119.41149727039598">
        <ele>11.382229114882648</ele>
        <time>2025-10-04T01:01:06.900000Z</time>
        <extensions>
          <gpxtpx:TrackPointExtension>
            <gpxtpx:hr>88</gpxtpx:hr>
          </gpxtpx:TrackPointExtension>
        </extensions>
      </trkpt>
      <trkpt lat="32.386984364470464" lon="119.41154143416827">
        <ele>11.387536971829832</ele>
        <time>2025-10-04T01:01:07.900000Z</time>
        <extensions>
          <gpxtpx:TrackPointExtension>
            <gpxtpx:hr>88</gpxtpx:hr>
          </gpxtpx:TrackPointExtension>
        </extensions>
      </trkpt>
      <trkpt lat="32.38698528978678" lon="119.41158485320565">
        <ele>11.393200446851552</ele>
        <time>2025-10-04T01:01:08.900000Z</time>
        <extensions>
          <gpxtpx:TrackPointExtension>
            <gpxtpx:hr>88</gpxtpx:hr>
          </gpxtpx:TrackPointExtension>
        </extensions>
      </trkpt>
      <trkpt lat="32.38698746148079" lon="119.41163211292549">
        <ele>11.399242922663689</ele>
        <time>2025-10-04T01:01:09.900000Z</time>
        <extensions>
          <gpxtpx:TrackPointExtension>
            <gpxtpx:hr>88</gpxtpx:hr>
          </gpxtpx:TrackPointExtension>
        </extensions>
      </trkpt>
      <trkpt lat="32.38699134373999" lon="119.41168460543193">
        <ele>11.40595596190542</ele>
        <time>2025-10-04T01:01:10.900000Z</time>
        <extensions>
          <gpxtpx:TrackPointExtension>
            <gpxtpx:hr>88</gpxtpx:hr>
          </gpxtpx:TrackPointExtension>
        </extensions>
      </trkpt>
      <trkpt lat="32.3869931364779" lon="119.41174237331933">
        <ele>11.412296513095498</ele>
        <time>2025-10-04T01:01:11.900000Z</time>
        <extensions>
          <gpxtpx:TrackPointExtension>
            <gpxtpx:hr>89</gpxtpx:hr>
          </gpxtpx:TrackPointExtension>
        </extensions>
      </trkpt>
      <trkpt lat="32.386993529929946" lon="119.41180416868646">
        <ele>11.419129657559097</ele>
        <time>2025-10-04T01:01:12.900000Z</time>
        <extensions>
          <gpxtpx:TrackPointExtension>
            <gpxtpx:hr>89</gpxtpx:hr>
          </gpxtpx:TrackPointExtension>
        </extensions>
      </trkpt>
      <trkpt lat="32.38699603607002" lon="119.41186853792306">
        <ele>11.426232806406915</ele>
        <time>2025-10-04T01:01:13.900000Z</time>
        <extensions>
          <gpxtpx:TrackPointExtension>
            <gpxtpx:hr>89</gpxtpx:hr>
          </gpxtpx:TrackPointExtension>
        </extensions>
      </trkpt>
      <trkpt lat="32.38699930209828" lon="119.4119348901293">
        <ele>11.433475285768509</ele>
        <time>2025-10-04T01:01:14.900000Z</time>
        <extensions>
          <gpxtpx:TrackPointExtension>
            <gpxtpx:hr>89</gpxtpx:hr>
          </gpxtpx:TrackPointExtension>
        </extensions>
      </trkpt>
      <trkpt lat="32.387001763427" lon="119.41200055586519">
        <ele>11.441201692447066</ele>
        <time>2025-10-04T01:01:15.900000Z</time>
        <extensions>
          <gpxtpx:TrackPointExtension>
            <gpxtpx:hr>89</gpxtpx:hr>
          </gpxtpx:TrackPointExtension>
        </extensions>
      </trkpt>
      <trkpt lat="32.38700407412628" lon="119.41206547117118">
        <ele>11.448916448280215</ele>
        <time>2025-10-04T01:01:16.900000Z</time>
        <extensions>
          <gpxtpx:TrackPointExtension>
            <gpxtpx:hr>89</gpxtpx:hr>
          </gpxtpx:TrackPointExtension>
        </extensions>
      </trkpt>
      <trkpt lat="32.38700708661752" lon="119.41213058091985">
        <ele>11.45704978518188</ele>
        <time>2025-10-04T01:01:17.900000Z</time>
        <extensions>
          <gpxtpx:TrackPointExtension>
            <gpxtpx:hr>91</gpxtpx:hr>
          </gpxtpx:TrackPointExtension>
        </extensions>
      </trkpt>
      <trkpt lat="32.38701080311435" lon="119.41219460470649">
        <ele>11.464978625066578</ele>
        <time>2025-10-04T01:01:18.900000Z</time>
        <extensions>
          <gpxtpx:TrackPointExtension>
            <gpxtpx:hr>91</gpxtpx:hr>
          </gpxtpx:TrackPointExtension>
        </extensions>
      </trkpt>
      <trkpt lat="32.387014656204514" lon="119.4122577552506">
        <ele>11.473441020585597</ele>
        <time>2025-10-04T01:01:19.900000Z</time>
        <extensions>
          <gpxtpx:TrackPointExtension>
            <gpxtpx:hr>91</gpxtpx:hr>
          </gpxtpx:TrackPointExtension>
        </extensions>
      </trkpt>
      <trkpt lat="32.38701989572939" lon="119.41232010902284">
        <ele>11.48175663035363</ele>
        <time>2025-10-04T01:01:20.900000Z</time>
        <extensions>
          <gpxtpx:TrackPointExtension>
            <gpxtpx:hr>93</gpxtpx:hr>
          </gpxtpx:TrackPointExtension>
        </extensions>
      </trkpt>
      <trkpt lat="32.38702648447219" lon="119.41238444646851">
        <ele>11.489847388118505</ele>
        <time>2025-10-04T01:01:21.900000Z</time>
        <extensions>
          <gpxtpx:TrackPointExtension>
            <gpxtpx:hr>93</gpxtpx:hr>
          </gpxtpx:TrackPointExtension>
        </extensions>
      </trkpt>
      <trkpt lat="32.38703119971938" lon="119.41245251383341">
        <ele>11.497207689099014</ele>
        <time>2025-10-04T01:01:22.900000Z</time>
        <extensions>
          <gpxtpx:TrackPointExtension>
            <gpxtpx:hr>93</gpxtpx:hr>
          </gpxtpx:TrackPointExtension>
        </extensions>
      </trkpt>
      <trkpt lat="32.38703338191215" lon="119.4125225916858">
        <ele>11.504688687622547</ele>
        <time>2025-10-04T01:01:23.900000Z</time>
        <extensions>
          <gpxtpx:TrackPointExtension>
            <gpxtpx:hr>93</gpxtpx:hr>
          </gpxtpx:TrackPointExtension>
        </extensions>
      </trkpt>
      <trkpt lat="32.38703418980917" lon="119.41259405420271">
        <ele>11.51149404514581</ele>
        <time>2025-10-04T01:01:24.900000Z</time>
        <extensions>
          <gpxtpx:TrackPointExtension>
            <gpxtpx:hr>93</gpxtpx:hr>
          </gpxtpx:TrackPointExtension>
        </extensions>
      </trkpt>
      <trkpt lat="32.38703594425606" lon="119.41266534723093">
        <ele>11.517415357753634</ele>
        <time>2025-10-04T01:01:25.900000Z</time>
        <extensions>
          <gpxtpx:TrackPointExtension>
            <gpxtpx:hr>93</gpxtpx:hr>
          </gpxtpx:TrackPointExtension>
        </extensions>
      </trkpt>
      <trkpt lat="32.38703899025637" lon="119.41273494162532">
        <ele>11.522935044020414</ele>
        <time>2025-10-04T01:01:26.900000Z</time>
        <extensions>
          <gpxtpx:TrackPointExtension>
            <gpxtpx:hr>91</gpxtpx:hr>
          </gpxtpx:TrackPointExtension>
        </extensions>
      </trkpt>
      <trkpt lat="32.38704063807018" lon="119.41280237587792">
        <ele>11.527537700720131</ele>
        <time>2025-10-04T01:01:27.900000Z</time>
        <extensions>
          <gpxtpx:TrackPointExtension>
            <gpxtpx:hr>91</gpxtpx:hr>
          </gpxtpx:TrackPointExtension>
        </extensions>
      </trkpt>
      <trkpt lat="32.38704103664526" lon="119.41286381690144">
        <ele>11.531245177611709</ele>
        <time>2025-10-04T01:01:28.900000Z</time>
        <extensions>
          <gpxtpx:TrackPointExtension>
            <gpxtpx:hr>91</gpxtpx:hr>
          </gpxtpx:TrackPointExtension>
        </extensions>
      </trkpt>
      <trkpt lat="32.387042270940036" lon="119.41291735679718">
        <ele>11.533983540721238</ele>
        <time>2025-10-04T01:01:29.900000Z</time>
        <extensions>
          <gpxtpx:TrackPointExtension>
            <gpxtpx:hr>91</gpxtpx:hr>
          </gpxtpx:TrackPointExtension>
        </extensions>
      </trkpt>
      <trkpt lat="32.38704511697811" lon="119.41296919449387">
        <ele>11.535387312993407</ele>
        <time>2025-10-04T01:01:30.900000Z</time>
        <extensions>
          <gpxtpx:TrackPointExtension>
            <gpxtpx:hr>91</gpxtpx:hr>
          </gpxtpx:TrackPointExtension>
        </extensions>
      </trkpt>
      <trkpt lat="32.38704750705752" lon="119.41302489903403">
        <ele>11.535569093190134</ele>
        <time>2025-10-04T01:01:31.900000Z</time>
        <extensions>
          <gpxtpx:TrackPointExtension>
            <gpxtpx:hr>92</gpxtpx:hr>
          </gpxtpx:TrackPointExtension>
        </extensions>
      </trkpt>
      <trkpt lat="32.387047521281005" lon="119.41308517325251">
        <ele>11.53487837780267</ele>
        <time>2025-10-04T01:01:32.900000Z</time>
        <extensions>
          <gpxtpx:TrackPointExtension>
            <gpxtpx:hr>92</gpxtpx:hr>
          </gpxtpx:TrackPointExtension>
        </extensions>
      </trkpt>
      <trkpt lat="32.387045457256924" lon="119.4131490045426">
        <ele>11.532985921949148</ele>
        <time>2025-10-04T01:01:33.900000Z</time>
        <extensions>
          <gpxtpx:TrackPointExtension>
            <gpxtpx:hr>92</gpxtpx:hr>
          </gpxtpx:TrackPointExtension>
        </extensions>
      </trkpt>
      <trkpt lat="32.38704542636823" lon="119.41321600768859">
        <ele>11.529625792987645</ele>
        <time>2025-10-04T01:01:34.900000Z</time>
        <extensions>
          <gpxtpx:TrackPointExtension>
            <gpxtpx:hr>92</gpxtpx:hr>
          </gpxtpx:TrackPointExtension>
        </extensions>
      </trkpt>
      <trkpt lat="32.38704830925703" lon="119.4132845396764">
        <ele>11.525335029698908</ele>
        <time>2025-10-04T01:01:35.900000Z</time>
        <extensions>
          <gpxtpx:TrackPointExtension>
            <gpxtpx:hr>92</gpxtpx:hr>
          </gpxtpx:TrackPointExtension>
        </extensions>
      </trkpt>
      <trkpt lat="32.387050876721204" lon="119.41335240015684">
        <ele>11.520191791467369</ele>
        <time>2025-10-04T01:01:36.900000Z</time>
        <extensions>
          <gpxtpx:TrackPointExtension>
            <gpxtpx:hr>92</gpxtpx:hr>
          </gpxtpx:TrackPointExtension>
        </extensions>
      </trkpt>
      <trkpt lat="32.38705411515704" lon="119.41341950445548">
        <ele>11.513911502435803</ele>
        <time>2025-10-04T01:01:37.900000Z</time>
        <extensions>
          <gpxtpx:TrackPointExtension>
            <gpxtpx:hr>92</gpxtpx:hr>
          </gpxtpx:TrackPointExtension>
        </extensions>
      </trkpt>
      <trkpt lat="32.387058262262194" lon="119.4134850602535">
        <ele>11.506907248869538</ele>
        <time>2025-10-04T01:01:38.900000Z</time>
        <extensions>
          <gpxtpx:TrackPointExtension>
            <gpxtpx:hr>92</gpxtpx:hr>
          </gpxtpx:TrackPointExtension>
        </extensions>
      </trkpt>
      <trkpt lat="32.387062389272074" lon="119.41355011226138">
        <ele>11.49961716774851</ele>
        <time>2025-10-04T01:01:39.900000Z</time>
        <extensions>
          <gpxtpx:TrackPointExtension>
            <gpxtpx:hr>92</gpxtpx:hr>
          </gpxtpx:TrackPointExtension>
        </extensions>
      </trkpt>
      <trkpt lat="32.387067126477405" lon="119.4136129288249">
        <ele>11.491601852700114</ele>
        <time>2025-10-04T01:01:40.900000Z</time>
        <extensions>
          <gpxtpx:TrackPointExtension>
            <gpxtpx:hr>92</gpxtpx:hr>
          </gpxtpx:TrackPointExtension>
        </extensions>
      </trkpt>
      <trkpt lat="32.38707136539141" lon="119.41367271883368">
        <ele>11.483220905065536</ele>
        <time>2025-10-04T01:01:41.900000Z</time>
        <extensions>
          <gpxtpx:TrackPointExtension>
            <gpxtpx:hr>92</gpxtpx:hr>
          </gpxtpx:TrackPointExtension>
        </extensions>
      </trkpt>
      <trkpt lat="32.38707175825897" lon="119.41373705343702">
        <ele>11.474324049428105</ele>
        <time>2025-10-04T01:01:42.900000Z</time>
        <extensions>
          <gpxtpx:TrackPointExtension>
            <gpxtpx:hr>92</gpxtpx:hr>
          </gpxtpx:TrackPointExtension>
        </extensions>
      </trkpt>
      <trkpt lat="32.387070372780265" lon="119.41380654066566">
        <ele>11.4650055821985</ele>
        <time>2025-10-04T01:01:43.900000Z</time>
        <extensions>
          <gpxtpx:TrackPointExtension>
            <gpxtpx:hr>87</gpxtpx:hr>
          </gpxtpx:TrackPointExtension>
        </extensions>
      </trkpt>
      <trkpt lat="32.387070633978155" lon="119.41387754780753">
        <ele>11.455082698725164</ele>
        <time>2025-10-04T01:01:44.900000Z</time>
        <extensions>
          <gpxtpx:TrackPointExtension>
            <gpxtpx:hr>87</gpxtpx:hr>
          </gpxtpx:TrackPointExtension>
        </extensions>
      </trkpt>
      <trkpt lat="32.387071971724936" lon="119.41394988590466">
        <ele>11.44493367895484</ele>
        <time>2025-10-04T01:01:45.900000Z</time>
        <extensions>
          <gpxtpx:TrackPointExtension>
            <gpxtpx:hr>87</gpxtpx:hr>
          </gpxtpx:TrackPointExtension>
        </extensions>
      </trkpt>
      <trkpt lat="32.38707425508041" lon="119.41402201067228">
        <ele>11.434863226488233</ele>
        <time>2025-10-04T01:01:46.900000Z</time>
        <extensions>
          <gpxtpx:TrackPointExtension>
            <gpxtpx:hr>87</gpxtpx:hr>
          </gpxtpx:TrackPointExtension>
        </extensions>
      </trkpt>
      <trkpt lat="32.387077177677185" lon="119.41409304852893">
        <ele>11.424028048291802</ele>
        <time>2025-10-04T01:01:47.900000Z</time>
        <extensions>
          <gpxtpx:TrackPointExtension>
            <gpxtpx:hr>87</gpxtpx:hr>
          </gpxtpx:TrackPointExtension>
        </extensions>
      </trkpt>
      <trkpt lat="32.38708042599763" lon="119.41416372004268">
        <ele>11.413451717235148</ele>
        <time>2025-10-04T01:01:48.900000Z</time>
        <extensions>
          <gpxtpx:TrackPointExtension>
            <gpxtpx:hr>84</gpxtpx:hr>
          </gpxtpx:TrackPointExtension>
        </extensions>
      </trkpt>
      <trkpt lat="32.38708234026345" lon="119.4142336297504">
        <ele>11.40255182236433</ele>
        <time>2025-10-04T01:01:49.900000Z</time>
        <extensions>
          <gpxtpx:TrackPointExtension>
            <gpxtpx:hr>84</gpxtpx:hr>
          </gpxtpx:TrackPointExtension>
        </extensions>
      </trkpt>
      <trkpt lat="32.38708104787236" lon="119.4143024019882">
        <ele>11.391052023507655</ele>
        <time>2025-10-04T01:01:50.900000Z</time>
        <extensions>
          <gpxtpx:TrackPointExtension>
            <gpxtpx:hr>84</gpxtpx:hr>
          </gpxtpx:TrackPointExtension>
        </extensions>
      </trkpt>
      <trkpt lat="32.38707982739185" lon="119.41436916297525">
        <ele>11.38008051365614</ele>
        <time>2025-10-04T01:01:51.900000Z</time>
        <extensions>
          <gpxtpx:TrackPointExtension>
            <gpxtpx:hr>84</gpxtpx:hr>
          </gpxtpx:TrackPointExtension>
        </extensions>
      </trkpt>
      <trkpt lat="32.387081914631324" lon="119.41443550993748">
        <ele>11.36966987978667</ele>
        <time>2025-10-04T01:01:52.900000Z</time>
        <extensions>
          <gpxtpx:TrackPointExtension>
            <gpxtpx:hr>86</gpxtpx:hr>
          </gpxtpx:TrackPointExtension>
        </extensions>
      </trkpt>
      <trkpt lat="32.3870856505754" lon="119.41449979106237">
        <ele>11.359606366604567</ele>
        <time>2025-10-04T01:01:53.900000Z</time>
        <extensions>
          <gpxtpx:TrackPointExtension>
            <gpxtpx:hr>86</gpxtpx:hr>
          </gpxtpx:TrackPointExtension>
        </extensions>
      </trkpt>
      <trkpt lat="32.38709155687647" lon="119.41455937974385">
        <ele>11.349561813287437</ele>
        <time>2025-10-04T01:01:54.900000Z</time>
        <extensions>
          <gpxtpx:TrackPointExtension>
            <gpxtpx:hr>86</gpxtpx:hr>
          </gpxtpx:TrackPointExtension>
        </extensions>
      </trkpt>
      <trkpt lat="32.38709769285272" lon="119.41461936607904">
        <ele>11.34004026837647</ele>
        <time>2025-10-04T01:01:55.900000Z</time>
        <extensions>
          <gpxtpx:TrackPointExtension>
            <gpxtpx:hr>86</gpxtpx:hr>
          </gpxtpx:TrackPointExtension>
        </extensions>
      </trkpt>
      <trkpt lat="32.38710302850921" lon="119.41468125869739">
        <ele>11.330836996436119</ele>
        <time>2025-10-04T01:01:56.900000Z</time>
        <extensions>
          <gpxtpx:TrackPointExtension>
            <gpxtpx:hr>86</gpxtpx:hr>
          </gpxtpx:TrackPointExtension>
        </extensions>
      </trkpt>
      <trkpt lat="32.387108952320986" lon="119.41474279316742">
        <ele>11.321632659062743</ele>
        <time>2025-10-04T01:01:57.900000Z</time>
        <extensions>
          <gpxtpx:TrackPointExtension>
            <gpxtpx:hr>86</gpxtpx:hr>
          </gpxtpx:TrackPointExtension>
        </extensions>
      </trkpt>
      <trkpt lat="32.38711431349181" lon="119.41480306202816">
        <ele>11.313079718500376</ele>
        <time>2025-10-04T01:01:58.900000Z</time>
        <extensions>
          <gpxtpx:TrackPointExtension>
            <gpxtpx:hr>86</gpxtpx:hr>
          </gpxtpx:TrackPointExtension>
        </extensions>
      </trkpt>
      <trkpt lat="32.38711897338791" lon="119.41486224481896">
        <ele>11.305191379971802</ele>
        <time>2025-10-04T01:01:59.900000Z</time>
        <extensions>
          <gpxtpx:TrackPointExtension>
            <gpxtpx:hr>86</gpxtpx:hr>
          </gpxtpx:TrackPointExtension>
        </extensions>
      </trkpt>
      <trkpt lat="32.3871234597088" lon="119.4149210857128">
        <ele>11.29752978682518</ele>
        <time>2025-10-04T01:02:00.900000Z</time>
        <extensions>
          <gpxtpx:TrackPointExtension>
            <gpxtpx:hr>88</gpxtpx:hr>
          </gpxtpx:TrackPointExtension>
        </extensions>
      </trkpt>
      <trkpt lat="32.38712845103337" lon="119.41498066568758">
        <ele>11.290855498984456</ele>
        <time>2025-10-04T01:02:01.900000Z</time>
        <extensions>
          <gpxtpx:TrackPointExtension>
            <gpxtpx:hr>88</gpxtpx:hr>
          </gpxtpx:TrackPointExtension>
        </extensions>
      </trkpt>
      <trkpt lat="32.38713391086808" lon="119.41504144243801">
        <ele>11.283457521349192</ele>
        <time>2025-10-04T01:02:02.900000Z</time>
        <extensions>
          <gpxtpx:TrackPointExtension>
            <gpxtpx:hr>88</gpxtpx:hr>
          </gpxtpx:TrackPointExtension>
        </extensions>
      </trkpt>
      <trkpt lat="32.38713892142243" lon="119.41510499351361">
        <ele>11.276533001102507</ele>
        <time>2025-10-04T01:02:03.900000Z</time>
        <extensions>
          <gpxtpx:TrackPointExtension>
            <gpxtpx:hr>88</gpxtpx:hr>
          </gpxtpx:TrackPointExtension>
        </extensions>
      </trkpt>
      <trkpt lat="32.387143553074" lon="119.41517234239814">
        <ele>11.270450180396438</ele>
        <time>2025-10-04T01:02:04.900000Z</time>
        <extensions>
          <gpxtpx:TrackPointExtension>
            <gpxtpx:hr>88</gpxtpx:hr>
          </gpxtpx:TrackPointExtension>
        </extensions>
      </trkpt>
      <trkpt lat="32.38714736659039" lon="119.4152425819538">
        <ele>11.265000289306045</ele>
        <time>2025-10-04T01:02:05.900000Z</time>
        <extensions>
          <gpxtpx:TrackPointExtension>
            <gpxtpx:hr>90</gpxtpx:hr>
          </gpxtpx:TrackPointExtension>
        </extensions>
      </trkpt>
      <trkpt lat="32.38714824939795" lon="119.41531298821667">
        <ele>11.259905409999192</ele>
        <time>2025-10-04T01:02:06.900000Z</time>
        <extensions>
          <gpxtpx:TrackPointExtension>
            <gpxtpx:hr>90</gpxtpx:hr>
          </gpxtpx:TrackPointExtension>
        </extensions>
      </trkpt>
      <trkpt lat="32.387147245138905" lon="119.41538024174189">
        <ele>11.255097972229123</ele>
        <time>2025-10-04T01:02:07.900000Z</time>
        <extensions>
          <gpxtpx:TrackPointExtension>
            <gpxtpx:hr>90</gpxtpx:hr>
          </gpxtpx:TrackPointExtension>
        </extensions>
      </trkpt>
      <trkpt lat="32.38714489012019" lon="119.4154468378477">
        <ele>11.25081827212125</ele>
        <time>2025-10-04T01:02:08.900000Z</time>
        <extensions>
          <gpxtpx:TrackPointExtension>
            <gpxtpx:hr>90</gpxtpx:hr>
          </gpxtpx:TrackPointExtension>
        </extensions>
      </trkpt>
      <trkpt lat="32.38714133846542" lon="119.41551596501844">
        <ele>11.247111125849187</ele>
        <time>2025-10-04T01:02:09.900000Z</time>
        <extensions>
          <gpxtpx:TrackPointExtension>
            <gpxtpx:hr>90</gpxtpx:hr>
          </gpxtpx:TrackPointExtension>
        </extensions>
      </trkpt>
      <trkpt lat="32.38713627333417" lon="119.41558442067641">
        <ele>11.244579527527094</ele>
        <time>2025-10-04T01:02:10.900000Z</time>
        <extensions>
          <gpxtpx:TrackPointExtension>
            <gpxtpx:hr>90</gpxtpx:hr>
          </gpxtpx:TrackPointExtension>
        </extensions>
      </trkpt>
      <trkpt lat="32.38713161760467" lon="119.41564996079023">
        <ele>11.242922312580049</ele>
        <time>2025-10-04T01:02:11.900000Z</time>
        <extensions>
          <gpxtpx:TrackPointExtension>
            <gpxtpx:hr>90</gpxtpx:hr>
          </gpxtpx:TrackPointExtension>
        </extensions>
      </trkpt>
      <trkpt lat="32.38713067896062" lon="119.41571345507307">
        <ele>11.242395291104913</ele>
        <time>2025-10-04T01:02:12.900000Z</time>
        <extensions>
          <gpxtpx:TrackPointExtension>
            <gpxtpx:hr>97</gpxtpx:hr>
          </gpxtpx:TrackPointExtension>
        </extensions>
      </trkpt>
      <trkpt lat="32.387134336076585" lon="119.41577536560028">
        <ele>11.242865257896483</ele>
        <time>2025-10-04T01:02:13.900000Z</time>
        <extensions>
          <gpxtpx:TrackPointExtension>
            <gpxtpx:hr>97</gpxtpx:hr>
          </gpxtpx:TrackPointExtension>
        </extensions>
      </trkpt>
      <trkpt lat="32.3871399892389" lon="119.41583849344825">
        <ele>11.244934214279056</ele>
        <time>2025-10-04T01:02:14.900000Z</time>
        <extensions>
          <gpxtpx:TrackPointExtension>
            <gpxtpx:hr>97</gpxtpx:hr>
          </gpxtpx:TrackPointExtension>
        </extensions>
      </trkpt>
      <trkpt lat="32.3871460513001" lon="119.41590347358049">
        <ele>11.248419439420104</ele>
        <time>2025-10-04T01:02:15.900000Z</time>
        <extensions>
          <gpxtpx:TrackPointExtension>
            <gpxtpx:hr>97</gpxtpx:hr>
          </gpxtpx:TrackPointExtension>
        </extensions>
      </trkpt>
      <trkpt lat="32.387154268507736" lon="119.41596584702786">
        <ele>11.25365339871496</ele>
        <time>2025-10-04T01:02:16.900000Z</time>
        <extensions>
          <gpxtpx:TrackPointExtension>
            <gpxtpx:hr>97</gpxtpx:hr>
          </gpxtpx:TrackPointExtension>
        </extensions>
      </trkpt>
      <trkpt lat="32.38716217413034" lon="119.41602165840403">
        <ele>11.260839726775885</ele>
        <time>2025-10-04T01:02:17.900000Z</time>
        <extensions>
          <gpxtpx:TrackPointExtension>
            <gpxtpx:hr>97</gpxtpx:hr>
          </gpxtpx:TrackPointExtension>
        </extensions>
      </trkpt>
      <trkpt lat="32.38716919167273" lon="119.41607006273915">
        <ele>11.269611150957644</ele>
        <time>2025-10-04T01:02:18.900000Z</time>
        <extensions>
          <gpxtpx:TrackPointExtension>
            <gpxtpx:hr>97</gpxtpx:hr>
          </gpxtpx:TrackPointExtension>
        </extensions>
      </trkpt>
      <trkpt lat="32.387176577815886" lon="119.41611306748624">
        <ele>11.28024155087769</ele>
        <time>2025-10-04T01:02:19.900000Z</time>
        <extensions>
          <gpxtpx:TrackPointExtension>
            <gpxtpx:hr>97</gpxtpx:hr>
          </gpxtpx:TrackPointExtension>
        </extensions>
      </trkpt>
      <trkpt lat="32.387183057068604" lon="119.41615735578098">
        <ele>11.292290944606066</ele>
        <time>2025-10-04T01:02:20.900000Z</time>
        <extensions>
          <gpxtpx:TrackPointExtension>
            <gpxtpx:hr>97</gpxtpx:hr>
          </gpxtpx:TrackPointExtension>
        </extensions>
      </trkpt>
      <trkpt lat="32.3871868545426" lon="119.41620817848643">
        <ele>11.306742707267404</ele>
        <time>2025-10-04T01:02:21.900000Z</time>
        <extensions>
          <gpxtpx:TrackPointExtension>
            <gpxtpx:hr>97</gpxtpx:hr>
          </gpxtpx:TrackPointExtension>
        </extensions>
      </trkpt>
      <trkpt lat="32.387187584085595" lon="119.41626498131325">
        <ele>11.323147266171873</ele>
        <time>2025-10-04T01:02:22.900000Z</time>
        <extensions>
          <gpxtpx:TrackPointExtension>
            <gpxtpx:hr>97</gpxtpx:hr>
          </gpxtpx:TrackPointExtension>
        </extensions>
      </trkpt>
      <trkpt lat="32.38718921111465" lon="119.41632734613266">
        <ele>11.34125558193773</ele>
        <time>2025-10-04T01:02:23.900000Z</time>
        <extensions>
          <gpxtpx:TrackPointExtension>
            <gpxtpx:hr>97</gpxtpx:hr>
          </gpxtpx:TrackPointExtension>
        </extensions>
      </trkpt>
      <trkpt lat="32.38719297560508" lon="119.41639433972176">
        <ele>11.361148837022483</ele>
        <time>2025-10-04T01:02:24.900000Z</time>
        <extensions>
          <gpxtpx:TrackPointExtension>
            <gpxtpx:hr>97</gpxtpx:hr>
          </gpxtpx:TrackPointExtension>
        </extensions>
      </trkpt>
      <trkpt lat="32.38719612926153" lon="119.41646424935584">
        <ele>11.38280812650919</ele>
        <time>2025-10-04T01:02:25.900000Z</time>
        <extensions>
          <gpxtpx:TrackPointExtension>
            <gpxtpx:hr>97</gpxtpx:hr>
          </gpxtpx:TrackPointExtension>
        </extensions>
      </trkpt>
      <trkpt lat="32.3871988218356" lon="119.41653553021202">
        <ele>11.406059847213328</ele>
        <time>2025-10-04T01:02:26.900000Z</time>
        <extensions>
          <gpxtpx:TrackPointExtension>
            <gpxtpx:hr>97</gpxtpx:hr>
          </gpxtpx:TrackPointExtension>
        </extensions>
      </trkpt>
      <trkpt lat="32.38720149022005" lon="119.41660690829404">
        <ele>11.430914083495736</ele>
        <time>2025-10-04T01:02:27.900000Z</time>
        <extensions>
          <gpxtpx:TrackPointExtension>
            <gpxtpx:hr>91</gpxtpx:hr>
          </gpxtpx:TrackPointExtension>
        </extensions>
      </trkpt>
      <trkpt lat="32.387204852039275" lon="119.41667780458151">
        <ele>11.456463946029544</ele>
        <time>2025-10-04T01:02:28.900000Z</time>
        <extensions>
          <gpxtpx:TrackPointExtension>
            <gpxtpx:hr>91</gpxtpx:hr>
          </gpxtpx:TrackPointExtension>
        </extensions>
      </trkpt>
      <trkpt lat="32.38720833622588" lon="119.41674723485528">
        <ele>11.484272323548794</ele>
        <time>2025-10-04T01:02:29.900000Z</time>
        <extensions>
          <gpxtpx:TrackPointExtension>
            <gpxtpx:hr>91</gpxtpx:hr>
          </gpxtpx:TrackPointExtension>
        </extensions>
      </trkpt>
      <trkpt lat="32.3872113683217" lon="119.41681398843716">
        <ele>11.513025206513703</ele>
        <time>2025-10-04T01:02:30.900000Z</time>
        <extensions>
          <gpxtpx:TrackPointExtension>
            <gpxtpx:hr>91</gpxtpx:hr>
          </gpxtpx:TrackPointExtension>
        </extensions>
      </trkpt>
      <trkpt lat="32.38721582335404" lon="119.41687715948083">
        <ele>11.542133327573538</ele>
        <time>2025-10-04T01:02:31.900000Z</time>
        <extensions>
          <gpxtpx:TrackPointExtension>
            <gpxtpx:hr>91</gpxtpx:hr>
          </gpxtpx:TrackPointExtension>
        </extensions>
      </trkpt>
      <trkpt lat="32.387221356936614" lon="119.41693761394399">
        <ele>11.571294160559773</ele>
        <time>2025-10-04T01:02:32.900000Z</time>
        <extensions>
          <gpxtpx:TrackPointExtension>
            <gpxtpx:hr>91</gpxtpx:hr>
          </gpxtpx:TrackPointExtension>
        </extensions>
      </trkpt>
      <trkpt lat="32.387227056348614" lon="119.41699476545683">
        <ele>11.600706167519093</ele>
        <time>2025-10-04T01:02:33.900000Z</time>
        <extensions>
          <gpxtpx:TrackPointExtension>
            <gpxtpx:hr>91</gpxtpx:hr>
          </gpxtpx:TrackPointExtension>
        </extensions>
      </trkpt>
      <trkpt lat="32.38723153951269" lon="119.41704585327835">
        <ele>11.629932912066579</ele>
        <time>2025-10-04T01:02:34.900000Z</time>
        <extensions>
          <gpxtpx:TrackPointExtension>
            <gpxtpx:hr>91</gpxtpx:hr>
          </gpxtpx:TrackPointExtension>
        </extensions>
      </trkpt>
      <trkpt lat="32.38723220637371" lon="119.41709360149163">
        <ele>11.658026720397174</ele>
        <time>2025-10-04T01:02:35.900000Z</time>
        <extensions>
          <gpxtpx:TrackPointExtension>
            <gpxtpx:hr>91</gpxtpx:hr>
          </gpxtpx:TrackPointExtension>
        </extensions>
      </trkpt>
      <trkpt lat="32.387228215998874" lon="119.41714366532739">
        <ele>11.686183787882328</ele>
        <time>2025-10-04T01:02:36.900000Z</time>
        <extensions>
          <gpxtpx:TrackPointExtension>
            <gpxtpx:hr>91</gpxtpx:hr>
          </gpxtpx:TrackPointExtension>
        </extensions>
      </trkpt>
      <trkpt lat="32.38722554485857" lon="119.41719739730962">
        <ele>11.713717214763165</ele>
        <time>2025-10-04T01:02:37.900000Z</time>
        <extensions>
          <gpxtpx:TrackPointExtension>
            <gpxtpx:hr>91</gpxtpx:hr>
          </gpxtpx:TrackPointExtension>
        </extensions>
      </trkpt>
      <trkpt lat="32.38722768252126" lon="119.41725799399543">
        <ele>11.740619544871151</ele>
        <time>2025-10-04T01:02:38.900000Z</time>
        <extensions>
          <gpxtpx:TrackPointExtension>
            <gpxtpx:hr>91</gpxtpx:hr>
          </gpxtpx:TrackPointExtension>
        </extensions>
      </trkpt>
      <trkpt lat="32.38723176926749" lon="119.417325536082">
        <ele>11.766515863128006</ele>
        <time>2025-10-04T01:02:39.900000Z</time>
        <extensions>
          <gpxtpx:TrackPointExtension>
            <gpxtpx:hr>91</gpxtpx:hr>
          </gpxtpx:TrackPointExtension>
        </extensions>
      </trkpt>
      <trkpt lat="32.38723629421952" lon="119.4173948746811">
        <ele>11.790617452003062</ele>
        <time>2025-10-04T01:02:40.900000Z</time>
        <extensions>
          <gpxtpx:TrackPointExtension>
            <gpxtpx:hr>91</gpxtpx:hr>
          </gpxtpx:TrackPointExtension>
        </extensions>
      </trkpt>
      <trkpt lat="32.38723962748656" lon="119.41746589482631">
        <ele>11.813208466395736</ele>
        <time>2025-10-04T01:02:41.900000Z</time>
        <extensions>
          <gpxtpx:TrackPointExtension>
            <gpxtpx:hr>91</gpxtpx:hr>
          </gpxtpx:TrackPointExtension>
        </extensions>
      </trkpt>
      <trkpt lat="32.38724329080148" lon="119.41753781535039">
        <ele>11.833804083056748</ele>
        <time>2025-10-04T01:02:42.900000Z</time>
        <extensions>
          <gpxtpx:TrackPointExtension>
            <gpxtpx:hr>91</gpxtpx:hr>
          </gpxtpx:TrackPointExtension>
        </extensions>
      </trkpt>
      <trkpt lat="32.38724689649985" lon="119.41760815328634">
        <ele>11.852547919377685</ele>
        <time>2025-10-04T01:02:43.900000Z</time>
        <extensions>
          <gpxtpx:TrackPointExtension>
            <gpxtpx:hr>91</gpxtpx:hr>
          </gpxtpx:TrackPointExtension>
        </extensions>
      </trkpt>
      <trkpt lat="32.38724957236945" lon="119.41767568403277">
        <ele>11.869198228232563</ele>
        <time>2025-10-04T01:02:44.900000Z</time>
        <extensions>
          <gpxtpx:TrackPointExtension>
            <gpxtpx:hr>91</gpxtpx:hr>
          </gpxtpx:TrackPointExtension>
        </extensions>
      </trkpt>
      <trkpt lat="32.38725240039572" lon="119.41774210590432">
        <ele>11.883825956843793</ele>
        <time>2025-10-04T01:02:45.900000Z</time>
        <extensions>
          <gpxtpx:TrackPointExtension>
            <gpxtpx:hr>91</gpxtpx:hr>
          </gpxtpx:TrackPointExtension>
        </extensions>
      </trkpt>
      <trkpt lat="32.387252629650334" lon="119.41780961925579">
        <ele>11.896094012074172</ele>
        <time>2025-10-04T01:02:46.900000Z</time>
        <extensions>
          <gpxtpx:TrackPointExtension>
            <gpxtpx:hr>91</gpxtpx:hr>
          </gpxtpx:TrackPointExtension>
        </extensions>
      </trkpt>
      <trkpt lat="32.38725218272074" lon="119.41787784431347">
        <ele>11.906254904344678</ele>
        <time>2025-10-04T01:02:47.900000Z</time>
        <extensions>
          <gpxtpx:TrackPointExtension>
            <gpxtpx:hr>91</gpxtpx:hr>
          </gpxtpx:TrackPointExtension>
        </extensions>
      </trkpt>
      <trkpt lat="32.387255092754266" lon="119.41794652028526">
        <ele>11.913658609613776</ele>
        <time>2025-10-04T01:02:48.900000Z</time>
        <extensions>
          <gpxtpx:TrackPointExtension>
            <gpxtpx:hr>91</gpxtpx:hr>
          </gpxtpx:TrackPointExtension>
        </extensions>
      </trkpt>
      <trkpt lat="32.38725910974607" lon="119.4180123126091">
        <ele>11.91919851116836</ele>
        <time>2025-10-04T01:02:49.900000Z</time>
        <extensions>
          <gpxtpx:TrackPointExtension>
            <gpxtpx:hr>91</gpxtpx:hr>
          </gpxtpx:TrackPointExtension>
        </extensions>
      </trkpt>
      <trkpt lat="32.387261800195255" lon="119.4180743554876">
        <ele>11.922665471211076</ele>
        <time>2025-10-04T01:02:50.900000Z</time>
        <extensions>
          <gpxtpx:TrackPointExtension>
            <gpxtpx:hr>91</gpxtpx:hr>
          </gpxtpx:TrackPointExtension>
        </extensions>
      </trkpt>
      <trkpt lat="32.3872645556538" lon="119.41813359893403">
        <ele>11.923805674538016</ele>
        <time>2025-10-04T01:02:51.900000Z</time>
        <extensions>
          <gpxtpx:TrackPointExtension>
            <gpxtpx:hr>92</gpxtpx:hr>
          </gpxtpx:TrackPointExtension>
        </extensions>
      </trkpt>
      <trkpt lat="32.387266148898355" lon="119.41818813667815">
        <ele>11.92293072026223</ele>
        <time>2025-10-04T01:02:52.900000Z</time>
        <extensions>
          <gpxtpx:TrackPointExtension>
            <gpxtpx:hr>92</gpxtpx:hr>
          </gpxtpx:TrackPointExtension>
        </extensions>
      </trkpt>
      <trkpt lat="32.387266238682365" lon="119.41824125879248">
        <ele>11.919916793704033</ele>
        <time>2025-10-04T01:02:53.900000Z</time>
        <extensions>
          <gpxtpx:TrackPointExtension>
            <gpxtpx:hr>92</gpxtpx:hr>
          </gpxtpx:TrackPointExtension>
        </extensions>
      </trkpt>
      <trkpt lat="32.387268177183785" lon="119.41829779646943">
        <ele>11.914896833710372</ele>
        <time>2025-10-04T01:02:54.900000Z</time>
        <extensions>
          <gpxtpx:TrackPointExtension>
            <gpxtpx:hr>92</gpxtpx:hr>
          </gpxtpx:TrackPointExtension>
        </extensions>
      </trkpt>
      <trkpt lat="32.38727067215301" lon="119.41835476169125">
        <ele>11.907758907414973</ele>
        <time>2025-10-04T01:02:55.900000Z</time>
        <extensions>
          <gpxtpx:TrackPointExtension>
            <gpxtpx:hr>92</gpxtpx:hr>
          </gpxtpx:TrackPointExtension>
        </extensions>
      </trkpt>
      <trkpt lat="32.3872732976162" lon="119.41841098573664">
        <ele>11.89893421344459</ele>
        <time>2025-10-04T01:02:56.900000Z</time>
        <extensions>
          <gpxtpx:TrackPointExtension>
            <gpxtpx:hr>90</gpxtpx:hr>
          </gpxtpx:TrackPointExtension>
        </extensions>
      </trkpt>
      <trkpt lat="32.38727668924017" lon="119.41846881811995">
        <ele>11.88867832813412</ele>
        <time>2025-10-04T01:02:57.900000Z</time>
        <extensions>
          <gpxtpx:TrackPointExtension>
            <gpxtpx:hr>90</gpxtpx:hr>
          </gpxtpx:TrackPointExtension>
        </extensions>
      </trkpt>
      <trkpt lat="32.38727886168412" lon="119.41852302431664">
        <ele>11.876974356360734</ele>
        <time>2025-10-04T01:02:58.900000Z</time>
        <extensions>
          <gpxtpx:TrackPointExtension>
            <gpxtpx:hr>90</gpxtpx:hr>
          </gpxtpx:TrackPointExtension>
        </extensions>
      </trkpt>
      <trkpt lat="32.38727868241027" lon="119.41856787764036">
        <ele>11.863877642899752</ele>
        <time>2025-10-04T01:02:59.900000Z</time>
        <extensions>
          <gpxtpx:TrackPointExtension>
            <gpxtpx:hr>90</gpxtpx:hr>
          </gpxtpx:TrackPointExtension>
        </extensions>
      </trkpt>
      <trkpt lat="32.38727490095732" lon="119.4186012097556">
        <ele>11.84950346685946</ele>
        <time>2025-10-04T01:03:00.900000Z</time>
        <extensions>
          <gpxtpx:TrackPointExtension>
            <gpxtpx:hr>89</gpxtpx:hr>
          </gpxtpx:TrackPointExtension>
        </extensions>
      </trkpt>
      <trkpt lat="32.38726965904507" lon="119.41862298286414">
        <ele>11.833978991955519</ele>
        <time>2025-10-04T01:03:01.900000Z</time>
        <extensions>
          <gpxtpx:TrackPointExtension>
            <gpxtpx:hr>89</gpxtpx:hr>
          </gpxtpx:TrackPointExtension>
        </extensions>
      </trkpt>
      <trkpt lat="32.387266376848046" lon="119.41863596717342">
        <ele>11.817220988683403</ele>
        <time>2025-10-04T01:03:02.900000Z</time>
        <extensions>
          <gpxtpx:TrackPointExtension>
            <gpxtpx:hr>89</gpxtpx:hr>
          </gpxtpx:TrackPointExtension>
        </extensions>
      </trkpt>
      <trkpt lat="32.38726481824849" lon="119.41864429159533">
        <ele>11.79939423315227</ele>
        <time>2025-10-04T01:03:03.900000Z</time>
        <extensions>
          <gpxtpx:TrackPointExtension>
            <gpxtpx:hr>89</gpxtpx:hr>
          </gpxtpx:TrackPointExtension>
        </extensions>
      </trkpt>
      <trkpt lat="32.38726431657012" lon="119.41865136169172">
        <ele>11.78066548332572</ele>
        <time>2025-10-04T01:03:04.900000Z</time>
        <extensions>
          <gpxtpx:TrackPointExtension>
            <gpxtpx:hr>89</gpxtpx:hr>
          </gpxtpx:TrackPointExtension>
        </extensions>
      </trkpt>
      <trkpt lat="32.387263817273045" lon="119.41866239069844">
        <ele>11.761205996386707</ele>
        <time>2025-10-04T01:03:05.900000Z</time>
        <extensions>
          <gpxtpx:TrackPointExtension>
            <gpxtpx:hr>89</gpxtpx:hr>
          </gpxtpx:TrackPointExtension>
        </extensions>
      </trkpt>
      <trkpt lat="32.38726209744887" lon="119.41868306377125">
        <ele>11.741371317766607</ele>
        <time>2025-10-04T01:03:06.900000Z</time>
        <extensions>
          <gpxtpx:TrackPointExtension>
            <gpxtpx:hr>89</gpxtpx:hr>
          </gpxtpx:TrackPointExtension>
        </extensions>
      </trkpt>
      <trkpt lat="32.3872602474164" lon="119.41871407804398">
        <ele>11.721058180555701</ele>
        <time>2025-10-04T01:03:07.900000Z</time>
        <extensions>
          <gpxtpx:TrackPointExtension>
            <gpxtpx:hr>89</gpxtpx:hr>
          </gpxtpx:TrackPointExtension>
        </extensions>
      </trkpt>
      <trkpt lat="32.387260922511196" lon="119.41875528092706">
        <ele>11.700395896099508</ele>
        <time>2025-10-04T01:03:08.900000Z</time>
        <extensions>
          <gpxtpx:TrackPointExtension>
            <gpxtpx:hr>89</gpxtpx:hr>
          </gpxtpx:TrackPointExtension>
        </extensions>
      </trkpt>
      <trkpt lat="32.38726422551428" lon="119.41880512409406">
        <ele>11.679418282583356</ele>
        <time>2025-10-04T01:03:09.900000Z</time>
        <extensions>
          <gpxtpx:TrackPointExtension>
            <gpxtpx:hr>89</gpxtpx:hr>
          </gpxtpx:TrackPointExtension>
        </extensions>
      </trkpt>
      <trkpt lat="32.38726943611936" lon="119.41886019535308">
        <ele>11.658425714820623</ele>
        <time>2025-10-04T01:03:10.900000Z</time>
        <extensions>
          <gpxtpx:TrackPointExtension>
            <gpxtpx:hr>89</gpxtpx:hr>
          </gpxtpx:TrackPointExtension>
        </extensions>
      </trkpt>
      <trkpt lat="32.38727466002508" lon="119.41891803288193">
        <ele>11.637205675244331</ele>
        <time>2025-10-04T01:03:11.900000Z</time>
        <extensions>
          <gpxtpx:TrackPointExtension>
            <gpxtpx:hr>89</gpxtpx:hr>
          </gpxtpx:TrackPointExtension>
        </extensions>
      </trkpt>
      <trkpt lat="32.38727924425084" lon="119.41897322917642">
        <ele>11.615898086689413</ele>
        <time>2025-10-04T01:03:12.900000Z</time>
      </trkpt>
      <trkpt lat="32.38728490721412" lon="119.41902395609208">
        <ele>11.594435344450176</ele>
        <time>2025-10-04T01:03:13.900000Z</time>
      </trkpt>
      <trkpt lat="32.387290560585136" lon="119.41907373239373">
        <ele>11.572969123721123</ele>
        <time>2025-10-04T01:03:14.900000Z</time>
      </trkpt>
      <trkpt lat="32.38729644083833" lon="119.41912277422831">
        <ele>11.551589962095022</ele>
        <time>2025-10-04T01:03:15.900000Z</time>
      </trkpt>
      <trkpt lat="32.38730397632247" lon="119.4191735676889">
        <ele>11.53040993399918</ele>
        <time>2025-10-04T01:03:16.900000Z</time>
      </trkpt>
      <trkpt lat="32.38731135610224" lon="119.4192308900896">
        <ele>11.50957182329148</ele>
        <time>2025-10-04T01:03:17.900000Z</time>
      </trkpt>
      <trkpt lat="32.387316909623024" lon="119.41929364659711">
        <ele>11.489208960905671</ele>
        <time>2025-10-04T01:03:18.900000Z</time>
      </trkpt>
      <trkpt lat="32.387320103994654" lon="119.41935777443965">
        <ele>11.46940995939076</ele>
        <time>2025-10-04T01:03:19.900000Z</time>
      </trkpt>
      <trkpt lat="32.38732138696657" lon="119.41941983601274">
        <ele>11.450365436263382</ele>
        <time>2025-10-04T01:03:20.900000Z</time>
      </trkpt>
      <trkpt lat="32.38732367678223" lon="119.41947854532783">
        <ele>11.432154363952577</ele>
        <time>2025-10-04T01:03:21.900000Z</time>
      </trkpt>
      <trkpt lat="32.38732707575633" lon="119.41953519966378">
        <ele>11.414867136627436</ele>
        <time>2025-10-04T01:03:22.900000Z</time>
      </trkpt>
      <trkpt lat="32.38732974204138" lon="119.41959171467998">
        <ele>11.398451658897102</ele>
        <time>2025-10-04T01:03:23.900000Z</time>
      </trkpt>
      <trkpt lat="32.38733189757536" lon="119.41964765362266">
        <ele>11.382864397019148</ele>
        <time>2025-10-04T01:03:24.900000Z</time>
      </trkpt>
      <trkpt lat="32.38733330184632" lon="119.41970214551992">
        <ele>11.368043496273458</ele>
        <time>2025-10-04T01:03:25.900000Z</time>
      </trkpt>
      <trkpt lat="32.38733428929432" lon="119.41975713279969">
        <ele>11.353837508708239</ele>
        <time>2025-10-04T01:03:26.900000Z</time>
        <extensions>
          <gpxtpx:TrackPointExtension>
            <gpxtpx:hr>86</gpxtpx:hr>
          </gpxtpx:TrackPointExtension>
        </extensions>
      </trkpt>
      <trkpt lat="32.38733614146196" lon="119.41981273789217">
        <ele>11.340355219319463</ele>
        <time>2025-10-04T01:03:27.900000Z</time>
        <extensions>
          <gpxtpx:TrackPointExtension>
            <gpxtpx:hr>86</gpxtpx:hr>
          </gpxtpx:TrackPointExtension>
        </extensions>
      </trkpt>
      <trkpt lat="32.38733859129306" lon="119.4198688366473">
        <ele>11.327646693214774</ele>
        <time>2025-10-04T01:03:28.900000Z</time>
        <extensions>
          <gpxtpx:TrackPointExtension>
            <gpxtpx:hr>86</gpxtpx:hr>
          </gpxtpx:TrackPointExtension>
        </extensions>
      </trkpt>
      <trkpt lat="32.387341591600745" lon="119.41992863270545">
        <ele>11.315759553574026</ele>
        <time>2025-10-04T01:03:29.900000Z</time>
        <extensions>
          <gpxtpx:TrackPointExtension>
            <gpxtpx:hr>86</gpxtpx:hr>
          </gpxtpx:TrackPointExtension>
        </extensions>
      </trkpt>
      <trkpt lat="32.38734538957805" lon="119.41999148136834">
        <ele>11.304745592176914</ele>
        <time>2025-10-04T01:03:30.900000Z</time>
        <extensions>
          <gpxtpx:TrackPointExtension>
            <gpxtpx:hr>86</gpxtpx:hr>
          </gpxtpx:TrackPointExtension>
        </extensions>
      </trkpt>
      <trkpt lat="32.38734837992657" lon="119.4200538359813">
        <ele>11.294638550840318</ele>
        <time>2025-10-04T01:03:31.900000Z</time>
        <extensions>
          <gpxtpx:TrackPointExtension>
            <gpxtpx:hr>86</gpxtpx:hr>
          </gpxtpx:TrackPointExtension>
        </extensions>
      </trkpt>
      <trkpt lat="32.38735071198302" lon="119.42011424225846">
        <ele>11.285456150770187</ele>
        <time>2025-10-04T01:03:32.900000Z</time>
        <extensions>
          <gpxtpx:TrackPointExtension>
            <gpxtpx:hr>86</gpxtpx:hr>
          </gpxtpx:TrackPointExtension>
        </extensions>
      </trkpt>
      <trkpt lat="32.38735404959669" lon="119.42017162621148">
        <ele>11.277201465331018</ele>
        <time>2025-10-04T01:03:33.900000Z</time>
        <extensions>
          <gpxtpx:TrackPointExtension>
            <gpxtpx:hr>86</gpxtpx:hr>
          </gpxtpx:TrackPointExtension>
        </extensions>
      </trkpt>
      <trkpt lat="32.3873579794134" lon="119.42022850692163">
        <ele>11.269863368012011</ele>
        <time>2025-10-04T01:03:34.900000Z</time>
        <extensions>
          <gpxtpx:TrackPointExtension>
            <gpxtpx:hr>86</gpxtpx:hr>
          </gpxtpx:TrackPointExtension>
        </extensions>
      </trkpt>
      <trkpt lat="32.38736143183328" lon="119.42028738699783">
        <ele>11.263350556604564</ele>
        <time>2025-10-04T01:03:35.900000Z</time>
        <extensions>
          <gpxtpx:TrackPointExtension>
            <gpxtpx:hr>86</gpxtpx:hr>
          </gpxtpx:TrackPointExtension>
        </extensions>
      </trkpt>
      <trkpt lat="32.38736439959942" lon="119.42034652441885">
        <ele>11.25827949680388</ele>
        <time>2025-10-04T01:03:36.900000Z</time>
        <extensions>
          <gpxtpx:TrackPointExtension>
            <gpxtpx:hr>86</gpxtpx:hr>
          </gpxtpx:TrackPointExtension>
        </extensions>
      </trkpt>
      <trkpt lat="32.38736720298179" lon="119.42040258568208">
        <ele>11.253953238017857</ele>
        <time>2025-10-04T01:03:37.900000Z</time>
        <extensions>
          <gpxtpx:TrackPointExtension>
            <gpxtpx:hr>86</gpxtpx:hr>
          </gpxtpx:TrackPointExtension>
        </extensions>
      </trkpt>
      <trkpt lat="32.387369668792516" lon="119.42045228218718">
        <ele>11.250378445722163</ele>
        <time>2025-10-04T01:03:38.900000Z</time>
        <extensions>
          <gpxtpx:TrackPointExtension>
            <gpxtpx:hr>86</gpxtpx:hr>
          </gpxtpx:TrackPointExtension>
        </extensions>
      </trkpt>
      <trkpt lat="32.38737193827401" lon="119.42049794540975">
        <ele>11.247679790481925</ele>
        <time>2025-10-04T01:03:39.900000Z</time>
        <extensions>
          <gpxtpx:TrackPointExtension>
            <gpxtpx:hr>88</gpxtpx:hr>
          </gpxtpx:TrackPointExtension>
        </extensions>
      </trkpt>
      <trkpt lat="32.38737489125006" lon="119.420542351967">
        <ele>11.245721808634698</ele>
        <time>2025-10-04T01:03:40.900000Z</time>
        <extensions>
          <gpxtpx:TrackPointExtension>
            <gpxtpx:hr>88</gpxtpx:hr>
          </gpxtpx:TrackPointExtension>
        </extensions>
      </trkpt>
      <trkpt lat="32.3873774806074" lon="119.42058302879731">
        <ele>11.244233186356723</ele>
        <time>2025-10-04T01:03:41.900000Z</time>
        <extensions>
          <gpxtpx:TrackPointExtension>
            <gpxtpx:hr>88</gpxtpx:hr>
          </gpxtpx:TrackPointExtension>
        </extensions>
      </trkpt>
      <trkpt lat="32.387379850716556" lon="119.42061983211272">
        <ele>11.243064562790096</ele>
        <time>2025-10-04T01:03:42.900000Z</time>
        <extensions>
          <gpxtpx:TrackPointExtension>
            <gpxtpx:hr>89</gpxtpx:hr>
          </gpxtpx:TrackPointExtension>
        </extensions>
      </trkpt>
      <trkpt lat="32.387383007879606" lon="119.42065568520441">
        <ele>11.242155116982758</ele>
        <time>2025-10-04T01:03:43.900000Z</time>
        <extensions>
          <gpxtpx:TrackPointExtension>
            <gpxtpx:hr>89</gpxtpx:hr>
          </gpxtpx:TrackPointExtension>
        </extensions>
      </trkpt>
      <trkpt lat="32.387386992538566" lon="119.42069254624819">
        <ele>11.241432937793434</ele>
        <time>2025-10-04T01:03:44.900000Z</time>
        <extensions>
          <gpxtpx:TrackPointExtension>
            <gpxtpx:hr>89</gpxtpx:hr>
          </gpxtpx:TrackPointExtension>
        </extensions>
      </trkpt>
      <trkpt lat="32.38739251238419" lon="119.42072605641283">
        <ele>11.241551609709859</ele>
        <time>2025-10-04T01:03:45.900000Z</time>
        <extensions>
          <gpxtpx:TrackPointExtension>
            <gpxtpx:hr>89</gpxtpx:hr>
          </gpxtpx:TrackPointExtension>
        </extensions>
      </trkpt>
      <trkpt lat="32.38739748461157" lon="119.4207490927297">
        <ele>11.241105855442584</ele>
        <time>2025-10-04T01:03:46.900000Z</time>
        <extensions>
          <gpxtpx:TrackPointExtension>
            <gpxtpx:hr>89</gpxtpx:hr>
          </gpxtpx:TrackPointExtension>
        </extensions>
      </trkpt>
      <trkpt lat="32.38739981297482" lon="119.42075896175305">
        <ele>11.240701268427074</ele>
        <time>2025-10-04T01:03:47.900000Z</time>
        <extensions>
          <gpxtpx:TrackPointExtension>
            <gpxtpx:hr>89</gpxtpx:hr>
          </gpxtpx:TrackPointExtension>
        </extensions>
      </trkpt>
      <trkpt lat="32.38740046608922" lon="119.42076049534971">
        <ele>11.240298055112362</ele>
        <time>2025-10-04T01:03:48.900000Z</time>
        <extensions>
          <gpxtpx:TrackPointExtension>
            <gpxtpx:hr>89</gpxtpx:hr>
          </gpxtpx:TrackPointExtension>
        </extensions>
      </trkpt>
      <trkpt lat="32.387400561915314" lon="119.42075997519278">
        <ele>11.239925566129386</ele>
        <time>2025-10-04T01:03:49.900000Z</time>
        <extensions>
          <gpxtpx:TrackPointExtension>
            <gpxtpx:hr>89</gpxtpx:hr>
          </gpxtpx:TrackPointExtension>
        </extensions>
      </trkpt>
      <trkpt lat="32.38740044167637" lon="119.42075903940315">
        <ele>11.239589205011725</ele>
        <time>2025-10-04T01:03:50.900000Z</time>
        <extensions>
          <gpxtpx:TrackPointExtension>
            <gpxtpx:hr>89</gpxtpx:hr>
          </gpxtpx:TrackPointExtension>
        </extensions>
      </trkpt>
      <trkpt lat="32.3874003117104" lon="119.42075823618552">
        <ele>11.238534450531006</ele>
        <time>2025-10-04T01:03:51.900000Z</time>
        <extensions>
          <gpxtpx:TrackPointExtension>
            <gpxtpx:hr>89</gpxtpx:hr>
          </gpxtpx:TrackPointExtension>
        </extensions>
      </trkpt>
      <trkpt lat="32.38740036690166" lon="119.42075813213569">
        <ele>11.23721129540354</ele>
        <time>2025-10-04T01:03:52.900000Z</time>
        <extensions>
          <gpxtpx:TrackPointExtension>
            <gpxtpx:hr>89</gpxtpx:hr>
          </gpxtpx:TrackPointExtension>
        </extensions>
      </trkpt>
      <trkpt lat="32.38740092029647" lon="119.4207595300784">
        <ele>11.235204515047371</ele>
        <time>2025-10-04T01:03:53.900000Z</time>
      </trkpt>
      <trkpt lat="32.387401003160676" lon="119.4207609953766">
        <ele>11.23279636260122</ele>
        <time>2025-10-04T01:03:54.900000Z</time>
      </trkpt>
      <trkpt lat="32.387399964887365" lon="119.42076122541745">
        <ele>11.229949253611267</ele>
        <time>2025-10-04T01:03:55.900000Z</time>
      </trkpt>
      <trkpt lat="32.38739893326014" lon="119.42076085641538">
        <ele>11.226756773889065</ele>
        <time>2025-10-04T01:03:56.900000Z</time>
      </trkpt>
      <trkpt lat="32.38739821126354" lon="119.42076035597988">
        <ele>11.222356831654906</ele>
        <time>2025-10-04T01:03:57.900000Z</time>
      </trkpt>
      <trkpt lat="32.387397658558555" lon="119.42075985008027">
        <ele>11.217462205328047</ele>
        <time>2025-10-04T01:03:58.900000Z</time>
      </trkpt>
      <trkpt lat="32.38739733433956" lon="119.42075928870297">
        <ele>11.211828539147973</ele>
        <time>2025-10-04T01:03:59.900000Z</time>
      </trkpt>
      <trkpt lat="32.387396994134804" lon="119.42075888458554">
        <ele>11.205528475344181</ele>
        <time>2025-10-04T01:04:00.900000Z</time>
      </trkpt>
      <trkpt lat="32.38739668302249" lon="119.42075854925054">
        <ele>11.198444930836558</ele>
        <time>2025-10-04T01:04:01.900000Z</time>
      </trkpt>
      <trkpt lat="32.38739651708198" lon="119.42075825981979">
        <ele>11.190919724293053</ele>
        <time>2025-10-04T01:04:02.900000Z</time>
      </trkpt>
      <trkpt lat="32.38739639886704" lon="119.42075813328036">
        <ele>11.182663260027766</ele>
        <time>2025-10-04T01:04:03.900000Z</time>
      </trkpt>
      <trkpt lat="32.38739629748009" lon="119.42075804370847">
        <ele>11.174004953354597</ele>
        <time>2025-10-04T01:04:04.900000Z</time>
      </trkpt>
      <trkpt lat="32.387396235347026" lon="119.42075793243212">
        <ele>11.16483021620661</ele>
        <time>2025-10-04T01:04:05.900000Z</time>
      </trkpt>
      <trkpt lat="32.38739617967048" lon="119.42075785677913">
        <ele>11.155055075883865</ele>
        <time>2025-10-04T01:04:06.900000Z</time>
      </trkpt>
      <trkpt lat="32.387396054999655" lon="119.42075791345697">
        <ele>11.144723675213754</ele>
        <time>2025-10-04T01:04:07.900000Z</time>
      </trkpt>
      <trkpt lat="32.3873959119038" lon="119.42075802091935">
        <ele>11.133924298919737</ele>
        <time>2025-10-04T01:04:08.900000Z</time>
      </trkpt>
      <trkpt lat="32.38739584930201" lon="119.42075806901272">
        <ele>11.122254540212452</ele>
        <time>2025-10-04T01:04:09.900000Z</time>
      </trkpt>
      <trkpt lat="32.38739577700386" lon="119.42075825755697">
        <ele>11.110151825472713</ele>
        <time>2025-10-04T01:04:10.900000Z</time>
      </trkpt>
      <trkpt lat="32.387395726119735" lon="119.42075850912778">
        <ele>11.097962494008243</ele>
        <time>2025-10-04T01:04:11.900000Z</time>
      </trkpt>
      <trkpt lat="32.387395761493636" lon="119.42075868703515">
        <ele>11.085481929592788</ele>
        <time>2025-10-04T01:04:12.900000Z</time>
      </trkpt>
      <trkpt lat="32.387395834474816" lon="119.42075890283344">
        <ele>11.0726010017097</ele>
        <time>2025-10-04T01:04:13.900000Z</time>
      </trkpt>
      <trkpt lat="32.38739593538068" lon="119.42075919196657">
        <ele>11.059235201217234</ele>
        <time>2025-10-04T01:04:14.900000Z</time>
      </trkpt>
      <trkpt lat="32.387396062911016" lon="119.4207595670593">
        <ele>11.045519813895226</ele>
        <time>2025-10-04T01:04:15.900000Z</time>
      </trkpt>
      <trkpt lat="32.38739621381419" lon="119.42076003849836">
        <ele>11.03143595252186</ele>
        <time>2025-10-04T01:04:16.900000Z</time>
      </trkpt>
      <trkpt lat="32.38739638035417" lon="119.42076063497761">
        <ele>11.016890320926905</ele>
        <time>2025-10-04T01:04:17.900000Z</time>
      </trkpt>
      <trkpt lat="32.38739652812674" lon="119.42076144463283">
        <ele>11.002537064254284</ele>
        <time>2025-10-04T01:04:18.900000Z</time>
      </trkpt>
      <trkpt lat="32.387396692107046" lon="119.420762293007">
        <ele>10.987528685480356</ele>
        <time>2025-10-04T01:04:19.900000Z</time>
      </trkpt>
      <trkpt lat="32.387396916454506" lon="119.42076304908673">
        <ele>10.972136695869267</ele>
        <time>2025-10-04T01:04:20.900000Z</time>
      </trkpt>
      <trkpt lat="32.38739717674161" lon="119.42076386769763">
        <ele>10.956326864659786</ele>
        <time>2025-10-04T01:04:21.900000Z</time>
      </trkpt>
      <trkpt lat="32.387397473919535" lon="119.42076480166227">
        <ele>10.940780603326857</ele>
        <time>2025-10-04T01:04:22.900000Z</time>
      </trkpt>
      <trkpt lat="32.387397794525626" lon="119.4207658186477">
        <ele>10.924445656128228</ele>
        <time>2025-10-04T01:04:23.900000Z</time>
      </trkpt>
      <trkpt lat="32.38739811598719" lon="119.42076694092957">
        <ele>10.909035834483802</ele>
        <time>2025-10-04T01:04:24.900000Z</time>
      </trkpt>
      <trkpt lat="32.38739846776425" lon="119.42076879097517">
        <ele>10.893829272128642</ele>
        <time>2025-10-04T01:04:25.900000Z</time>
      </trkpt>
      <trkpt lat="32.38739878809299" lon="119.42077258498016">
        <ele>10.879964983090758</ele>
        <time>2025-10-04T01:04:26.900000Z</time>
      </trkpt>
      <trkpt lat="32.38739894077168" lon="119.42077820127702">
        <ele>10.866579500958323</ele>
        <time>2025-10-04T01:04:27.900000Z</time>
      </trkpt>
      <trkpt lat="32.38739852689623" lon="119.42078440649414">
        <ele>10.854377743788064</ele>
        <time>2025-10-04T01:04:28.900000Z</time>
      </trkpt>
      <trkpt lat="32.38739549915202" lon="119.42079312654609">
        <ele>10.84374125674367</ele>
        <time>2025-10-04T01:04:29.900000Z</time>
      </trkpt>
      <trkpt lat="32.38739219233885" lon="119.4208102070384">
        <ele>10.834543126635253</ele>
        <time>2025-10-04T01:04:30.900000Z</time>
      </trkpt>
      <trkpt lat="32.38739302150027" lon="119.42084089346758">
        <ele>10.827534691430628</ele>
        <time>2025-10-04T01:04:31.900000Z</time>
        <extensions>
          <gpxtpx:TrackPointExtension>
            <gpxtpx:hr>89</gpxtpx:hr>
          </gpxtpx:TrackPointExtension>
        </extensions>
      </trkpt>
      <trkpt lat="32.38739774756575" lon="119.42088422157947">
        <ele>10.822111287154257</ele>
        <time>2025-10-04T01:04:32.900000Z</time>
        <extensions>
          <gpxtpx:TrackPointExtension>
            <gpxtpx:hr>89</gpxtpx:hr>
          </gpxtpx:TrackPointExtension>
        </extensions>
      </trkpt>
      <trkpt lat="32.387405016410234" lon="119.42093568515484">
        <ele>10.81894787400961</ele>
        <time>2025-10-04T01:04:33.900000Z</time>
        <extensions>
          <gpxtpx:TrackPointExtension>
            <gpxtpx:hr>89</gpxtpx:hr>
          </gpxtpx:TrackPointExtension>
        </extensions>
      </trkpt>
      <trkpt lat="32.38741295069133" lon="119.42099241560499">
        <ele>10.817812628112733</ele>
        <time>2025-10-04T01:04:34.900000Z</time>
        <extensions>
          <gpxtpx:TrackPointExtension>
            <gpxtpx:hr>89</gpxtpx:hr>
          </gpxtpx:TrackPointExtension>
        </extensions>
      </trkpt>
      <trkpt lat="32.387419088271635" lon="119.42105010287287">
        <ele>10.81903162971139</ele>
        <time>2025-10-04T01:04:35.900000Z</time>
        <extensions>
          <gpxtpx:TrackPointExtension>
            <gpxtpx:hr>89</gpxtpx:hr>
          </gpxtpx:TrackPointExtension>
        </extensions>
      </trkpt>
      <trkpt lat="32.3874226938673" lon="119.42110547175034">
        <ele>10.822193869389594</ele>
        <time>2025-10-04T01:04:36.900000Z</time>
        <extensions>
          <gpxtpx:TrackPointExtension>
            <gpxtpx:hr>89</gpxtpx:hr>
          </gpxtpx:TrackPointExtension>
        </extensions>
      </trkpt>
      <trkpt lat="32.38742572100084" lon="119.42115764486925">
        <ele>10.826853457838297</ele>
        <time>2025-10-04T01:04:37.900000Z</time>
        <extensions>
          <gpxtpx:TrackPointExtension>
            <gpxtpx:hr>89</gpxtpx:hr>
          </gpxtpx:TrackPointExtension>
        </extensions>
      </trkpt>
      <trkpt lat="32.38742816713016" lon="119.42120811548696">
        <ele>10.83320795558393</ele>
        <time>2025-10-04T01:04:38.900000Z</time>
        <extensions>
          <gpxtpx:TrackPointExtension>
            <gpxtpx:hr>89</gpxtpx:hr>
          </gpxtpx:TrackPointExtension>
        </extensions>
      </trkpt>
      <trkpt lat="32.38743071852148" lon="119.42125914301633">
        <ele>10.841313069686294</ele>
        <time>2025-10-04T01:04:39.900000Z</time>
        <extensions>
          <gpxtpx:TrackPointExtension>
            <gpxtpx:hr>89</gpxtpx:hr>
          </gpxtpx:TrackPointExtension>
        </extensions>
      </trkpt>
      <trkpt lat="32.387433101374995" lon="119.42131246209614">
        <ele>10.850781012326479</ele>
        <time>2025-10-04T01:04:40.900000Z</time>
        <extensions>
          <gpxtpx:TrackPointExtension>
            <gpxtpx:hr>89</gpxtpx:hr>
          </gpxtpx:TrackPointExtension>
        </extensions>
      </trkpt>
      <trkpt lat="32.387436396513664" lon="119.42136975058807">
        <ele>10.861403387971222</ele>
        <time>2025-10-04T01:04:41.900000Z</time>
        <extensions>
          <gpxtpx:TrackPointExtension>
            <gpxtpx:hr>89</gpxtpx:hr>
          </gpxtpx:TrackPointExtension>
        </extensions>
      </trkpt>
      <trkpt lat="32.38744288357271" lon="119.42142711018943">
        <ele>10.872934462502599</ele>
        <time>2025-10-04T01:04:42.900000Z</time>
        <extensions>
          <gpxtpx:TrackPointExtension>
            <gpxtpx:hr>89</gpxtpx:hr>
          </gpxtpx:TrackPointExtension>
        </extensions>
      </trkpt>
      <trkpt lat="32.38744917606572" lon="119.4214826436458">
        <ele>10.885065956041217</ele>
        <time>2025-10-04T01:04:43.900000Z</time>
        <extensions>
          <gpxtpx:TrackPointExtension>
            <gpxtpx:hr>89</gpxtpx:hr>
          </gpxtpx:TrackPointExtension>
        </extensions>
      </trkpt>
      <trkpt lat="32.38745411526025" lon="119.42153985573417">
        <ele>10.897239132784307</ele>
        <time>2025-10-04T01:04:44.900000Z</time>
        <extensions>
          <gpxtpx:TrackPointExtension>
            <gpxtpx:hr>89</gpxtpx:hr>
          </gpxtpx:TrackPointExtension>
        </extensions>
      </trkpt>
      <trkpt lat="32.38745876831582" lon="119.421597775933">
        <ele>10.909777314402163</ele>
        <time>2025-10-04T01:04:45.900000Z</time>
        <extensions>
          <gpxtpx:TrackPointExtension>
            <gpxtpx:hr>89</gpxtpx:hr>
          </gpxtpx:TrackPointExtension>
        </extensions>
      </trkpt>
      <trkpt lat="32.38746205131765" lon="119.42165328823128">
        <ele>10.921991060487926</ele>
        <time>2025-10-04T01:04:46.900000Z</time>
        <extensions>
          <gpxtpx:TrackPointExtension>
            <gpxtpx:hr>89</gpxtpx:hr>
          </gpxtpx:TrackPointExtension>
        </extensions>
      </trkpt>
      <trkpt lat="32.387464501132754" lon="119.42170605040668">
        <ele>10.93383925408125</ele>
        <time>2025-10-04T01:04:47.900000Z</time>
        <extensions>
          <gpxtpx:TrackPointExtension>
            <gpxtpx:hr>88</gpxtpx:hr>
          </gpxtpx:TrackPointExtension>
        </extensions>
      </trkpt>
      <trkpt lat="32.38746616560514" lon="119.42175877280128">
        <ele>10.945221715606749</ele>
        <time>2025-10-04T01:04:48.900000Z</time>
        <extensions>
          <gpxtpx:TrackPointExtension>
            <gpxtpx:hr>88</gpxtpx:hr>
          </gpxtpx:TrackPointExtension>
        </extensions>
      </trkpt>
      <trkpt lat="32.38746688951646" lon="119.42181244758783">
        <ele>10.95576046500355</ele>
        <time>2025-10-04T01:04:49.900000Z</time>
        <extensions>
          <gpxtpx:TrackPointExtension>
            <gpxtpx:hr>88</gpxtpx:hr>
          </gpxtpx:TrackPointExtension>
        </extensions>
      </trkpt>
      <trkpt lat="32.38747023291256" lon="119.42186720580594">
        <ele>10.965121899731457</ele>
        <time>2025-10-04T01:04:50.900000Z</time>
        <extensions>
          <gpxtpx:TrackPointExtension>
            <gpxtpx:hr>88</gpxtpx:hr>
          </gpxtpx:TrackPointExtension>
        </extensions>
      </trkpt>
      <trkpt lat="32.387476684352855" lon="119.42192396628441">
        <ele>10.973817059770226</ele>
        <time>2025-10-04T01:04:51.900000Z</time>
        <extensions>
          <gpxtpx:TrackPointExtension>
            <gpxtpx:hr>88</gpxtpx:hr>
          </gpxtpx:TrackPointExtension>
        </extensions>
      </trkpt>
      <trkpt lat="32.38748338218449" lon="119.42198343524112">
        <ele>10.981631551869214</ele>
        <time>2025-10-04T01:04:52.900000Z</time>
        <extensions>
          <gpxtpx:TrackPointExtension>
            <gpxtpx:hr>83</gpxtpx:hr>
          </gpxtpx:TrackPointExtension>
        </extensions>
      </trkpt>
      <trkpt lat="32.387487756438915" lon="119.42204760180483">
        <ele>10.987963047809899</ele>
        <time>2025-10-04T01:04:53.900000Z</time>
        <extensions>
          <gpxtpx:TrackPointExtension>
            <gpxtpx:hr>83</gpxtpx:hr>
          </gpxtpx:TrackPointExtension>
        </extensions>
      </trkpt>
      <trkpt lat="32.38748797888211" lon="119.42211296995735">
        <ele>10.993040825240314</ele>
        <time>2025-10-04T01:04:54.900000Z</time>
        <extensions>
          <gpxtpx:TrackPointExtension>
            <gpxtpx:hr>83</gpxtpx:hr>
          </gpxtpx:TrackPointExtension>
        </extensions>
      </trkpt>
      <trkpt lat="32.38748723593197" lon="119.42217599288486">
        <ele>10.996997280977666</ele>
        <time>2025-10-04T01:04:55.900000Z</time>
        <extensions>
          <gpxtpx:TrackPointExtension>
            <gpxtpx:hr>83</gpxtpx:hr>
          </gpxtpx:TrackPointExtension>
        </extensions>
      </trkpt>
      <trkpt lat="32.38748871600568" lon="119.42223832717991">
        <ele>10.999516832642257</ele>
        <time>2025-10-04T01:04:56.900000Z</time>
        <extensions>
          <gpxtpx:TrackPointExtension>
            <gpxtpx:hr>83</gpxtpx:hr>
          </gpxtpx:TrackPointExtension>
        </extensions>
      </trkpt>
      <trkpt lat="32.387491834131595" lon="119.42229946926324">
        <ele>11.000748454593122</ele>
        <time>2025-10-04T01:04:57.900000Z</time>
        <extensions>
          <gpxtpx:TrackPointExtension>
            <gpxtpx:hr>83</gpxtpx:hr>
          </gpxtpx:TrackPointExtension>
        </extensions>
      </trkpt>
      <trkpt lat="32.38749470598727" lon="119.42235791716598">
        <ele>11.000710834749043</ele>
        <time>2025-10-04T01:04:58.900000Z</time>
        <extensions>
          <gpxtpx:TrackPointExtension>
            <gpxtpx:hr>83</gpxtpx:hr>
          </gpxtpx:TrackPointExtension>
        </extensions>
      </trkpt>
      <trkpt lat="32.38749662119067" lon="119.4224139301764">
        <ele>10.999041771516204</ele>
        <time>2025-10-04T01:04:59.900000Z</time>
        <extensions>
          <gpxtpx:TrackPointExtension>
            <gpxtpx:hr>83</gpxtpx:hr>
          </gpxtpx:TrackPointExtension>
        </extensions>
      </trkpt>
      <trkpt lat="32.387499321618115" lon="119.42246853059814">
        <ele>10.995998858474195</ele>
        <time>2025-10-04T01:05:00.900000Z</time>
        <extensions>
          <gpxtpx:TrackPointExtension>
            <gpxtpx:hr>83</gpxtpx:hr>
          </gpxtpx:TrackPointExtension>
        </extensions>
      </trkpt>
      <trkpt lat="32.38750246657555" lon="119.42252263414338">
        <ele>10.991886572912335</ele>
        <time>2025-10-04T01:05:01.900000Z</time>
        <extensions>
          <gpxtpx:TrackPointExtension>
            <gpxtpx:hr>83</gpxtpx:hr>
          </gpxtpx:TrackPointExtension>
        </extensions>
      </trkpt>
      <trkpt lat="32.38750516841938" lon="119.42257425029214">
        <ele>10.986516322940588</ele>
        <time>2025-10-04T01:05:02.900000Z</time>
        <extensions>
          <gpxtpx:TrackPointExtension>
            <gpxtpx:hr>83</gpxtpx:hr>
          </gpxtpx:TrackPointExtension>
        </extensions>
      </trkpt>
      <trkpt lat="32.38750831015725" lon="119.42262266394927">
        <ele>10.980243094265461</ele>
        <time>2025-10-04T01:05:03.900000Z</time>
        <extensions>
          <gpxtpx:TrackPointExtension>
            <gpxtpx:hr>83</gpxtpx:hr>
          </gpxtpx:TrackPointExtension>
        </extensions>
      </trkpt>
      <trkpt lat="32.38751216495151" lon="119.42267112131135">
        <ele>10.973364354111254</ele>
        <time>2025-10-04T01:05:04.900000Z</time>
        <extensions>
          <gpxtpx:TrackPointExtension>
            <gpxtpx:hr>83</gpxtpx:hr>
          </gpxtpx:TrackPointExtension>
        </extensions>
      </trkpt>
      <trkpt lat="32.38751669735177" lon="119.42272335589651">
        <ele>10.966176684945822</ele>
        <time>2025-10-04T01:05:05.900000Z</time>
        <extensions>
          <gpxtpx:TrackPointExtension>
            <gpxtpx:hr>83</gpxtpx:hr>
          </gpxtpx:TrackPointExtension>
        </extensions>
      </trkpt>
      <trkpt lat="32.38752033659802" lon="119.4227777682023">
        <ele>10.959037282504141</ele>
        <time>2025-10-04T01:05:06.900000Z</time>
        <extensions>
          <gpxtpx:TrackPointExtension>
            <gpxtpx:hr>83</gpxtpx:hr>
          </gpxtpx:TrackPointExtension>
        </extensions>
      </trkpt>
      <trkpt lat="32.38752243805736" lon="119.42283022076506">
        <ele>10.952565745450556</ele>
        <time>2025-10-04T01:05:07.900000Z</time>
        <extensions>
          <gpxtpx:TrackPointExtension>
            <gpxtpx:hr>82</gpxtpx:hr>
          </gpxtpx:TrackPointExtension>
        </extensions>
      </trkpt>
      <trkpt lat="32.38752474971534" lon="119.42287777118752">
        <ele>10.946413333527744</ele>
        <time>2025-10-04T01:05:08.900000Z</time>
        <extensions>
          <gpxtpx:TrackPointExtension>
            <gpxtpx:hr>82</gpxtpx:hr>
          </gpxtpx:TrackPointExtension>
        </extensions>
      </trkpt>
      <trkpt lat="32.387527618664286" lon="119.4229194514289">
        <ele>10.941458670422435</ele>
        <time>2025-10-04T01:05:09.900000Z</time>
        <extensions>
          <gpxtpx:TrackPointExtension>
            <gpxtpx:hr>82</gpxtpx:hr>
          </gpxtpx:TrackPointExtension>
        </extensions>
      </trkpt>
      <trkpt lat="32.38753084087906" lon="119.42295698867156">
        <ele>10.937877997756004</ele>
        <time>2025-10-04T01:05:10.900000Z</time>
        <extensions>
          <gpxtpx:TrackPointExtension>
            <gpxtpx:hr>82</gpxtpx:hr>
          </gpxtpx:TrackPointExtension>
        </extensions>
      </trkpt>
      <trkpt lat="32.387533325357765" lon="119.42299242186743">
        <ele>10.935973853804171</ele>
        <time>2025-10-04T01:05:11.900000Z</time>
        <extensions>
          <gpxtpx:TrackPointExtension>
            <gpxtpx:hr>82</gpxtpx:hr>
          </gpxtpx:TrackPointExtension>
        </extensions>
      </trkpt>
      <trkpt lat="32.38753524113607" lon="119.42303093070747">
        <ele>10.935465317219496</ele>
        <time>2025-10-04T01:05:12.900000Z</time>
        <extensions>
          <gpxtpx:TrackPointExtension>
            <gpxtpx:hr>81</gpxtpx:hr>
          </gpxtpx:TrackPointExtension>
        </extensions>
      </trkpt>
      <trkpt lat="32.38753887203349" lon="119.42307690644232">
        <ele>10.935709981247783</ele>
        <time>2025-10-04T01:05:13.900000Z</time>
        <extensions>
          <gpxtpx:TrackPointExtension>
            <gpxtpx:hr>81</gpxtpx:hr>
          </gpxtpx:TrackPointExtension>
        </extensions>
      </trkpt>
      <trkpt lat="32.3875440633521" lon="119.42313098575471">
        <ele>10.937927633523941</ele>
        <time>2025-10-04T01:05:14.900000Z</time>
        <extensions>
          <gpxtpx:TrackPointExtension>
            <gpxtpx:hr>81</gpxtpx:hr>
          </gpxtpx:TrackPointExtension>
        </extensions>
      </trkpt>
      <trkpt lat="32.38754869640017" lon="119.42319006696148">
        <ele>10.942036909982562</ele>
        <time>2025-10-04T01:05:15.900000Z</time>
        <extensions>
          <gpxtpx:TrackPointExtension>
            <gpxtpx:hr>80</gpxtpx:hr>
          </gpxtpx:TrackPointExtension>
        </extensions>
      </trkpt>
      <trkpt lat="32.38755286277499" lon="119.42324981160527">
        <ele>10.948318514041603</ele>
        <time>2025-10-04T01:05:16.900000Z</time>
        <extensions>
          <gpxtpx:TrackPointExtension>
            <gpxtpx:hr>80</gpxtpx:hr>
          </gpxtpx:TrackPointExtension>
        </extensions>
      </trkpt>
      <trkpt lat="32.387556023596794" lon="119.42330669002357">
        <ele>10.956972385756671</ele>
        <time>2025-10-04T01:05:17.900000Z</time>
        <extensions>
          <gpxtpx:TrackPointExtension>
            <gpxtpx:hr>80</gpxtpx:hr>
          </gpxtpx:TrackPointExtension>
        </extensions>
      </trkpt>
      <trkpt lat="32.38755760329994" lon="119.42336061086206">
        <ele>10.967965833842754</ele>
        <time>2025-10-04T01:05:18.900000Z</time>
        <extensions>
          <gpxtpx:TrackPointExtension>
            <gpxtpx:hr>80</gpxtpx:hr>
          </gpxtpx:TrackPointExtension>
        </extensions>
      </trkpt>
      <trkpt lat="32.387557596948064" lon="119.42341582010135">
        <ele>10.981581553816795</ele>
        <time>2025-10-04T01:05:19.900000Z</time>
        <extensions>
          <gpxtpx:TrackPointExtension>
            <gpxtpx:hr>80</gpxtpx:hr>
          </gpxtpx:TrackPointExtension>
        </extensions>
      </trkpt>
      <trkpt lat="32.387555074580135" lon="119.42347468291021">
        <ele>10.997673100791872</ele>
        <time>2025-10-04T01:05:20.900000Z</time>
        <extensions>
          <gpxtpx:TrackPointExtension>
            <gpxtpx:hr>80</gpxtpx:hr>
          </gpxtpx:TrackPointExtension>
        </extensions>
      </trkpt>
      <trkpt lat="32.387553391294404" lon="119.42353572888368">
        <ele>11.016151661984622</ele>
        <time>2025-10-04T01:05:21.900000Z</time>
        <extensions>
          <gpxtpx:TrackPointExtension>
            <gpxtpx:hr>80</gpxtpx:hr>
          </gpxtpx:TrackPointExtension>
        </extensions>
      </trkpt>
      <trkpt lat="32.38755529362054" lon="119.42359521372265">
        <ele>11.037066949531436</ele>
        <time>2025-10-04T01:05:22.900000Z</time>
        <extensions>
          <gpxtpx:TrackPointExtension>
            <gpxtpx:hr>86</gpxtpx:hr>
          </gpxtpx:TrackPointExtension>
        </extensions>
      </trkpt>
      <trkpt lat="32.38755982102576" lon="119.4236508170949">
        <ele>11.060242466628551</ele>
        <time>2025-10-04T01:05:23.900000Z</time>
        <extensions>
          <gpxtpx:TrackPointExtension>
            <gpxtpx:hr>86</gpxtpx:hr>
          </gpxtpx:TrackPointExtension>
        </extensions>
      </trkpt>
      <trkpt lat="32.38756549358156" lon="119.42370291272812">
        <ele>11.085477564483881</ele>
        <time>2025-10-04T01:05:24.900000Z</time>
        <extensions>
          <gpxtpx:TrackPointExtension>
            <gpxtpx:hr>86</gpxtpx:hr>
          </gpxtpx:TrackPointExtension>
        </extensions>
      </trkpt>
      <trkpt lat="32.38757050838928" lon="119.42375327188998">
        <ele>11.11327001824975</ele>
        <time>2025-10-04T01:05:25.900000Z</time>
        <extensions>
          <gpxtpx:TrackPointExtension>
            <gpxtpx:hr>86</gpxtpx:hr>
          </gpxtpx:TrackPointExtension>
        </extensions>
      </trkpt>
      <trkpt lat="32.3875734113149" lon="119.423804096934">
        <ele>11.142750035971403</ele>
        <time>2025-10-04T01:05:26.900000Z</time>
        <extensions>
          <gpxtpx:TrackPointExtension>
            <gpxtpx:hr>86</gpxtpx:hr>
          </gpxtpx:TrackPointExtension>
        </extensions>
      </trkpt>
      <trkpt lat="32.38757620760169" lon="119.42385660894605">
        <ele>11.17374359536916</ele>
        <time>2025-10-04T01:05:27.900000Z</time>
        <extensions>
          <gpxtpx:TrackPointExtension>
            <gpxtpx:hr>86</gpxtpx:hr>
          </gpxtpx:TrackPointExtension>
        </extensions>
      </trkpt>
      <trkpt lat="32.38757873471435" lon="119.4239099548591">
        <ele>11.206641930155456</ele>
        <time>2025-10-04T01:05:28.900000Z</time>
        <extensions>
          <gpxtpx:TrackPointExtension>
            <gpxtpx:hr>86</gpxtpx:hr>
          </gpxtpx:TrackPointExtension>
        </extensions>
      </trkpt>
      <trkpt lat="32.387579914036486" lon="119.42396178416091">
        <ele>11.240161909721792</ele>
        <time>2025-10-04T01:05:29.900000Z</time>
        <extensions>
          <gpxtpx:TrackPointExtension>
            <gpxtpx:hr>86</gpxtpx:hr>
          </gpxtpx:TrackPointExtension>
        </extensions>
      </trkpt>
      <trkpt lat="32.38758241541691" lon="119.42401155275431">
        <ele>11.27485049329698</ele>
        <time>2025-10-04T01:05:30.900000Z</time>
        <extensions>
          <gpxtpx:TrackPointExtension>
            <gpxtpx:hr>86</gpxtpx:hr>
          </gpxtpx:TrackPointExtension>
        </extensions>
      </trkpt>
      <trkpt lat="32.38758594328762" lon="119.42406194612288">
        <ele>11.310584520921111</ele>
        <time>2025-10-04T01:05:31.900000Z</time>
        <extensions>
          <gpxtpx:TrackPointExtension>
            <gpxtpx:hr>88</gpxtpx:hr>
          </gpxtpx:TrackPointExtension>
        </extensions>
      </trkpt>
      <trkpt lat="32.387590732707665" lon="119.42411636278382">
        <ele>11.346908348612487</ele>
        <time>2025-10-04T01:05:32.900000Z</time>
        <extensions>
          <gpxtpx:TrackPointExtension>
            <gpxtpx:hr>88</gpxtpx:hr>
          </gpxtpx:TrackPointExtension>
        </extensions>
      </trkpt>
      <trkpt lat="32.38759756059565" lon="119.42417539747825">
        <ele>11.384175132028759</ele>
        <time>2025-10-04T01:05:33.900000Z</time>
        <extensions>
          <gpxtpx:TrackPointExtension>
            <gpxtpx:hr>88</gpxtpx:hr>
          </gpxtpx:TrackPointExtension>
        </extensions>
      </trkpt>
      <trkpt lat="32.38760468045214" lon="119.42423498798783">
        <ele>11.421918439678848</ele>
        <time>2025-10-04T01:05:34.900000Z</time>
        <extensions>
          <gpxtpx:TrackPointExtension>
            <gpxtpx:hr>88</gpxtpx:hr>
          </gpxtpx:TrackPointExtension>
        </extensions>
      </trkpt>
      <trkpt lat="32.387610294049594" lon="119.42428843334739">
        <ele>11.459927661344409</ele>
        <time>2025-10-04T01:05:35.900000Z</time>
        <extensions>
          <gpxtpx:TrackPointExtension>
            <gpxtpx:hr>88</gpxtpx:hr>
          </gpxtpx:TrackPointExtension>
        </extensions>
      </trkpt>
      <trkpt lat="32.387612959488244" lon="119.42433260386154">
        <ele>11.498010694049299</ele>
        <time>2025-10-04T01:05:36.900000Z</time>
        <extensions>
          <gpxtpx:TrackPointExtension>
            <gpxtpx:hr>88</gpxtpx:hr>
          </gpxtpx:TrackPointExtension>
        </extensions>
      </trkpt>
      <trkpt lat="32.38761281233014" lon="119.42436870989133">
        <ele>11.5365089494735</ele>
        <time>2025-10-04T01:05:37.900000Z</time>
        <extensions>
          <gpxtpx:TrackPointExtension>
            <gpxtpx:hr>88</gpxtpx:hr>
          </gpxtpx:TrackPointExtension>
        </extensions>
      </trkpt>
      <trkpt lat="32.38761347835019" lon="119.42440199075182">
        <ele>11.575079846195877</ele>
        <time>2025-10-04T01:05:38.900000Z</time>
        <extensions>
          <gpxtpx:TrackPointExtension>
            <gpxtpx:hr>87</gpxtpx:hr>
          </gpxtpx:TrackPointExtension>
        </extensions>
      </trkpt>
      <trkpt lat="32.387619313228214" lon="119.42443999354123">
        <ele>11.613256479613483</ele>
        <time>2025-10-04T01:05:39.900000Z</time>
        <extensions>
          <gpxtpx:TrackPointExtension>
            <gpxtpx:hr>87</gpxtpx:hr>
          </gpxtpx:TrackPointExtension>
        </extensions>
      </trkpt>
      <trkpt lat="32.387631507830264" lon="119.4244829825001">
        <ele>11.65181836951524</ele>
        <time>2025-10-04T01:05:40.900000Z</time>
        <extensions>
          <gpxtpx:TrackPointExtension>
            <gpxtpx:hr>87</gpxtpx:hr>
          </gpxtpx:TrackPointExtension>
        </extensions>
      </trkpt>
      <trkpt lat="32.3876513436288" lon="119.4245246372379">
        <ele>11.690559104084969</ele>
        <time>2025-10-04T01:05:41.900000Z</time>
        <extensions>
          <gpxtpx:TrackPointExtension>
            <gpxtpx:hr>87</gpxtpx:hr>
          </gpxtpx:TrackPointExtension>
        </extensions>
      </trkpt>
      <trkpt lat="32.38767841189912" lon="119.42456024481848">
        <ele>11.729372601024806</ele>
        <time>2025-10-04T01:05:42.900000Z</time>
        <extensions>
          <gpxtpx:TrackPointExtension>
            <gpxtpx:hr>87</gpxtpx:hr>
          </gpxtpx:TrackPointExtension>
        </extensions>
      </trkpt>
      <trkpt lat="32.38771166354713" lon="119.42458750668851">
        <ele>11.767892953939736</ele>
        <time>2025-10-04T01:05:43.900000Z</time>
        <extensions>
          <gpxtpx:TrackPointExtension>
            <gpxtpx:hr>87</gpxtpx:hr>
          </gpxtpx:TrackPointExtension>
        </extensions>
      </trkpt>
      <trkpt lat="32.387750420825284" lon="119.42460653711515">
        <ele>11.806174707598984</ele>
        <time>2025-10-04T01:05:44.900000Z</time>
        <extensions>
          <gpxtpx:TrackPointExtension>
            <gpxtpx:hr>87</gpxtpx:hr>
          </gpxtpx:TrackPointExtension>
        </extensions>
      </trkpt>
      <trkpt lat="32.38779328728501" lon="119.4246213284259">
        <ele>11.843820789828897</ele>
        <time>2025-10-04T01:05:45.900000Z</time>
        <extensions>
          <gpxtpx:TrackPointExtension>
            <gpxtpx:hr>87</gpxtpx:hr>
          </gpxtpx:TrackPointExtension>
        </extensions>
      </trkpt>
      <trkpt lat="32.38783969252131" lon="119.42463712202346">
        <ele>11.88083495106548</ele>
        <time>2025-10-04T01:05:46.900000Z</time>
        <extensions>
          <gpxtpx:TrackPointExtension>
            <gpxtpx:hr>87</gpxtpx:hr>
          </gpxtpx:TrackPointExtension>
        </extensions>
      </trkpt>
      <trkpt lat="32.38788833508879" lon="119.42465682131134">
        <ele>11.915405529551208</ele>
        <time>2025-10-04T01:05:47.900000Z</time>
        <extensions>
          <gpxtpx:TrackPointExtension>
            <gpxtpx:hr>84</gpxtpx:hr>
          </gpxtpx:TrackPointExtension>
        </extensions>
      </trkpt>
      <trkpt lat="32.387938752690665" lon="119.42467988576375">
        <ele>11.948671448975801</ele>
        <time>2025-10-04T01:05:48.900000Z</time>
        <extensions>
          <gpxtpx:TrackPointExtension>
            <gpxtpx:hr>84</gpxtpx:hr>
          </gpxtpx:TrackPointExtension>
        </extensions>
      </trkpt>
      <trkpt lat="32.38798996820186" lon="119.42470343910162">
        <ele>11.982263086363673</ele>
        <time>2025-10-04T01:05:49.900000Z</time>
        <extensions>
          <gpxtpx:TrackPointExtension>
            <gpxtpx:hr>84</gpxtpx:hr>
          </gpxtpx:TrackPointExtension>
        </extensions>
      </trkpt>
      <trkpt lat="32.38803981404142" lon="119.42472767772078">
        <ele>12.015370881184936</ele>
        <time>2025-10-04T01:05:50.900000Z</time>
        <extensions>
          <gpxtpx:TrackPointExtension>
            <gpxtpx:hr>84</gpxtpx:hr>
          </gpxtpx:TrackPointExtension>
        </extensions>
      </trkpt>
      <trkpt lat="32.388086498777184" lon="119.42475512805241">
        <ele>12.047340215183794</ele>
        <time>2025-10-04T01:05:51.900000Z</time>
        <extensions>
          <gpxtpx:TrackPointExtension>
            <gpxtpx:hr>84</gpxtpx:hr>
          </gpxtpx:TrackPointExtension>
        </extensions>
      </trkpt>
      <trkpt lat="32.388131504070316" lon="119.42478592119491">
        <ele>12.078147576190531</ele>
        <time>2025-10-04T01:05:52.900000Z</time>
        <extensions>
          <gpxtpx:TrackPointExtension>
            <gpxtpx:hr>85</gpxtpx:hr>
          </gpxtpx:TrackPointExtension>
        </extensions>
      </trkpt>
      <trkpt lat="32.388176604697904" lon="119.42482105736407">
        <ele>12.107830764725804</ele>
        <time>2025-10-04T01:05:53.900000Z</time>
        <extensions>
          <gpxtpx:TrackPointExtension>
            <gpxtpx:hr>85</gpxtpx:hr>
          </gpxtpx:TrackPointExtension>
        </extensions>
      </trkpt>
      <trkpt lat="32.38822023990405" lon="119.42486041004433">
        <ele>12.135836557485163</ele>
        <time>2025-10-04T01:05:54.900000Z</time>
        <extensions>
          <gpxtpx:TrackPointExtension>
            <gpxtpx:hr>85</gpxtpx:hr>
          </gpxtpx:TrackPointExtension>
        </extensions>
      </trkpt>
      <trkpt lat="32.3882611577814" lon="119.42490216990578">
        <ele>12.162135124206543</ele>
        <time>2025-10-04T01:05:55.900000Z</time>
        <extensions>
          <gpxtpx:TrackPointExtension>
            <gpxtpx:hr>85</gpxtpx:hr>
          </gpxtpx:TrackPointExtension>
        </extensions>
      </trkpt>
      <trkpt lat="32.38830133466299" lon="119.4249474506093">
        <ele>12.186872814781964</ele>
        <time>2025-10-04T01:05:56.900000Z</time>
        <extensions>
          <gpxtpx:TrackPointExtension>
            <gpxtpx:hr>85</gpxtpx:hr>
          </gpxtpx:TrackPointExtension>
        </extensions>
      </trkpt>
      <trkpt lat="32.388341891014974" lon="119.42499792629131">
        <ele>12.209491221234202</ele>
        <time>2025-10-04T01:05:57.900000Z</time>
        <extensions>
          <gpxtpx:TrackPointExtension>
            <gpxtpx:hr>85</gpxtpx:hr>
          </gpxtpx:TrackPointExtension>
        </extensions>
      </trkpt>
      <trkpt lat="32.38838133161302" lon="119.4250493272809">
        <ele>12.230281732045114</ele>
        <time>2025-10-04T01:05:58.900000Z</time>
        <extensions>
          <gpxtpx:TrackPointExtension>
            <gpxtpx:hr>87</gpxtpx:hr>
          </gpxtpx:TrackPointExtension>
        </extensions>
      </trkpt>
      <trkpt lat="32.38841561426031" lon="119.42509558211775">
        <ele>12.249625319615006</ele>
        <time>2025-10-04T01:05:59.900000Z</time>
        <extensions>
          <gpxtpx:TrackPointExtension>
            <gpxtpx:hr>87</gpxtpx:hr>
          </gpxtpx:TrackPointExtension>
        </extensions>
      </trkpt>
      <trkpt lat="32.38844336920766" lon="119.425134880822">
        <ele>12.267068879678845</ele>
        <time>2025-10-04T01:06:00.900000Z</time>
        <extensions>
          <gpxtpx:TrackPointExtension>
            <gpxtpx:hr>87</gpxtpx:hr>
          </gpxtpx:TrackPointExtension>
        </extensions>
      </trkpt>
      <trkpt lat="32.38846621610718" lon="119.42516639518922">
        <ele>12.283530018292367</ele>
        <time>2025-10-04T01:06:01.900000Z</time>
        <extensions>
          <gpxtpx:TrackPointExtension>
            <gpxtpx:hr>87</gpxtpx:hr>
          </gpxtpx:TrackPointExtension>
        </extensions>
      </trkpt>
      <trkpt lat="32.388486592624396" lon="119.42519205120549">
        <ele>12.299232081510127</ele>
        <time>2025-10-04T01:06:02.900000Z</time>
        <extensions>
          <gpxtpx:TrackPointExtension>
            <gpxtpx:hr>88</gpxtpx:hr>
          </gpxtpx:TrackPointExtension>
        </extensions>
      </trkpt>
      <trkpt lat="32.38850850349714" lon="119.42521591895274">
        <ele>12.3131969794631</ele>
        <time>2025-10-04T01:06:03.900000Z</time>
        <extensions>
          <gpxtpx:TrackPointExtension>
            <gpxtpx:hr>88</gpxtpx:hr>
          </gpxtpx:TrackPointExtension>
        </extensions>
      </trkpt>
      <trkpt lat="32.38853364429415" lon="119.42523872806251">
        <ele>12.325990440323949</ele>
        <time>2025-10-04T01:06:04.900000Z</time>
        <extensions>
          <gpxtpx:TrackPointExtension>
            <gpxtpx:hr>88</gpxtpx:hr>
          </gpxtpx:TrackPointExtension>
        </extensions>
      </trkpt>
      <trkpt lat="32.38856349387624" lon="119.42526046132605">
        <ele>12.337736989371479</ele>
        <time>2025-10-04T01:06:05.900000Z</time>
        <extensions>
          <gpxtpx:TrackPointExtension>
            <gpxtpx:hr>87</gpxtpx:hr>
          </gpxtpx:TrackPointExtension>
        </extensions>
      </trkpt>
      <trkpt lat="32.388596188345346" lon="119.42528147433242">
        <ele>12.348964860662818</ele>
        <time>2025-10-04T01:06:06.900000Z</time>
        <extensions>
          <gpxtpx:TrackPointExtension>
            <gpxtpx:hr>87</gpxtpx:hr>
          </gpxtpx:TrackPointExtension>
        </extensions>
      </trkpt>
      <trkpt lat="32.388628587772736" lon="119.42530513578875">
        <ele>12.35957554448396</ele>
        <time>2025-10-04T01:06:07.900000Z</time>
        <extensions>
          <gpxtpx:TrackPointExtension>
            <gpxtpx:hr>87</gpxtpx:hr>
          </gpxtpx:TrackPointExtension>
        </extensions>
      </trkpt>
      <trkpt lat="32.38865905520587" lon="119.4253336047975">
        <ele>12.370876675471663</ele>
        <time>2025-10-04T01:06:08.900000Z</time>
        <extensions>
          <gpxtpx:TrackPointExtension>
            <gpxtpx:hr>87</gpxtpx:hr>
          </gpxtpx:TrackPointExtension>
        </extensions>
      </trkpt>
      <trkpt lat="32.38868725289092" lon="119.4253598409448">
        <ele>12.382172556594014</ele>
        <time>2025-10-04T01:06:09.900000Z</time>
        <extensions>
          <gpxtpx:TrackPointExtension>
            <gpxtpx:hr>87</gpxtpx:hr>
          </gpxtpx:TrackPointExtension>
        </extensions>
      </trkpt>
      <trkpt lat="32.38871557148889" lon="119.42537815974288">
        <ele>12.39321322645992</ele>
        <time>2025-10-04T01:06:10.900000Z</time>
        <extensions>
          <gpxtpx:TrackPointExtension>
            <gpxtpx:hr>85</gpxtpx:hr>
          </gpxtpx:TrackPointExtension>
        </extensions>
      </trkpt>
      <trkpt lat="32.38874675098033" lon="119.42539151364261">
        <ele>12.404106906615198</ele>
        <time>2025-10-04T01:06:11.900000Z</time>
        <extensions>
          <gpxtpx:TrackPointExtension>
            <gpxtpx:hr>85</gpxtpx:hr>
          </gpxtpx:TrackPointExtension>
        </extensions>
      </trkpt>
      <trkpt lat="32.38878328679282" lon="119.42540313352207">
        <ele>12.41589040029794</ele>
        <time>2025-10-04T01:06:12.900000Z</time>
        <extensions>
          <gpxtpx:TrackPointExtension>
            <gpxtpx:hr>85</gpxtpx:hr>
          </gpxtpx:TrackPointExtension>
        </extensions>
      </trkpt>
      <trkpt lat="32.38882631161764" lon="119.42541379840047">
        <ele>12.42837712354958</ele>
        <time>2025-10-04T01:06:13.900000Z</time>
        <extensions>
          <gpxtpx:TrackPointExtension>
            <gpxtpx:hr>85</gpxtpx:hr>
          </gpxtpx:TrackPointExtension>
        </extensions>
      </trkpt>
      <trkpt lat="32.38887352777259" lon="119.42542591833754">
        <ele>12.442380133084953</ele>
        <time>2025-10-04T01:06:14.900000Z</time>
        <extensions>
          <gpxtpx:TrackPointExtension>
            <gpxtpx:hr>85</gpxtpx:hr>
          </gpxtpx:TrackPointExtension>
        </extensions>
      </trkpt>
      <trkpt lat="32.38892155084933" lon="119.42543956556425">
        <ele>12.457586158066988</ele>
        <time>2025-10-04T01:06:15.900000Z</time>
        <extensions>
          <gpxtpx:TrackPointExtension>
            <gpxtpx:hr>83</gpxtpx:hr>
          </gpxtpx:TrackPointExtension>
        </extensions>
      </trkpt>
      <trkpt lat="32.3889709016158" lon="119.4254513079541">
        <ele>12.474192768335342</ele>
        <time>2025-10-04T01:06:16.900000Z</time>
        <extensions>
          <gpxtpx:TrackPointExtension>
            <gpxtpx:hr>83</gpxtpx:hr>
          </gpxtpx:TrackPointExtension>
        </extensions>
      </trkpt>
      <trkpt lat="32.38902317047556" lon="119.4254593117052">
        <ele>12.491619068197906</ele>
        <time>2025-10-04T01:06:17.900000Z</time>
        <extensions>
          <gpxtpx:TrackPointExtension>
            <gpxtpx:hr>83</gpxtpx:hr>
          </gpxtpx:TrackPointExtension>
        </extensions>
      </trkpt>
      <trkpt lat="32.38907760148195" lon="119.42546246392101">
        <ele>12.511107603088021</ele>
        <time>2025-10-04T01:06:18.900000Z</time>
        <extensions>
          <gpxtpx:TrackPointExtension>
            <gpxtpx:hr>83</gpxtpx:hr>
          </gpxtpx:TrackPointExtension>
        </extensions>
      </trkpt>
      <trkpt lat="32.3891336987773" lon="119.42546302773884">
        <ele>12.532490187324584</ele>
        <time>2025-10-04T01:06:19.900000Z</time>
        <extensions>
          <gpxtpx:TrackPointExtension>
            <gpxtpx:hr>83</gpxtpx:hr>
          </gpxtpx:TrackPointExtension>
        </extensions>
      </trkpt>
      <trkpt lat="32.38919000347527" lon="119.42546218065428">
        <ele>12.555992433801293</ele>
        <time>2025-10-04T01:06:20.900000Z</time>
        <extensions>
          <gpxtpx:TrackPointExtension>
            <gpxtpx:hr>83</gpxtpx:hr>
          </gpxtpx:TrackPointExtension>
        </extensions>
      </trkpt>
      <trkpt lat="32.38924594545025" lon="119.42546037699748">
        <ele>12.581180112436414</ele>
        <time>2025-10-04T01:06:21.900000Z</time>
        <extensions>
          <gpxtpx:TrackPointExtension>
            <gpxtpx:hr>82</gpxtpx:hr>
          </gpxtpx:TrackPointExtension>
        </extensions>
      </trkpt>
      <trkpt lat="32.389302271467585" lon="119.42546033844658">
        <ele>12.60892340913415</ele>
        <time>2025-10-04T01:06:22.900000Z</time>
        <extensions>
          <gpxtpx:TrackPointExtension>
            <gpxtpx:hr>82</gpxtpx:hr>
          </gpxtpx:TrackPointExtension>
        </extensions>
      </trkpt>
      <trkpt lat="32.389359389957605" lon="119.42546103230598">
        <ele>12.638567317277193</ele>
        <time>2025-10-04T01:06:23.900000Z</time>
        <extensions>
          <gpxtpx:TrackPointExtension>
            <gpxtpx:hr>82</gpxtpx:hr>
          </gpxtpx:TrackPointExtension>
        </extensions>
      </trkpt>
      <trkpt lat="32.38941838569097" lon="119.42546097551912">
        <ele>12.67035086080432</ele>
        <time>2025-10-04T01:06:24.900000Z</time>
        <extensions>
          <gpxtpx:TrackPointExtension>
            <gpxtpx:hr>82</gpxtpx:hr>
          </gpxtpx:TrackPointExtension>
        </extensions>
      </trkpt>
      <trkpt lat="32.38947893898273" lon="119.42546090959868">
        <ele>12.703478438779712</ele>
        <time>2025-10-04T01:06:25.900000Z</time>
        <extensions>
          <gpxtpx:TrackPointExtension>
            <gpxtpx:hr>82</gpxtpx:hr>
          </gpxtpx:TrackPointExtension>
        </extensions>
      </trkpt>
      <trkpt lat="32.38953909326437" lon="119.42546058760797">
        <ele>12.738090375438333</ele>
        <time>2025-10-04T01:06:26.900000Z</time>
        <extensions>
          <gpxtpx:TrackPointExtension>
            <gpxtpx:hr>82</gpxtpx:hr>
          </gpxtpx:TrackPointExtension>
        </extensions>
      </trkpt>
      <trkpt lat="32.38959598272593" lon="119.42546019776253">
        <ele>12.774553634226322</ele>
        <time>2025-10-04T01:06:27.900000Z</time>
        <extensions>
          <gpxtpx:TrackPointExtension>
            <gpxtpx:hr>82</gpxtpx:hr>
          </gpxtpx:TrackPointExtension>
        </extensions>
      </trkpt>
      <trkpt lat="32.38964823521041" lon="119.42546151411425">
        <ele>12.812295406125486</ele>
        <time>2025-10-04T01:06:28.900000Z</time>
        <extensions>
          <gpxtpx:TrackPointExtension>
            <gpxtpx:hr>82</gpxtpx:hr>
          </gpxtpx:TrackPointExtension>
        </extensions>
      </trkpt>
      <trkpt lat="32.389698700995375" lon="119.4254618109476">
        <ele>12.851145853288472</ele>
        <time>2025-10-04T01:06:29.900000Z</time>
        <extensions>
          <gpxtpx:TrackPointExtension>
            <gpxtpx:hr>82</gpxtpx:hr>
          </gpxtpx:TrackPointExtension>
        </extensions>
      </trkpt>
      <trkpt lat="32.38974865316863" lon="119.42545936724628">
        <ele>12.89089945051819</ele>
        <time>2025-10-04T01:06:30.900000Z</time>
        <extensions>
          <gpxtpx:TrackPointExtension>
            <gpxtpx:hr>82</gpxtpx:hr>
          </gpxtpx:TrackPointExtension>
        </extensions>
      </trkpt>
      <trkpt lat="32.38979648263409" lon="119.4254562774499">
        <ele>12.931344455108047</ele>
        <time>2025-10-04T01:06:31.900000Z</time>
        <extensions>
          <gpxtpx:TrackPointExtension>
            <gpxtpx:hr>84</gpxtpx:hr>
          </gpxtpx:TrackPointExtension>
        </extensions>
      </trkpt>
      <trkpt lat="32.38984081905437" lon="119.42545419114155">
        <ele>12.972163470461965</ele>
        <time>2025-10-04T01:06:32.900000Z</time>
        <extensions>
          <gpxtpx:TrackPointExtension>
            <gpxtpx:hr>84</gpxtpx:hr>
          </gpxtpx:TrackPointExtension>
        </extensions>
      </trkpt>
      <trkpt lat="32.38988014619403" lon="119.4254560012111">
        <ele>13.012718569487333</ele>
        <time>2025-10-04T01:06:33.900000Z</time>
        <extensions>
          <gpxtpx:TrackPointExtension>
            <gpxtpx:hr>84</gpxtpx:hr>
          </gpxtpx:TrackPointExtension>
        </extensions>
      </trkpt>
      <trkpt lat="32.389913735437055" lon="119.42546486931177">
        <ele>13.053459221497178</ele>
        <time>2025-10-04T01:06:34.900000Z</time>
        <extensions>
          <gpxtpx:TrackPointExtension>
            <gpxtpx:hr>84</gpxtpx:hr>
          </gpxtpx:TrackPointExtension>
        </extensions>
      </trkpt>
      <trkpt lat="32.38994223236364" lon="119.42548001373872">
        <ele>13.093699504621327</ele>
        <time>2025-10-04T01:06:35.900000Z</time>
        <extensions>
          <gpxtpx:TrackPointExtension>
            <gpxtpx:hr>84</gpxtpx:hr>
          </gpxtpx:TrackPointExtension>
        </extensions>
      </trkpt>
      <trkpt lat="32.389966713657294" lon="119.42550057076487">
        <ele>13.132703646086156</ele>
        <time>2025-10-04T01:06:36.900000Z</time>
        <extensions>
          <gpxtpx:TrackPointExtension>
            <gpxtpx:hr>83</gpxtpx:hr>
          </gpxtpx:TrackPointExtension>
        </extensions>
      </trkpt>
      <trkpt lat="32.38998534230069" lon="119.42552545247558">
        <ele>13.170570437796414</ele>
        <time>2025-10-04T01:06:37.900000Z</time>
        <extensions>
          <gpxtpx:TrackPointExtension>
            <gpxtpx:hr>83</gpxtpx:hr>
          </gpxtpx:TrackPointExtension>
        </extensions>
      </trkpt>
      <trkpt lat="32.3899934894266" lon="119.42556417291458">
        <ele>13.206101935356855</ele>
        <time>2025-10-04T01:06:38.900000Z</time>
        <extensions>
          <gpxtpx:TrackPointExtension>
            <gpxtpx:hr>83</gpxtpx:hr>
          </gpxtpx:TrackPointExtension>
        </extensions>
      </trkpt>
      <trkpt lat="32.38999713490016" lon="119.42562043666217">
        <ele>13.239535355940461</ele>
        <time>2025-10-04T01:06:39.900000Z</time>
        <extensions>
          <gpxtpx:TrackPointExtension>
            <gpxtpx:hr>83</gpxtpx:hr>
          </gpxtpx:TrackPointExtension>
        </extensions>
      </trkpt>
      <trkpt lat="32.39000413735245" lon="119.42568353500215">
        <ele>13.270413250662386</ele>
        <time>2025-10-04T01:06:40.900000Z</time>
        <extensions>
          <gpxtpx:TrackPointExtension>
            <gpxtpx:hr>83</gpxtpx:hr>
          </gpxtpx:TrackPointExtension>
        </extensions>
      </trkpt>
      <trkpt lat="32.39001269244472" lon="119.42574926351757">
        <ele>13.298865815624595</ele>
        <time>2025-10-04T01:06:41.900000Z</time>
        <extensions>
          <gpxtpx:TrackPointExtension>
            <gpxtpx:hr>83</gpxtpx:hr>
          </gpxtpx:TrackPointExtension>
        </extensions>
      </trkpt>
      <trkpt lat="32.390020197682766" lon="119.4258152102501">
        <ele>13.324653903953731</ele>
        <time>2025-10-04T01:06:42.900000Z</time>
        <extensions>
          <gpxtpx:TrackPointExtension>
            <gpxtpx:hr>83</gpxtpx:hr>
          </gpxtpx:TrackPointExtension>
        </extensions>
      </trkpt>
      <trkpt lat="32.390025690645885" lon="119.42587979218064">
        <ele>13.348019343800843</ele>
        <time>2025-10-04T01:06:43.900000Z</time>
        <extensions>
          <gpxtpx:TrackPointExtension>
            <gpxtpx:hr>83</gpxtpx:hr>
          </gpxtpx:TrackPointExtension>
        </extensions>
      </trkpt>
      <trkpt lat="32.39003033192799" lon="119.42594223966465">
        <ele>13.36945097707212</ele>
        <time>2025-10-04T01:06:44.900000Z</time>
        <extensions>
          <gpxtpx:TrackPointExtension>
            <gpxtpx:hr>83</gpxtpx:hr>
          </gpxtpx:TrackPointExtension>
        </extensions>
      </trkpt>
      <trkpt lat="32.390034636145565" lon="119.42600365889953">
        <ele>13.38939631357789</ele>
        <time>2025-10-04T01:06:45.900000Z</time>
        <extensions>
          <gpxtpx:TrackPointExtension>
            <gpxtpx:hr>83</gpxtpx:hr>
          </gpxtpx:TrackPointExtension>
        </extensions>
      </trkpt>
      <trkpt lat="32.39003945080786" lon="119.42606503206932">
        <ele>13.407366114668548</ele>
        <time>2025-10-04T01:06:46.900000Z</time>
        <extensions>
          <gpxtpx:TrackPointExtension>
            <gpxtpx:hr>84</gpxtpx:hr>
          </gpxtpx:TrackPointExtension>
        </extensions>
      </trkpt>
      <trkpt lat="32.39004644949977" lon="119.42612479040362">
        <ele>13.424507652409375</ele>
        <time>2025-10-04T01:06:47.900000Z</time>
        <extensions>
          <gpxtpx:TrackPointExtension>
            <gpxtpx:hr>84</gpxtpx:hr>
          </gpxtpx:TrackPointExtension>
        </extensions>
      </trkpt>
      <trkpt lat="32.39005412333869" lon="119.426185787814">
        <ele>13.439961315132678</ele>
        <time>2025-10-04T01:06:48.900000Z</time>
        <extensions>
          <gpxtpx:TrackPointExtension>
            <gpxtpx:hr>84</gpxtpx:hr>
          </gpxtpx:TrackPointExtension>
        </extensions>
      </trkpt>
      <trkpt lat="32.39005981957935" lon="119.42624977685935">
        <ele>13.45417433232069</ele>
        <time>2025-10-04T01:06:49.900000Z</time>
        <extensions>
          <gpxtpx:TrackPointExtension>
            <gpxtpx:hr>84</gpxtpx:hr>
          </gpxtpx:TrackPointExtension>
        </extensions>
      </trkpt>
      <trkpt lat="32.39006608069668" lon="119.42631673925162">
        <ele>13.467366316355765</ele>
        <time>2025-10-04T01:06:50.900000Z</time>
        <extensions>
          <gpxtpx:TrackPointExtension>
            <gpxtpx:hr>84</gpxtpx:hr>
          </gpxtpx:TrackPointExtension>
        </extensions>
      </trkpt>
      <trkpt lat="32.39007317215357" lon="119.42638735301895">
        <ele>13.48066691774875</ele>
        <time>2025-10-04T01:06:51.900000Z</time>
        <extensions>
          <gpxtpx:TrackPointExtension>
            <gpxtpx:hr>84</gpxtpx:hr>
          </gpxtpx:TrackPointExtension>
        </extensions>
      </trkpt>
      <trkpt lat="32.39007869660776" lon="119.42645852447627">
        <ele>13.493191527202725</ele>
        <time>2025-10-04T01:06:52.900000Z</time>
        <extensions>
          <gpxtpx:TrackPointExtension>
            <gpxtpx:hr>86</gpxtpx:hr>
          </gpxtpx:TrackPointExtension>
        </extensions>
      </trkpt>
      <trkpt lat="32.39008463572502" lon="119.42652967216209">
        <ele>13.50561566092074</ele>
        <time>2025-10-04T01:06:53.900000Z</time>
        <extensions>
          <gpxtpx:TrackPointExtension>
            <gpxtpx:hr>86</gpxtpx:hr>
          </gpxtpx:TrackPointExtension>
        </extensions>
      </trkpt>
      <trkpt lat="32.390091867756595" lon="119.42660115789685">
        <ele>13.518188514746726</ele>
        <time>2025-10-04T01:06:54.900000Z</time>
        <extensions>
          <gpxtpx:TrackPointExtension>
            <gpxtpx:hr>86</gpxtpx:hr>
          </gpxtpx:TrackPointExtension>
        </extensions>
      </trkpt>
      <trkpt lat="32.39009948244838" lon="119.42667223419348">
        <ele>13.530660706572235</ele>
        <time>2025-10-04T01:06:55.900000Z</time>
        <extensions>
          <gpxtpx:TrackPointExtension>
            <gpxtpx:hr>86</gpxtpx:hr>
          </gpxtpx:TrackPointExtension>
        </extensions>
      </trkpt>
      <trkpt lat="32.39010680495939" lon="119.42674269720274">
        <ele>13.544231843203306</ele>
        <time>2025-10-04T01:06:56.900000Z</time>
        <extensions>
          <gpxtpx:TrackPointExtension>
            <gpxtpx:hr>86</gpxtpx:hr>
          </gpxtpx:TrackPointExtension>
        </extensions>
      </trkpt>
      <trkpt lat="32.39011227982542" lon="119.426811134496">
        <ele>13.557910243049264</ele>
        <time>2025-10-04T01:06:57.900000Z</time>
        <extensions>
          <gpxtpx:TrackPointExtension>
            <gpxtpx:hr>86</gpxtpx:hr>
          </gpxtpx:TrackPointExtension>
        </extensions>
      </trkpt>
      <trkpt lat="32.39011551903597" lon="119.4268747221428">
        <ele>13.57185127492994</ele>
        <time>2025-10-04T01:06:58.900000Z</time>
        <extensions>
          <gpxtpx:TrackPointExtension>
            <gpxtpx:hr>85</gpxtpx:hr>
          </gpxtpx:TrackPointExtension>
        </extensions>
      </trkpt>
      <trkpt lat="32.39012135077313" lon="119.42693420494545">
        <ele>13.587709872983396</ele>
        <time>2025-10-04T01:06:59.900000Z</time>
        <extensions>
          <gpxtpx:TrackPointExtension>
            <gpxtpx:hr>85</gpxtpx:hr>
          </gpxtpx:TrackPointExtension>
        </extensions>
      </trkpt>
      <trkpt lat="32.390129022824844" lon="119.42699107941876">
        <ele>13.60507343057543</ele>
        <time>2025-10-04T01:07:00.900000Z</time>
        <extensions>
          <gpxtpx:TrackPointExtension>
            <gpxtpx:hr>85</gpxtpx:hr>
          </gpxtpx:TrackPointExtension>
        </extensions>
      </trkpt>
      <trkpt lat="32.39013509035703" lon="119.4270443738812">
        <ele>13.624089308083057</ele>
        <time>2025-10-04T01:07:01.900000Z</time>
        <extensions>
          <gpxtpx:TrackPointExtension>
            <gpxtpx:hr>85</gpxtpx:hr>
          </gpxtpx:TrackPointExtension>
        </extensions>
      </trkpt>
      <trkpt lat="32.39014007312332" lon="119.42709658538885">
        <ele>13.64463915489614</ele>
        <time>2025-10-04T01:07:02.900000Z</time>
        <extensions>
          <gpxtpx:TrackPointExtension>
            <gpxtpx:hr>85</gpxtpx:hr>
          </gpxtpx:TrackPointExtension>
        </extensions>
      </trkpt>
      <trkpt lat="32.39014450204866" lon="119.42714967521765">
        <ele>13.666718808934093</ele>
        <time>2025-10-04T01:07:03.900000Z</time>
        <extensions>
          <gpxtpx:TrackPointExtension>
            <gpxtpx:hr>84</gpxtpx:hr>
          </gpxtpx:TrackPointExtension>
        </extensions>
      </trkpt>
      <trkpt lat="32.39014968546052" lon="119.4272002113781">
        <ele>13.690650725737214</ele>
        <time>2025-10-04T01:07:04.900000Z</time>
        <extensions>
          <gpxtpx:TrackPointExtension>
            <gpxtpx:hr>84</gpxtpx:hr>
          </gpxtpx:TrackPointExtension>
        </extensions>
      </trkpt>
      <trkpt lat="32.39015510871271" lon="119.42724458696034">
        <ele>13.716310414485633</ele>
        <time>2025-10-04T01:07:05.900000Z</time>
        <extensions>
          <gpxtpx:TrackPointExtension>
            <gpxtpx:hr>84</gpxtpx:hr>
          </gpxtpx:TrackPointExtension>
        </extensions>
      </trkpt>
      <trkpt lat="32.39016053027931" lon="119.42728228847231">
        <ele>13.74327903892845</ele>
        <time>2025-10-04T01:07:06.900000Z</time>
        <extensions>
          <gpxtpx:TrackPointExtension>
            <gpxtpx:hr>84</gpxtpx:hr>
          </gpxtpx:TrackPointExtension>
        </extensions>
      </trkpt>
      <trkpt lat="32.39016546168141" lon="119.42731627166528">
        <ele>13.77150691486895</ele>
        <time>2025-10-04T01:07:07.900000Z</time>
        <extensions>
          <gpxtpx:TrackPointExtension>
            <gpxtpx:hr>84</gpxtpx:hr>
          </gpxtpx:TrackPointExtension>
        </extensions>
      </trkpt>
      <trkpt lat="32.39016850367489" lon="119.42734992663395">
        <ele>13.800921874120831</ele>
        <time>2025-10-04T01:07:08.900000Z</time>
        <extensions>
          <gpxtpx:TrackPointExtension>
            <gpxtpx:hr>80</gpxtpx:hr>
          </gpxtpx:TrackPointExtension>
        </extensions>
      </trkpt>
      <trkpt lat="32.39016976354507" lon="119.42738561805375">
        <ele>13.831266147084534</ele>
        <time>2025-10-04T01:07:09.900000Z</time>
        <extensions>
          <gpxtpx:TrackPointExtension>
            <gpxtpx:hr>80</gpxtpx:hr>
          </gpxtpx:TrackPointExtension>
        </extensions>
      </trkpt>
      <trkpt lat="32.390171097535514" lon="119.4274261563404">
        <ele>13.862572592683136</ele>
        <time>2025-10-04T01:07:10.900000Z</time>
        <extensions>
          <gpxtpx:TrackPointExtension>
            <gpxtpx:hr>80</gpxtpx:hr>
          </gpxtpx:TrackPointExtension>
        </extensions>
      </trkpt>
      <trkpt lat="32.3901729484398" lon="119.4274728032676">
        <ele>13.894263055175543</ele>
        <time>2025-10-04T01:07:11.900000Z</time>
        <extensions>
          <gpxtpx:TrackPointExtension>
            <gpxtpx:hr>81</gpxtpx:hr>
          </gpxtpx:TrackPointExtension>
        </extensions>
      </trkpt>
      <trkpt lat="32.39017325736568" lon="119.4275242959883">
        <ele>13.926231242716312</ele>
        <time>2025-10-04T01:07:12.900000Z</time>
        <extensions>
          <gpxtpx:TrackPointExtension>
            <gpxtpx:hr>81</gpxtpx:hr>
          </gpxtpx:TrackPointExtension>
        </extensions>
      </trkpt>
      <trkpt lat="32.390170268483246" lon="119.42757828635476">
        <ele>13.958364845253527</ele>
        <time>2025-10-04T01:07:13.900000Z</time>
        <extensions>
          <gpxtpx:TrackPointExtension>
            <gpxtpx:hr>81</gpxtpx:hr>
          </gpxtpx:TrackPointExtension>
        </extensions>
      </trkpt>
      <trkpt lat="32.390167021741114" lon="119.4276320337606">
        <ele>13.991455988958478</ele>
        <time>2025-10-04T01:07:14.900000Z</time>
        <extensions>
          <gpxtpx:TrackPointExtension>
            <gpxtpx:hr>81</gpxtpx:hr>
          </gpxtpx:TrackPointExtension>
        </extensions>
      </trkpt>
      <trkpt lat="32.390170221429386" lon="119.42768375833417">
        <ele>14.02373747061938</ele>
        <time>2025-10-04T01:07:15.900000Z</time>
        <extensions>
          <gpxtpx:TrackPointExtension>
            <gpxtpx:hr>81</gpxtpx:hr>
          </gpxtpx:TrackPointExtension>
        </extensions>
      </trkpt>
      <trkpt lat="32.390180037215416" lon="119.42773047941688">
        <ele>14.055338155478239</ele>
        <time>2025-10-04T01:07:16.900000Z</time>
        <extensions>
          <gpxtpx:TrackPointExtension>
            <gpxtpx:hr>81</gpxtpx:hr>
          </gpxtpx:TrackPointExtension>
        </extensions>
      </trkpt>
      <trkpt lat="32.39019300841771" lon="119.42777169444788">
        <ele>14.086285948753357</ele>
        <time>2025-10-04T01:07:17.900000Z</time>
        <extensions>
          <gpxtpx:TrackPointExtension>
            <gpxtpx:hr>81</gpxtpx:hr>
          </gpxtpx:TrackPointExtension>
        </extensions>
      </trkpt>
      <trkpt lat="32.390208470281316" lon="119.42781034633641">
        <ele>14.116414855234325</ele>
        <time>2025-10-04T01:07:18.900000Z</time>
        <extensions>
          <gpxtpx:TrackPointExtension>
            <gpxtpx:hr>81</gpxtpx:hr>
          </gpxtpx:TrackPointExtension>
        </extensions>
      </trkpt>
      <trkpt lat="32.39022501302376" lon="119.42784679296199">
        <ele>14.145419239066541</ele>
        <time>2025-10-04T01:07:19.900000Z</time>
        <extensions>
          <gpxtpx:TrackPointExtension>
            <gpxtpx:hr>81</gpxtpx:hr>
          </gpxtpx:TrackPointExtension>
        </extensions>
      </trkpt>
      <trkpt lat="32.39024090673412" lon="119.42788142704191">
        <ele>14.17345835827291</ele>
        <time>2025-10-04T01:07:20.900000Z</time>
        <extensions>
          <gpxtpx:TrackPointExtension>
            <gpxtpx:hr>81</gpxtpx:hr>
          </gpxtpx:TrackPointExtension>
        </extensions>
      </trkpt>
      <trkpt lat="32.39025524938975" lon="119.42791515680608">
        <ele>14.200327848084271</ele>
        <time>2025-10-04T01:07:21.900000Z</time>
        <extensions>
          <gpxtpx:TrackPointExtension>
            <gpxtpx:hr>80</gpxtpx:hr>
          </gpxtpx:TrackPointExtension>
        </extensions>
      </trkpt>
      <trkpt lat="32.39026759354467" lon="119.42795043257075">
        <ele>14.22557912953198</ele>
        <time>2025-10-04T01:07:22.900000Z</time>
        <extensions>
          <gpxtpx:TrackPointExtension>
            <gpxtpx:hr>80</gpxtpx:hr>
          </gpxtpx:TrackPointExtension>
        </extensions>
      </trkpt>
      <trkpt lat="32.39027703228883" lon="119.42798751256181">
        <ele>14.250237413682044</ele>
        <time>2025-10-04T01:07:23.900000Z</time>
        <extensions>
          <gpxtpx:TrackPointExtension>
            <gpxtpx:hr>80</gpxtpx:hr>
          </gpxtpx:TrackPointExtension>
        </extensions>
      </trkpt>
      <trkpt lat="32.390284810847014" lon="119.42802548490693">
        <ele>14.273762319236994</ele>
        <time>2025-10-04T01:07:24.900000Z</time>
        <extensions>
          <gpxtpx:TrackPointExtension>
            <gpxtpx:hr>80</gpxtpx:hr>
          </gpxtpx:TrackPointExtension>
        </extensions>
      </trkpt>
      <trkpt lat="32.390292770371154" lon="119.42806819713614">
        <ele>14.296561318449676</ele>
        <time>2025-10-04T01:07:25.900000Z</time>
        <extensions>
          <gpxtpx:TrackPointExtension>
            <gpxtpx:hr>80</gpxtpx:hr>
          </gpxtpx:TrackPointExtension>
        </extensions>
      </trkpt>
      <trkpt lat="32.39030086511485" lon="119.42811584868466">
        <ele>14.317895701155066</ele>
        <time>2025-10-04T01:07:26.900000Z</time>
        <extensions>
          <gpxtpx:TrackPointExtension>
            <gpxtpx:hr>82</gpxtpx:hr>
          </gpxtpx:TrackPointExtension>
        </extensions>
      </trkpt>
      <trkpt lat="32.39030819907551" lon="119.42816367650431">
        <ele>14.337820192798972</ele>
        <time>2025-10-04T01:07:27.900000Z</time>
        <extensions>
          <gpxtpx:TrackPointExtension>
            <gpxtpx:hr>82</gpxtpx:hr>
          </gpxtpx:TrackPointExtension>
        </extensions>
      </trkpt>
      <trkpt lat="32.39031451278987" lon="119.4282083858347">
        <ele>14.35674458462745</ele>
        <time>2025-10-04T01:07:28.900000Z</time>
        <extensions>
          <gpxtpx:TrackPointExtension>
            <gpxtpx:hr>82</gpxtpx:hr>
          </gpxtpx:TrackPointExtension>
        </extensions>
      </trkpt>
      <trkpt lat="32.39032028529038" lon="119.42824984254169">
        <ele>14.374282989650965</ele>
        <time>2025-10-04T01:07:29.900000Z</time>
        <extensions>
          <gpxtpx:TrackPointExtension>
            <gpxtpx:hr>82</gpxtpx:hr>
          </gpxtpx:TrackPointExtension>
        </extensions>
      </trkpt>
      <trkpt lat="32.39032449641216" lon="119.428289505428">
        <ele>14.390473891980946</ele>
        <time>2025-10-04T01:07:30.900000Z</time>
        <extensions>
          <gpxtpx:TrackPointExtension>
            <gpxtpx:hr>82</gpxtpx:hr>
          </gpxtpx:TrackPointExtension>
        </extensions>
      </trkpt>
      <trkpt lat="32.390327634807676" lon="119.4283299822703">
        <ele>14.4053377751261</ele>
        <time>2025-10-04T01:07:31.900000Z</time>
        <extensions>
          <gpxtpx:TrackPointExtension>
            <gpxtpx:hr>81</gpxtpx:hr>
          </gpxtpx:TrackPointExtension>
        </extensions>
      </trkpt>
      <trkpt lat="32.39033043204882" lon="119.4283721675203">
        <ele>14.418885968625546</ele>
        <time>2025-10-04T01:07:32.900000Z</time>
        <extensions>
          <gpxtpx:TrackPointExtension>
            <gpxtpx:hr>81</gpxtpx:hr>
          </gpxtpx:TrackPointExtension>
        </extensions>
      </trkpt>
      <trkpt lat="32.3903335905186" lon="119.42841593626481">
        <ele>14.430659366771579</ele>
        <time>2025-10-04T01:07:33.900000Z</time>
        <extensions>
          <gpxtpx:TrackPointExtension>
            <gpxtpx:hr>81</gpxtpx:hr>
          </gpxtpx:TrackPointExtension>
        </extensions>
      </trkpt>
      <trkpt lat="32.39033850849925" lon="119.42846386916102">
        <ele>14.440673541277647</ele>
        <time>2025-10-04T01:07:34.900000Z</time>
        <extensions>
          <gpxtpx:TrackPointExtension>
            <gpxtpx:hr>81</gpxtpx:hr>
          </gpxtpx:TrackPointExtension>
        </extensions>
      </trkpt>
      <trkpt lat="32.390343002757795" lon="119.42851470461238">
        <ele>14.449444709345698</ele>
        <time>2025-10-04T01:07:35.900000Z</time>
        <extensions>
          <gpxtpx:TrackPointExtension>
            <gpxtpx:hr>81</gpxtpx:hr>
          </gpxtpx:TrackPointExtension>
        </extensions>
      </trkpt>
      <trkpt lat="32.39034652587964" lon="119.42856435207901">
        <ele>14.457125114277005</ele>
        <time>2025-10-04T01:07:36.900000Z</time>
        <extensions>
          <gpxtpx:TrackPointExtension>
            <gpxtpx:hr>81</gpxtpx:hr>
          </gpxtpx:TrackPointExtension>
        </extensions>
      </trkpt>
      <trkpt lat="32.3903521358819" lon="119.42861101628968">
        <ele>14.463397826068103</ele>
        <time>2025-10-04T01:07:37.900000Z</time>
        <extensions>
          <gpxtpx:TrackPointExtension>
            <gpxtpx:hr>81</gpxtpx:hr>
          </gpxtpx:TrackPointExtension>
        </extensions>
      </trkpt>
      <trkpt lat="32.390357846301676" lon="119.42865449087243">
        <ele>14.468741540797055</ele>
        <time>2025-10-04T01:07:38.900000Z</time>
        <extensions>
          <gpxtpx:TrackPointExtension>
            <gpxtpx:hr>81</gpxtpx:hr>
          </gpxtpx:TrackPointExtension>
        </extensions>
      </trkpt>
      <trkpt lat="32.39036124841681" lon="119.42869565699522">
        <ele>14.472759400494397</ele>
        <time>2025-10-04T01:07:39.900000Z</time>
        <extensions>
          <gpxtpx:TrackPointExtension>
            <gpxtpx:hr>81</gpxtpx:hr>
          </gpxtpx:TrackPointExtension>
        </extensions>
      </trkpt>
      <trkpt lat="32.390363631754475" lon="119.42873601948926">
        <ele>14.475297346711159</ele>
        <time>2025-10-04T01:07:40.900000Z</time>
        <extensions>
          <gpxtpx:TrackPointExtension>
            <gpxtpx:hr>81</gpxtpx:hr>
          </gpxtpx:TrackPointExtension>
        </extensions>
      </trkpt>
      <trkpt lat="32.39036533920419" lon="119.42877691420837">
        <ele>14.475900690071285</ele>
        <time>2025-10-04T01:07:41.900000Z</time>
        <extensions>
          <gpxtpx:TrackPointExtension>
            <gpxtpx:hr>81</gpxtpx:hr>
          </gpxtpx:TrackPointExtension>
        </extensions>
      </trkpt>
      <trkpt lat="32.39036754361627" lon="119.42881886747728">
        <ele>14.47500410862267</ele>
        <time>2025-10-04T01:07:42.900000Z</time>
        <extensions>
          <gpxtpx:TrackPointExtension>
            <gpxtpx:hr>81</gpxtpx:hr>
          </gpxtpx:TrackPointExtension>
        </extensions>
      </trkpt>
      <trkpt lat="32.3903693005183" lon="119.4288617604713">
        <ele>14.47270902339369</ele>
        <time>2025-10-04T01:07:43.900000Z</time>
        <extensions>
          <gpxtpx:TrackPointExtension>
            <gpxtpx:hr>81</gpxtpx:hr>
          </gpxtpx:TrackPointExtension>
        </extensions>
      </trkpt>
      <trkpt lat="32.39037201898704" lon="119.42890693221051">
        <ele>14.468666510656476</ele>
        <time>2025-10-04T01:07:44.900000Z</time>
        <extensions>
          <gpxtpx:TrackPointExtension>
            <gpxtpx:hr>81</gpxtpx:hr>
          </gpxtpx:TrackPointExtension>
        </extensions>
      </trkpt>
      <trkpt lat="32.39037600009394" lon="119.4289560336714">
        <ele>14.462636806070805</ele>
        <time>2025-10-04T01:07:45.900000Z</time>
        <extensions>
          <gpxtpx:TrackPointExtension>
            <gpxtpx:hr>81</gpxtpx:hr>
          </gpxtpx:TrackPointExtension>
        </extensions>
      </trkpt>
      <trkpt lat="32.390381479482045" lon="119.4290073342829">
        <ele>14.4545503789559</ele>
        <time>2025-10-04T01:07:46.900000Z</time>
        <extensions>
          <gpxtpx:TrackPointExtension>
            <gpxtpx:hr>81</gpxtpx:hr>
          </gpxtpx:TrackPointExtension>
        </extensions>
      </trkpt>
      <trkpt lat="32.390390630526376" lon="119.42905748400533">
        <ele>14.444287464022636</ele>
        <time>2025-10-04T01:07:47.900000Z</time>
        <extensions>
          <gpxtpx:TrackPointExtension>
            <gpxtpx:hr>81</gpxtpx:hr>
          </gpxtpx:TrackPointExtension>
        </extensions>
      </trkpt>
      <trkpt lat="32.39039938579967" lon="119.42910507662381">
        <ele>14.432087768800557</ele>
        <time>2025-10-04T01:07:48.900000Z</time>
        <extensions>
          <gpxtpx:TrackPointExtension>
            <gpxtpx:hr>81</gpxtpx:hr>
          </gpxtpx:TrackPointExtension>
        </extensions>
      </trkpt>
      <trkpt lat="32.39040592834177" lon="119.4291520499083">
        <ele>14.417697548866272</ele>
        <time>2025-10-04T01:07:49.900000Z</time>
        <extensions>
          <gpxtpx:TrackPointExtension>
            <gpxtpx:hr>81</gpxtpx:hr>
          </gpxtpx:TrackPointExtension>
        </extensions>
      </trkpt>
      <trkpt lat="32.39041047492933" lon="119.42919869892256">
        <ele>14.400357459671795</ele>
        <time>2025-10-04T01:07:50.900000Z</time>
        <extensions>
          <gpxtpx:TrackPointExtension>
            <gpxtpx:hr>81</gpxtpx:hr>
          </gpxtpx:TrackPointExtension>
        </extensions>
      </trkpt>
      <trkpt lat="32.39041342680262" lon="119.42924420385982">
        <ele>14.381285903044045</ele>
        <time>2025-10-04T01:07:51.900000Z</time>
        <extensions>
          <gpxtpx:TrackPointExtension>
            <gpxtpx:hr>81</gpxtpx:hr>
          </gpxtpx:TrackPointExtension>
        </extensions>
      </trkpt>
      <trkpt lat="32.390416711439585" lon="119.42928931853015">
        <ele>14.360001348890364</ele>
        <time>2025-10-04T01:07:52.900000Z</time>
        <extensions>
          <gpxtpx:TrackPointExtension>
            <gpxtpx:hr>81</gpxtpx:hr>
          </gpxtpx:TrackPointExtension>
        </extensions>
      </trkpt>
      <trkpt lat="32.39042133386994" lon="119.42933356040729">
        <ele>14.336866862140596</ele>
        <time>2025-10-04T01:07:53.900000Z</time>
        <extensions>
          <gpxtpx:TrackPointExtension>
            <gpxtpx:hr>81</gpxtpx:hr>
          </gpxtpx:TrackPointExtension>
        </extensions>
      </trkpt>
      <trkpt lat="32.39042714827049" lon="119.42937895731067">
        <ele>14.312104661948979</ele>
        <time>2025-10-04T01:07:54.900000Z</time>
        <extensions>
          <gpxtpx:TrackPointExtension>
            <gpxtpx:hr>81</gpxtpx:hr>
          </gpxtpx:TrackPointExtension>
        </extensions>
      </trkpt>
      <trkpt lat="32.39043197689933" lon="119.42942851697617">
        <ele>14.285822106525302</ele>
        <time>2025-10-04T01:07:55.900000Z</time>
        <extensions>
          <gpxtpx:TrackPointExtension>
            <gpxtpx:hr>82</gpxtpx:hr>
          </gpxtpx:TrackPointExtension>
        </extensions>
      </trkpt>
      <trkpt lat="32.39043617887729" lon="119.42947977145066">
        <ele>14.257990990765393</ele>
        <time>2025-10-04T01:07:56.900000Z</time>
        <extensions>
          <gpxtpx:TrackPointExtension>
            <gpxtpx:hr>82</gpxtpx:hr>
          </gpxtpx:TrackPointExtension>
        </extensions>
      </trkpt>
      <trkpt lat="32.39044157551272" lon="119.42952846848203">
        <ele>14.229001919738948</ele>
        <time>2025-10-04T01:07:57.900000Z</time>
        <extensions>
          <gpxtpx:TrackPointExtension>
            <gpxtpx:hr>82</gpxtpx:hr>
          </gpxtpx:TrackPointExtension>
        </extensions>
      </trkpt>
      <trkpt lat="32.39044709223867" lon="119.42957286384117">
        <ele>14.199360230006278</ele>
        <time>2025-10-04T01:07:58.900000Z</time>
        <extensions>
          <gpxtpx:TrackPointExtension>
            <gpxtpx:hr>82</gpxtpx:hr>
          </gpxtpx:TrackPointExtension>
        </extensions>
      </trkpt>
      <trkpt lat="32.39045282244873" lon="119.42961588721795">
        <ele>14.168956045992672</ele>
        <time>2025-10-04T01:07:59.900000Z</time>
        <extensions>
          <gpxtpx:TrackPointExtension>
            <gpxtpx:hr>82</gpxtpx:hr>
          </gpxtpx:TrackPointExtension>
        </extensions>
      </trkpt>
      <trkpt lat="32.39045919548313" lon="119.42966027602087">
        <ele>14.137966884300113</ele>
        <time>2025-10-04T01:08:00.900000Z</time>
        <extensions>
          <gpxtpx:TrackPointExtension>
            <gpxtpx:hr>82</gpxtpx:hr>
          </gpxtpx:TrackPointExtension>
        </extensions>
      </trkpt>
      <trkpt lat="32.39046605490013" lon="119.4297058468735">
        <ele>14.10672009922564</ele>
        <time>2025-10-04T01:08:01.900000Z</time>
        <extensions>
          <gpxtpx:TrackPointExtension>
            <gpxtpx:hr>85</gpxtpx:hr>
          </gpxtpx:TrackPointExtension>
        </extensions>
      </trkpt>
      <trkpt lat="32.39047352613525" lon="119.4297531979557">
        <ele>14.075377022847533</ele>
        <time>2025-10-04T01:08:02.900000Z</time>
        <extensions>
          <gpxtpx:TrackPointExtension>
            <gpxtpx:hr>85</gpxtpx:hr>
          </gpxtpx:TrackPointExtension>
        </extensions>
      </trkpt>
      <trkpt lat="32.39048014574908" lon="119.42980131509844">
        <ele>14.044314014725387</ele>
        <time>2025-10-04T01:08:03.900000Z</time>
        <extensions>
          <gpxtpx:TrackPointExtension>
            <gpxtpx:hr>85</gpxtpx:hr>
          </gpxtpx:TrackPointExtension>
        </extensions>
      </trkpt>
      <trkpt lat="32.39048518772145" lon="119.42984870510618">
        <ele>14.013475730083883</ele>
        <time>2025-10-04T01:08:04.900000Z</time>
        <extensions>
          <gpxtpx:TrackPointExtension>
            <gpxtpx:hr>85</gpxtpx:hr>
          </gpxtpx:TrackPointExtension>
        </extensions>
      </trkpt>
      <trkpt lat="32.39049059352709" lon="119.42989409268145">
        <ele>13.983189924620092</ele>
        <time>2025-10-04T01:08:05.900000Z</time>
        <extensions>
          <gpxtpx:TrackPointExtension>
            <gpxtpx:hr>85</gpxtpx:hr>
          </gpxtpx:TrackPointExtension>
        </extensions>
      </trkpt>
      <trkpt lat="32.39049602571" lon="119.42993663078745">
        <ele>13.953411764465272</ele>
        <time>2025-10-04T01:08:06.900000Z</time>
        <extensions>
          <gpxtpx:TrackPointExtension>
            <gpxtpx:hr>85</gpxtpx:hr>
          </gpxtpx:TrackPointExtension>
        </extensions>
      </trkpt>
      <trkpt lat="32.390499762128655" lon="119.4299765210325">
        <ele>13.923945439048111</ele>
        <time>2025-10-04T01:08:07.900000Z</time>
        <extensions>
          <gpxtpx:TrackPointExtension>
            <gpxtpx:hr>85</gpxtpx:hr>
          </gpxtpx:TrackPointExtension>
        </extensions>
      </trkpt>
      <trkpt lat="32.39050248075126" lon="119.43001368200896">
        <ele>13.895134480670094</ele>
        <time>2025-10-04T01:08:08.900000Z</time>
        <extensions>
          <gpxtpx:TrackPointExtension>
            <gpxtpx:hr>83</gpxtpx:hr>
          </gpxtpx:TrackPointExtension>
        </extensions>
      </trkpt>
      <trkpt lat="32.39050457488063" lon="119.43004658345951">
        <ele>13.866610815748572</ele>
        <time>2025-10-04T01:08:09.900000Z</time>
        <extensions>
          <gpxtpx:TrackPointExtension>
            <gpxtpx:hr>83</gpxtpx:hr>
          </gpxtpx:TrackPointExtension>
        </extensions>
      </trkpt>
      <trkpt lat="32.390505876487374" lon="119.43007747188807">
        <ele>13.838442877866328</ele>
        <time>2025-10-04T01:08:10.900000Z</time>
        <extensions>
          <gpxtpx:TrackPointExtension>
            <gpxtpx:hr>83</gpxtpx:hr>
          </gpxtpx:TrackPointExtension>
        </extensions>
      </trkpt>
      <trkpt lat="32.39050893863276" lon="119.43011105050923">
        <ele>13.810487106442451</ele>
        <time>2025-10-04T01:08:11.900000Z</time>
        <extensions>
          <gpxtpx:TrackPointExtension>
            <gpxtpx:hr>83</gpxtpx:hr>
          </gpxtpx:TrackPointExtension>
        </extensions>
      </trkpt>
      <trkpt lat="32.39051272664763" lon="119.43015078611933">
        <ele>13.782917861826718</ele>
        <time>2025-10-04T01:08:12.900000Z</time>
        <extensions>
          <gpxtpx:TrackPointExtension>
            <gpxtpx:hr>85</gpxtpx:hr>
          </gpxtpx:TrackPointExtension>
        </extensions>
      </trkpt>
      <trkpt lat="32.39051469614631" lon="119.43019415222034">
        <ele>13.755229199305177</ele>
        <time>2025-10-04T01:08:13.900000Z</time>
        <extensions>
          <gpxtpx:TrackPointExtension>
            <gpxtpx:hr>85</gpxtpx:hr>
          </gpxtpx:TrackPointExtension>
        </extensions>
      </trkpt>
      <trkpt lat="32.39051638676588" lon="119.43023873023758">
        <ele>13.727596457116306</ele>
        <time>2025-10-04T01:08:14.900000Z</time>
        <extensions>
          <gpxtpx:TrackPointExtension>
            <gpxtpx:hr>85</gpxtpx:hr>
          </gpxtpx:TrackPointExtension>
        </extensions>
      </trkpt>
      <trkpt lat="32.390518140428746" lon="119.4302863232783">
        <ele>13.700010656379163</ele>
        <time>2025-10-04T01:08:15.900000Z</time>
        <extensions>
          <gpxtpx:TrackPointExtension>
            <gpxtpx:hr>85</gpxtpx:hr>
          </gpxtpx:TrackPointExtension>
        </extensions>
      </trkpt>
      <trkpt lat="32.39052029076954" lon="119.43033598425936">
        <ele>13.673017591238022</ele>
        <time>2025-10-04T01:08:16.900000Z</time>
        <extensions>
          <gpxtpx:TrackPointExtension>
            <gpxtpx:hr>85</gpxtpx:hr>
          </gpxtpx:TrackPointExtension>
        </extensions>
      </trkpt>
      <trkpt lat="32.390523784981255" lon="119.43038760838941">
        <ele>13.646233142353594</ele>
        <time>2025-10-04T01:08:17.900000Z</time>
        <extensions>
          <gpxtpx:TrackPointExtension>
            <gpxtpx:hr>84</gpxtpx:hr>
          </gpxtpx:TrackPointExtension>
        </extensions>
      </trkpt>
      <trkpt lat="32.39052928570716" lon="119.43043976122951">
        <ele>13.619979433715343</ele>
        <time>2025-10-04T01:08:18.900000Z</time>
        <extensions>
          <gpxtpx:TrackPointExtension>
            <gpxtpx:hr>84</gpxtpx:hr>
          </gpxtpx:TrackPointExtension>
        </extensions>
      </trkpt>
      <trkpt lat="32.390535849240486" lon="119.43048929911816">
        <ele>13.594344764947891</ele>
        <time>2025-10-04T01:08:19.900000Z</time>
        <extensions>
          <gpxtpx:TrackPointExtension>
            <gpxtpx:hr>84</gpxtpx:hr>
          </gpxtpx:TrackPointExtension>
        </extensions>
      </trkpt>
      <trkpt lat="32.39054204710006" lon="119.4305365290582">
        <ele>13.5693479180336</ele>
        <time>2025-10-04T01:08:20.900000Z</time>
        <extensions>
          <gpxtpx:TrackPointExtension>
            <gpxtpx:hr>84</gpxtpx:hr>
          </gpxtpx:TrackPointExtension>
        </extensions>
      </trkpt>
      <trkpt lat="32.39054734199326" lon="119.43058428979795">
        <ele>13.544907465577126</ele>
        <time>2025-10-04T01:08:21.900000Z</time>
        <extensions>
          <gpxtpx:TrackPointExtension>
            <gpxtpx:hr>84</gpxtpx:hr>
          </gpxtpx:TrackPointExtension>
        </extensions>
      </trkpt>
      <trkpt lat="32.39055262670885" lon="119.43063220994321">
        <ele>13.520737051963806</ele>
        <time>2025-10-04T01:08:22.900000Z</time>
        <extensions>
          <gpxtpx:TrackPointExtension>
            <gpxtpx:hr>84</gpxtpx:hr>
          </gpxtpx:TrackPointExtension>
        </extensions>
      </trkpt>
      <trkpt lat="32.39055881013441" lon="119.43067923953973">
        <ele>13.497768525965512</ele>
        <time>2025-10-04T01:08:23.900000Z</time>
        <extensions>
          <gpxtpx:TrackPointExtension>
            <gpxtpx:hr>84</gpxtpx:hr>
          </gpxtpx:TrackPointExtension>
        </extensions>
      </trkpt>
      <trkpt lat="32.39056364303475" lon="119.43072648987611">
        <ele>13.474755952134728</ele>
        <time>2025-10-04T01:08:24.900000Z</time>
        <extensions>
          <gpxtpx:TrackPointExtension>
            <gpxtpx:hr>82</gpxtpx:hr>
          </gpxtpx:TrackPointExtension>
        </extensions>
      </trkpt>
      <trkpt lat="32.390567194519924" lon="119.43077415558787">
        <ele>13.45307397376746</ele>
        <time>2025-10-04T01:08:25.900000Z</time>
        <extensions>
          <gpxtpx:TrackPointExtension>
            <gpxtpx:hr>82</gpxtpx:hr>
          </gpxtpx:TrackPointExtension>
        </extensions>
      </trkpt>
      <trkpt lat="32.390570283193775" lon="119.43082224180174">
        <ele>13.432123572565615</ele>
        <time>2025-10-04T01:08:26.900000Z</time>
        <extensions>
          <gpxtpx:TrackPointExtension>
            <gpxtpx:hr>82</gpxtpx:hr>
          </gpxtpx:TrackPointExtension>
        </extensions>
      </trkpt>
      <trkpt lat="32.39057237658348" lon="119.43086902837823">
        <ele>13.412472643889487</ele>
        <time>2025-10-04T01:08:27.900000Z</time>
        <extensions>
          <gpxtpx:TrackPointExtension>
            <gpxtpx:hr>82</gpxtpx:hr>
          </gpxtpx:TrackPointExtension>
        </extensions>
      </trkpt>
      <trkpt lat="32.39057547953388" lon="119.4309152949788">
        <ele>13.394074814394116</ele>
        <time>2025-10-04T01:08:28.900000Z</time>
        <extensions>
          <gpxtpx:TrackPointExtension>
            <gpxtpx:hr>82</gpxtpx:hr>
          </gpxtpx:TrackPointExtension>
        </extensions>
      </trkpt>
      <trkpt lat="32.39058208611161" lon="119.43096525964047">
        <ele>13.377244230359793</ele>
        <time>2025-10-04T01:08:29.900000Z</time>
        <extensions>
          <gpxtpx:TrackPointExtension>
            <gpxtpx:hr>82</gpxtpx:hr>
          </gpxtpx:TrackPointExtension>
        </extensions>
      </trkpt>
      <trkpt lat="32.39058953526183" lon="119.43101917925203">
        <ele>13.361759830266237</ele>
        <time>2025-10-04T01:08:30.900000Z</time>
        <extensions>
          <gpxtpx:TrackPointExtension>
            <gpxtpx:hr>82</gpxtpx:hr>
          </gpxtpx:TrackPointExtension>
        </extensions>
      </trkpt>
      <trkpt lat="32.390595683098" lon="119.43107499852633">
        <ele>13.348720512352884</ele>
        <time>2025-10-04T01:08:31.900000Z</time>
        <extensions>
          <gpxtpx:TrackPointExtension>
            <gpxtpx:hr>82</gpxtpx:hr>
          </gpxtpx:TrackPointExtension>
        </extensions>
      </trkpt>
      <trkpt lat="32.39060221214733" lon="119.43113157009105">
        <ele>13.337283506058156</ele>
        <time>2025-10-04T01:08:32.900000Z</time>
        <extensions>
          <gpxtpx:TrackPointExtension>
            <gpxtpx:hr>82</gpxtpx:hr>
          </gpxtpx:TrackPointExtension>
        </extensions>
      </trkpt>
      <trkpt lat="32.390607971072036" lon="119.43118974338559">
        <ele>13.327749743126333</ele>
        <time>2025-10-04T01:08:33.900000Z</time>
        <extensions>
          <gpxtpx:TrackPointExtension>
            <gpxtpx:hr>82</gpxtpx:hr>
          </gpxtpx:TrackPointExtension>
        </extensions>
      </trkpt>
      <trkpt lat="32.39061130636024" lon="119.43125055592704">
        <ele>13.319766284897923</ele>
        <time>2025-10-04T01:08:34.900000Z</time>
        <extensions>
          <gpxtpx:TrackPointExtension>
            <gpxtpx:hr>82</gpxtpx:hr>
          </gpxtpx:TrackPointExtension>
        </extensions>
      </trkpt>
      <trkpt lat="32.390612250972296" lon="119.43131029038896">
        <ele>13.312778138555586</ele>
        <time>2025-10-04T01:08:35.900000Z</time>
        <extensions>
          <gpxtpx:TrackPointExtension>
            <gpxtpx:hr>82</gpxtpx:hr>
          </gpxtpx:TrackPointExtension>
        </extensions>
      </trkpt>
      <trkpt lat="32.39061120623131" lon="119.43136579359711">
        <ele>13.306902380660176</ele>
        <time>2025-10-04T01:08:36.900000Z</time>
        <extensions>
          <gpxtpx:TrackPointExtension>
            <gpxtpx:hr>82</gpxtpx:hr>
          </gpxtpx:TrackPointExtension>
        </extensions>
      </trkpt>
      <trkpt lat="32.3906098284869" lon="119.43141899115815">
        <ele>13.30247410479933</ele>
        <time>2025-10-04T01:08:37.900000Z</time>
        <extensions>
          <gpxtpx:TrackPointExtension>
            <gpxtpx:hr>85</gpxtpx:hr>
          </gpxtpx:TrackPointExtension>
        </extensions>
      </trkpt>
      <trkpt lat="32.390609152081396" lon="119.43146951972065">
        <ele>13.299370558001101</ele>
        <time>2025-10-04T01:08:38.900000Z</time>
        <extensions>
          <gpxtpx:TrackPointExtension>
            <gpxtpx:hr>85</gpxtpx:hr>
          </gpxtpx:TrackPointExtension>
        </extensions>
      </trkpt>
      <trkpt lat="32.39060991263302" lon="119.4315179371067">
        <ele>13.29745280649513</ele>
        <time>2025-10-04T01:08:39.900000Z</time>
        <extensions>
          <gpxtpx:TrackPointExtension>
            <gpxtpx:hr>85</gpxtpx:hr>
          </gpxtpx:TrackPointExtension>
        </extensions>
      </trkpt>
      <trkpt lat="32.39061258948584" lon="119.43156585370136">
        <ele>13.296428062953055</ele>
        <time>2025-10-04T01:08:40.900000Z</time>
        <extensions>
          <gpxtpx:TrackPointExtension>
            <gpxtpx:hr>85</gpxtpx:hr>
          </gpxtpx:TrackPointExtension>
        </extensions>
      </trkpt>
      <trkpt lat="32.39061495059781" lon="119.43161167082675">
        <ele>13.296024753712118</ele>
        <time>2025-10-04T01:08:41.900000Z</time>
        <extensions>
          <gpxtpx:TrackPointExtension>
            <gpxtpx:hr>85</gpxtpx:hr>
          </gpxtpx:TrackPointExtension>
        </extensions>
      </trkpt>
      <trkpt lat="32.39061471962526" lon="119.43165900833696">
        <ele>13.29648535978049</ele>
        <time>2025-10-04T01:08:42.900000Z</time>
        <extensions>
          <gpxtpx:TrackPointExtension>
            <gpxtpx:hr>85</gpxtpx:hr>
          </gpxtpx:TrackPointExtension>
        </extensions>
      </trkpt>
      <trkpt lat="32.39061087367344" lon="119.43171094718771">
        <ele>13.297531030140817</ele>
        <time>2025-10-04T01:08:43.900000Z</time>
        <extensions>
          <gpxtpx:TrackPointExtension>
            <gpxtpx:hr>85</gpxtpx:hr>
          </gpxtpx:TrackPointExtension>
        </extensions>
      </trkpt>
      <trkpt lat="32.390605505598586" lon="119.43176447347551">
        <ele>13.298954105004668</ele>
        <time>2025-10-04T01:08:44.900000Z</time>
        <extensions>
          <gpxtpx:TrackPointExtension>
            <gpxtpx:hr>85</gpxtpx:hr>
          </gpxtpx:TrackPointExtension>
        </extensions>
      </trkpt>
      <trkpt lat="32.39060165906544" lon="119.43181894703723">
        <ele>13.30060957185924</ele>
        <time>2025-10-04T01:08:45.900000Z</time>
        <extensions>
          <gpxtpx:TrackPointExtension>
            <gpxtpx:hr>85</gpxtpx:hr>
          </gpxtpx:TrackPointExtension>
        </extensions>
      </trkpt>
      <trkpt lat="32.390600212408906" lon="119.43187682551805">
        <ele>13.302359325811267</ele>
        <time>2025-10-04T01:08:46.900000Z</time>
        <extensions>
          <gpxtpx:TrackPointExtension>
            <gpxtpx:hr>85</gpxtpx:hr>
          </gpxtpx:TrackPointExtension>
        </extensions>
      </trkpt>
      <trkpt lat="32.39059887798414" lon="119.43193923171765">
        <ele>13.304076040163636</ele>
        <time>2025-10-04T01:08:47.900000Z</time>
        <extensions>
          <gpxtpx:TrackPointExtension>
            <gpxtpx:hr>85</gpxtpx:hr>
          </gpxtpx:TrackPointExtension>
        </extensions>
      </trkpt>
      <trkpt lat="32.39059666590755" lon="119.43200115440058">
        <ele>13.30565614067018</ele>
        <time>2025-10-04T01:08:48.900000Z</time>
        <extensions>
          <gpxtpx:TrackPointExtension>
            <gpxtpx:hr>85</gpxtpx:hr>
          </gpxtpx:TrackPointExtension>
        </extensions>
      </trkpt>
      <trkpt lat="32.390595582982385" lon="119.43205738036716">
        <ele>13.306944076903164</ele>
        <time>2025-10-04T01:08:49.900000Z</time>
        <extensions>
          <gpxtpx:TrackPointExtension>
            <gpxtpx:hr>85</gpxtpx:hr>
          </gpxtpx:TrackPointExtension>
        </extensions>
      </trkpt>
      <trkpt lat="32.39059592205638" lon="119.43210837159651">
        <ele>13.307969888672233</ele>
        <time>2025-10-04T01:08:50.900000Z</time>
        <extensions>
          <gpxtpx:TrackPointExtension>
            <gpxtpx:hr>85</gpxtpx:hr>
          </gpxtpx:TrackPointExtension>
        </extensions>
      </trkpt>
      <trkpt lat="32.39059671644539" lon="119.43215604644311">
        <ele>13.30878366716206</ele>
        <time>2025-10-04T01:08:51.900000Z</time>
        <extensions>
          <gpxtpx:TrackPointExtension>
            <gpxtpx:hr>85</gpxtpx:hr>
          </gpxtpx:TrackPointExtension>
        </extensions>
      </trkpt>
      <trkpt lat="32.390597655344294" lon="119.43220093649482">
        <ele>13.309268088079989</ele>
        <time>2025-10-04T01:08:52.900000Z</time>
        <extensions>
          <gpxtpx:TrackPointExtension>
            <gpxtpx:hr>85</gpxtpx:hr>
          </gpxtpx:TrackPointExtension>
        </extensions>
      </trkpt>
      <trkpt lat="32.39059796404943" lon="119.4322434044326">
        <ele>13.309437515214086</ele>
        <time>2025-10-04T01:08:53.900000Z</time>
        <extensions>
          <gpxtpx:TrackPointExtension>
            <gpxtpx:hr>85</gpxtpx:hr>
          </gpxtpx:TrackPointExtension>
        </extensions>
      </trkpt>
      <trkpt lat="32.39059811251698" lon="119.4322840485615">
        <ele>13.30930891726166</ele>
        <time>2025-10-04T01:08:54.900000Z</time>
        <extensions>
          <gpxtpx:TrackPointExtension>
            <gpxtpx:hr>85</gpxtpx:hr>
          </gpxtpx:TrackPointExtension>
        </extensions>
      </trkpt>
      <trkpt lat="32.39059976513746" lon="119.43232633065556">
        <ele>13.308937818743289</ele>
        <time>2025-10-04T01:08:55.900000Z</time>
        <extensions>
          <gpxtpx:TrackPointExtension>
            <gpxtpx:hr>86</gpxtpx:hr>
          </gpxtpx:TrackPointExtension>
        </extensions>
      </trkpt>
      <trkpt lat="32.39060256985004" lon="119.43237188212109">
        <ele>13.308370720595121</ele>
        <time>2025-10-04T01:08:56.900000Z</time>
        <extensions>
          <gpxtpx:TrackPointExtension>
            <gpxtpx:hr>86</gpxtpx:hr>
          </gpxtpx:TrackPointExtension>
        </extensions>
      </trkpt>
      <trkpt lat="32.39060468058372" lon="119.4324181620013">
        <ele>13.307648052461445</ele>
        <time>2025-10-04T01:08:57.900000Z</time>
        <extensions>
          <gpxtpx:TrackPointExtension>
            <gpxtpx:hr>86</gpxtpx:hr>
          </gpxtpx:TrackPointExtension>
        </extensions>
      </trkpt>
      <trkpt lat="32.39060705235505" lon="119.43246367969857">
        <ele>13.306710672564805</ele>
        <time>2025-10-04T01:08:58.900000Z</time>
        <extensions>
          <gpxtpx:TrackPointExtension>
            <gpxtpx:hr>86</gpxtpx:hr>
          </gpxtpx:TrackPointExtension>
        </extensions>
      </trkpt>
      <trkpt lat="32.390610614854666" lon="119.43250808243086">
        <ele>13.305804857984185</ele>
        <time>2025-10-04T01:08:59.900000Z</time>
        <extensions>
          <gpxtpx:TrackPointExtension>
            <gpxtpx:hr>86</gpxtpx:hr>
          </gpxtpx:TrackPointExtension>
        </extensions>
      </trkpt>
      <trkpt lat="32.390614447213125" lon="119.4325535914654">
        <ele>13.304815080948174</ele>
        <time>2025-10-04T01:09:00.900000Z</time>
        <extensions>
          <gpxtpx:TrackPointExtension>
            <gpxtpx:hr>86</gpxtpx:hr>
          </gpxtpx:TrackPointExtension>
        </extensions>
      </trkpt>
      <trkpt lat="32.39061951279944" lon="119.43260167520877">
        <ele>13.303916221484542</ele>
        <time>2025-10-04T01:09:01.900000Z</time>
        <extensions>
          <gpxtpx:TrackPointExtension>
            <gpxtpx:hr>86</gpxtpx:hr>
          </gpxtpx:TrackPointExtension>
        </extensions>
      </trkpt>
      <trkpt lat="32.390624790960565" lon="119.43265039263154">
        <ele>13.302717118524015</ele>
        <time>2025-10-04T01:09:02.900000Z</time>
        <extensions>
          <gpxtpx:TrackPointExtension>
            <gpxtpx:hr>86</gpxtpx:hr>
          </gpxtpx:TrackPointExtension>
        </extensions>
      </trkpt>
      <trkpt lat="32.39063005611719" lon="119.43269666931356">
        <ele>13.301438343711197</ele>
        <time>2025-10-04T01:09:03.900000Z</time>
        <extensions>
          <gpxtpx:TrackPointExtension>
            <gpxtpx:hr>86</gpxtpx:hr>
          </gpxtpx:TrackPointExtension>
        </extensions>
      </trkpt>
      <trkpt lat="32.390635653557396" lon="119.43274050962573">
        <ele>13.300293101929128</ele>
        <time>2025-10-04T01:09:04.900000Z</time>
        <extensions>
          <gpxtpx:TrackPointExtension>
            <gpxtpx:hr>86</gpxtpx:hr>
          </gpxtpx:TrackPointExtension>
        </extensions>
      </trkpt>
      <trkpt lat="32.39064105078394" lon="119.43278448915174">
        <ele>13.29896411858499</ele>
        <time>2025-10-04T01:09:05.900000Z</time>
        <extensions>
          <gpxtpx:TrackPointExtension>
            <gpxtpx:hr>86</gpxtpx:hr>
          </gpxtpx:TrackPointExtension>
        </extensions>
      </trkpt>
      <trkpt lat="32.390646965808834" lon="119.43283039669866">
        <ele>13.297576180659235</ele>
        <time>2025-10-04T01:09:06.900000Z</time>
        <extensions>
          <gpxtpx:TrackPointExtension>
            <gpxtpx:hr>86</gpxtpx:hr>
          </gpxtpx:TrackPointExtension>
        </extensions>
      </trkpt>
      <trkpt lat="32.390654941400946" lon="119.43287964457583">
        <ele>13.296161020174623</ele>
        <time>2025-10-04T01:09:07.900000Z</time>
        <extensions>
          <gpxtpx:TrackPointExtension>
            <gpxtpx:hr>83</gpxtpx:hr>
          </gpxtpx:TrackPointExtension>
        </extensions>
      </trkpt>
      <trkpt lat="32.39066692779359" lon="119.43293273284162">
        <ele>13.295412522740662</ele>
        <time>2025-10-04T01:09:08.900000Z</time>
        <extensions>
          <gpxtpx:TrackPointExtension>
            <gpxtpx:hr>83</gpxtpx:hr>
          </gpxtpx:TrackPointExtension>
        </extensions>
      </trkpt>
      <trkpt lat="32.39068009302035" lon="119.43298644201651">
        <ele>13.294411115348339</ele>
        <time>2025-10-04T01:09:09.900000Z</time>
        <extensions>
          <gpxtpx:TrackPointExtension>
            <gpxtpx:hr>83</gpxtpx:hr>
          </gpxtpx:TrackPointExtension>
        </extensions>
      </trkpt>
      <trkpt lat="32.39069061305347" lon="119.43303668648157">
        <ele>13.293747894465923</ele>
        <time>2025-10-04T01:09:10.900000Z</time>
        <extensions>
          <gpxtpx:TrackPointExtension>
            <gpxtpx:hr>83</gpxtpx:hr>
          </gpxtpx:TrackPointExtension>
        </extensions>
      </trkpt>
      <trkpt lat="32.39069503422537" lon="119.43308190830814">
        <ele>13.293305062688887</ele>
        <time>2025-10-04T01:09:11.900000Z</time>
        <extensions>
          <gpxtpx:TrackPointExtension>
            <gpxtpx:hr>83</gpxtpx:hr>
          </gpxtpx:TrackPointExtension>
        </extensions>
      </trkpt>
      <trkpt lat="32.390693578109875" lon="119.43311696479273">
        <ele>13.29344250075519</ele>
        <time>2025-10-04T01:09:12.900000Z</time>
        <extensions>
          <gpxtpx:TrackPointExtension>
            <gpxtpx:hr>83</gpxtpx:hr>
          </gpxtpx:TrackPointExtension>
        </extensions>
      </trkpt>
      <trkpt lat="32.39069204704402" lon="119.43313739816392">
        <ele>13.294077133759856</ele>
        <time>2025-10-04T01:09:13.900000Z</time>
        <extensions>
          <gpxtpx:TrackPointExtension>
            <gpxtpx:hr>83</gpxtpx:hr>
          </gpxtpx:TrackPointExtension>
        </extensions>
      </trkpt>
      <trkpt lat="32.39069195522676" lon="119.43314601011606">
        <ele>13.295783213339746</ele>
        <time>2025-10-04T01:09:14.900000Z</time>
        <extensions>
          <gpxtpx:TrackPointExtension>
            <gpxtpx:hr>83</gpxtpx:hr>
          </gpxtpx:TrackPointExtension>
        </extensions>
      </trkpt>
      <trkpt lat="32.39069192767796" lon="119.43314774323154">
        <ele>13.298883270472288</ele>
        <time>2025-10-04T01:09:15.900000Z</time>
        <extensions>
          <gpxtpx:TrackPointExtension>
            <gpxtpx:hr>83</gpxtpx:hr>
          </gpxtpx:TrackPointExtension>
        </extensions>
      </trkpt>
      <trkpt lat="32.39069181253359" lon="119.43314690778156">
        <ele>13.301859755069017</ele>
        <time>2025-10-04T01:09:16.900000Z</time>
        <extensions>
          <gpxtpx:TrackPointExtension>
            <gpxtpx:hr>83</gpxtpx:hr>
          </gpxtpx:TrackPointExtension>
        </extensions>
      </trkpt>
      <trkpt lat="32.39069165068599" lon="119.43314585283844">
        <ele>13.306038680486381</ele>
        <time>2025-10-04T01:09:17.900000Z</time>
        <extensions>
          <gpxtpx:TrackPointExtension>
            <gpxtpx:hr>83</gpxtpx:hr>
          </gpxtpx:TrackPointExtension>
        </extensions>
      </trkpt>
      <trkpt lat="32.390691391087294" lon="119.43314500285373">
        <ele>13.31074967328459</ele>
        <time>2025-10-04T01:09:18.900000Z</time>
        <extensions>
          <gpxtpx:TrackPointExtension>
            <gpxtpx:hr>83</gpxtpx:hr>
          </gpxtpx:TrackPointExtension>
        </extensions>
      </trkpt>
      <trkpt lat="32.39069086280707" lon="119.433145316999">
        <ele>13.316039841622114</ele>
        <time>2025-10-04T01:09:19.900000Z</time>
        <extensions>
          <gpxtpx:TrackPointExtension>
            <gpxtpx:hr>82</gpxtpx:hr>
          </gpxtpx:TrackPointExtension>
        </extensions>
      </trkpt>
      <trkpt lat="32.390689696345156" lon="119.43315027778651">
        <ele>13.321944860741496</ele>
        <time>2025-10-04T01:09:20.900000Z</time>
        <extensions>
          <gpxtpx:TrackPointExtension>
            <gpxtpx:hr>82</gpxtpx:hr>
          </gpxtpx:TrackPointExtension>
        </extensions>
      </trkpt>
      <trkpt lat="32.39068714330055" lon="119.43315777664431">
        <ele>13.327497283928096</ele>
        <time>2025-10-04T01:09:21.900000Z</time>
        <extensions>
          <gpxtpx:TrackPointExtension>
            <gpxtpx:hr>82</gpxtpx:hr>
          </gpxtpx:TrackPointExtension>
        </extensions>
      </trkpt>
      <trkpt lat="32.39068290733819" lon="119.43316485740125">
        <ele>13.334377077408135</ele>
        <time>2025-10-04T01:09:22.900000Z</time>
        <extensions>
          <gpxtpx:TrackPointExtension>
            <gpxtpx:hr>82</gpxtpx:hr>
          </gpxtpx:TrackPointExtension>
        </extensions>
      </trkpt>
      <trkpt lat="32.390679128307575" lon="119.43316940713866">
        <ele>13.341225326992571</ele>
        <time>2025-10-04T01:09:23.900000Z</time>
        <extensions>
          <gpxtpx:TrackPointExtension>
            <gpxtpx:hr>82</gpxtpx:hr>
          </gpxtpx:TrackPointExtension>
        </extensions>
      </trkpt>
      <trkpt lat="32.39067733840437" lon="119.43317026491856">
        <ele>13.349147197790444</ele>
        <time>2025-10-04T01:09:24.900000Z</time>
        <extensions>
          <gpxtpx:TrackPointExtension>
            <gpxtpx:hr>82</gpxtpx:hr>
          </gpxtpx:TrackPointExtension>
        </extensions>
      </trkpt>
      <trkpt lat="32.39067844446039" lon="119.43317169404904">
        <ele>13.35800778400153</ele>
        <time>2025-10-04T01:09:25.900000Z</time>
        <extensions>
          <gpxtpx:TrackPointExtension>
            <gpxtpx:hr>82</gpxtpx:hr>
          </gpxtpx:TrackPointExtension>
        </extensions>
      </trkpt>
      <trkpt lat="32.39068017296928" lon="119.43317271834053">
        <ele>13.36771032307297</ele>
        <time>2025-10-04T01:09:26.900000Z</time>
        <extensions>
          <gpxtpx:TrackPointExtension>
            <gpxtpx:hr>81</gpxtpx:hr>
          </gpxtpx:TrackPointExtension>
        </extensions>
      </trkpt>
      <trkpt lat="32.39068008592063" lon="119.43317186865374">
        <ele>13.377320928499103</ele>
        <time>2025-10-04T01:09:27.900000Z</time>
        <extensions>
          <gpxtpx:TrackPointExtension>
            <gpxtpx:hr>81</gpxtpx:hr>
          </gpxtpx:TrackPointExtension>
        </extensions>
      </trkpt>
      <trkpt lat="32.39067960938403" lon="119.43317061020196">
        <ele>13.387443849816918</ele>
        <time>2025-10-04T01:09:28.900000Z</time>
        <extensions>
          <gpxtpx:TrackPointExtension>
            <gpxtpx:hr>81</gpxtpx:hr>
          </gpxtpx:TrackPointExtension>
        </extensions>
      </trkpt>
      <trkpt lat="32.39067905575893" lon="119.43316943446808">
        <ele>13.397550259716809</ele>
        <time>2025-10-04T01:09:29.900000Z</time>
        <extensions>
          <gpxtpx:TrackPointExtension>
            <gpxtpx:hr>81</gpxtpx:hr>
          </gpxtpx:TrackPointExtension>
        </extensions>
      </trkpt>
      <trkpt lat="32.390678483842564" lon="119.43316840248062">
        <ele>13.40788274910301</ele>
        <time>2025-10-04T01:09:30.900000Z</time>
        <extensions>
          <gpxtpx:TrackPointExtension>
            <gpxtpx:hr>81</gpxtpx:hr>
          </gpxtpx:TrackPointExtension>
        </extensions>
      </trkpt>
      <trkpt lat="32.39067790838752" lon="119.43316751017525">
        <ele>13.41880046389997</ele>
        <time>2025-10-04T01:09:31.900000Z</time>
        <extensions>
          <gpxtpx:TrackPointExtension>
            <gpxtpx:hr>81</gpxtpx:hr>
          </gpxtpx:TrackPointExtension>
        </extensions>
      </trkpt>
      <trkpt lat="32.39067738133828" lon="119.43316678288812">
        <ele>13.429420992732048</ele>
        <time>2025-10-04T01:09:32.900000Z</time>
        <extensions>
          <gpxtpx:TrackPointExtension>
            <gpxtpx:hr>81</gpxtpx:hr>
          </gpxtpx:TrackPointExtension>
        </extensions>
      </trkpt>
      <trkpt lat="32.390677036811404" lon="119.43316635069209">
        <ele>13.438367274589837</ele>
        <time>2025-10-04T01:09:33.900000Z</time>
        <extensions>
          <gpxtpx:TrackPointExtension>
            <gpxtpx:hr>81</gpxtpx:hr>
          </gpxtpx:TrackPointExtension>
        </extensions>
      </trkpt>
      <trkpt lat="32.39067685187087" lon="119.43316615577537">
        <ele>13.446952864527702</ele>
        <time>2025-10-04T01:09:34.900000Z</time>
        <extensions>
          <gpxtpx:TrackPointExtension>
            <gpxtpx:hr>81</gpxtpx:hr>
          </gpxtpx:TrackPointExtension>
        </extensions>
      </trkpt>
      <trkpt lat="32.39067665855401" lon="119.43316600194485">
        <ele>13.454435692168772</ele>
        <time>2025-10-04T01:09:35.900000Z</time>
        <extensions>
          <gpxtpx:TrackPointExtension>
            <gpxtpx:hr>81</gpxtpx:hr>
          </gpxtpx:TrackPointExtension>
        </extensions>
      </trkpt>
      <trkpt lat="32.390676418823205" lon="119.43316585282989">
        <ele>13.461785288527608</ele>
        <time>2025-10-04T01:09:36.900000Z</time>
        <extensions>
          <gpxtpx:TrackPointExtension>
            <gpxtpx:hr>81</gpxtpx:hr>
          </gpxtpx:TrackPointExtension>
        </extensions>
      </trkpt>
      <trkpt lat="32.390676160740384" lon="119.43316573675985">
        <ele>13.468539196066558</ele>
        <time>2025-10-04T01:09:37.900000Z</time>
        <extensions>
          <gpxtpx:TrackPointExtension>
            <gpxtpx:hr>81</gpxtpx:hr>
          </gpxtpx:TrackPointExtension>
        </extensions>
      </trkpt>
      <trkpt lat="32.390675869455485" lon="119.43316565682348">
        <ele>13.474689879454672</ele>
        <time>2025-10-04T01:09:38.900000Z</time>
        <extensions>
          <gpxtpx:TrackPointExtension>
            <gpxtpx:hr>81</gpxtpx:hr>
          </gpxtpx:TrackPointExtension>
        </extensions>
      </trkpt>
      <trkpt lat="32.39067553799786" lon="119.43316559918831">
        <ele>13.48029371816665</ele>
        <time>2025-10-04T01:09:39.900000Z</time>
        <extensions>
          <gpxtpx:TrackPointExtension>
            <gpxtpx:hr>81</gpxtpx:hr>
          </gpxtpx:TrackPointExtension>
        </extensions>
      </trkpt>
      <trkpt lat="32.39067520867631" lon="119.4331655464094">
        <ele>13.484661656431854</ele>
        <time>2025-10-04T01:09:40.900000Z</time>
        <extensions>
          <gpxtpx:TrackPointExtension>
            <gpxtpx:hr>81</gpxtpx:hr>
          </gpxtpx:TrackPointExtension>
        </extensions>
      </trkpt>
      <trkpt lat="32.39067490962308" lon="119.43316548823206">
        <ele>13.488437101244926</ele>
        <time>2025-10-04T01:09:41.900000Z</time>
        <extensions>
          <gpxtpx:TrackPointExtension>
            <gpxtpx:hr>81</gpxtpx:hr>
          </gpxtpx:TrackPointExtension>
        </extensions>
      </trkpt>
      <trkpt lat="32.390674633576396" lon="119.43316543252334">
        <ele>13.491478640586138</ele>
        <time>2025-10-04T01:09:42.900000Z</time>
        <extensions>
          <gpxtpx:TrackPointExtension>
            <gpxtpx:hr>81</gpxtpx:hr>
          </gpxtpx:TrackPointExtension>
        </extensions>
      </trkpt>
      <trkpt lat="32.39067431876019" lon="119.43316542518212">
        <ele>13.493967730551958</ele>
        <time>2025-10-04T01:09:43.900000Z</time>
        <extensions>
          <gpxtpx:TrackPointExtension>
            <gpxtpx:hr>81</gpxtpx:hr>
          </gpxtpx:TrackPointExtension>
        </extensions>
      </trkpt>
      <trkpt lat="32.39067404366478" lon="119.43316540626785">
        <ele>13.495674115605652</ele>
        <time>2025-10-04T01:09:44.900000Z</time>
        <extensions>
          <gpxtpx:TrackPointExtension>
            <gpxtpx:hr>81</gpxtpx:hr>
          </gpxtpx:TrackPointExtension>
        </extensions>
      </trkpt>
      <trkpt lat="32.39067388498902" lon="119.43316531395806">
        <ele>13.496922198683023</ele>
        <time>2025-10-04T01:09:45.900000Z</time>
        <extensions>
          <gpxtpx:TrackPointExtension>
            <gpxtpx:hr>81</gpxtpx:hr>
          </gpxtpx:TrackPointExtension>
        </extensions>
      </trkpt>
      <trkpt lat="32.390673774961364" lon="119.43316519676313">
        <ele>13.497547130100429</ele>
        <time>2025-10-04T01:09:46.900000Z</time>
        <extensions>
          <gpxtpx:TrackPointExtension>
            <gpxtpx:hr>81</gpxtpx:hr>
          </gpxtpx:TrackPointExtension>
        </extensions>
      </trkpt>
      <trkpt lat="32.39067369719125" lon="119.43316506630549">
        <ele>13.497532905079424</ele>
        <time>2025-10-04T01:09:47.900000Z</time>
        <extensions>
          <gpxtpx:TrackPointExtension>
            <gpxtpx:hr>82</gpxtpx:hr>
          </gpxtpx:TrackPointExtension>
        </extensions>
      </trkpt>
      <trkpt lat="32.39067364165803" lon="119.43316493751504">
        <ele>13.496930047869682</ele>
        <time>2025-10-04T01:09:48.900000Z</time>
        <extensions>
          <gpxtpx:TrackPointExtension>
            <gpxtpx:hr>82</gpxtpx:hr>
          </gpxtpx:TrackPointExtension>
        </extensions>
      </trkpt>
      <trkpt lat="32.39067359369336" lon="119.43316484661501">
        <ele>13.495798774063587</ele>
        <time>2025-10-04T01:09:49.900000Z</time>
        <extensions>
          <gpxtpx:TrackPointExtension>
            <gpxtpx:hr>82</gpxtpx:hr>
          </gpxtpx:TrackPointExtension>
        </extensions>
      </trkpt>
      <trkpt lat="32.3906735530831" lon="119.43316480083418">
        <ele>13.49421124625951</ele>
        <time>2025-10-04T01:09:50.900000Z</time>
        <extensions>
          <gpxtpx:TrackPointExtension>
            <gpxtpx:hr>82</gpxtpx:hr>
          </gpxtpx:TrackPointExtension>
        </extensions>
      </trkpt>
      <trkpt lat="32.390673465243275" lon="119.43316498864434">
        <ele>13.492625150829554</ele>
        <time>2025-10-04T01:09:51.900000Z</time>
        <extensions>
          <gpxtpx:TrackPointExtension>
            <gpxtpx:hr>82</gpxtpx:hr>
          </gpxtpx:TrackPointExtension>
        </extensions>
      </trkpt>
      <trkpt lat="32.39067328500867" lon="119.43316559651741">
        <ele>13.490405441261828</ele>
        <time>2025-10-04T01:09:52.900000Z</time>
        <extensions>
          <gpxtpx:TrackPointExtension>
            <gpxtpx:hr>82</gpxtpx:hr>
          </gpxtpx:TrackPointExtension>
        </extensions>
      </trkpt>
      <trkpt lat="32.39067311725231" lon="119.43316619672312">
        <ele>13.488323939964175</ele>
        <time>2025-10-04T01:09:53.900000Z</time>
        <extensions>
          <gpxtpx:TrackPointExtension>
            <gpxtpx:hr>82</gpxtpx:hr>
          </gpxtpx:TrackPointExtension>
        </extensions>
      </trkpt>
      <trkpt lat="32.39067303517829" lon="119.43316645774819">
        <ele>13.486063483171165</ele>
        <time>2025-10-04T01:09:54.900000Z</time>
        <extensions>
          <gpxtpx:TrackPointExtension>
            <gpxtpx:hr>82</gpxtpx:hr>
          </gpxtpx:TrackPointExtension>
        </extensions>
      </trkpt>
      <trkpt lat="32.390673006041986" lon="119.43316654675235">
        <ele>13.483718117699027</ele>
        <time>2025-10-04T01:09:55.900000Z</time>
        <extensions>
          <gpxtpx:TrackPointExtension>
            <gpxtpx:hr>82</gpxtpx:hr>
          </gpxtpx:TrackPointExtension>
        </extensions>
      </trkpt>
      <trkpt lat="32.39067302682275" lon="119.43316650726462">
        <ele>13.4815344363451</ele>
        <time>2025-10-04T01:09:56.900000Z</time>
        <extensions>
          <gpxtpx:TrackPointExtension>
            <gpxtpx:hr>82</gpxtpx:hr>
          </gpxtpx:TrackPointExtension>
        </extensions>
      </trkpt>
      <trkpt lat="32.39067303177316" lon="119.43316682279381">
        <ele>13.479139949195087</ele>
        <time>2025-10-04T01:09:57.900000Z</time>
        <extensions>
          <gpxtpx:TrackPointExtension>
            <gpxtpx:hr>82</gpxtpx:hr>
          </gpxtpx:TrackPointExtension>
        </extensions>
      </trkpt>
      <trkpt lat="32.390672946788904" lon="119.43316797652724">
        <ele>13.4769257158041</ele>
        <time>2025-10-04T01:09:58.900000Z</time>
        <extensions>
          <gpxtpx:TrackPointExtension>
            <gpxtpx:hr>82</gpxtpx:hr>
          </gpxtpx:TrackPointExtension>
        </extensions>
      </trkpt>
      <trkpt lat="32.39067296365107" lon="119.43316887268503">
        <ele>13.475107927806675</ele>
        <time>2025-10-04T01:09:59.900000Z</time>
        <extensions>
          <gpxtpx:TrackPointExtension>
            <gpxtpx:hr>82</gpxtpx:hr>
          </gpxtpx:TrackPointExtension>
        </extensions>
      </trkpt>
      <trkpt lat="32.39067320168093" lon="119.43316908103101">
        <ele>13.47369340620935</ele>
        <time>2025-10-04T01:10:00.900000Z</time>
        <extensions>
          <gpxtpx:TrackPointExtension>
            <gpxtpx:hr>85</gpxtpx:hr>
          </gpxtpx:TrackPointExtension>
        </extensions>
      </trkpt>
      <trkpt lat="32.39067354984248" lon="119.43316919230666">
        <ele>13.4727562693879</ele>
        <time>2025-10-04T01:10:01.900000Z</time>
        <extensions>
          <gpxtpx:TrackPointExtension>
            <gpxtpx:hr>85</gpxtpx:hr>
          </gpxtpx:TrackPointExtension>
        </extensions>
      </trkpt>
      <trkpt lat="32.39067401452518" lon="119.43316935009095">
        <ele>13.472379062324762</ele>
        <time>2025-10-04T01:10:02.900000Z</time>
        <extensions>
          <gpxtpx:TrackPointExtension>
            <gpxtpx:hr>85</gpxtpx:hr>
          </gpxtpx:TrackPointExtension>
        </extensions>
      </trkpt>
      <trkpt lat="32.3906746986887" lon="119.43316982285457">
        <ele>13.472670562565327</ele>
        <time>2025-10-04T01:10:03.900000Z</time>
        <extensions>
          <gpxtpx:TrackPointExtension>
            <gpxtpx:hr>85</gpxtpx:hr>
          </gpxtpx:TrackPointExtension>
        </extensions>
      </trkpt>
      <trkpt lat="32.39067587200314" lon="119.43317050012122">
        <ele>13.473875304684043</ele>
        <time>2025-10-04T01:10:04.900000Z</time>
        <extensions>
          <gpxtpx:TrackPointExtension>
            <gpxtpx:hr>85</gpxtpx:hr>
          </gpxtpx:TrackPointExtension>
        </extensions>
      </trkpt>
      <trkpt lat="32.390678353518496" lon="119.43317048554476">
        <ele>13.475954948924482</ele>
        <time>2025-10-04T01:10:05.900000Z</time>
        <extensions>
          <gpxtpx:TrackPointExtension>
            <gpxtpx:hr>86</gpxtpx:hr>
          </gpxtpx:TrackPointExtension>
        </extensions>
      </trkpt>
      <trkpt lat="32.39068091130637" lon="119.43316967919155">
        <ele>13.479268650524318</ele>
        <time>2025-10-04T01:10:06.900000Z</time>
        <extensions>
          <gpxtpx:TrackPointExtension>
            <gpxtpx:hr>86</gpxtpx:hr>
          </gpxtpx:TrackPointExtension>
        </extensions>
      </trkpt>
      <trkpt lat="32.39068276823095" lon="119.43316925548834">
        <ele>13.483765989542007</ele>
        <time>2025-10-04T01:10:07.900000Z</time>
        <extensions>
          <gpxtpx:TrackPointExtension>
            <gpxtpx:hr>86</gpxtpx:hr>
          </gpxtpx:TrackPointExtension>
        </extensions>
      </trkpt>
      <trkpt lat="32.39068400209282" lon="119.43316912646335">
        <ele>13.49019503686577</ele>
        <time>2025-10-04T01:10:08.900000Z</time>
        <extensions>
          <gpxtpx:TrackPointExtension>
            <gpxtpx:hr>86</gpxtpx:hr>
          </gpxtpx:TrackPointExtension>
        </extensions>
      </trkpt>
      <trkpt lat="32.390684335856264" lon="119.43316884527502">
        <ele>13.49716079980135</ele>
        <time>2025-10-04T01:10:09.900000Z</time>
        <extensions>
          <gpxtpx:TrackPointExtension>
            <gpxtpx:hr>86</gpxtpx:hr>
          </gpxtpx:TrackPointExtension>
        </extensions>
      </trkpt>
      <trkpt lat="32.39068473101204" lon="119.43316846116502">
        <ele>13.505587242543697</ele>
        <time>2025-10-04T01:10:10.900000Z</time>
        <extensions>
          <gpxtpx:TrackPointExtension>
            <gpxtpx:hr>86</gpxtpx:hr>
          </gpxtpx:TrackPointExtension>
        </extensions>
      </trkpt>
      <trkpt lat="32.39068681290506" lon="119.43316662654406">
        <ele>13.515028187073767</ele>
        <time>2025-10-04T01:10:11.900000Z</time>
        <extensions>
          <gpxtpx:TrackPointExtension>
            <gpxtpx:hr>86</gpxtpx:hr>
          </gpxtpx:TrackPointExtension>
        </extensions>
      </trkpt>
      <trkpt lat="32.39069018467412" lon="119.43316340455543">
        <ele>13.525001586414874</ele>
        <time>2025-10-04T01:10:12.900000Z</time>
        <extensions>
          <gpxtpx:TrackPointExtension>
            <gpxtpx:hr>86</gpxtpx:hr>
          </gpxtpx:TrackPointExtension>
        </extensions>
      </trkpt>
      <trkpt lat="32.390690149673105" lon="119.43316040507507">
        <ele>13.534709114581347</ele>
        <time>2025-10-04T01:10:13.900000Z</time>
        <extensions>
          <gpxtpx:TrackPointExtension>
            <gpxtpx:hr>86</gpxtpx:hr>
          </gpxtpx:TrackPointExtension>
        </extensions>
      </trkpt>
      <trkpt lat="32.39068853382763" lon="119.43315827454401">
        <ele>13.544731930829585</ele>
        <time>2025-10-04T01:10:14.900000Z</time>
        <extensions>
          <gpxtpx:TrackPointExtension>
            <gpxtpx:hr>86</gpxtpx:hr>
          </gpxtpx:TrackPointExtension>
        </extensions>
      </trkpt>
      <trkpt lat="32.390688762747246" lon="119.43315660589538">
        <ele>13.554661183618009</ele>
        <time>2025-10-04T01:10:15.900000Z</time>
        <extensions>
          <gpxtpx:TrackPointExtension>
            <gpxtpx:hr>86</gpxtpx:hr>
          </gpxtpx:TrackPointExtension>
        </extensions>
      </trkpt>
      <trkpt lat="32.39068919825618" lon="119.43315509876315">
        <ele>13.564168457873166</ele>
        <time>2025-10-04T01:10:16.900000Z</time>
        <extensions>
          <gpxtpx:TrackPointExtension>
            <gpxtpx:hr>89</gpxtpx:hr>
          </gpxtpx:TrackPointExtension>
        </extensions>
      </trkpt>
      <trkpt lat="32.39068903642538" lon="119.43315295878313">
        <ele>13.573098841123283</ele>
        <time>2025-10-04T01:10:17.900000Z</time>
        <extensions>
          <gpxtpx:TrackPointExtension>
            <gpxtpx:hr>89</gpxtpx:hr>
          </gpxtpx:TrackPointExtension>
        </extensions>
      </trkpt>
      <trkpt lat="32.390688252524946" lon="119.43314871273789">
        <ele>13.581444782204926</ele>
        <time>2025-10-04T01:10:18.900000Z</time>
        <extensions>
          <gpxtpx:TrackPointExtension>
            <gpxtpx:hr>89</gpxtpx:hr>
          </gpxtpx:TrackPointExtension>
        </extensions>
      </trkpt>
      <trkpt lat="32.39068782903824" lon="119.43314280677627">
        <ele>13.588986918330193</ele>
        <time>2025-10-04T01:10:19.900000Z</time>
        <extensions>
          <gpxtpx:TrackPointExtension>
            <gpxtpx:hr>89</gpxtpx:hr>
          </gpxtpx:TrackPointExtension>
        </extensions>
      </trkpt>
      <trkpt lat="32.3906873960619" lon="119.43313659054022">
        <ele>13.595599599182606</ele>
        <time>2025-10-04T01:10:20.900000Z</time>
        <extensions>
          <gpxtpx:TrackPointExtension>
            <gpxtpx:hr>89</gpxtpx:hr>
          </gpxtpx:TrackPointExtension>
        </extensions>
      </trkpt>
      <trkpt lat="32.390684561718004" lon="119.43313381041528">
        <ele>13.60144863370806</ele>
        <time>2025-10-04T01:10:21.900000Z</time>
        <extensions>
          <gpxtpx:TrackPointExtension>
            <gpxtpx:hr>90</gpxtpx:hr>
          </gpxtpx:TrackPointExtension>
        </extensions>
      </trkpt>
      <trkpt lat="32.39068018765654" lon="119.43313302241037">
        <ele>13.606262927874923</ele>
        <time>2025-10-04T01:10:22.900000Z</time>
        <extensions>
          <gpxtpx:TrackPointExtension>
            <gpxtpx:hr>90</gpxtpx:hr>
          </gpxtpx:TrackPointExtension>
        </extensions>
      </trkpt>
      <trkpt lat="32.390678990635095" lon="119.43313090636106">
        <ele>13.610010302625597</ele>
        <time>2025-10-04T01:10:23.900000Z</time>
        <extensions>
          <gpxtpx:TrackPointExtension>
            <gpxtpx:hr>90</gpxtpx:hr>
          </gpxtpx:TrackPointExtension>
        </extensions>
      </trkpt>
      <trkpt lat="32.3906808425536" lon="119.43312960042157">
        <ele>13.612646075896919</ele>
        <time>2025-10-04T01:10:24.900000Z</time>
        <extensions>
          <gpxtpx:TrackPointExtension>
            <gpxtpx:hr>90</gpxtpx:hr>
          </gpxtpx:TrackPointExtension>
        </extensions>
      </trkpt>
      <trkpt lat="32.39068230655022" lon="119.43313170193888">
        <ele>13.613892201334238</ele>
        <time>2025-10-04T01:10:25.900000Z</time>
        <extensions>
          <gpxtpx:TrackPointExtension>
            <gpxtpx:hr>91</gpxtpx:hr>
          </gpxtpx:TrackPointExtension>
        </extensions>
      </trkpt>
      <trkpt lat="32.39068315437836" lon="119.4331346577698">
        <ele>13.613797361031175</ele>
        <time>2025-10-04T01:10:26.900000Z</time>
        <extensions>
          <gpxtpx:TrackPointExtension>
            <gpxtpx:hr>91</gpxtpx:hr>
          </gpxtpx:TrackPointExtension>
        </extensions>
      </trkpt>
      <trkpt lat="32.39068406989248" lon="119.43313567633182">
        <ele>13.612160914577544</ele>
        <time>2025-10-04T01:10:27.900000Z</time>
        <extensions>
          <gpxtpx:TrackPointExtension>
            <gpxtpx:hr>91</gpxtpx:hr>
          </gpxtpx:TrackPointExtension>
        </extensions>
      </trkpt>
      <trkpt lat="32.39068507472819" lon="119.4331365589654">
        <ele>13.609143005684018</ele>
        <time>2025-10-04T01:10:28.900000Z</time>
        <extensions>
          <gpxtpx:TrackPointExtension>
            <gpxtpx:hr>91</gpxtpx:hr>
          </gpxtpx:TrackPointExtension>
        </extensions>
      </trkpt>
      <trkpt lat="32.39068595472264" lon="119.43313731689616">
        <ele>13.604335167445242</ele>
        <time>2025-10-04T01:10:29.900000Z</time>
        <extensions>
          <gpxtpx:TrackPointExtension>
            <gpxtpx:hr>91</gpxtpx:hr>
          </gpxtpx:TrackPointExtension>
        </extensions>
      </trkpt>
      <trkpt lat="32.39068655497479" lon="119.43313847401107">
        <ele>13.597962546162307</ele>
        <time>2025-10-04T01:10:30.900000Z</time>
        <extensions>
          <gpxtpx:TrackPointExtension>
            <gpxtpx:hr>89</gpxtpx:hr>
          </gpxtpx:TrackPointExtension>
        </extensions>
      </trkpt>
      <trkpt lat="32.39068697548412" lon="119.43313971204542">
        <ele>13.590105015784502</ele>
        <time>2025-10-04T01:10:31.900000Z</time>
        <extensions>
          <gpxtpx:TrackPointExtension>
            <gpxtpx:hr>89</gpxtpx:hr>
          </gpxtpx:TrackPointExtension>
        </extensions>
      </trkpt>
      <trkpt lat="32.39068730105729" lon="119.43314065037495">
        <ele>13.580661876127124</ele>
        <time>2025-10-04T01:10:32.900000Z</time>
        <extensions>
          <gpxtpx:TrackPointExtension>
            <gpxtpx:hr>89</gpxtpx:hr>
          </gpxtpx:TrackPointExtension>
        </extensions>
      </trkpt>
      <trkpt lat="32.390687642144506" lon="119.43314150949632">
        <ele>13.570075229741633</ele>
        <time>2025-10-04T01:10:33.900000Z</time>
        <extensions>
          <gpxtpx:TrackPointExtension>
            <gpxtpx:hr>89</gpxtpx:hr>
          </gpxtpx:TrackPointExtension>
        </extensions>
      </trkpt>
      <trkpt lat="32.39068799088858" lon="119.43314184157528">
        <ele>13.55835769418627</ele>
        <time>2025-10-04T01:10:34.900000Z</time>
        <extensions>
          <gpxtpx:TrackPointExtension>
            <gpxtpx:hr>89</gpxtpx:hr>
          </gpxtpx:TrackPointExtension>
        </extensions>
      </trkpt>
      <trkpt lat="32.39068832457771" lon="119.43314181201725">
        <ele>13.545363518409431</ele>
        <time>2025-10-04T01:10:35.900000Z</time>
        <extensions>
          <gpxtpx:TrackPointExtension>
            <gpxtpx:hr>89</gpxtpx:hr>
          </gpxtpx:TrackPointExtension>
        </extensions>
      </trkpt>
      <trkpt lat="32.39068859311152" lon="119.43314144526094">
        <ele>13.5311828693375</ele>
        <time>2025-10-04T01:10:36.900000Z</time>
        <extensions>
          <gpxtpx:TrackPointExtension>
            <gpxtpx:hr>89</gpxtpx:hr>
          </gpxtpx:TrackPointExtension>
        </extensions>
      </trkpt>
      <trkpt lat="32.390688802586006" lon="119.43314084126318">
        <ele>13.516106381081045</ele>
        <time>2025-10-04T01:10:37.900000Z</time>
        <extensions>
          <gpxtpx:TrackPointExtension>
            <gpxtpx:hr>87</gpxtpx:hr>
          </gpxtpx:TrackPointExtension>
        </extensions>
      </trkpt>
      <trkpt lat="32.39068898554665" lon="119.4331401592325">
        <ele>13.499844841659069</ele>
        <time>2025-10-04T01:10:38.900000Z</time>
        <extensions>
          <gpxtpx:TrackPointExtension>
            <gpxtpx:hr>87</gpxtpx:hr>
          </gpxtpx:TrackPointExtension>
        </extensions>
      </trkpt>
      <trkpt lat="32.39068915082355" lon="119.43313942921849">
        <ele>13.482850519940257</ele>
        <time>2025-10-04T01:10:39.900000Z</time>
        <extensions>
          <gpxtpx:TrackPointExtension>
            <gpxtpx:hr>87</gpxtpx:hr>
          </gpxtpx:TrackPointExtension>
        </extensions>
      </trkpt>
      <trkpt lat="32.390689303576416" lon="119.43313867572773">
        <ele>13.465247602201998</ele>
        <time>2025-10-04T01:10:40.900000Z</time>
        <extensions>
          <gpxtpx:TrackPointExtension>
            <gpxtpx:hr>87</gpxtpx:hr>
          </gpxtpx:TrackPointExtension>
        </extensions>
      </trkpt>
      <trkpt lat="32.39068945093131" lon="119.43313803955655">
        <ele>13.447912824340165</ele>
        <time>2025-10-04T01:10:41.900000Z</time>
        <extensions>
          <gpxtpx:TrackPointExtension>
            <gpxtpx:hr>87</gpxtpx:hr>
          </gpxtpx:TrackPointExtension>
        </extensions>
      </trkpt>
      <trkpt lat="32.39068958567936" lon="119.43313786687038">
        <ele>13.43053585011512</ele>
        <time>2025-10-04T01:10:42.900000Z</time>
        <extensions>
          <gpxtpx:TrackPointExtension>
            <gpxtpx:hr>87</gpxtpx:hr>
          </gpxtpx:TrackPointExtension>
        </extensions>
      </trkpt>
      <trkpt lat="32.390689698374906" lon="119.43313795012807">
        <ele>13.413685669191182</ele>
        <time>2025-10-04T01:10:43.900000Z</time>
        <extensions>
          <gpxtpx:TrackPointExtension>
            <gpxtpx:hr>87</gpxtpx:hr>
          </gpxtpx:TrackPointExtension>
        </extensions>
      </trkpt>
      <trkpt lat="32.39068980033269" lon="119.43313774101108">
        <ele>13.396582408808172</ele>
        <time>2025-10-04T01:10:44.900000Z</time>
        <extensions>
          <gpxtpx:TrackPointExtension>
            <gpxtpx:hr>84</gpxtpx:hr>
          </gpxtpx:TrackPointExtension>
        </extensions>
      </trkpt>
      <trkpt lat="32.390689911545365" lon="119.43313731441503">
        <ele>13.379630665294826</ele>
        <time>2025-10-04T01:10:45.900000Z</time>
        <extensions>
          <gpxtpx:TrackPointExtension>
            <gpxtpx:hr>84</gpxtpx:hr>
          </gpxtpx:TrackPointExtension>
        </extensions>
      </trkpt>
      <trkpt lat="32.39069008575841" lon="119.43313699889573">
        <ele>13.363362062722445</ele>
        <time>2025-10-04T01:10:46.900000Z</time>
        <extensions>
          <gpxtpx:TrackPointExtension>
            <gpxtpx:hr>84</gpxtpx:hr>
          </gpxtpx:TrackPointExtension>
        </extensions>
      </trkpt>
      <trkpt lat="32.39069036360135" lon="119.43313688262813">
        <ele>13.34740763809532</ele>
        <time>2025-10-04T01:10:47.900000Z</time>
        <extensions>
          <gpxtpx:TrackPointExtension>
            <gpxtpx:hr>82</gpxtpx:hr>
          </gpxtpx:TrackPointExtension>
        </extensions>
      </trkpt>
      <trkpt lat="32.3906907466747" lon="119.43313697408254">
        <ele>13.331922270357609</ele>
        <time>2025-10-04T01:10:48.900000Z</time>
        <extensions>
          <gpxtpx:TrackPointExtension>
            <gpxtpx:hr>82</gpxtpx:hr>
          </gpxtpx:TrackPointExtension>
        </extensions>
      </trkpt>
      <trkpt lat="32.390691155164305" lon="119.43313679329495">
        <ele>13.317040134221315</ele>
        <time>2025-10-04T01:10:49.900000Z</time>
        <extensions>
          <gpxtpx:TrackPointExtension>
            <gpxtpx:hr>82</gpxtpx:hr>
          </gpxtpx:TrackPointExtension>
        </extensions>
      </trkpt>
      <trkpt lat="32.39069150737861" lon="119.43313622635573">
        <ele>13.303297699429095</ele>
        <time>2025-10-04T01:10:50.900000Z</time>
        <extensions>
          <gpxtpx:TrackPointExtension>
            <gpxtpx:hr>82</gpxtpx:hr>
          </gpxtpx:TrackPointExtension>
        </extensions>
      </trkpt>
      <trkpt lat="32.39069180585014" lon="119.43313578079629">
        <ele>13.290312458761036</ele>
        <time>2025-10-04T01:10:51.900000Z</time>
        <extensions>
          <gpxtpx:TrackPointExtension>
            <gpxtpx:hr>82</gpxtpx:hr>
          </gpxtpx:TrackPointExtension>
        </extensions>
      </trkpt>
      <trkpt lat="32.39069214262244" lon="119.43313550208826">
        <ele>13.278297604061663</ele>
        <time>2025-10-04T01:10:52.900000Z</time>
        <extensions>
          <gpxtpx:TrackPointExtension>
            <gpxtpx:hr>80</gpxtpx:hr>
          </gpxtpx:TrackPointExtension>
        </extensions>
      </trkpt>
      <trkpt lat="32.39069284419266" lon="119.43313565016133">
        <ele>13.267663449980319</ele>
        <time>2025-10-04T01:10:53.900000Z</time>
        <extensions>
          <gpxtpx:TrackPointExtension>
            <gpxtpx:hr>80</gpxtpx:hr>
          </gpxtpx:TrackPointExtension>
        </extensions>
      </trkpt>
      <trkpt lat="32.39069370965011" lon="119.43313624269558">
        <ele>13.258130772970617</ele>
        <time>2025-10-04T01:10:54.900000Z</time>
        <extensions>
          <gpxtpx:TrackPointExtension>
            <gpxtpx:hr>80</gpxtpx:hr>
          </gpxtpx:TrackPointExtension>
        </extensions>
      </trkpt>
      <trkpt lat="32.39069457127124" lon="119.4331374175496">
        <ele>13.249431997537613</ele>
        <time>2025-10-04T01:10:55.900000Z</time>
        <extensions>
          <gpxtpx:TrackPointExtension>
            <gpxtpx:hr>80</gpxtpx:hr>
          </gpxtpx:TrackPointExtension>
        </extensions>
      </trkpt>
      <trkpt lat="32.3906955602596" lon="119.43313963809764">
        <ele>13.242322305217385</ele>
        <time>2025-10-04T01:10:56.900000Z</time>
        <extensions>
          <gpxtpx:TrackPointExtension>
            <gpxtpx:hr>80</gpxtpx:hr>
          </gpxtpx:TrackPointExtension>
        </extensions>
      </trkpt>
      <trkpt lat="32.390696858808965" lon="119.43314646411724">
        <ele>13.236729942262173</ele>
        <time>2025-10-04T01:10:57.900000Z</time>
        <extensions>
          <gpxtpx:TrackPointExtension>
            <gpxtpx:hr>80</gpxtpx:hr>
          </gpxtpx:TrackPointExtension>
        </extensions>
      </trkpt>
      <trkpt lat="32.39069922143435" lon="119.43315643338218">
        <ele>13.23294884338975</ele>
        <time>2025-10-04T01:10:58.900000Z</time>
        <extensions>
          <gpxtpx:TrackPointExtension>
            <gpxtpx:hr>80</gpxtpx:hr>
          </gpxtpx:TrackPointExtension>
        </extensions>
      </trkpt>
      <trkpt lat="32.39070166070873" lon="119.43316441675543">
        <ele>13.231139523908496</ele>
        <time>2025-10-04T01:10:59.900000Z</time>
        <extensions>
          <gpxtpx:TrackPointExtension>
            <gpxtpx:hr>79</gpxtpx:hr>
          </gpxtpx:TrackPointExtension>
        </extensions>
      </trkpt>
      <trkpt lat="32.39070333789077" lon="119.43317263432826">
        <ele>13.231873823329806</ele>
        <time>2025-10-04T01:11:00.900000Z</time>
        <extensions>
          <gpxtpx:TrackPointExtension>
            <gpxtpx:hr>79</gpxtpx:hr>
          </gpxtpx:TrackPointExtension>
        </extensions>
      </trkpt>
      <trkpt lat="32.3907045110728" lon="119.4331803726382">
        <ele>13.23441869392991</ele>
        <time>2025-10-04T01:11:01.900000Z</time>
        <extensions>
          <gpxtpx:TrackPointExtension>
            <gpxtpx:hr>79</gpxtpx:hr>
          </gpxtpx:TrackPointExtension>
        </extensions>
      </trkpt>
      <trkpt lat="32.39070555210877" lon="119.43318827514888">
        <ele>13.239051219075918</ele>
        <time>2025-10-04T01:11:02.900000Z</time>
        <extensions>
          <gpxtpx:TrackPointExtension>
            <gpxtpx:hr>80</gpxtpx:hr>
          </gpxtpx:TrackPointExtension>
        </extensions>
      </trkpt>
      <trkpt lat="32.39070740728726" lon="119.43319826509118">
        <ele>13.24531938135624</ele>
        <time>2025-10-04T01:11:03.900000Z</time>
        <extensions>
          <gpxtpx:TrackPointExtension>
            <gpxtpx:hr>80</gpxtpx:hr>
          </gpxtpx:TrackPointExtension>
        </extensions>
      </trkpt>
      <trkpt lat="32.390709553640725" lon="119.43320721941801">
        <ele>13.253736747428775</ele>
        <time>2025-10-04T01:11:04.900000Z</time>
        <extensions>
          <gpxtpx:TrackPointExtension>
            <gpxtpx:hr>80</gpxtpx:hr>
          </gpxtpx:TrackPointExtension>
        </extensions>
      </trkpt>
      <trkpt lat="32.3907111324962" lon="119.4332142929065">
        <ele>13.263249759562314</ele>
        <time>2025-10-04T01:11:05.900000Z</time>
        <extensions>
          <gpxtpx:TrackPointExtension>
            <gpxtpx:hr>80</gpxtpx:hr>
          </gpxtpx:TrackPointExtension>
        </extensions>
      </trkpt>
      <trkpt lat="32.39071281870171" lon="119.43322130527191">
        <ele>13.274099162779748</ele>
        <time>2025-10-04T01:11:06.900000Z</time>
        <extensions>
          <gpxtpx:TrackPointExtension>
            <gpxtpx:hr>80</gpxtpx:hr>
          </gpxtpx:TrackPointExtension>
        </extensions>
      </trkpt>
      <trkpt lat="32.39071600255097" lon="119.43322934733271">
        <ele>13.285724218003452</ele>
        <time>2025-10-04T01:11:07.900000Z</time>
        <extensions>
          <gpxtpx:TrackPointExtension>
            <gpxtpx:hr>76</gpxtpx:hr>
          </gpxtpx:TrackPointExtension>
        </extensions>
      </trkpt>
      <trkpt lat="32.390719661686255" lon="119.4332373198466">
        <ele>13.29824194777757</ele>
        <time>2025-10-04T01:11:08.900000Z</time>
        <extensions>
          <gpxtpx:TrackPointExtension>
            <gpxtpx:hr>76</gpxtpx:hr>
          </gpxtpx:TrackPointExtension>
        </extensions>
      </trkpt>
      <trkpt lat="32.39072234028102" lon="119.4332446014307">
        <ele>13.311196392402053</ele>
        <time>2025-10-04T01:11:09.900000Z</time>
        <extensions>
          <gpxtpx:TrackPointExtension>
            <gpxtpx:hr>76</gpxtpx:hr>
          </gpxtpx:TrackPointExtension>
        </extensions>
      </trkpt>
      <trkpt lat="32.39072465883321" lon="119.4332529265946">
        <ele>13.324511009268463</ele>
        <time>2025-10-04T01:11:10.900000Z</time>
        <extensions>
          <gpxtpx:TrackPointExtension>
            <gpxtpx:hr>76</gpxtpx:hr>
          </gpxtpx:TrackPointExtension>
        </extensions>
      </trkpt>
      <trkpt lat="32.390727125526254" lon="119.43326312689258">
        <ele>13.338038126006722</ele>
        <time>2025-10-04T01:11:11.900000Z</time>
        <extensions>
          <gpxtpx:TrackPointExtension>
            <gpxtpx:hr>76</gpxtpx:hr>
          </gpxtpx:TrackPointExtension>
        </extensions>
      </trkpt>
      <trkpt lat="32.39072933215164" lon="119.43327306144964">
        <ele>13.351284115575254</ele>
        <time>2025-10-04T01:11:12.900000Z</time>
        <extensions>
          <gpxtpx:TrackPointExtension>
            <gpxtpx:hr>76</gpxtpx:hr>
          </gpxtpx:TrackPointExtension>
        </extensions>
      </trkpt>
      <trkpt lat="32.39073098414178" lon="119.43328189891737">
        <ele>13.36458951421082</ele>
        <time>2025-10-04T01:11:13.900000Z</time>
        <extensions>
          <gpxtpx:TrackPointExtension>
            <gpxtpx:hr>76</gpxtpx:hr>
          </gpxtpx:TrackPointExtension>
        </extensions>
      </trkpt>
      <trkpt lat="32.39073251967323" lon="119.43329149436899">
        <ele>13.378025916405022</ele>
        <time>2025-10-04T01:11:14.900000Z</time>
        <extensions>
          <gpxtpx:TrackPointExtension>
            <gpxtpx:hr>76</gpxtpx:hr>
          </gpxtpx:TrackPointExtension>
        </extensions>
      </trkpt>
      <trkpt lat="32.39073420484263" lon="119.43330317538246">
        <ele>13.3915362264961</ele>
        <time>2025-10-04T01:11:15.900000Z</time>
        <extensions>
          <gpxtpx:TrackPointExtension>
            <gpxtpx:hr>76</gpxtpx:hr>
          </gpxtpx:TrackPointExtension>
        </extensions>
      </trkpt>
      <trkpt lat="32.39073598353205" lon="119.43331597366725">
        <ele>13.405398522503674</ele>
        <time>2025-10-04T01:11:16.900000Z</time>
        <extensions>
          <gpxtpx:TrackPointExtension>
            <gpxtpx:hr>76</gpxtpx:hr>
          </gpxtpx:TrackPointExtension>
        </extensions>
      </trkpt>
      <trkpt lat="32.39073784321946" lon="119.43332724445108">
        <ele>13.41986820101738</ele>
        <time>2025-10-04T01:11:17.900000Z</time>
        <extensions>
          <gpxtpx:TrackPointExtension>
            <gpxtpx:hr>76</gpxtpx:hr>
          </gpxtpx:TrackPointExtension>
        </extensions>
      </trkpt>
      <trkpt lat="32.390739644402956" lon="119.43333610277969">
        <ele>13.434753887355328</ele>
        <time>2025-10-04T01:11:18.900000Z</time>
        <extensions>
          <gpxtpx:TrackPointExtension>
            <gpxtpx:hr>74</gpxtpx:hr>
          </gpxtpx:TrackPointExtension>
        </extensions>
      </trkpt>
      <trkpt lat="32.39074118472571" lon="119.43334376410893">
        <ele>13.4493663078174</ele>
        <time>2025-10-04T01:11:19.900000Z</time>
        <extensions>
          <gpxtpx:TrackPointExtension>
            <gpxtpx:hr>74</gpxtpx:hr>
          </gpxtpx:TrackPointExtension>
        </extensions>
      </trkpt>
      <trkpt lat="32.39074265902945" lon="119.43335150543783">
        <ele>13.464062904007733</ele>
        <time>2025-10-04T01:11:20.900000Z</time>
        <extensions>
          <gpxtpx:TrackPointExtension>
            <gpxtpx:hr>74</gpxtpx:hr>
          </gpxtpx:TrackPointExtension>
        </extensions>
      </trkpt>
      <trkpt lat="32.39074446240706" lon="119.43336105225882">
        <ele>13.478696362115443</ele>
        <time>2025-10-04T01:11:21.900000Z</time>
        <extensions>
          <gpxtpx:TrackPointExtension>
            <gpxtpx:hr>74</gpxtpx:hr>
          </gpxtpx:TrackPointExtension>
        </extensions>
      </trkpt>
      <trkpt lat="32.39074662149352" lon="119.43337234429545">
        <ele>13.493116271682084</ele>
        <time>2025-10-04T01:11:22.900000Z</time>
        <extensions>
          <gpxtpx:TrackPointExtension>
            <gpxtpx:hr>74</gpxtpx:hr>
          </gpxtpx:TrackPointExtension>
        </extensions>
      </trkpt>
      <trkpt lat="32.39074893942243" lon="119.43338442826216">
        <ele>13.507282313890755</ele>
        <time>2025-10-04T01:11:23.900000Z</time>
        <extensions>
          <gpxtpx:TrackPointExtension>
            <gpxtpx:hr>77</gpxtpx:hr>
          </gpxtpx:TrackPointExtension>
        </extensions>
      </trkpt>
      <trkpt lat="32.390750900103605" lon="119.43339489172497">
        <ele>13.521793640218675</ele>
        <time>2025-10-04T01:11:24.900000Z</time>
        <extensions>
          <gpxtpx:TrackPointExtension>
            <gpxtpx:hr>77</gpxtpx:hr>
          </gpxtpx:TrackPointExtension>
        </extensions>
      </trkpt>
      <trkpt lat="32.39075216675452" lon="119.4334025303258">
        <ele>13.536332440562546</ele>
        <time>2025-10-04T01:11:25.900000Z</time>
        <extensions>
          <gpxtpx:TrackPointExtension>
            <gpxtpx:hr>77</gpxtpx:hr>
          </gpxtpx:TrackPointExtension>
        </extensions>
      </trkpt>
      <trkpt lat="32.39075292391274" lon="119.43341048525919">
        <ele>13.551434505730867</ele>
        <time>2025-10-04T01:11:26.900000Z</time>
        <extensions>
          <gpxtpx:TrackPointExtension>
            <gpxtpx:hr>78</gpxtpx:hr>
          </gpxtpx:TrackPointExtension>
        </extensions>
      </trkpt>
      <trkpt lat="32.39075346946506" lon="119.43342103348051">
        <ele>13.567754524759948</ele>
        <time>2025-10-04T01:11:27.900000Z</time>
        <extensions>
          <gpxtpx:TrackPointExtension>
            <gpxtpx:hr>78</gpxtpx:hr>
          </gpxtpx:TrackPointExtension>
        </extensions>
      </trkpt>
      <trkpt lat="32.39075417916168" lon="119.4334339105757">
        <ele>13.584356996230781</ele>
        <time>2025-10-04T01:11:28.900000Z</time>
        <extensions>
          <gpxtpx:TrackPointExtension>
            <gpxtpx:hr>78</gpxtpx:hr>
          </gpxtpx:TrackPointExtension>
        </extensions>
      </trkpt>
      <trkpt lat="32.39075524240017" lon="119.4334476268221">
        <ele>13.601568394340575</ele>
        <time>2025-10-04T01:11:29.900000Z</time>
        <extensions>
          <gpxtpx:TrackPointExtension>
            <gpxtpx:hr>78</gpxtpx:hr>
          </gpxtpx:TrackPointExtension>
        </extensions>
      </trkpt>
      <trkpt lat="32.39075676063746" lon="119.43346008516257">
        <ele>13.61984562408179</ele>
        <time>2025-10-04T01:11:30.900000Z</time>
        <extensions>
          <gpxtpx:TrackPointExtension>
            <gpxtpx:hr>81</gpxtpx:hr>
          </gpxtpx:TrackPointExtension>
        </extensions>
      </trkpt>
      <trkpt lat="32.39075867004467" lon="119.43347030390896">
        <ele>13.639872949570417</ele>
        <time>2025-10-04T01:11:31.900000Z</time>
        <extensions>
          <gpxtpx:TrackPointExtension>
            <gpxtpx:hr>81</gpxtpx:hr>
          </gpxtpx:TrackPointExtension>
        </extensions>
      </trkpt>
      <trkpt lat="32.39076056951351" lon="119.43347966364368">
        <ele>13.66013798955828</ele>
        <time>2025-10-04T01:11:32.900000Z</time>
        <extensions>
          <gpxtpx:TrackPointExtension>
            <gpxtpx:hr>81</gpxtpx:hr>
          </gpxtpx:TrackPointExtension>
        </extensions>
      </trkpt>
      <trkpt lat="32.39076242926121" lon="119.4334904005923">
        <ele>13.682023953646421</ele>
        <time>2025-10-04T01:11:33.900000Z</time>
        <extensions>
          <gpxtpx:TrackPointExtension>
            <gpxtpx:hr>81</gpxtpx:hr>
          </gpxtpx:TrackPointExtension>
        </extensions>
      </trkpt>
      <trkpt lat="32.39076467299126" lon="119.4335027701829">
        <ele>13.706063635647297</ele>
        <time>2025-10-04T01:11:34.900000Z</time>
        <extensions>
          <gpxtpx:TrackPointExtension>
            <gpxtpx:hr>81</gpxtpx:hr>
          </gpxtpx:TrackPointExtension>
        </extensions>
      </trkpt>
      <trkpt lat="32.39076691277491" lon="119.4335147770801">
        <ele>13.73209713306278</ele>
        <time>2025-10-04T01:11:35.900000Z</time>
        <extensions>
          <gpxtpx:TrackPointExtension>
            <gpxtpx:hr>87</gpxtpx:hr>
          </gpxtpx:TrackPointExtension>
        </extensions>
      </trkpt>
      <trkpt lat="32.39076896611722" lon="119.43352623736504">
        <ele>13.75989193841815</ele>
        <time>2025-10-04T01:11:36.900000Z</time>
        <extensions>
          <gpxtpx:TrackPointExtension>
            <gpxtpx:hr>87</gpxtpx:hr>
          </gpxtpx:TrackPointExtension>
        </extensions>
      </trkpt>
      <trkpt lat="32.39077171568215" lon="119.43353893220967">
        <ele>13.78929353505373</ele>
        <time>2025-10-04T01:11:37.900000Z</time>
        <extensions>
          <gpxtpx:TrackPointExtension>
            <gpxtpx:hr>87</gpxtpx:hr>
          </gpxtpx:TrackPointExtension>
        </extensions>
      </trkpt>
      <trkpt lat="32.39077524020868" lon="119.43355404029201">
        <ele>13.819808455184102</ele>
        <time>2025-10-04T01:11:38.900000Z</time>
        <extensions>
          <gpxtpx:TrackPointExtension>
            <gpxtpx:hr>87</gpxtpx:hr>
          </gpxtpx:TrackPointExtension>
        </extensions>
      </trkpt>
      <trkpt lat="32.39077882167364" lon="119.43357091049897">
        <ele>13.851505554281175</ele>
        <time>2025-10-04T01:11:39.900000Z</time>
        <extensions>
          <gpxtpx:TrackPointExtension>
            <gpxtpx:hr>87</gpxtpx:hr>
          </gpxtpx:TrackPointExtension>
        </extensions>
      </trkpt>
      <trkpt lat="32.390781856520455" lon="119.4335871469999">
        <ele>13.884542142041028</ele>
        <time>2025-10-04T01:11:40.900000Z</time>
        <extensions>
          <gpxtpx:TrackPointExtension>
            <gpxtpx:hr>87</gpxtpx:hr>
          </gpxtpx:TrackPointExtension>
        </extensions>
      </trkpt>
      <trkpt lat="32.39078407929516" lon="119.43360173168887">
        <ele>13.918558625504375</ele>
        <time>2025-10-04T01:11:41.900000Z</time>
        <extensions>
          <gpxtpx:TrackPointExtension>
            <gpxtpx:hr>87</gpxtpx:hr>
          </gpxtpx:TrackPointExtension>
        </extensions>
      </trkpt>
      <trkpt lat="32.39078588847275" lon="119.43361525235161">
        <ele>13.953590485267341</ele>
        <time>2025-10-04T01:11:42.900000Z</time>
        <extensions>
          <gpxtpx:TrackPointExtension>
            <gpxtpx:hr>90</gpxtpx:hr>
          </gpxtpx:TrackPointExtension>
        </extensions>
      </trkpt>
      <trkpt lat="32.390787450742515" lon="119.43362775631843">
        <ele>13.989227272570133</ele>
        <time>2025-10-04T01:11:43.900000Z</time>
        <extensions>
          <gpxtpx:TrackPointExtension>
            <gpxtpx:hr>90</gpxtpx:hr>
          </gpxtpx:TrackPointExtension>
        </extensions>
      </trkpt>
      <trkpt lat="32.390788799278155" lon="119.43363983710333">
        <ele>14.025153596885502</ele>
        <time>2025-10-04T01:11:44.900000Z</time>
        <extensions>
          <gpxtpx:TrackPointExtension>
            <gpxtpx:hr>90</gpxtpx:hr>
          </gpxtpx:TrackPointExtension>
        </extensions>
      </trkpt>
      <trkpt lat="32.39078999569319" lon="119.43365175082472">
        <ele>14.06138820014894</ele>
        <time>2025-10-04T01:11:45.900000Z</time>
        <extensions>
          <gpxtpx:TrackPointExtension>
            <gpxtpx:hr>90</gpxtpx:hr>
          </gpxtpx:TrackPointExtension>
        </extensions>
      </trkpt>
      <trkpt lat="32.390790858033775" lon="119.43366361696587">
        <ele>14.097902830690145</ele>
        <time>2025-10-04T01:11:46.900000Z</time>
        <extensions>
          <gpxtpx:TrackPointExtension>
            <gpxtpx:hr>90</gpxtpx:hr>
          </gpxtpx:TrackPointExtension>
        </extensions>
      </trkpt>
      <trkpt lat="32.39079146868592" lon="119.4336760064817">
        <ele>14.134396486915648</ele>
        <time>2025-10-04T01:11:47.900000Z</time>
        <extensions>
          <gpxtpx:TrackPointExtension>
            <gpxtpx:hr>90</gpxtpx:hr>
          </gpxtpx:TrackPointExtension>
        </extensions>
      </trkpt>
      <trkpt lat="32.39079224423149" lon="119.43368902380747">
        <ele>14.170244071632624</ele>
        <time>2025-10-04T01:11:48.900000Z</time>
        <extensions>
          <gpxtpx:TrackPointExtension>
            <gpxtpx:hr>90</gpxtpx:hr>
          </gpxtpx:TrackPointExtension>
        </extensions>
      </trkpt>
      <trkpt lat="32.390793438653674" lon="119.43370329461783">
        <ele>14.205304437316954</ele>
        <time>2025-10-04T01:11:49.900000Z</time>
        <extensions>
          <gpxtpx:TrackPointExtension>
            <gpxtpx:hr>91</gpxtpx:hr>
          </gpxtpx:TrackPointExtension>
        </extensions>
      </trkpt>
      <trkpt lat="32.39079500390667" lon="119.43371861845891">
        <ele>14.239597776904702</ele>
        <time>2025-10-04T01:11:50.900000Z</time>
        <extensions>
          <gpxtpx:TrackPointExtension>
            <gpxtpx:hr>91</gpxtpx:hr>
          </gpxtpx:TrackPointExtension>
        </extensions>
      </trkpt>
      <trkpt lat="32.390796647914385" lon="119.43373266428762">
        <ele>14.273056973703206</ele>
        <time>2025-10-04T01:11:51.900000Z</time>
        <extensions>
          <gpxtpx:TrackPointExtension>
            <gpxtpx:hr>91</gpxtpx:hr>
          </gpxtpx:TrackPointExtension>
        </extensions>
      </trkpt>
      <trkpt lat="32.390798201416025" lon="119.43374460923873">
        <ele>14.30537151452154</ele>
        <time>2025-10-04T01:11:52.900000Z</time>
        <extensions>
          <gpxtpx:TrackPointExtension>
            <gpxtpx:hr>90</gpxtpx:hr>
          </gpxtpx:TrackPointExtension>
        </extensions>
      </trkpt>
      <trkpt lat="32.39079944573657" lon="119.43375458735109">
        <ele>14.335846865549684</ele>
        <time>2025-10-04T01:11:53.900000Z</time>
        <extensions>
          <gpxtpx:TrackPointExtension>
            <gpxtpx:hr>90</gpxtpx:hr>
          </gpxtpx:TrackPointExtension>
        </extensions>
      </trkpt>
      <trkpt lat="32.39080022198182" lon="119.43376338701547">
        <ele>14.364728478714824</ele>
        <time>2025-10-04T01:11:54.900000Z</time>
        <extensions>
          <gpxtpx:TrackPointExtension>
            <gpxtpx:hr>90</gpxtpx:hr>
          </gpxtpx:TrackPointExtension>
        </extensions>
      </trkpt>
      <trkpt lat="32.390800708285035" lon="119.43377247430794">
        <ele>14.392051339149475</ele>
        <time>2025-10-04T01:11:55.900000Z</time>
        <extensions>
          <gpxtpx:TrackPointExtension>
            <gpxtpx:hr>90</gpxtpx:hr>
          </gpxtpx:TrackPointExtension>
        </extensions>
      </trkpt>
      <trkpt lat="32.39080115877422" lon="119.43378293363263">
        <ele>14.41726509295404</ele>
        <time>2025-10-04T01:11:56.900000Z</time>
        <extensions>
          <gpxtpx:TrackPointExtension>
            <gpxtpx:hr>90</gpxtpx:hr>
          </gpxtpx:TrackPointExtension>
        </extensions>
      </trkpt>
      <trkpt lat="32.390801289097595" lon="119.43379562273991">
        <ele>14.440302956849337</ele>
        <time>2025-10-04T01:11:57.900000Z</time>
        <extensions>
          <gpxtpx:TrackPointExtension>
            <gpxtpx:hr>90</gpxtpx:hr>
          </gpxtpx:TrackPointExtension>
        </extensions>
      </trkpt>
      <trkpt lat="32.39080106538716" lon="119.43380943653635">
        <ele>14.460994528606534</ele>
        <time>2025-10-04T01:11:58.900000Z</time>
        <extensions>
          <gpxtpx:TrackPointExtension>
            <gpxtpx:hr>90</gpxtpx:hr>
          </gpxtpx:TrackPointExtension>
        </extensions>
      </trkpt>
      <trkpt lat="32.39080111052686" lon="119.43382380868336">
        <ele>14.47927215974778</ele>
        <time>2025-10-04T01:11:59.900000Z</time>
        <extensions>
          <gpxtpx:TrackPointExtension>
            <gpxtpx:hr>79</gpxtpx:hr>
          </gpxtpx:TrackPointExtension>
        </extensions>
      </trkpt>
      <trkpt lat="32.39080150637012" lon="119.43383877913386">
        <ele>14.494803693145514</ele>
        <time>2025-10-04T01:12:00.900000Z</time>
        <extensions>
          <gpxtpx:TrackPointExtension>
            <gpxtpx:hr>79</gpxtpx:hr>
          </gpxtpx:TrackPointExtension>
        </extensions>
      </trkpt>
      <trkpt lat="32.39080212830013" lon="119.43385394307879">
        <ele>14.507560497149825</ele>
        <time>2025-10-04T01:12:01.900000Z</time>
        <extensions>
          <gpxtpx:TrackPointExtension>
            <gpxtpx:hr>79</gpxtpx:hr>
          </gpxtpx:TrackPointExtension>
        </extensions>
      </trkpt>
      <trkpt lat="32.39080299822248" lon="119.43386876340197">
        <ele>14.517469070851803</ele>
        <time>2025-10-04T01:12:02.900000Z</time>
        <extensions>
          <gpxtpx:TrackPointExtension>
            <gpxtpx:hr>79</gpxtpx:hr>
          </gpxtpx:TrackPointExtension>
        </extensions>
      </trkpt>
      <trkpt lat="32.39080412527571" lon="119.43388226792455">
        <ele>14.524578222073615</ele>
        <time>2025-10-04T01:12:03.900000Z</time>
        <extensions>
          <gpxtpx:TrackPointExtension>
            <gpxtpx:hr>79</gpxtpx:hr>
          </gpxtpx:TrackPointExtension>
        </extensions>
      </trkpt>
      <trkpt lat="32.3908052710996" lon="119.43389456410183">
        <ele>14.529588080011308</ele>
        <time>2025-10-04T01:12:04.900000Z</time>
        <extensions>
          <gpxtpx:TrackPointExtension>
            <gpxtpx:hr>79</gpxtpx:hr>
          </gpxtpx:TrackPointExtension>
        </extensions>
      </trkpt>
      <trkpt lat="32.39080624591691" lon="119.43390773903862">
        <ele>14.532909152098</ele>
        <time>2025-10-04T01:12:05.900000Z</time>
        <extensions>
          <gpxtpx:TrackPointExtension>
            <gpxtpx:hr>79</gpxtpx:hr>
          </gpxtpx:TrackPointExtension>
        </extensions>
      </trkpt>
      <trkpt lat="32.39080689808524" lon="119.4339212959577">
        <ele>14.533266574144363</ele>
        <time>2025-10-04T01:12:06.900000Z</time>
        <extensions>
          <gpxtpx:TrackPointExtension>
            <gpxtpx:hr>79</gpxtpx:hr>
          </gpxtpx:TrackPointExtension>
        </extensions>
      </trkpt>
      <trkpt lat="32.39080724839999" lon="119.43393385477607">
        <ele>14.532756126485765</ele>
        <time>2025-10-04T01:12:07.900000Z</time>
        <extensions>
          <gpxtpx:TrackPointExtension>
            <gpxtpx:hr>79</gpxtpx:hr>
          </gpxtpx:TrackPointExtension>
        </extensions>
      </trkpt>
      <trkpt lat="32.390807566969734" lon="119.43394650562335">
        <ele>14.531255690380931</ele>
        <time>2025-10-04T01:12:08.900000Z</time>
        <extensions>
          <gpxtpx:TrackPointExtension>
            <gpxtpx:hr>79</gpxtpx:hr>
          </gpxtpx:TrackPointExtension>
        </extensions>
      </trkpt>
      <trkpt lat="32.39080799014995" lon="119.43395952372856">
        <ele>14.529064862057567</ele>
        <time>2025-10-04T01:12:09.900000Z</time>
        <extensions>
          <gpxtpx:TrackPointExtension>
            <gpxtpx:hr>79</gpxtpx:hr>
          </gpxtpx:TrackPointExtension>
        </extensions>
      </trkpt>
      <trkpt lat="32.39080819479355" lon="119.4339723320317">
        <ele>14.527513506822288</ele>
        <time>2025-10-04T01:12:10.900000Z</time>
        <extensions>
          <gpxtpx:TrackPointExtension>
            <gpxtpx:hr>79</gpxtpx:hr>
          </gpxtpx:TrackPointExtension>
        </extensions>
      </trkpt>
      <trkpt lat="32.39080806853085" lon="119.43398529866678">
        <ele>14.52568675391376</ele>
        <time>2025-10-04T01:12:11.900000Z</time>
        <extensions>
          <gpxtpx:TrackPointExtension>
            <gpxtpx:hr>80</gpxtpx:hr>
          </gpxtpx:TrackPointExtension>
        </extensions>
      </trkpt>
      <trkpt lat="32.390808201955515" lon="119.43399952761368">
        <ele>14.524859168566763</ele>
        <time>2025-10-04T01:12:12.900000Z</time>
        <extensions>
          <gpxtpx:TrackPointExtension>
            <gpxtpx:hr>80</gpxtpx:hr>
          </gpxtpx:TrackPointExtension>
        </extensions>
      </trkpt>
      <trkpt lat="32.390808615098486" lon="119.43401417411788">
        <ele>14.524484004825354</ele>
        <time>2025-10-04T01:12:13.900000Z</time>
        <extensions>
          <gpxtpx:TrackPointExtension>
            <gpxtpx:hr>80</gpxtpx:hr>
          </gpxtpx:TrackPointExtension>
        </extensions>
      </trkpt>
      <trkpt lat="32.390808912703974" lon="119.43402783020495">
        <ele>14.524878391996026</ele>
        <time>2025-10-04T01:12:14.900000Z</time>
        <extensions>
          <gpxtpx:TrackPointExtension>
            <gpxtpx:hr>80</gpxtpx:hr>
          </gpxtpx:TrackPointExtension>
        </extensions>
      </trkpt>
      <trkpt lat="32.39080901189967" lon="119.434041187809">
        <ele>14.525787312537432</ele>
        <time>2025-10-04T01:12:15.900000Z</time>
        <extensions>
          <gpxtpx:TrackPointExtension>
            <gpxtpx:hr>80</gpxtpx:hr>
          </gpxtpx:TrackPointExtension>
        </extensions>
      </trkpt>
      <trkpt lat="32.39080882866086" lon="119.43405532022184">
        <ele>14.527021918445826</ele>
        <time>2025-10-04T01:12:16.900000Z</time>
        <extensions>
          <gpxtpx:TrackPointExtension>
            <gpxtpx:hr>80</gpxtpx:hr>
          </gpxtpx:TrackPointExtension>
        </extensions>
      </trkpt>
      <trkpt lat="32.39080831023386" lon="119.43407021965413">
        <ele>14.528674237430096</ele>
        <time>2025-10-04T01:12:17.900000Z</time>
        <extensions>
          <gpxtpx:TrackPointExtension>
            <gpxtpx:hr>80</gpxtpx:hr>
          </gpxtpx:TrackPointExtension>
        </extensions>
      </trkpt>
      <trkpt lat="32.39080763600453" lon="119.43408529098551">
        <ele>14.530275635421276</ele>
        <time>2025-10-04T01:12:18.900000Z</time>
        <extensions>
          <gpxtpx:TrackPointExtension>
            <gpxtpx:hr>76</gpxtpx:hr>
          </gpxtpx:TrackPointExtension>
        </extensions>
      </trkpt>
      <trkpt lat="32.390807225007315" lon="119.4340988866831">
        <ele>14.532138647511601</ele>
        <time>2025-10-04T01:12:19.900000Z</time>
        <extensions>
          <gpxtpx:TrackPointExtension>
            <gpxtpx:hr>76</gpxtpx:hr>
          </gpxtpx:TrackPointExtension>
        </extensions>
      </trkpt>
      <trkpt lat="32.390807172535936" lon="119.43411043254889">
        <ele>14.535461940802634</ele>
        <time>2025-10-04T01:12:20.900000Z</time>
        <extensions>
          <gpxtpx:TrackPointExtension>
            <gpxtpx:hr>76</gpxtpx:hr>
          </gpxtpx:TrackPointExtension>
        </extensions>
      </trkpt>
      <trkpt lat="32.39080763675386" lon="119.43412103141354">
        <ele>14.538766963407397</ele>
        <time>2025-10-04T01:12:21.900000Z</time>
        <extensions>
          <gpxtpx:TrackPointExtension>
            <gpxtpx:hr>76</gpxtpx:hr>
          </gpxtpx:TrackPointExtension>
        </extensions>
      </trkpt>
      <trkpt lat="32.39080839510656" lon="119.43413292838191">
        <ele>14.541451216675341</ele>
        <time>2025-10-04T01:12:22.900000Z</time>
        <extensions>
          <gpxtpx:TrackPointExtension>
            <gpxtpx:hr>79</gpxtpx:hr>
          </gpxtpx:TrackPointExtension>
        </extensions>
      </trkpt>
      <trkpt lat="32.39080865470597" lon="119.4341464001168">
        <ele>14.543092899024487</ele>
        <time>2025-10-04T01:12:23.900000Z</time>
        <extensions>
          <gpxtpx:TrackPointExtension>
            <gpxtpx:hr>79</gpxtpx:hr>
          </gpxtpx:TrackPointExtension>
        </extensions>
      </trkpt>
      <trkpt lat="32.39080840222508" lon="119.43415903442201">
        <ele>14.54446332808584</ele>
        <time>2025-10-04T01:12:24.900000Z</time>
        <extensions>
          <gpxtpx:TrackPointExtension>
            <gpxtpx:hr>79</gpxtpx:hr>
          </gpxtpx:TrackPointExtension>
        </extensions>
      </trkpt>
      <trkpt lat="32.39080813093467" lon="119.43417029100027">
        <ele>14.545876568183303</ele>
        <time>2025-10-04T01:12:25.900000Z</time>
        <extensions>
          <gpxtpx:TrackPointExtension>
            <gpxtpx:hr>79</gpxtpx:hr>
          </gpxtpx:TrackPointExtension>
        </extensions>
      </trkpt>
      <trkpt lat="32.39080800424073" lon="119.43418081333186">
        <ele>14.546068234369159</ele>
        <time>2025-10-04T01:12:26.900000Z</time>
        <extensions>
          <gpxtpx:TrackPointExtension>
            <gpxtpx:hr>77</gpxtpx:hr>
          </gpxtpx:TrackPointExtension>
        </extensions>
      </trkpt>
      <trkpt lat="32.39080775633966" lon="119.43419074653917">
        <ele>14.546049513854086</ele>
        <time>2025-10-04T01:12:27.900000Z</time>
        <extensions>
          <gpxtpx:TrackPointExtension>
            <gpxtpx:hr>77</gpxtpx:hr>
          </gpxtpx:TrackPointExtension>
        </extensions>
      </trkpt>
      <trkpt lat="32.39080746539737" lon="119.43419953991702">
        <ele>14.54554636310786</ele>
        <time>2025-10-04T01:12:28.900000Z</time>
        <extensions>
          <gpxtpx:TrackPointExtension>
            <gpxtpx:hr>77</gpxtpx:hr>
          </gpxtpx:TrackPointExtension>
        </extensions>
      </trkpt>
      <trkpt lat="32.39080736846855" lon="119.43420894969918">
        <ele>14.544934237375855</ele>
        <time>2025-10-04T01:12:29.900000Z</time>
        <extensions>
          <gpxtpx:TrackPointExtension>
            <gpxtpx:hr>77</gpxtpx:hr>
          </gpxtpx:TrackPointExtension>
        </extensions>
      </trkpt>
      <trkpt lat="32.390807671430316" lon="119.43422051362468">
        <ele>14.544356174767017</ele>
        <time>2025-10-04T01:12:30.900000Z</time>
        <extensions>
          <gpxtpx:TrackPointExtension>
            <gpxtpx:hr>77</gpxtpx:hr>
          </gpxtpx:TrackPointExtension>
        </extensions>
      </trkpt>
      <trkpt lat="32.390807974462426" lon="119.43423228550007">
        <ele>14.543810872361064</ele>
        <time>2025-10-04T01:12:31.900000Z</time>
        <extensions>
          <gpxtpx:TrackPointExtension>
            <gpxtpx:hr>77</gpxtpx:hr>
          </gpxtpx:TrackPointExtension>
        </extensions>
      </trkpt>
      <trkpt lat="32.390807622201095" lon="119.43424304703">
        <ele>14.54297798499465</ele>
        <time>2025-10-04T01:12:32.900000Z</time>
        <extensions>
          <gpxtpx:TrackPointExtension>
            <gpxtpx:hr>77</gpxtpx:hr>
          </gpxtpx:TrackPointExtension>
        </extensions>
      </trkpt>
      <trkpt lat="32.39080658177503" lon="119.43425436802143">
        <ele>14.54244544915855</ele>
        <time>2025-10-04T01:12:33.900000Z</time>
        <extensions>
          <gpxtpx:TrackPointExtension>
            <gpxtpx:hr>76</gpxtpx:hr>
          </gpxtpx:TrackPointExtension>
        </extensions>
      </trkpt>
      <trkpt lat="32.390804596402006" lon="119.43426812570726">
        <ele>14.541952251456678</ele>
        <time>2025-10-04T01:12:34.900000Z</time>
        <extensions>
          <gpxtpx:TrackPointExtension>
            <gpxtpx:hr>76</gpxtpx:hr>
          </gpxtpx:TrackPointExtension>
        </extensions>
      </trkpt>
      <trkpt lat="32.39080137750507" lon="119.43428458657996">
        <ele>14.541660106740892</ele>
        <time>2025-10-04T01:12:35.900000Z</time>
        <extensions>
          <gpxtpx:TrackPointExtension>
            <gpxtpx:hr>76</gpxtpx:hr>
          </gpxtpx:TrackPointExtension>
        </extensions>
      </trkpt>
      <trkpt lat="32.390796806452876" lon="119.43430123184048">
        <ele>14.541542519815266</ele>
        <time>2025-10-04T01:12:36.900000Z</time>
        <extensions>
          <gpxtpx:TrackPointExtension>
            <gpxtpx:hr>76</gpxtpx:hr>
          </gpxtpx:TrackPointExtension>
        </extensions>
      </trkpt>
      <trkpt lat="32.39079135919783" lon="119.43431659969353">
        <ele>14.541721299290657</ele>
        <time>2025-10-04T01:12:37.900000Z</time>
        <extensions>
          <gpxtpx:TrackPointExtension>
            <gpxtpx:hr>76</gpxtpx:hr>
          </gpxtpx:TrackPointExtension>
        </extensions>
      </trkpt>
      <trkpt lat="32.390786768220885" lon="119.43433186479241">
        <ele>14.54219914227724</ele>
        <time>2025-10-04T01:12:38.900000Z</time>
        <extensions>
          <gpxtpx:TrackPointExtension>
            <gpxtpx:hr>76</gpxtpx:hr>
          </gpxtpx:TrackPointExtension>
        </extensions>
      </trkpt>
      <trkpt lat="32.39078404829463" lon="119.43434640952836">
        <ele>14.542950344271958</ele>
        <time>2025-10-04T01:12:39.900000Z</time>
        <extensions>
          <gpxtpx:TrackPointExtension>
            <gpxtpx:hr>76</gpxtpx:hr>
          </gpxtpx:TrackPointExtension>
        </extensions>
      </trkpt>
      <trkpt lat="32.390782069125514" lon="119.43435889555238">
        <ele>14.543927473947406</ele>
        <time>2025-10-04T01:12:40.900000Z</time>
        <extensions>
          <gpxtpx:TrackPointExtension>
            <gpxtpx:hr>76</gpxtpx:hr>
          </gpxtpx:TrackPointExtension>
        </extensions>
      </trkpt>
      <trkpt lat="32.390779854289164" lon="119.43436960383202">
        <ele>14.545071103610098</ele>
        <time>2025-10-04T01:12:41.900000Z</time>
        <extensions>
          <gpxtpx:TrackPointExtension>
            <gpxtpx:hr>78</gpxtpx:hr>
          </gpxtpx:TrackPointExtension>
        </extensions>
      </trkpt>
      <trkpt lat="32.39077741274485" lon="119.43437960975602">
        <ele>14.545984531752765</ele>
        <time>2025-10-04T01:12:42.900000Z</time>
        <extensions>
          <gpxtpx:TrackPointExtension>
            <gpxtpx:hr>78</gpxtpx:hr>
          </gpxtpx:TrackPointExtension>
        </extensions>
      </trkpt>
      <trkpt lat="32.39077493100129" lon="119.43438874153375">
        <ele>14.546861412934959</ele>
        <time>2025-10-04T01:12:43.900000Z</time>
        <extensions>
          <gpxtpx:TrackPointExtension>
            <gpxtpx:hr>78</gpxtpx:hr>
          </gpxtpx:TrackPointExtension>
        </extensions>
      </trkpt>
      <trkpt lat="32.390772460658454" lon="119.43439718087474">
        <ele>14.547633578069508</ele>
        <time>2025-10-04T01:12:44.900000Z</time>
        <extensions>
          <gpxtpx:TrackPointExtension>
            <gpxtpx:hr>78</gpxtpx:hr>
          </gpxtpx:TrackPointExtension>
        </extensions>
      </trkpt>
      <trkpt lat="32.39076987137214" lon="119.43440412651802">
        <ele>14.548234830610454</ele>
        <time>2025-10-04T01:12:45.900000Z</time>
        <extensions>
          <gpxtpx:TrackPointExtension>
            <gpxtpx:hr>78</gpxtpx:hr>
          </gpxtpx:TrackPointExtension>
        </extensions>
      </trkpt>
      <trkpt lat="32.39076720335117" lon="119.43440794115799">
        <ele>14.548585217446089</ele>
        <time>2025-10-04T01:12:46.900000Z</time>
        <extensions>
          <gpxtpx:TrackPointExtension>
            <gpxtpx:hr>78</gpxtpx:hr>
          </gpxtpx:TrackPointExtension>
        </extensions>
      </trkpt>
      <trkpt lat="32.390764660729936" lon="119.43440949858952">
        <ele>14.548504796810448</ele>
        <time>2025-10-04T01:12:47.900000Z</time>
        <extensions>
          <gpxtpx:TrackPointExtension>
            <gpxtpx:hr>80</gpxtpx:hr>
          </gpxtpx:TrackPointExtension>
        </extensions>
      </trkpt>
      <trkpt lat="32.39076265286067" lon="119.4344099621538">
        <ele>14.548054556362331</ele>
        <time>2025-10-04T01:12:48.900000Z</time>
        <extensions>
          <gpxtpx:TrackPointExtension>
            <gpxtpx:hr>80</gpxtpx:hr>
          </gpxtpx:TrackPointExtension>
        </extensions>
      </trkpt>
      <trkpt lat="32.39076138124481" lon="119.43440967886666">
        <ele>14.547317199409008</ele>
        <time>2025-10-04T01:12:49.900000Z</time>
        <extensions>
          <gpxtpx:TrackPointExtension>
            <gpxtpx:hr>80</gpxtpx:hr>
          </gpxtpx:TrackPointExtension>
        </extensions>
      </trkpt>
      <trkpt lat="32.390760526413196" lon="119.4344091621535">
        <ele>14.546315748244524</ele>
        <time>2025-10-04T01:12:50.900000Z</time>
        <extensions>
          <gpxtpx:TrackPointExtension>
            <gpxtpx:hr>80</gpxtpx:hr>
          </gpxtpx:TrackPointExtension>
        </extensions>
      </trkpt>
      <trkpt lat="32.39075986231146" lon="119.43440874653787">
        <ele>14.545420936308801</ele>
        <time>2025-10-04T01:12:51.900000Z</time>
        <extensions>
          <gpxtpx:TrackPointExtension>
            <gpxtpx:hr>80</gpxtpx:hr>
          </gpxtpx:TrackPointExtension>
        </extensions>
      </trkpt>
      <trkpt lat="32.39075942955943" lon="119.43440825215603">
        <ele>14.544629886746407</ele>
        <time>2025-10-04T01:12:52.900000Z</time>
        <extensions>
          <gpxtpx:TrackPointExtension>
            <gpxtpx:hr>80</gpxtpx:hr>
          </gpxtpx:TrackPointExtension>
        </extensions>
      </trkpt>
      <trkpt lat="32.390759033479384" lon="119.43440776401853">
        <ele>14.543861030600965</ele>
        <time>2025-10-04T01:12:53.900000Z</time>
        <extensions>
          <gpxtpx:TrackPointExtension>
            <gpxtpx:hr>80</gpxtpx:hr>
          </gpxtpx:TrackPointExtension>
        </extensions>
      </trkpt>
      <trkpt lat="32.390757753831515" lon="119.43440787270538">
        <ele>14.543222823180258</ele>
        <time>2025-10-04T01:12:54.900000Z</time>
        <extensions>
          <gpxtpx:TrackPointExtension>
            <gpxtpx:hr>80</gpxtpx:hr>
          </gpxtpx:TrackPointExtension>
        </extensions>
      </trkpt>
      <trkpt lat="32.39075282332094" lon="119.43440909997759">
        <ele>14.542423612438142</ele>
        <time>2025-10-04T01:12:55.900000Z</time>
        <extensions>
          <gpxtpx:TrackPointExtension>
            <gpxtpx:hr>80</gpxtpx:hr>
          </gpxtpx:TrackPointExtension>
        </extensions>
      </trkpt>
      <trkpt lat="32.39074748758644" lon="119.4344106773707">
        <ele>14.542168150655925</ele>
        <time>2025-10-04T01:12:56.900000Z</time>
        <extensions>
          <gpxtpx:TrackPointExtension>
            <gpxtpx:hr>80</gpxtpx:hr>
          </gpxtpx:TrackPointExtension>
        </extensions>
      </trkpt>
      <trkpt lat="32.39074536386752" lon="119.43441309893402">
        <ele>14.543018989264965</ele>
        <time>2025-10-04T01:12:57.900000Z</time>
        <extensions>
          <gpxtpx:TrackPointExtension>
            <gpxtpx:hr>80</gpxtpx:hr>
          </gpxtpx:TrackPointExtension>
        </extensions>
      </trkpt>
      <trkpt lat="32.39074450316224" lon="119.43441809058571">
        <ele>14.544841721653938</ele>
        <time>2025-10-04T01:12:58.900000Z</time>
        <extensions>
          <gpxtpx:TrackPointExtension>
            <gpxtpx:hr>82</gpxtpx:hr>
          </gpxtpx:TrackPointExtension>
        </extensions>
      </trkpt>
      <trkpt lat="32.390744649113316" lon="119.43442454764944">
        <ele>14.547408359125257</ele>
        <time>2025-10-04T01:12:59.900000Z</time>
        <extensions>
          <gpxtpx:TrackPointExtension>
            <gpxtpx:hr>82</gpxtpx:hr>
          </gpxtpx:TrackPointExtension>
        </extensions>
      </trkpt>
      <trkpt lat="32.39074562726614" lon="119.4344294921271">
        <ele>14.5508451461792</ele>
        <time>2025-10-04T01:13:00.900000Z</time>
        <extensions>
          <gpxtpx:TrackPointExtension>
            <gpxtpx:hr>82</gpxtpx:hr>
          </gpxtpx:TrackPointExtension>
        </extensions>
      </trkpt>
      <trkpt lat="32.3907472093574" lon="119.43443365593315">
        <ele>14.555152961052954</ele>
        <time>2025-10-04T01:13:01.900000Z</time>
        <extensions>
          <gpxtpx:TrackPointExtension>
            <gpxtpx:hr>82</gpxtpx:hr>
          </gpxtpx:TrackPointExtension>
        </extensions>
      </trkpt>
      <trkpt lat="32.39074854998376" lon="119.43443642168349">
        <ele>14.560578971169889</ele>
        <time>2025-10-04T01:13:02.900000Z</time>
        <extensions>
          <gpxtpx:TrackPointExtension>
            <gpxtpx:hr>82</gpxtpx:hr>
          </gpxtpx:TrackPointExtension>
        </extensions>
      </trkpt>
      <trkpt lat="32.39074934747021" lon="119.4344369655533">
        <ele>14.566637510433793</ele>
        <time>2025-10-04T01:13:03.900000Z</time>
        <extensions>
          <gpxtpx:TrackPointExtension>
            <gpxtpx:hr>82</gpxtpx:hr>
          </gpxtpx:TrackPointExtension>
        </extensions>
      </trkpt>
      <trkpt lat="32.39075018146756" lon="119.43443835261864">
        <ele>14.573259830474854</ele>
        <time>2025-10-04T01:13:04.900000Z</time>
        <extensions>
          <gpxtpx:TrackPointExtension>
            <gpxtpx:hr>82</gpxtpx:hr>
          </gpxtpx:TrackPointExtension>
        </extensions>
      </trkpt>
      <trkpt lat="32.39075096948679" lon="119.43444223079044">
        <ele>14.5803491929546</ele>
        <time>2025-10-04T01:13:05.900000Z</time>
        <extensions>
          <gpxtpx:TrackPointExtension>
            <gpxtpx:hr>82</gpxtpx:hr>
          </gpxtpx:TrackPointExtension>
        </extensions>
      </trkpt>
      <trkpt lat="32.390751338649565" lon="119.43444885811668">
        <ele>14.58782025706023</ele>
        <time>2025-10-04T01:13:06.900000Z</time>
        <extensions>
          <gpxtpx:TrackPointExtension>
            <gpxtpx:hr>82</gpxtpx:hr>
          </gpxtpx:TrackPointExtension>
        </extensions>
      </trkpt>
      <trkpt lat="32.390751158726125" lon="119.43445768761606">
        <ele>14.595544287003577</ele>
        <time>2025-10-04T01:13:07.900000Z</time>
        <extensions>
          <gpxtpx:TrackPointExtension>
            <gpxtpx:hr>82</gpxtpx:hr>
          </gpxtpx:TrackPointExtension>
        </extensions>
      </trkpt>
      <trkpt lat="32.39075035632262" lon="119.4344679785643">
        <ele>14.603621429763734</ele>
        <time>2025-10-04T01:13:08.900000Z</time>
        <extensions>
          <gpxtpx:TrackPointExtension>
            <gpxtpx:hr>83</gpxtpx:hr>
          </gpxtpx:TrackPointExtension>
        </extensions>
      </trkpt>
      <trkpt lat="32.39074956008579" lon="119.43447858643746">
        <ele>14.612033004872501</ele>
        <time>2025-10-04T01:13:09.900000Z</time>
        <extensions>
          <gpxtpx:TrackPointExtension>
            <gpxtpx:hr>83</gpxtpx:hr>
          </gpxtpx:TrackPointExtension>
        </extensions>
      </trkpt>
      <trkpt lat="32.390749361553176" lon="119.43448692881385">
        <ele>14.620759991928935</ele>
        <time>2025-10-04T01:13:10.900000Z</time>
        <extensions>
          <gpxtpx:TrackPointExtension>
            <gpxtpx:hr>83</gpxtpx:hr>
          </gpxtpx:TrackPointExtension>
        </extensions>
      </trkpt>
      <trkpt lat="32.39074945051234" lon="119.43449324812133">
        <ele>14.630362461321056</ele>
        <time>2025-10-04T01:13:11.900000Z</time>
        <extensions>
          <gpxtpx:TrackPointExtension>
            <gpxtpx:hr>83</gpxtpx:hr>
          </gpxtpx:TrackPointExtension>
        </extensions>
      </trkpt>
      <trkpt lat="32.39074992000769" lon="119.4345001123715">
        <ele>14.641274759545922</ele>
        <time>2025-10-04T01:13:12.900000Z</time>
        <extensions>
          <gpxtpx:TrackPointExtension>
            <gpxtpx:hr>84</gpxtpx:hr>
          </gpxtpx:TrackPointExtension>
        </extensions>
      </trkpt>
      <trkpt lat="32.390751960977674" lon="119.43450906592057">
        <ele>14.65346646308899</ele>
        <time>2025-10-04T01:13:13.900000Z</time>
        <extensions>
          <gpxtpx:TrackPointExtension>
            <gpxtpx:hr>84</gpxtpx:hr>
          </gpxtpx:TrackPointExtension>
        </extensions>
      </trkpt>
      <trkpt lat="32.39075997681771" lon="119.43452290642486">
        <ele>14.66730075981468</ele>
        <time>2025-10-04T01:13:14.900000Z</time>
        <extensions>
          <gpxtpx:TrackPointExtension>
            <gpxtpx:hr>84</gpxtpx:hr>
          </gpxtpx:TrackPointExtension>
        </extensions>
      </trkpt>
      <trkpt lat="32.390777015444506" lon="119.43453865712698">
        <ele>14.682742551900446</ele>
        <time>2025-10-04T01:13:15.900000Z</time>
        <extensions>
          <gpxtpx:TrackPointExtension>
            <gpxtpx:hr>84</gpxtpx:hr>
          </gpxtpx:TrackPointExtension>
        </extensions>
      </trkpt>
      <trkpt lat="32.39079379369307" lon="119.43454959989154">
        <ele>14.699815136380494</ele>
        <time>2025-10-04T01:13:16.900000Z</time>
        <extensions>
          <gpxtpx:TrackPointExtension>
            <gpxtpx:hr>80</gpxtpx:hr>
          </gpxtpx:TrackPointExtension>
        </extensions>
      </trkpt>
      <trkpt lat="32.390801168344716" lon="119.43455385785646">
        <ele>14.718640068545938</ele>
        <time>2025-10-04T01:13:17.900000Z</time>
        <extensions>
          <gpxtpx:TrackPointExtension>
            <gpxtpx:hr>80</gpxtpx:hr>
          </gpxtpx:TrackPointExtension>
        </extensions>
      </trkpt>
      <trkpt lat="32.390802853877354" lon="119.43455429898707">
        <ele>14.73929851129651</ele>
        <time>2025-10-04T01:13:18.900000Z</time>
        <extensions>
          <gpxtpx:TrackPointExtension>
            <gpxtpx:hr>80</gpxtpx:hr>
          </gpxtpx:TrackPointExtension>
        </extensions>
      </trkpt>
      <trkpt lat="32.39080309707173" lon="119.43455388431843">
        <ele>14.761580969206989</ele>
        <time>2025-10-04T01:13:19.900000Z</time>
        <extensions>
          <gpxtpx:TrackPointExtension>
            <gpxtpx:hr>80</gpxtpx:hr>
          </gpxtpx:TrackPointExtension>
        </extensions>
      </trkpt>
      <trkpt lat="32.39080250836429" lon="119.43455327313109">
        <ele>14.785428109578788</ele>
        <time>2025-10-04T01:13:20.900000Z</time>
        <extensions>
          <gpxtpx:TrackPointExtension>
            <gpxtpx:hr>80</gpxtpx:hr>
          </gpxtpx:TrackPointExtension>
        </extensions>
      </trkpt>
      <trkpt lat="32.39080170127428" lon="119.43455274849396">
        <ele>14.810915857553482</ele>
        <time>2025-10-04T01:13:21.900000Z</time>
        <extensions>
          <gpxtpx:TrackPointExtension>
            <gpxtpx:hr>80</gpxtpx:hr>
          </gpxtpx:TrackPointExtension>
        </extensions>
      </trkpt>
      <trkpt lat="32.39080105356353" lon="119.43455236421114">
        <ele>14.837787916883826</ele>
        <time>2025-10-04T01:13:22.900000Z</time>
        <extensions>
          <gpxtpx:TrackPointExtension>
            <gpxtpx:hr>80</gpxtpx:hr>
          </gpxtpx:TrackPointExtension>
        </extensions>
      </trkpt>
      <trkpt lat="32.390800493045816" lon="119.43455206425023">
        <ele>14.86593353562057</ele>
        <time>2025-10-04T01:13:23.900000Z</time>
        <extensions>
          <gpxtpx:TrackPointExtension>
            <gpxtpx:hr>80</gpxtpx:hr>
          </gpxtpx:TrackPointExtension>
        </extensions>
      </trkpt>
      <trkpt lat="32.39080001678826" lon="119.43455184289446">
        <ele>14.895581361837685</ele>
        <time>2025-10-04T01:13:24.900000Z</time>
        <extensions>
          <gpxtpx:TrackPointExtension>
            <gpxtpx:hr>80</gpxtpx:hr>
          </gpxtpx:TrackPointExtension>
        </extensions>
      </trkpt>
      <trkpt lat="32.39079955946628" lon="119.4345516639075">
        <ele>14.926436767913401</ele>
        <time>2025-10-04T01:13:25.900000Z</time>
        <extensions>
          <gpxtpx:TrackPointExtension>
            <gpxtpx:hr>80</gpxtpx:hr>
          </gpxtpx:TrackPointExtension>
        </extensions>
      </trkpt>
      <trkpt lat="32.39079894571165" lon="119.43455147456605">
        <ele>14.958340296521783</ele>
        <time>2025-10-04T01:13:26.900000Z</time>
        <extensions>
          <gpxtpx:TrackPointExtension>
            <gpxtpx:hr>79</gpxtpx:hr>
          </gpxtpx:TrackPointExtension>
        </extensions>
      </trkpt>
      <trkpt lat="32.39079824975453" lon="119.43455129145723">
        <ele>14.992249379865825</ele>
        <time>2025-10-04T01:13:27.900000Z</time>
        <extensions>
          <gpxtpx:TrackPointExtension>
            <gpxtpx:hr>79</gpxtpx:hr>
          </gpxtpx:TrackPointExtension>
        </extensions>
      </trkpt>
      <trkpt lat="32.39079756006593" lon="119.43455113952976">
        <ele>15.026297663338482</ele>
        <time>2025-10-04T01:13:28.900000Z</time>
        <extensions>
          <gpxtpx:TrackPointExtension>
            <gpxtpx:hr>79</gpxtpx:hr>
          </gpxtpx:TrackPointExtension>
        </extensions>
      </trkpt>
      <trkpt lat="32.39079689239155" lon="119.4345510240967">
        <ele>15.060425288975239</ele>
        <time>2025-10-04T01:13:29.900000Z</time>
        <extensions>
          <gpxtpx:TrackPointExtension>
            <gpxtpx:hr>79</gpxtpx:hr>
          </gpxtpx:TrackPointExtension>
        </extensions>
      </trkpt>
      <trkpt lat="32.39079625065769" lon="119.43455094640935">
        <ele>15.094140399247408</ele>
        <time>2025-10-04T01:13:30.900000Z</time>
        <extensions>
          <gpxtpx:TrackPointExtension>
            <gpxtpx:hr>79</gpxtpx:hr>
          </gpxtpx:TrackPointExtension>
        </extensions>
      </trkpt>
      <trkpt lat="32.39079566024502" lon="119.43455091250135">
        <ele>15.127816370688379</ele>
        <time>2025-10-04T01:13:31.900000Z</time>
        <extensions>
          <gpxtpx:TrackPointExtension>
            <gpxtpx:hr>81</gpxtpx:hr>
          </gpxtpx:TrackPointExtension>
        </extensions>
      </trkpt>
      <trkpt lat="32.390795228194825" lon="119.43455094677297">
        <ele>15.16142138838768</ele>
        <time>2025-10-04T01:13:32.900000Z</time>
        <extensions>
          <gpxtpx:TrackPointExtension>
            <gpxtpx:hr>81</gpxtpx:hr>
          </gpxtpx:TrackPointExtension>
        </extensions>
      </trkpt>
      <trkpt lat="32.39079498628714" lon="119.43455103816167">
        <ele>15.19526245072484</ele>
        <time>2025-10-04T01:13:33.900000Z</time>
        <extensions>
          <gpxtpx:TrackPointExtension>
            <gpxtpx:hr>81</gpxtpx:hr>
          </gpxtpx:TrackPointExtension>
        </extensions>
      </trkpt>
      <trkpt lat="32.39079462426577" lon="119.43455105747195">
        <ele>15.228658341802657</ele>
        <time>2025-10-04T01:13:34.900000Z</time>
        <extensions>
          <gpxtpx:TrackPointExtension>
            <gpxtpx:hr>81</gpxtpx:hr>
          </gpxtpx:TrackPointExtension>
        </extensions>
      </trkpt>
      <trkpt lat="32.390794039936516" lon="119.43455096050275">
        <ele>15.261031301692128</ele>
        <time>2025-10-04T01:13:35.900000Z</time>
        <extensions>
          <gpxtpx:TrackPointExtension>
            <gpxtpx:hr>81</gpxtpx:hr>
          </gpxtpx:TrackPointExtension>
        </extensions>
      </trkpt>
      <trkpt lat="32.39079342659149" lon="119.43455081574974">
        <ele>15.292725617066026</ele>
        <time>2025-10-04T01:13:36.900000Z</time>
        <extensions>
          <gpxtpx:TrackPointExtension>
            <gpxtpx:hr>81</gpxtpx:hr>
          </gpxtpx:TrackPointExtension>
        </extensions>
      </trkpt>
      <trkpt lat="32.3907927933724" lon="119.43455062961296">
        <ele>15.323501436971128</ele>
        <time>2025-10-04T01:13:37.900000Z</time>
        <extensions>
          <gpxtpx:TrackPointExtension>
            <gpxtpx:hr>81</gpxtpx:hr>
          </gpxtpx:TrackPointExtension>
        </extensions>
      </trkpt>
      <trkpt lat="32.39079217613218" lon="119.43455040468471">
        <ele>15.35314717143774</ele>
        <time>2025-10-04T01:13:38.900000Z</time>
        <extensions>
          <gpxtpx:TrackPointExtension>
            <gpxtpx:hr>81</gpxtpx:hr>
          </gpxtpx:TrackPointExtension>
        </extensions>
      </trkpt>
      <trkpt lat="32.39079139218179" lon="119.43455006965175">
        <ele>15.381521710194647</ele>
        <time>2025-10-04T01:13:39.900000Z</time>
        <extensions>
          <gpxtpx:TrackPointExtension>
            <gpxtpx:hr>81</gpxtpx:hr>
          </gpxtpx:TrackPointExtension>
        </extensions>
      </trkpt>
      <trkpt lat="32.39079044533788" lon="119.43454960990195">
        <ele>15.408472975715995</ele>
        <time>2025-10-04T01:13:40.900000Z</time>
        <extensions>
          <gpxtpx:TrackPointExtension>
            <gpxtpx:hr>81</gpxtpx:hr>
          </gpxtpx:TrackPointExtension>
        </extensions>
      </trkpt>
      <trkpt lat="32.39078964633507" lon="119.43454909396533">
        <ele>15.43404122442007</ele>
        <time>2025-10-04T01:13:41.900000Z</time>
        <extensions>
          <gpxtpx:TrackPointExtension>
            <gpxtpx:hr>81</gpxtpx:hr>
          </gpxtpx:TrackPointExtension>
        </extensions>
      </trkpt>
      <trkpt lat="32.39078895309949" lon="119.43454856235095">
        <ele>15.45828043948859</ele>
        <time>2025-10-04T01:13:42.900000Z</time>
        <extensions>
          <gpxtpx:TrackPointExtension>
            <gpxtpx:hr>81</gpxtpx:hr>
          </gpxtpx:TrackPointExtension>
        </extensions>
      </trkpt>
      <trkpt lat="32.39078824203734" lon="119.43454802075647">
        <ele>15.48116441257298</ele>
        <time>2025-10-04T01:13:43.900000Z</time>
        <extensions>
          <gpxtpx:TrackPointExtension>
            <gpxtpx:hr>81</gpxtpx:hr>
          </gpxtpx:TrackPointExtension>
        </extensions>
      </trkpt>
      <trkpt lat="32.390787515466634" lon="119.43454746326549">
        <ele>15.502618295140564</ele>
        <time>2025-10-04T01:13:44.900000Z</time>
        <extensions>
          <gpxtpx:TrackPointExtension>
            <gpxtpx:hr>81</gpxtpx:hr>
          </gpxtpx:TrackPointExtension>
        </extensions>
      </trkpt>
      <trkpt lat="32.39078694943174" lon="119.43454695764243">
        <ele>15.52247316762805</ele>
        <time>2025-10-04T01:13:45.900000Z</time>
        <extensions>
          <gpxtpx:TrackPointExtension>
            <gpxtpx:hr>82</gpxtpx:hr>
          </gpxtpx:TrackPointExtension>
        </extensions>
      </trkpt>
      <trkpt lat="32.39078682484786" lon="119.4345466573747">
        <ele>15.540271081030369</ele>
        <time>2025-10-04T01:13:46.900000Z</time>
        <extensions>
          <gpxtpx:TrackPointExtension>
            <gpxtpx:hr>82</gpxtpx:hr>
          </gpxtpx:TrackPointExtension>
        </extensions>
      </trkpt>
      <trkpt lat="32.390786781573816" lon="119.43454641159471">
        <ele>15.556250741705298</ele>
        <time>2025-10-04T01:13:47.900000Z</time>
        <extensions>
          <gpxtpx:TrackPointExtension>
            <gpxtpx:hr>82</gpxtpx:hr>
          </gpxtpx:TrackPointExtension>
        </extensions>
      </trkpt>
      <trkpt lat="32.390786561571836" lon="119.43454604543737">
        <ele>15.570402655750513</ele>
        <time>2025-10-04T01:13:48.900000Z</time>
        <extensions>
          <gpxtpx:TrackPointExtension>
            <gpxtpx:hr>82</gpxtpx:hr>
          </gpxtpx:TrackPointExtension>
        </extensions>
      </trkpt>
      <trkpt lat="32.390786456903896" lon="119.43454566197718">
        <ele>15.583028353750706</ele>
        <time>2025-10-04T01:13:49.900000Z</time>
        <extensions>
          <gpxtpx:TrackPointExtension>
            <gpxtpx:hr>82</gpxtpx:hr>
          </gpxtpx:TrackPointExtension>
        </extensions>
      </trkpt>
      <trkpt lat="32.39078623906969" lon="119.43454520350731">
        <ele>15.593337650410831</ele>
        <time>2025-10-04T01:13:50.900000Z</time>
        <extensions>
          <gpxtpx:TrackPointExtension>
            <gpxtpx:hr>82</gpxtpx:hr>
          </gpxtpx:TrackPointExtension>
        </extensions>
      </trkpt>
      <trkpt lat="32.39078587733491" lon="119.43454470202194">
        <ele>15.601245176047087</ele>
        <time>2025-10-04T01:13:51.900000Z</time>
        <extensions>
          <gpxtpx:TrackPointExtension>
            <gpxtpx:hr>82</gpxtpx:hr>
          </gpxtpx:TrackPointExtension>
        </extensions>
      </trkpt>
      <trkpt lat="32.3907859204705" lon="119.4345443775022">
        <ele>15.607367755845189</ele>
        <time>2025-10-04T01:13:52.900000Z</time>
        <extensions>
          <gpxtpx:TrackPointExtension>
            <gpxtpx:hr>83</gpxtpx:hr>
          </gpxtpx:TrackPointExtension>
        </extensions>
      </trkpt>
      <trkpt lat="32.390786258336426" lon="119.43454418084303">
        <ele>15.611747927963734</ele>
        <time>2025-10-04T01:13:53.900000Z</time>
        <extensions>
          <gpxtpx:TrackPointExtension>
            <gpxtpx:hr>83</gpxtpx:hr>
          </gpxtpx:TrackPointExtension>
        </extensions>
      </trkpt>
      <trkpt lat="32.390786409577174" lon="119.43454389979406">
        <ele>15.614044847898185</ele>
        <time>2025-10-04T01:13:54.900000Z</time>
        <extensions>
          <gpxtpx:TrackPointExtension>
            <gpxtpx:hr>83</gpxtpx:hr>
          </gpxtpx:TrackPointExtension>
        </extensions>
      </trkpt>
      <trkpt lat="32.39078629695812" lon="119.43454349429138">
        <ele>15.613474537618458</ele>
        <time>2025-10-04T01:13:55.900000Z</time>
        <extensions>
          <gpxtpx:TrackPointExtension>
            <gpxtpx:hr>83</gpxtpx:hr>
          </gpxtpx:TrackPointExtension>
        </extensions>
      </trkpt>
      <trkpt lat="32.390786070996846" lon="119.43454304042102">
        <ele>15.610459510236979</ele>
        <time>2025-10-04T01:13:56.900000Z</time>
        <extensions>
          <gpxtpx:TrackPointExtension>
            <gpxtpx:hr>83</gpxtpx:hr>
          </gpxtpx:TrackPointExtension>
        </extensions>
      </trkpt>
      <trkpt lat="32.39078598367722" lon="119.43454265747006">
        <ele>15.605359083972871</ele>
        <time>2025-10-04T01:13:57.900000Z</time>
        <extensions>
          <gpxtpx:TrackPointExtension>
            <gpxtpx:hr>83</gpxtpx:hr>
          </gpxtpx:TrackPointExtension>
        </extensions>
      </trkpt>
      <trkpt lat="32.39078593302376" lon="119.43454234086087">
        <ele>15.598019259050488</ele>
        <time>2025-10-04T01:13:58.900000Z</time>
        <extensions>
          <gpxtpx:TrackPointExtension>
            <gpxtpx:hr>83</gpxtpx:hr>
          </gpxtpx:TrackPointExtension>
        </extensions>
      </trkpt>
      <trkpt lat="32.3907857849317" lon="119.43454198340882">
        <ele>15.588834239169955</ele>
        <time>2025-10-04T01:13:59.900000Z</time>
        <extensions>
          <gpxtpx:TrackPointExtension>
            <gpxtpx:hr>83</gpxtpx:hr>
          </gpxtpx:TrackPointExtension>
        </extensions>
      </trkpt>
      <trkpt lat="32.390785558508206" lon="119.4345415345145">
        <ele>15.577245713211596</ele>
        <time>2025-10-04T01:14:00.900000Z</time>
        <extensions>
          <gpxtpx:TrackPointExtension>
            <gpxtpx:hr>82</gpxtpx:hr>
          </gpxtpx:TrackPointExtension>
        </extensions>
      </trkpt>
      <trkpt lat="32.39078526985424" lon="119.43454104437119">
        <ele>15.5637884484604</ele>
        <time>2025-10-04T01:14:01.900000Z</time>
        <extensions>
          <gpxtpx:TrackPointExtension>
            <gpxtpx:hr>82</gpxtpx:hr>
          </gpxtpx:TrackPointExtension>
        </extensions>
      </trkpt>
      <trkpt lat="32.3907850833655" lon="119.434540607548">
        <ele>15.54843198414892</ele>
        <time>2025-10-04T01:14:02.900000Z</time>
        <extensions>
          <gpxtpx:TrackPointExtension>
            <gpxtpx:hr>82</gpxtpx:hr>
          </gpxtpx:TrackPointExtension>
        </extensions>
      </trkpt>
      <trkpt lat="32.39078499030037" lon="119.43454022720401">
        <ele>15.53056325390935</ele>
        <time>2025-10-04T01:14:03.900000Z</time>
        <extensions>
          <gpxtpx:TrackPointExtension>
            <gpxtpx:hr>82</gpxtpx:hr>
          </gpxtpx:TrackPointExtension>
        </extensions>
      </trkpt>
      <trkpt lat="32.39078501794213" lon="119.43453991357288">
        <ele>15.510391517542303</ele>
        <time>2025-10-04T01:14:04.900000Z</time>
        <extensions>
          <gpxtpx:TrackPointExtension>
            <gpxtpx:hr>82</gpxtpx:hr>
          </gpxtpx:TrackPointExtension>
        </extensions>
      </trkpt>
      <trkpt lat="32.39078497745133" lon="119.43453956719821">
        <ele>15.488721990026534</ele>
        <time>2025-10-04T01:14:05.900000Z</time>
        <extensions>
          <gpxtpx:TrackPointExtension>
            <gpxtpx:hr>82</gpxtpx:hr>
          </gpxtpx:TrackPointExtension>
        </extensions>
      </trkpt>
      <trkpt lat="32.39078493052203" lon="119.4345392116429">
        <ele>15.465323857963085</ele>
        <time>2025-10-04T01:14:06.900000Z</time>
        <extensions>
          <gpxtpx:TrackPointExtension>
            <gpxtpx:hr>82</gpxtpx:hr>
          </gpxtpx:TrackPointExtension>
        </extensions>
      </trkpt>
      <trkpt lat="32.3907850743933" lon="119.43453894670522">
        <ele>15.440358648076653</ele>
        <time>2025-10-04T01:14:07.900000Z</time>
        <extensions>
          <gpxtpx:TrackPointExtension>
            <gpxtpx:hr>82</gpxtpx:hr>
          </gpxtpx:TrackPointExtension>
        </extensions>
      </trkpt>
      <trkpt lat="32.39078498584149" lon="119.4345386067924">
        <ele>15.41414139047265</ele>
        <time>2025-10-04T01:14:08.900000Z</time>
        <extensions>
          <gpxtpx:TrackPointExtension>
            <gpxtpx:hr>82</gpxtpx:hr>
          </gpxtpx:TrackPointExtension>
        </extensions>
      </trkpt>
      <trkpt lat="32.39078461353394" lon="119.43453809364361">
        <ele>15.386853848583996</ele>
        <time>2025-10-04T01:14:09.900000Z</time>
        <extensions>
          <gpxtpx:TrackPointExtension>
            <gpxtpx:hr>82</gpxtpx:hr>
          </gpxtpx:TrackPointExtension>
        </extensions>
      </trkpt>
      <trkpt lat="32.39078422981671" lon="119.43453746455046">
        <ele>15.358766344375908</ele>
        <time>2025-10-04T01:14:10.900000Z</time>
        <extensions>
          <gpxtpx:TrackPointExtension>
            <gpxtpx:hr>81</gpxtpx:hr>
          </gpxtpx:TrackPointExtension>
        </extensions>
      </trkpt>
      <trkpt lat="32.39078383414082" lon="119.43453676164089">
        <ele>15.330235910601914</ele>
        <time>2025-10-04T01:14:11.900000Z</time>
        <extensions>
          <gpxtpx:TrackPointExtension>
            <gpxtpx:hr>81</gpxtpx:hr>
          </gpxtpx:TrackPointExtension>
        </extensions>
      </trkpt>
      <trkpt lat="32.39078338796015" lon="119.43453596549986">
        <ele>15.30138864275068</ele>
        <time>2025-10-04T01:14:12.900000Z</time>
        <extensions>
          <gpxtpx:TrackPointExtension>
            <gpxtpx:hr>81</gpxtpx:hr>
          </gpxtpx:TrackPointExtension>
        </extensions>
      </trkpt>
      <trkpt lat="32.39078279024852" lon="119.43453501052373">
        <ele>15.272144843824208</ele>
        <time>2025-10-04T01:14:13.900000Z</time>
        <extensions>
          <gpxtpx:TrackPointExtension>
            <gpxtpx:hr>81</gpxtpx:hr>
          </gpxtpx:TrackPointExtension>
        </extensions>
      </trkpt>
      <trkpt lat="32.390782291046854" lon="119.43453395305345">
        <ele>15.242840386927128</ele>
        <time>2025-10-04T01:14:14.900000Z</time>
        <extensions>
          <gpxtpx:TrackPointExtension>
            <gpxtpx:hr>81</gpxtpx:hr>
          </gpxtpx:TrackPointExtension>
        </extensions>
      </trkpt>
      <trkpt lat="32.39078186452126" lon="119.43453290143033">
        <ele>15.213752523064613</ele>
        <time>2025-10-04T01:14:15.900000Z</time>
        <extensions>
          <gpxtpx:TrackPointExtension>
            <gpxtpx:hr>81</gpxtpx:hr>
          </gpxtpx:TrackPointExtension>
        </extensions>
      </trkpt>
      <trkpt lat="32.390781343335696" lon="119.43453194968205">
        <ele>15.185519787482917</ele>
        <time>2025-10-04T01:14:16.900000Z</time>
        <extensions>
          <gpxtpx:TrackPointExtension>
            <gpxtpx:hr>81</gpxtpx:hr>
          </gpxtpx:TrackPointExtension>
        </extensions>
      </trkpt>
      <trkpt lat="32.39078149486174" lon="119.43453164425357">
        <ele>15.158875407651067</ele>
        <time>2025-10-04T01:14:17.900000Z</time>
        <extensions>
          <gpxtpx:TrackPointExtension>
            <gpxtpx:hr>81</gpxtpx:hr>
          </gpxtpx:TrackPointExtension>
        </extensions>
      </trkpt>
      <trkpt lat="32.390781629192" lon="119.43453143918681">
        <ele>15.1344383219257</ele>
        <time>2025-10-04T01:14:18.900000Z</time>
        <extensions>
          <gpxtpx:TrackPointExtension>
            <gpxtpx:hr>81</gpxtpx:hr>
          </gpxtpx:TrackPointExtension>
        </extensions>
      </trkpt>
      <trkpt lat="32.390781191584566" lon="119.4345308611003">
        <ele>15.112237832508981</ele>
        <time>2025-10-04T01:14:19.900000Z</time>
        <extensions>
          <gpxtpx:TrackPointExtension>
            <gpxtpx:hr>81</gpxtpx:hr>
          </gpxtpx:TrackPointExtension>
        </extensions>
      </trkpt>
      <trkpt lat="32.39078074667925" lon="119.43453027323382">
        <ele>15.093252296559513</ele>
        <time>2025-10-04T01:14:20.900000Z</time>
        <extensions>
          <gpxtpx:TrackPointExtension>
            <gpxtpx:hr>81</gpxtpx:hr>
          </gpxtpx:TrackPointExtension>
        </extensions>
      </trkpt>
      <trkpt lat="32.39078025554247" lon="119.43452958918705">
        <ele>15.076872328296304</ele>
        <time>2025-10-04T01:14:21.900000Z</time>
        <extensions>
          <gpxtpx:TrackPointExtension>
            <gpxtpx:hr>81</gpxtpx:hr>
          </gpxtpx:TrackPointExtension>
        </extensions>
      </trkpt>
      <trkpt lat="32.39077967444042" lon="119.43452874816084">
        <ele>15.063507880084217</ele>
        <time>2025-10-04T01:14:22.900000Z</time>
        <extensions>
          <gpxtpx:TrackPointExtension>
            <gpxtpx:hr>82</gpxtpx:hr>
          </gpxtpx:TrackPointExtension>
        </extensions>
      </trkpt>
      <trkpt lat="32.390778968298164" lon="119.43452768179783">
        <ele>15.053258826956153</ele>
        <time>2025-10-04T01:14:23.900000Z</time>
        <extensions>
          <gpxtpx:TrackPointExtension>
            <gpxtpx:hr>82</gpxtpx:hr>
          </gpxtpx:TrackPointExtension>
        </extensions>
      </trkpt>
      <trkpt lat="32.39077825582175" lon="119.43452655339352">
        <ele>15.046121917665005</ele>
        <time>2025-10-04T01:14:24.900000Z</time>
        <extensions>
          <gpxtpx:TrackPointExtension>
            <gpxtpx:hr>82</gpxtpx:hr>
          </gpxtpx:TrackPointExtension>
        </extensions>
      </trkpt>
      <trkpt lat="32.39077771379501" lon="119.4345256671491">
        <ele>15.04226958937943</ele>
        <time>2025-10-04T01:14:25.900000Z</time>
        <extensions>
          <gpxtpx:TrackPointExtension>
            <gpxtpx:hr>82</gpxtpx:hr>
          </gpxtpx:TrackPointExtension>
        </extensions>
      </trkpt>
      <trkpt lat="32.39077708833425" lon="119.43452455692248">
        <ele>15.041567235253751</ele>
        <time>2025-10-04T01:14:26.900000Z</time>
        <extensions>
          <gpxtpx:TrackPointExtension>
            <gpxtpx:hr>82</gpxtpx:hr>
          </gpxtpx:TrackPointExtension>
        </extensions>
      </trkpt>
      <trkpt lat="32.390776237085866" lon="119.43452291224182">
        <ele>15.043910910375416</ele>
        <time>2025-10-04T01:14:27.900000Z</time>
        <extensions>
          <gpxtpx:TrackPointExtension>
            <gpxtpx:hr>82</gpxtpx:hr>
          </gpxtpx:TrackPointExtension>
        </extensions>
      </trkpt>
      <trkpt lat="32.390775420643706" lon="119.43452120260002">
        <ele>15.049153945408762</ele>
        <time>2025-10-04T01:14:28.900000Z</time>
        <extensions>
          <gpxtpx:TrackPointExtension>
            <gpxtpx:hr>79</gpxtpx:hr>
          </gpxtpx:TrackPointExtension>
        </extensions>
      </trkpt>
      <trkpt lat="32.39077479371937" lon="119.43451979250656">
        <ele>15.057059505954385</ele>
        <time>2025-10-04T01:14:29.900000Z</time>
        <extensions>
          <gpxtpx:TrackPointExtension>
            <gpxtpx:hr>79</gpxtpx:hr>
          </gpxtpx:TrackPointExtension>
        </extensions>
      </trkpt>
      <trkpt lat="32.39077436262601" lon="119.43451879841977">
        <ele>15.067493675276637</ele>
        <time>2025-10-04T01:14:30.900000Z</time>
        <extensions>
          <gpxtpx:TrackPointExtension>
            <gpxtpx:hr>79</gpxtpx:hr>
          </gpxtpx:TrackPointExtension>
        </extensions>
      </trkpt>
      <trkpt lat="32.39077398003591" lon="119.43451785989603">
        <ele>15.080173622816801</ele>
        <time>2025-10-04T01:14:31.900000Z</time>
        <extensions>
          <gpxtpx:TrackPointExtension>
            <gpxtpx:hr>79</gpxtpx:hr>
          </gpxtpx:TrackPointExtension>
        </extensions>
      </trkpt>
      <trkpt lat="32.39077368595658" lon="119.434517100859">
        <ele>15.094899863936007</ele>
        <time>2025-10-04T01:14:32.900000Z</time>
        <extensions>
          <gpxtpx:TrackPointExtension>
            <gpxtpx:hr>79</gpxtpx:hr>
          </gpxtpx:TrackPointExtension>
        </extensions>
      </trkpt>
      <trkpt lat="32.39077348707102" lon="119.43451661302143">
        <ele>15.111962679773569</ele>
        <time>2025-10-04T01:14:33.900000Z</time>
        <extensions>
          <gpxtpx:TrackPointExtension>
            <gpxtpx:hr>81</gpxtpx:hr>
          </gpxtpx:TrackPointExtension>
        </extensions>
      </trkpt>
      <trkpt lat="32.39077328348807" lon="119.43451607901797">
        <ele>15.12962206080556</ele>
        <time>2025-10-04T01:14:34.900000Z</time>
        <extensions>
          <gpxtpx:TrackPointExtension>
            <gpxtpx:hr>81</gpxtpx:hr>
          </gpxtpx:TrackPointExtension>
        </extensions>
      </trkpt>
      <trkpt lat="32.390772881513115" lon="119.43451487550507">
        <ele>15.150326631963253</ele>
        <time>2025-10-04T01:14:35.900000Z</time>
        <extensions>
          <gpxtpx:TrackPointExtension>
            <gpxtpx:hr>81</gpxtpx:hr>
          </gpxtpx:TrackPointExtension>
        </extensions>
      </trkpt>
      <trkpt lat="32.39077231554925" lon="119.43451306863096">
        <ele>15.172630848363042</ele>
        <time>2025-10-04T01:14:36.900000Z</time>
        <extensions>
          <gpxtpx:TrackPointExtension>
            <gpxtpx:hr>81</gpxtpx:hr>
          </gpxtpx:TrackPointExtension>
        </extensions>
      </trkpt>
      <trkpt lat="32.39077193885707" lon="119.43451177157625">
        <ele>15.194967785850167</ele>
        <time>2025-10-04T01:14:37.900000Z</time>
        <extensions>
          <gpxtpx:TrackPointExtension>
            <gpxtpx:hr>81</gpxtpx:hr>
          </gpxtpx:TrackPointExtension>
        </extensions>
      </trkpt>
      <trkpt lat="32.39077149687711" lon="119.43450966754284">
        <ele>15.218178293667734</ele>
        <time>2025-10-04T01:14:38.900000Z</time>
        <extensions>
          <gpxtpx:TrackPointExtension>
            <gpxtpx:hr>81</gpxtpx:hr>
          </gpxtpx:TrackPointExtension>
        </extensions>
      </trkpt>
      <trkpt lat="32.390770816219955" lon="119.43450568728505">
        <ele>15.242006705142558</ele>
        <time>2025-10-04T01:14:39.900000Z</time>
        <extensions>
          <gpxtpx:TrackPointExtension>
            <gpxtpx:hr>81</gpxtpx:hr>
          </gpxtpx:TrackPointExtension>
        </extensions>
      </trkpt>
      <trkpt lat="32.39077017788545" lon="119.43450143794043">
        <ele>15.265730181708932</ele>
        <time>2025-10-04T01:14:40.900000Z</time>
        <extensions>
          <gpxtpx:TrackPointExtension>
            <gpxtpx:hr>81</gpxtpx:hr>
          </gpxtpx:TrackPointExtension>
        </extensions>
      </trkpt>
      <trkpt lat="32.39076960707839" lon="119.4344977329923">
        <ele>15.28922402113676</ele>
        <time>2025-10-04T01:14:41.900000Z</time>
        <extensions>
          <gpxtpx:TrackPointExtension>
            <gpxtpx:hr>81</gpxtpx:hr>
          </gpxtpx:TrackPointExtension>
        </extensions>
      </trkpt>
      <trkpt lat="32.39076896099661" lon="119.43449320774387">
        <ele>15.313124934211373</ele>
        <time>2025-10-04T01:14:42.900000Z</time>
        <extensions>
          <gpxtpx:TrackPointExtension>
            <gpxtpx:hr>83</gpxtpx:hr>
          </gpxtpx:TrackPointExtension>
        </extensions>
      </trkpt>
      <trkpt lat="32.390768211827684" lon="119.43448740213331">
        <ele>15.336604167707264</ele>
        <time>2025-10-04T01:14:43.900000Z</time>
        <extensions>
          <gpxtpx:TrackPointExtension>
            <gpxtpx:hr>83</gpxtpx:hr>
          </gpxtpx:TrackPointExtension>
        </extensions>
      </trkpt>
      <trkpt lat="32.39076748113185" lon="119.43448188914437">
        <ele>15.358667219989002</ele>
        <time>2025-10-04T01:14:44.900000Z</time>
        <extensions>
          <gpxtpx:TrackPointExtension>
            <gpxtpx:hr>83</gpxtpx:hr>
          </gpxtpx:TrackPointExtension>
        </extensions>
      </trkpt>
      <trkpt lat="32.39076677136465" lon="119.43447719267104">
        <ele>15.380772830918431</ele>
        <time>2025-10-04T01:14:45.900000Z</time>
        <extensions>
          <gpxtpx:TrackPointExtension>
            <gpxtpx:hr>83</gpxtpx:hr>
          </gpxtpx:TrackPointExtension>
        </extensions>
      </trkpt>
      <trkpt lat="32.39076602188738" lon="119.43447261663954">
        <ele>15.40059701912105</ele>
        <time>2025-10-04T01:14:46.900000Z</time>
        <extensions>
          <gpxtpx:TrackPointExtension>
            <gpxtpx:hr>83</gpxtpx:hr>
          </gpxtpx:TrackPointExtension>
        </extensions>
      </trkpt>
      <trkpt lat="32.39076519955912" lon="119.4344674499055">
        <ele>15.417626359499991</ele>
        <time>2025-10-04T01:14:47.900000Z</time>
        <extensions>
          <gpxtpx:TrackPointExtension>
            <gpxtpx:hr>83</gpxtpx:hr>
          </gpxtpx:TrackPointExtension>
        </extensions>
      </trkpt>
      <trkpt lat="32.39076433290885" lon="119.43446167808023">
        <ele>15.432037927210331</ele>
        <time>2025-10-04T01:14:48.900000Z</time>
        <extensions>
          <gpxtpx:TrackPointExtension>
            <gpxtpx:hr>83</gpxtpx:hr>
          </gpxtpx:TrackPointExtension>
        </extensions>
      </trkpt>
      <trkpt lat="32.39076357315096" lon="119.43445654877286">
        <ele>15.442750602960587</ele>
        <time>2025-10-04T01:14:49.900000Z</time>
        <extensions>
          <gpxtpx:TrackPointExtension>
            <gpxtpx:hr>83</gpxtpx:hr>
          </gpxtpx:TrackPointExtension>
        </extensions>
      </trkpt>
      <trkpt lat="32.390762843091885" lon="119.43445187346504">
        <ele>15.450520845130086</ele>
        <time>2025-10-04T01:14:50.900000Z</time>
        <extensions>
          <gpxtpx:TrackPointExtension>
            <gpxtpx:hr>83</gpxtpx:hr>
          </gpxtpx:TrackPointExtension>
        </extensions>
      </trkpt>
      <trkpt lat="32.39076222976184" lon="119.43444787795006">
        <ele>15.454572130925953</ele>
        <time>2025-10-04T01:14:51.900000Z</time>
        <extensions>
          <gpxtpx:TrackPointExtension>
            <gpxtpx:hr>83</gpxtpx:hr>
          </gpxtpx:TrackPointExtension>
        </extensions>
      </trkpt>
      <trkpt lat="32.39076179568082" lon="119.43444474425291">
        <ele>15.453913358040154</ele>
        <time>2025-10-04T01:14:52.900000Z</time>
        <extensions>
          <gpxtpx:TrackPointExtension>
            <gpxtpx:hr>81</gpxtpx:hr>
          </gpxtpx:TrackPointExtension>
        </extensions>
      </trkpt>
      <trkpt lat="32.3907613662604" lon="119.43444138499353">
        <ele>15.449542419053614</ele>
        <time>2025-10-04T01:14:53.900000Z</time>
        <extensions>
          <gpxtpx:TrackPointExtension>
            <gpxtpx:hr>81</gpxtpx:hr>
          </gpxtpx:TrackPointExtension>
        </extensions>
      </trkpt>
      <trkpt lat="32.39076089080649" lon="119.43443734521367">
        <ele>15.441223210655153</ele>
        <time>2025-10-04T01:14:54.900000Z</time>
        <extensions>
          <gpxtpx:TrackPointExtension>
            <gpxtpx:hr>81</gpxtpx:hr>
          </gpxtpx:TrackPointExtension>
        </extensions>
      </trkpt>
      <trkpt lat="32.39076045064159" lon="119.43443325813344">
        <ele>15.428701650351286</ele>
        <time>2025-10-04T01:14:55.900000Z</time>
        <extensions>
          <gpxtpx:TrackPointExtension>
            <gpxtpx:hr>81</gpxtpx:hr>
          </gpxtpx:TrackPointExtension>
        </extensions>
      </trkpt>
      <trkpt lat="32.390760056067975" lon="119.43442861259712">
        <ele>15.412393723614514</ele>
        <time>2025-10-04T01:14:56.900000Z</time>
        <extensions>
          <gpxtpx:TrackPointExtension>
            <gpxtpx:hr>81</gpxtpx:hr>
          </gpxtpx:TrackPointExtension>
        </extensions>
      </trkpt>
      <trkpt lat="32.39075965204691" lon="119.43442261513835">
        <ele>15.391692472621799</ele>
        <time>2025-10-04T01:14:57.900000Z</time>
        <extensions>
          <gpxtpx:TrackPointExtension>
            <gpxtpx:hr>81</gpxtpx:hr>
          </gpxtpx:TrackPointExtension>
        </extensions>
      </trkpt>
      <trkpt lat="32.390759384280784" lon="119.43441633072531">
        <ele>15.367339895106852</ele>
        <time>2025-10-04T01:14:58.900000Z</time>
        <extensions>
          <gpxtpx:TrackPointExtension>
            <gpxtpx:hr>81</gpxtpx:hr>
          </gpxtpx:TrackPointExtension>
        </extensions>
      </trkpt>
      <trkpt lat="32.390759251867024" lon="119.43440988115285">
        <ele>15.338952962309122</ele>
        <time>2025-10-04T01:14:59.900000Z</time>
        <extensions>
          <gpxtpx:TrackPointExtension>
            <gpxtpx:hr>81</gpxtpx:hr>
          </gpxtpx:TrackPointExtension>
        </extensions>
      </trkpt>
      <trkpt lat="32.39075923209531" lon="119.43440390017182">
        <ele>15.307101622223854</ele>
        <time>2025-10-04T01:15:00.900000Z</time>
        <extensions>
          <gpxtpx:TrackPointExtension>
            <gpxtpx:hr>82</gpxtpx:hr>
          </gpxtpx:TrackPointExtension>
        </extensions>
      </trkpt>
      <trkpt lat="32.39075932954693" lon="119.434397268738">
        <ele>15.272103512659669</ele>
        <time>2025-10-04T01:15:01.900000Z</time>
        <extensions>
          <gpxtpx:TrackPointExtension>
            <gpxtpx:hr>82</gpxtpx:hr>
          </gpxtpx:TrackPointExtension>
        </extensions>
      </trkpt>
      <trkpt lat="32.390759525505125" lon="119.43438948066796">
        <ele>15.234294479712844</ele>
        <time>2025-10-04T01:15:02.900000Z</time>
        <extensions>
          <gpxtpx:TrackPointExtension>
            <gpxtpx:hr>82</gpxtpx:hr>
          </gpxtpx:TrackPointExtension>
        </extensions>
      </trkpt>
      <trkpt lat="32.390759758408045" lon="119.4343828713956">
        <ele>15.193629917688668</ele>
        <time>2025-10-04T01:15:03.900000Z</time>
        <extensions>
          <gpxtpx:TrackPointExtension>
            <gpxtpx:hr>82</gpxtpx:hr>
          </gpxtpx:TrackPointExtension>
        </extensions>
      </trkpt>
      <trkpt lat="32.390759946183735" lon="119.43437768472977">
        <ele>15.150817192159593</ele>
        <time>2025-10-04T01:15:04.900000Z</time>
        <extensions>
          <gpxtpx:TrackPointExtension>
            <gpxtpx:hr>82</gpxtpx:hr>
          </gpxtpx:TrackPointExtension>
        </extensions>
      </trkpt>
      <trkpt lat="32.390760123886054" lon="119.43437375239264">
        <ele>15.106048084795475</ele>
        <time>2025-10-04T01:15:05.900000Z</time>
        <extensions>
          <gpxtpx:TrackPointExtension>
            <gpxtpx:hr>82</gpxtpx:hr>
          </gpxtpx:TrackPointExtension>
        </extensions>
      </trkpt>
      <trkpt lat="32.39076030153856" lon="119.43437141721009">
        <ele>15.059688680805266</ele>
        <time>2025-10-04T01:15:06.900000Z</time>
        <extensions>
          <gpxtpx:TrackPointExtension>
            <gpxtpx:hr>80</gpxtpx:hr>
          </gpxtpx:TrackPointExtension>
        </extensions>
      </trkpt>
      <trkpt lat="32.390760503673036" lon="119.43436915203117">
        <ele>15.011760420165956</ele>
        <time>2025-10-04T01:15:07.900000Z</time>
        <extensions>
          <gpxtpx:TrackPointExtension>
            <gpxtpx:hr>80</gpxtpx:hr>
          </gpxtpx:TrackPointExtension>
        </extensions>
      </trkpt>
      <trkpt lat="32.39076080741419" lon="119.43436647573999">
        <ele>14.962467166595161</ele>
        <time>2025-10-04T01:15:08.900000Z</time>
        <extensions>
          <gpxtpx:TrackPointExtension>
            <gpxtpx:hr>80</gpxtpx:hr>
          </gpxtpx:TrackPointExtension>
        </extensions>
      </trkpt>
      <trkpt lat="32.390761083599344" lon="119.43436455614014">
        <ele>14.912433538585901</ele>
        <time>2025-10-04T01:15:09.900000Z</time>
        <extensions>
          <gpxtpx:TrackPointExtension>
            <gpxtpx:hr>80</gpxtpx:hr>
          </gpxtpx:TrackPointExtension>
        </extensions>
      </trkpt>
      <trkpt lat="32.390761554946614" lon="119.43436314060445">
        <ele>14.861925029195845</ele>
        <time>2025-10-04T01:15:10.900000Z</time>
        <extensions>
          <gpxtpx:TrackPointExtension>
            <gpxtpx:hr>80</gpxtpx:hr>
          </gpxtpx:TrackPointExtension>
        </extensions>
      </trkpt>
      <trkpt lat="32.39076198738919" lon="119.43436206727223">
        <ele>14.810568096116185</ele>
        <time>2025-10-04T01:15:11.900000Z</time>
        <extensions>
          <gpxtpx:TrackPointExtension>
            <gpxtpx:hr>79</gpxtpx:hr>
          </gpxtpx:TrackPointExtension>
        </extensions>
      </trkpt>
      <trkpt lat="32.390762461516495" lon="119.43436100787396">
        <ele>14.758318164385855</ele>
        <time>2025-10-04T01:15:12.900000Z</time>
        <extensions>
          <gpxtpx:TrackPointExtension>
            <gpxtpx:hr>79</gpxtpx:hr>
          </gpxtpx:TrackPointExtension>
        </extensions>
      </trkpt>
      <trkpt lat="32.390763262440345" lon="119.43435951833189">
        <ele>14.705341457389295</ele>
        <time>2025-10-04T01:15:13.900000Z</time>
        <extensions>
          <gpxtpx:TrackPointExtension>
            <gpxtpx:hr>79</gpxtpx:hr>
          </gpxtpx:TrackPointExtension>
        </extensions>
      </trkpt>
      <trkpt lat="32.39076377912658" lon="119.43435850619245">
        <ele>14.65220696106553</ele>
        <time>2025-10-04T01:15:14.900000Z</time>
        <extensions>
          <gpxtpx:TrackPointExtension>
            <gpxtpx:hr>79</gpxtpx:hr>
          </gpxtpx:TrackPointExtension>
        </extensions>
      </trkpt>
      <trkpt lat="32.390764215955336" lon="119.43435762581515">
        <ele>14.599454313516617</ele>
        <time>2025-10-04T01:15:15.900000Z</time>
        <extensions>
          <gpxtpx:TrackPointExtension>
            <gpxtpx:hr>78</gpxtpx:hr>
          </gpxtpx:TrackPointExtension>
        </extensions>
      </trkpt>
      <trkpt lat="32.39076461617466" lon="119.43435679920276">
        <ele>14.546922485344112</ele>
        <time>2025-10-04T01:15:16.900000Z</time>
        <extensions>
          <gpxtpx:TrackPointExtension>
            <gpxtpx:hr>78</gpxtpx:hr>
          </gpxtpx:TrackPointExtension>
        </extensions>
      </trkpt>
      <trkpt lat="32.390765025698165" lon="119.43435628889576">
        <ele>14.494697871617973</ele>
        <time>2025-10-04T01:15:17.900000Z</time>
        <extensions>
          <gpxtpx:TrackPointExtension>
            <gpxtpx:hr>78</gpxtpx:hr>
          </gpxtpx:TrackPointExtension>
        </extensions>
      </trkpt>
      <trkpt lat="32.39076546486336" lon="119.43435580853556">
        <ele>14.441888404078782</ele>
        <time>2025-10-04T01:15:18.900000Z</time>
        <extensions>
          <gpxtpx:TrackPointExtension>
            <gpxtpx:hr>78</gpxtpx:hr>
          </gpxtpx:TrackPointExtension>
        </extensions>
      </trkpt>
      <trkpt lat="32.39076603913487" lon="119.4343552166238">
        <ele>14.389782959595323</ele>
        <time>2025-10-04T01:15:19.900000Z</time>
        <extensions>
          <gpxtpx:TrackPointExtension>
            <gpxtpx:hr>78</gpxtpx:hr>
          </gpxtpx:TrackPointExtension>
        </extensions>
      </trkpt>
      <trkpt lat="32.39076661613408" lon="119.43435465690142">
        <ele>14.338661201298237</ele>
        <time>2025-10-04T01:15:20.900000Z</time>
        <extensions>
          <gpxtpx:TrackPointExtension>
            <gpxtpx:hr>79</gpxtpx:hr>
          </gpxtpx:TrackPointExtension>
        </extensions>
      </trkpt>
      <trkpt lat="32.39076694847118" lon="119.43435435161562">
        <ele>14.28887946344912</ele>
        <time>2025-10-04T01:15:21.900000Z</time>
        <extensions>
          <gpxtpx:TrackPointExtension>
            <gpxtpx:hr>79</gpxtpx:hr>
          </gpxtpx:TrackPointExtension>
        </extensions>
      </trkpt>
      <trkpt lat="32.39076732165423" lon="119.4343540658084">
        <ele>14.240014305338264</ele>
        <time>2025-10-04T01:15:22.900000Z</time>
        <extensions>
          <gpxtpx:TrackPointExtension>
            <gpxtpx:hr>79</gpxtpx:hr>
          </gpxtpx:TrackPointExtension>
        </extensions>
      </trkpt>
      <trkpt lat="32.3907686009928" lon="119.43435350230966">
        <ele>14.192641804926097</ele>
        <time>2025-10-04T01:15:23.900000Z</time>
        <extensions>
          <gpxtpx:TrackPointExtension>
            <gpxtpx:hr>79</gpxtpx:hr>
          </gpxtpx:TrackPointExtension>
        </extensions>
      </trkpt>
      <trkpt lat="32.39077145602857" lon="119.43435174764129">
        <ele>14.146452140063047</ele>
        <time>2025-10-04T01:15:24.900000Z</time>
        <extensions>
          <gpxtpx:TrackPointExtension>
            <gpxtpx:hr>79</gpxtpx:hr>
          </gpxtpx:TrackPointExtension>
        </extensions>
      </trkpt>
      <trkpt lat="32.39076877283006" lon="119.43434779237583">
        <ele>14.102185232564807</ele>
        <time>2025-10-04T01:15:25.900000Z</time>
        <extensions>
          <gpxtpx:TrackPointExtension>
            <gpxtpx:hr>79</gpxtpx:hr>
          </gpxtpx:TrackPointExtension>
        </extensions>
      </trkpt>
      <trkpt lat="32.390755853929285" lon="119.43434134730141">
        <ele>14.060182180255651</ele>
        <time>2025-10-04T01:15:26.900000Z</time>
        <extensions>
          <gpxtpx:TrackPointExtension>
            <gpxtpx:hr>79</gpxtpx:hr>
          </gpxtpx:TrackPointExtension>
        </extensions>
      </trkpt>
      <trkpt lat="32.39074480258508" lon="119.43433732279775">
        <ele>14.020784034393728</ele>
        <time>2025-10-04T01:15:27.900000Z</time>
        <extensions>
          <gpxtpx:TrackPointExtension>
            <gpxtpx:hr>79</gpxtpx:hr>
          </gpxtpx:TrackPointExtension>
        </extensions>
      </trkpt>
      <trkpt lat="32.390744620067316" lon="119.43433856496847">
        <ele>13.984293593093753</ele>
        <time>2025-10-04T01:15:28.900000Z</time>
        <extensions>
          <gpxtpx:TrackPointExtension>
            <gpxtpx:hr>79</gpxtpx:hr>
          </gpxtpx:TrackPointExtension>
        </extensions>
      </trkpt>
      <trkpt lat="32.39074899707766" lon="119.43434112269715">
        <ele>13.951056968420744</ele>
        <time>2025-10-04T01:15:29.900000Z</time>
        <extensions>
          <gpxtpx:TrackPointExtension>
            <gpxtpx:hr>79</gpxtpx:hr>
          </gpxtpx:TrackPointExtension>
        </extensions>
      </trkpt>
      <trkpt lat="32.39075154128269" lon="119.43434585286364">
        <ele>13.921189459040761</ele>
        <time>2025-10-04T01:15:30.900000Z</time>
        <extensions>
          <gpxtpx:TrackPointExtension>
            <gpxtpx:hr>78</gpxtpx:hr>
          </gpxtpx:TrackPointExtension>
        </extensions>
      </trkpt>
      <trkpt lat="32.39075371848993" lon="119.434351939926">
        <ele>13.895285147242248</ele>
        <time>2025-10-04T01:15:31.900000Z</time>
        <extensions>
          <gpxtpx:TrackPointExtension>
            <gpxtpx:hr>78</gpxtpx:hr>
          </gpxtpx:TrackPointExtension>
        </extensions>
      </trkpt>
      <trkpt lat="32.390757014430235" lon="119.43435654083312">
        <ele>13.872882404364645</ele>
        <time>2025-10-04T01:15:32.900000Z</time>
        <extensions>
          <gpxtpx:TrackPointExtension>
            <gpxtpx:hr>78</gpxtpx:hr>
          </gpxtpx:TrackPointExtension>
        </extensions>
      </trkpt>
      <trkpt lat="32.39075969672598" lon="119.43436031532656">
        <ele>13.854319754987955</ele>
        <time>2025-10-04T01:15:33.900000Z</time>
        <extensions>
          <gpxtpx:TrackPointExtension>
            <gpxtpx:hr>78</gpxtpx:hr>
          </gpxtpx:TrackPointExtension>
        </extensions>
      </trkpt>
      <trkpt lat="32.39076202653286" lon="119.43436416248186">
        <ele>13.83998147584498</ele>
        <time>2025-10-04T01:15:34.900000Z</time>
        <extensions>
          <gpxtpx:TrackPointExtension>
            <gpxtpx:hr>78</gpxtpx:hr>
          </gpxtpx:TrackPointExtension>
        </extensions>
      </trkpt>
      <trkpt lat="32.390763667463986" lon="119.43437034899564">
        <ele>13.829561612568796</ele>
        <time>2025-10-04T01:15:35.900000Z</time>
        <extensions>
          <gpxtpx:TrackPointExtension>
            <gpxtpx:hr>78</gpxtpx:hr>
          </gpxtpx:TrackPointExtension>
        </extensions>
      </trkpt>
      <trkpt lat="32.390764814451984" lon="119.4343772249657">
        <ele>13.823571026325226</ele>
        <time>2025-10-04T01:15:36.900000Z</time>
        <extensions>
          <gpxtpx:TrackPointExtension>
            <gpxtpx:hr>78</gpxtpx:hr>
          </gpxtpx:TrackPointExtension>
        </extensions>
      </trkpt>
      <trkpt lat="32.390766417360396" lon="119.43438284821839">
        <ele>13.821480474434793</ele>
        <time>2025-10-04T01:15:37.900000Z</time>
        <extensions>
          <gpxtpx:TrackPointExtension>
            <gpxtpx:hr>78</gpxtpx:hr>
          </gpxtpx:TrackPointExtension>
        </extensions>
      </trkpt>
      <trkpt lat="32.39076831812539" lon="119.43438746613604">
        <ele>13.823148787021637</ele>
        <time>2025-10-04T01:15:38.900000Z</time>
        <extensions>
          <gpxtpx:TrackPointExtension>
            <gpxtpx:hr>78</gpxtpx:hr>
          </gpxtpx:TrackPointExtension>
        </extensions>
      </trkpt>
      <trkpt lat="32.39077145712552" lon="119.43439067310437">
        <ele>13.828415960073471</ele>
        <time>2025-10-04T01:15:39.900000Z</time>
        <extensions>
          <gpxtpx:TrackPointExtension>
            <gpxtpx:hr>78</gpxtpx:hr>
          </gpxtpx:TrackPointExtension>
        </extensions>
      </trkpt>
      <trkpt lat="32.39077482807693" lon="119.43439248533213">
        <ele>13.83643510285765</ele>
        <time>2025-10-04T01:15:40.900000Z</time>
        <extensions>
          <gpxtpx:TrackPointExtension>
            <gpxtpx:hr>78</gpxtpx:hr>
          </gpxtpx:TrackPointExtension>
        </extensions>
      </trkpt>
      <trkpt lat="32.39077749442417" lon="119.43439364842492">
        <ele>13.846910466440022</ele>
        <time>2025-10-04T01:15:41.900000Z</time>
        <extensions>
          <gpxtpx:TrackPointExtension>
            <gpxtpx:hr>78</gpxtpx:hr>
          </gpxtpx:TrackPointExtension>
        </extensions>
      </trkpt>
      <trkpt lat="32.39078042534704" lon="119.43439561620833">
        <ele>13.85950421448797</ele>
        <time>2025-10-04T01:15:42.900000Z</time>
        <extensions>
          <gpxtpx:TrackPointExtension>
            <gpxtpx:hr>77</gpxtpx:hr>
          </gpxtpx:TrackPointExtension>
        </extensions>
      </trkpt>
      <trkpt lat="32.39078333038613" lon="119.4343976261964">
        <ele>13.873983374796808</ele>
        <time>2025-10-04T01:15:43.900000Z</time>
        <extensions>
          <gpxtpx:TrackPointExtension>
            <gpxtpx:hr>77</gpxtpx:hr>
          </gpxtpx:TrackPointExtension>
        </extensions>
      </trkpt>
      <trkpt lat="32.390785418333486" lon="119.43439860494838">
        <ele>13.890067641623318</ele>
        <time>2025-10-04T01:15:44.900000Z</time>
        <extensions>
          <gpxtpx:TrackPointExtension>
            <gpxtpx:hr>77</gpxtpx:hr>
          </gpxtpx:TrackPointExtension>
        </extensions>
      </trkpt>
      <trkpt lat="32.39078734792956" lon="119.43439978841141">
        <ele>13.907447309233248</ele>
        <time>2025-10-04T01:15:45.900000Z</time>
        <extensions>
          <gpxtpx:TrackPointExtension>
            <gpxtpx:hr>77</gpxtpx:hr>
          </gpxtpx:TrackPointExtension>
        </extensions>
      </trkpt>
      <trkpt lat="32.390789758564985" lon="119.43440206795532">
        <ele>13.92549349553883</ele>
        <time>2025-10-04T01:15:46.900000Z</time>
        <extensions>
          <gpxtpx:TrackPointExtension>
            <gpxtpx:hr>77</gpxtpx:hr>
          </gpxtpx:TrackPointExtension>
        </extensions>
      </trkpt>
      <trkpt lat="32.39079249824945" lon="119.4344057862959">
        <ele>13.944232488051057</ele>
        <time>2025-10-04T01:15:47.900000Z</time>
        <extensions>
          <gpxtpx:TrackPointExtension>
            <gpxtpx:hr>77</gpxtpx:hr>
          </gpxtpx:TrackPointExtension>
        </extensions>
      </trkpt>
      <trkpt lat="32.39079521312343" lon="119.43440913659107">
        <ele>13.96355698350817</ele>
        <time>2025-10-04T01:15:48.900000Z</time>
        <extensions>
          <gpxtpx:TrackPointExtension>
            <gpxtpx:hr>77</gpxtpx:hr>
          </gpxtpx:TrackPointExtension>
        </extensions>
      </trkpt>
      <trkpt lat="32.39079736954782" lon="119.43441041102702">
        <ele>13.983251010999084</ele>
        <time>2025-10-04T01:15:49.900000Z</time>
        <extensions>
          <gpxtpx:TrackPointExtension>
            <gpxtpx:hr>77</gpxtpx:hr>
          </gpxtpx:TrackPointExtension>
        </extensions>
      </trkpt>
      <trkpt lat="32.3907988547495" lon="119.43441052649523">
        <ele>14.003158247098327</ele>
        <time>2025-10-04T01:15:50.900000Z</time>
        <extensions>
          <gpxtpx:TrackPointExtension>
            <gpxtpx:hr>77</gpxtpx:hr>
          </gpxtpx:TrackPointExtension>
        </extensions>
      </trkpt>
      <trkpt lat="32.39079993436139" lon="119.43441011974708">
        <ele>14.023148474283516</ele>
        <time>2025-10-04T01:15:51.900000Z</time>
        <extensions>
          <gpxtpx:TrackPointExtension>
            <gpxtpx:hr>77</gpxtpx:hr>
          </gpxtpx:TrackPointExtension>
        </extensions>
      </trkpt>
      <trkpt lat="32.39080095472894" lon="119.43440964457223">
        <ele>14.0431108167395</ele>
        <time>2025-10-04T01:15:52.900000Z</time>
        <extensions>
          <gpxtpx:TrackPointExtension>
            <gpxtpx:hr>78</gpxtpx:hr>
          </gpxtpx:TrackPointExtension>
        </extensions>
      </trkpt>
      <trkpt lat="32.39080218201397" lon="119.43440933676055">
        <ele>14.062950601801276</ele>
        <time>2025-10-04T01:15:53.900000Z</time>
        <extensions>
          <gpxtpx:TrackPointExtension>
            <gpxtpx:hr>78</gpxtpx:hr>
          </gpxtpx:TrackPointExtension>
        </extensions>
      </trkpt>
      <trkpt lat="32.39080348157346" lon="119.43440902335693">
        <ele>14.082595862448215</ele>
        <time>2025-10-04T01:15:54.900000Z</time>
        <extensions>
          <gpxtpx:TrackPointExtension>
            <gpxtpx:hr>78</gpxtpx:hr>
          </gpxtpx:TrackPointExtension>
        </extensions>
      </trkpt>
      <trkpt lat="32.39080474991732" lon="119.43440870764012">
        <ele>14.102011919952929</ele>
        <time>2025-10-04T01:15:55.900000Z</time>
        <extensions>
          <gpxtpx:TrackPointExtension>
            <gpxtpx:hr>78</gpxtpx:hr>
          </gpxtpx:TrackPointExtension>
        </extensions>
      </trkpt>
      <trkpt lat="32.39080598281799" lon="119.43440839035225">
        <ele>14.121206684969366</ele>
        <time>2025-10-04T01:15:56.900000Z</time>
        <extensions>
          <gpxtpx:TrackPointExtension>
            <gpxtpx:hr>78</gpxtpx:hr>
          </gpxtpx:TrackPointExtension>
        </extensions>
      </trkpt>
      <trkpt lat="32.39080696895611" lon="119.43440778765789">
        <ele>14.140223933383822</ele>
        <time>2025-10-04T01:15:57.900000Z</time>
        <extensions>
          <gpxtpx:TrackPointExtension>
            <gpxtpx:hr>78</gpxtpx:hr>
          </gpxtpx:TrackPointExtension>
        </extensions>
      </trkpt>
      <trkpt lat="32.390807822787465" lon="119.43440709877983">
        <ele>14.159133354201913</ele>
        <time>2025-10-04T01:15:58.900000Z</time>
        <extensions>
          <gpxtpx:TrackPointExtension>
            <gpxtpx:hr>78</gpxtpx:hr>
          </gpxtpx:TrackPointExtension>
        </extensions>
      </trkpt>
      <trkpt lat="32.39080888278632" lon="119.43440683010581">
        <ele>14.178024557419121</ele>
        <time>2025-10-04T01:15:59.900000Z</time>
        <extensions>
          <gpxtpx:TrackPointExtension>
            <gpxtpx:hr>78</gpxtpx:hr>
          </gpxtpx:TrackPointExtension>
        </extensions>
      </trkpt>
      <trkpt lat="32.39081024033319" lon="119.43440709796707">
        <ele>14.19658921379596</ele>
        <time>2025-10-04T01:16:00.900000Z</time>
        <extensions>
          <gpxtpx:TrackPointExtension>
            <gpxtpx:hr>78</gpxtpx:hr>
          </gpxtpx:TrackPointExtension>
        </extensions>
      </trkpt>
      <trkpt lat="32.390811625209125" lon="119.43440761978805">
        <ele>14.21539849974215</ele>
        <time>2025-10-04T01:16:01.900000Z</time>
        <extensions>
          <gpxtpx:TrackPointExtension>
            <gpxtpx:hr>78</gpxtpx:hr>
          </gpxtpx:TrackPointExtension>
        </extensions>
      </trkpt>
      <trkpt lat="32.390813397323896" lon="119.43440908171715">
        <ele>14.234425193630159</ele>
        <time>2025-10-04T01:16:02.900000Z</time>
        <extensions>
          <gpxtpx:TrackPointExtension>
            <gpxtpx:hr>78</gpxtpx:hr>
          </gpxtpx:TrackPointExtension>
        </extensions>
      </trkpt>
      <trkpt lat="32.39081541535047" lon="119.4344107498886">
        <ele>14.25362756755203</ele>
        <time>2025-10-04T01:16:03.900000Z</time>
        <extensions>
          <gpxtpx:TrackPointExtension>
            <gpxtpx:hr>78</gpxtpx:hr>
          </gpxtpx:TrackPointExtension>
        </extensions>
      </trkpt>
      <trkpt lat="32.39081705097431" lon="119.43441145746773">
        <ele>14.272932309657335</ele>
        <time>2025-10-04T01:16:04.900000Z</time>
        <extensions>
          <gpxtpx:TrackPointExtension>
            <gpxtpx:hr>78</gpxtpx:hr>
          </gpxtpx:TrackPointExtension>
        </extensions>
      </trkpt>
      <trkpt lat="32.39081846355426" lon="119.43441191458297">
        <ele>14.292263260111213</ele>
        <time>2025-10-04T01:16:05.900000Z</time>
        <extensions>
          <gpxtpx:TrackPointExtension>
            <gpxtpx:hr>78</gpxtpx:hr>
          </gpxtpx:TrackPointExtension>
        </extensions>
      </trkpt>
      <trkpt lat="32.390819543846675" lon="119.43441194333516">
        <ele>14.311545182950795</ele>
        <time>2025-10-04T01:16:06.900000Z</time>
        <extensions>
          <gpxtpx:TrackPointExtension>
            <gpxtpx:hr>79</gpxtpx:hr>
          </gpxtpx:TrackPointExtension>
        </extensions>
      </trkpt>
      <trkpt lat="32.39082036167406" lon="119.43441135187598">
        <ele>14.33068694639951</ele>
        <time>2025-10-04T01:16:07.900000Z</time>
        <extensions>
          <gpxtpx:TrackPointExtension>
            <gpxtpx:hr>79</gpxtpx:hr>
          </gpxtpx:TrackPointExtension>
        </extensions>
      </trkpt>
      <trkpt lat="32.390821868560444" lon="119.43441099345276">
        <ele>14.349607965908945</ele>
        <time>2025-10-04T01:16:08.900000Z</time>
        <extensions>
          <gpxtpx:TrackPointExtension>
            <gpxtpx:hr>79</gpxtpx:hr>
          </gpxtpx:TrackPointExtension>
        </extensions>
      </trkpt>
      <trkpt lat="32.390823685889366" lon="119.43441076530794">
        <ele>14.36813891492784</ele>
        <time>2025-10-04T01:16:09.900000Z</time>
        <extensions>
          <gpxtpx:TrackPointExtension>
            <gpxtpx:hr>79</gpxtpx:hr>
          </gpxtpx:TrackPointExtension>
        </extensions>
      </trkpt>
      <trkpt lat="32.390824505891345" lon="119.4344103937279">
        <ele>14.386194495484233</ele>
        <time>2025-10-04T01:16:10.900000Z</time>
        <extensions>
          <gpxtpx:TrackPointExtension>
            <gpxtpx:hr>79</gpxtpx:hr>
          </gpxtpx:TrackPointExtension>
        </extensions>
      </trkpt>
      <trkpt lat="32.39082478504437" lon="119.43440996739687">
        <ele>14.403324821963906</ele>
        <time>2025-10-04T01:16:11.900000Z</time>
        <extensions>
          <gpxtpx:TrackPointExtension>
            <gpxtpx:hr>79</gpxtpx:hr>
          </gpxtpx:TrackPointExtension>
        </extensions>
      </trkpt>
      <trkpt lat="32.390825005112184" lon="119.43440958426832">
        <ele>14.420241721905768</ele>
        <time>2025-10-04T01:16:12.900000Z</time>
        <extensions>
          <gpxtpx:TrackPointExtension>
            <gpxtpx:hr>79</gpxtpx:hr>
          </gpxtpx:TrackPointExtension>
        </extensions>
      </trkpt>
      <trkpt lat="32.39082516184294" lon="119.4344092836954">
        <ele>14.435495400801301</ele>
        <time>2025-10-04T01:16:13.900000Z</time>
        <extensions>
          <gpxtpx:TrackPointExtension>
            <gpxtpx:hr>79</gpxtpx:hr>
          </gpxtpx:TrackPointExtension>
        </extensions>
      </trkpt>
      <trkpt lat="32.39082572222616" lon="119.43440875844952">
        <ele>14.450740229338408</ele>
        <time>2025-10-04T01:16:14.900000Z</time>
        <extensions>
          <gpxtpx:TrackPointExtension>
            <gpxtpx:hr>79</gpxtpx:hr>
          </gpxtpx:TrackPointExtension>
        </extensions>
      </trkpt>
      <trkpt lat="32.3908264002362" lon="119.43440821008144">
        <ele>14.465997883118689</ele>
        <time>2025-10-04T01:16:15.900000Z</time>
        <extensions>
          <gpxtpx:TrackPointExtension>
            <gpxtpx:hr>79</gpxtpx:hr>
          </gpxtpx:TrackPointExtension>
        </extensions>
      </trkpt>
      <trkpt lat="32.390826671443044" lon="119.43440784752424">
        <ele>14.480833830311894</ele>
        <time>2025-10-04T01:16:16.900000Z</time>
        <extensions>
          <gpxtpx:TrackPointExtension>
            <gpxtpx:hr>81</gpxtpx:hr>
          </gpxtpx:TrackPointExtension>
        </extensions>
      </trkpt>
      <trkpt lat="32.39082669540995" lon="119.43440764042369">
        <ele>14.495661973021924</ele>
        <time>2025-10-04T01:16:17.900000Z</time>
        <extensions>
          <gpxtpx:TrackPointExtension>
            <gpxtpx:hr>81</gpxtpx:hr>
          </gpxtpx:TrackPointExtension>
        </extensions>
      </trkpt>
      <trkpt lat="32.390826696913884" lon="119.4344075100413">
        <ele>14.51032595243305</ele>
        <time>2025-10-04T01:16:18.900000Z</time>
        <extensions>
          <gpxtpx:TrackPointExtension>
            <gpxtpx:hr>81</gpxtpx:hr>
          </gpxtpx:TrackPointExtension>
        </extensions>
      </trkpt>
      <trkpt lat="32.390826841512855" lon="119.43440734487275">
        <ele>14.525394476950169</ele>
        <time>2025-10-04T01:16:19.900000Z</time>
        <extensions>
          <gpxtpx:TrackPointExtension>
            <gpxtpx:hr>81</gpxtpx:hr>
          </gpxtpx:TrackPointExtension>
        </extensions>
      </trkpt>
      <trkpt lat="32.39082706108738" lon="119.43440718367468">
        <ele>14.54088751040399</ele>
        <time>2025-10-04T01:16:20.900000Z</time>
        <extensions>
          <gpxtpx:TrackPointExtension>
            <gpxtpx:hr>83</gpxtpx:hr>
          </gpxtpx:TrackPointExtension>
        </extensions>
      </trkpt>
      <trkpt lat="32.39082746011097" lon="119.4344070760294">
        <ele>14.556546553969383</ele>
        <time>2025-10-04T01:16:21.900000Z</time>
        <extensions>
          <gpxtpx:TrackPointExtension>
            <gpxtpx:hr>83</gpxtpx:hr>
          </gpxtpx:TrackPointExtension>
        </extensions>
      </trkpt>
      <trkpt lat="32.39082834833986" lon="119.4344070127047">
        <ele>14.572353557683527</ele>
        <time>2025-10-04T01:16:22.900000Z</time>
        <extensions>
          <gpxtpx:TrackPointExtension>
            <gpxtpx:hr>83</gpxtpx:hr>
          </gpxtpx:TrackPointExtension>
        </extensions>
      </trkpt>
      <trkpt lat="32.390829488556875" lon="119.43440671081233">
        <ele>14.588080974295735</ele>
        <time>2025-10-04T01:16:23.900000Z</time>
        <extensions>
          <gpxtpx:TrackPointExtension>
            <gpxtpx:hr>83</gpxtpx:hr>
          </gpxtpx:TrackPointExtension>
        </extensions>
      </trkpt>
      <trkpt lat="32.39083038714816" lon="119.4344060615235">
        <ele>14.604235640726984</ele>
        <time>2025-10-04T01:16:24.900000Z</time>
        <extensions>
          <gpxtpx:TrackPointExtension>
            <gpxtpx:hr>83</gpxtpx:hr>
          </gpxtpx:TrackPointExtension>
        </extensions>
      </trkpt>
      <trkpt lat="32.39083093502992" lon="119.43440533774984">
        <ele>14.620356697589159</ele>
        <time>2025-10-04T01:16:25.900000Z</time>
        <extensions>
          <gpxtpx:TrackPointExtension>
            <gpxtpx:hr>85</gpxtpx:hr>
          </gpxtpx:TrackPointExtension>
        </extensions>
      </trkpt>
      <trkpt lat="32.39083140629536" lon="119.43440468003352">
        <ele>14.636032776907086</ele>
        <time>2025-10-04T01:16:26.900000Z</time>
        <extensions>
          <gpxtpx:TrackPointExtension>
            <gpxtpx:hr>85</gpxtpx:hr>
          </gpxtpx:TrackPointExtension>
        </extensions>
      </trkpt>
      <trkpt lat="32.39083197136237" lon="119.43440420114422">
        <ele>14.651520601473749</ele>
        <time>2025-10-04T01:16:27.900000Z</time>
        <extensions>
          <gpxtpx:TrackPointExtension>
            <gpxtpx:hr>85</gpxtpx:hr>
          </gpxtpx:TrackPointExtension>
        </extensions>
      </trkpt>
      <trkpt lat="32.39083265478857" lon="119.4344039597772">
        <ele>14.66677522007376</ele>
        <time>2025-10-04T01:16:28.900000Z</time>
        <extensions>
          <gpxtpx:TrackPointExtension>
            <gpxtpx:hr>85</gpxtpx:hr>
          </gpxtpx:TrackPointExtension>
        </extensions>
      </trkpt>
      <trkpt lat="32.390833009872814" lon="119.43440382111042">
        <ele>14.682288762181997</ele>
        <time>2025-10-04T01:16:29.900000Z</time>
        <extensions>
          <gpxtpx:TrackPointExtension>
            <gpxtpx:hr>85</gpxtpx:hr>
          </gpxtpx:TrackPointExtension>
        </extensions>
      </trkpt>
      <trkpt lat="32.39083319783777" lon="119.43440377726665">
        <ele>14.69759546034038</ele>
        <time>2025-10-04T01:16:30.900000Z</time>
        <extensions>
          <gpxtpx:TrackPointExtension>
            <gpxtpx:hr>85</gpxtpx:hr>
          </gpxtpx:TrackPointExtension>
        </extensions>
      </trkpt>
      <trkpt lat="32.39083322870075" lon="119.43440375790989">
        <ele>14.713126464746892</ele>
        <time>2025-10-04T01:16:31.900000Z</time>
        <extensions>
          <gpxtpx:TrackPointExtension>
            <gpxtpx:hr>85</gpxtpx:hr>
          </gpxtpx:TrackPointExtension>
        </extensions>
      </trkpt>
      <trkpt lat="32.39083274181755" lon="119.4344036118747">
        <ele>14.728888625279069</ele>
        <time>2025-10-04T01:16:32.900000Z</time>
        <extensions>
          <gpxtpx:TrackPointExtension>
            <gpxtpx:hr>94</gpxtpx:hr>
          </gpxtpx:TrackPointExtension>
        </extensions>
      </trkpt>
      <trkpt lat="32.39083197575519" lon="119.4344034014885">
        <ele>14.744686774909496</ele>
        <time>2025-10-04T01:16:33.900000Z</time>
        <extensions>
          <gpxtpx:TrackPointExtension>
            <gpxtpx:hr>94</gpxtpx:hr>
          </gpxtpx:TrackPointExtension>
        </extensions>
      </trkpt>
      <trkpt lat="32.390831216678464" lon="119.43440322711197">
        <ele>14.760505053214729</ele>
        <time>2025-10-04T01:16:34.900000Z</time>
        <extensions>
          <gpxtpx:TrackPointExtension>
            <gpxtpx:hr>94</gpxtpx:hr>
          </gpxtpx:TrackPointExtension>
        </extensions>
      </trkpt>
      <trkpt lat="32.390830746618406" lon="119.43440316346009">
        <ele>14.776340992189944</ele>
        <time>2025-10-04T01:16:35.900000Z</time>
        <extensions>
          <gpxtpx:TrackPointExtension>
            <gpxtpx:hr>94</gpxtpx:hr>
          </gpxtpx:TrackPointExtension>
        </extensions>
      </trkpt>
      <trkpt lat="32.39083050645095" lon="119.43440319493423">
        <ele>14.792192643508315</ele>
        <time>2025-10-04T01:16:36.900000Z</time>
        <extensions>
          <gpxtpx:TrackPointExtension>
            <gpxtpx:hr>94</gpxtpx:hr>
          </gpxtpx:TrackPointExtension>
        </extensions>
      </trkpt>
      <trkpt lat="32.390830178185794" lon="119.4344032073311">
        <ele>14.808052287437022</ele>
        <time>2025-10-04T01:16:37.900000Z</time>
        <extensions>
          <gpxtpx:TrackPointExtension>
            <gpxtpx:hr>94</gpxtpx:hr>
          </gpxtpx:TrackPointExtension>
        </extensions>
      </trkpt>
      <trkpt lat="32.39082972745982" lon="119.4344031670347">
        <ele>14.823912540450692</ele>
        <time>2025-10-04T01:16:38.900000Z</time>
        <extensions>
          <gpxtpx:TrackPointExtension>
            <gpxtpx:hr>94</gpxtpx:hr>
          </gpxtpx:TrackPointExtension>
        </extensions>
      </trkpt>
      <trkpt lat="32.390829247785454" lon="119.43440313073484">
        <ele>14.83976966328919</ele>
        <time>2025-10-04T01:16:39.900000Z</time>
        <extensions>
          <gpxtpx:TrackPointExtension>
            <gpxtpx:hr>90</gpxtpx:hr>
          </gpxtpx:TrackPointExtension>
        </extensions>
      </trkpt>
      <trkpt lat="32.390828695624656" lon="119.4344030814931">
        <ele>14.855619244277477</ele>
        <time>2025-10-04T01:16:40.900000Z</time>
        <extensions>
          <gpxtpx:TrackPointExtension>
            <gpxtpx:hr>90</gpxtpx:hr>
          </gpxtpx:TrackPointExtension>
        </extensions>
      </trkpt>
      <trkpt lat="32.39082814560822" lon="119.43440304816589">
        <ele>14.871452630497515</ele>
        <time>2025-10-04T01:16:41.900000Z</time>
        <extensions>
          <gpxtpx:TrackPointExtension>
            <gpxtpx:hr>90</gpxtpx:hr>
          </gpxtpx:TrackPointExtension>
        </extensions>
      </trkpt>
      <trkpt lat="32.390827599278566" lon="119.43440303372097">
        <ele>14.887255171313882</ele>
        <time>2025-10-04T01:16:42.900000Z</time>
        <extensions>
          <gpxtpx:TrackPointExtension>
            <gpxtpx:hr>89</gpxtpx:hr>
          </gpxtpx:TrackPointExtension>
        </extensions>
      </trkpt>
      <trkpt lat="32.39082704853928" lon="119.43440303844433">
        <ele>14.903004497289658</ele>
        <time>2025-10-04T01:16:43.900000Z</time>
        <extensions>
          <gpxtpx:TrackPointExtension>
            <gpxtpx:hr>89</gpxtpx:hr>
          </gpxtpx:TrackPointExtension>
        </extensions>
      </trkpt>
      <trkpt lat="32.390826466519066" lon="119.43440306459392">
        <ele>14.91866874601692</ele>
        <time>2025-10-04T01:16:44.900000Z</time>
        <extensions>
          <gpxtpx:TrackPointExtension>
            <gpxtpx:hr>89</gpxtpx:hr>
          </gpxtpx:TrackPointExtension>
        </extensions>
      </trkpt>
      <trkpt lat="32.39082567054448" lon="119.43440312971339">
        <ele>14.934204880148172</ele>
        <time>2025-10-04T01:16:45.900000Z</time>
        <extensions>
          <gpxtpx:TrackPointExtension>
            <gpxtpx:hr>89</gpxtpx:hr>
          </gpxtpx:TrackPointExtension>
        </extensions>
      </trkpt>
      <trkpt lat="32.39082467813662" lon="119.43440323723215">
        <ele>14.949556685052812</ele>
        <time>2025-10-04T01:16:46.900000Z</time>
        <extensions>
          <gpxtpx:TrackPointExtension>
            <gpxtpx:hr>89</gpxtpx:hr>
          </gpxtpx:TrackPointExtension>
        </extensions>
      </trkpt>
      <trkpt lat="32.39082371277723" lon="119.43440336939246">
        <ele>14.964652790687978</ele>
        <time>2025-10-04T01:16:47.900000Z</time>
        <extensions>
          <gpxtpx:TrackPointExtension>
            <gpxtpx:hr>77</gpxtpx:hr>
          </gpxtpx:TrackPointExtension>
        </extensions>
      </trkpt>
      <trkpt lat="32.39082278159459" lon="119.4344035292307">
        <ele>14.979404649697244</ele>
        <time>2025-10-04T01:16:48.900000Z</time>
        <extensions>
          <gpxtpx:TrackPointExtension>
            <gpxtpx:hr>77</gpxtpx:hr>
          </gpxtpx:TrackPointExtension>
        </extensions>
      </trkpt>
      <trkpt lat="32.39082188092775" lon="119.43440374436439">
        <ele>14.993704361841083</ele>
        <time>2025-10-04T01:16:49.900000Z</time>
        <extensions>
          <gpxtpx:TrackPointExtension>
            <gpxtpx:hr>77</gpxtpx:hr>
          </gpxtpx:TrackPointExtension>
        </extensions>
      </trkpt>
      <trkpt lat="32.390820853526314" lon="119.4344042756906">
        <ele>15.007422323338687</ele>
        <time>2025-10-04T01:16:50.900000Z</time>
        <extensions>
          <gpxtpx:TrackPointExtension>
            <gpxtpx:hr>77</gpxtpx:hr>
          </gpxtpx:TrackPointExtension>
        </extensions>
      </trkpt>
      <trkpt lat="32.39081958959221" lon="119.43440492594146">
        <ele>15.020414932630956</ele>
        <time>2025-10-04T01:16:51.900000Z</time>
        <extensions>
          <gpxtpx:TrackPointExtension>
            <gpxtpx:hr>77</gpxtpx:hr>
          </gpxtpx:TrackPointExtension>
        </extensions>
      </trkpt>
      <trkpt lat="32.39081828775494" lon="119.43440539204478">
        <ele>15.032541654072702</ele>
        <time>2025-10-04T01:16:52.900000Z</time>
        <extensions>
          <gpxtpx:TrackPointExtension>
            <gpxtpx:hr>77</gpxtpx:hr>
          </gpxtpx:TrackPointExtension>
        </extensions>
      </trkpt>
      <trkpt lat="32.390817054496736" lon="119.434405851323">
        <ele>15.043670734390616</ele>
        <time>2025-10-04T01:16:53.900000Z</time>
        <extensions>
          <gpxtpx:TrackPointExtension>
            <gpxtpx:hr>77</gpxtpx:hr>
          </gpxtpx:TrackPointExtension>
        </extensions>
      </trkpt>
      <trkpt lat="32.39081586978473" lon="119.43440635727167">
        <ele>15.053676095791161</ele>
        <time>2025-10-04T01:16:54.900000Z</time>
        <extensions>
          <gpxtpx:TrackPointExtension>
            <gpxtpx:hr>77</gpxtpx:hr>
          </gpxtpx:TrackPointExtension>
        </extensions>
      </trkpt>
      <trkpt lat="32.39081475993806" lon="119.43440690417523">
        <ele>15.062435116618872</ele>
        <time>2025-10-04T01:16:55.900000Z</time>
        <extensions>
          <gpxtpx:TrackPointExtension>
            <gpxtpx:hr>77</gpxtpx:hr>
          </gpxtpx:TrackPointExtension>
        </extensions>
      </trkpt>
      <trkpt lat="32.390813739829085" lon="119.43440748216976">
        <ele>15.069826771505177</ele>
        <time>2025-10-04T01:16:56.900000Z</time>
        <extensions>
          <gpxtpx:TrackPointExtension>
            <gpxtpx:hr>77</gpxtpx:hr>
          </gpxtpx:TrackPointExtension>
        </extensions>
      </trkpt>
      <trkpt lat="32.39081284322394" lon="119.43440806154378">
        <ele>15.075729717500508</ele>
        <time>2025-10-04T01:16:57.900000Z</time>
        <extensions>
          <gpxtpx:TrackPointExtension>
            <gpxtpx:hr>77</gpxtpx:hr>
          </gpxtpx:TrackPointExtension>
        </extensions>
      </trkpt>
      <trkpt lat="32.39081204943192" lon="119.4344086756928">
        <ele>15.080020700581372</ele>
        <time>2025-10-04T01:16:58.900000Z</time>
        <extensions>
          <gpxtpx:TrackPointExtension>
            <gpxtpx:hr>77</gpxtpx:hr>
          </gpxtpx:TrackPointExtension>
        </extensions>
      </trkpt>
      <trkpt lat="32.390811195346394" lon="119.43440952284347">
        <ele>15.082571922801435</ele>
        <time>2025-10-04T01:16:59.900000Z</time>
        <extensions>
          <gpxtpx:TrackPointExtension>
            <gpxtpx:hr>77</gpxtpx:hr>
          </gpxtpx:TrackPointExtension>
        </extensions>
      </trkpt>
      <trkpt lat="32.390810311220456" lon="119.43441068670265">
        <ele>15.083247741684318</ele>
        <time>2025-10-04T01:17:00.900000Z</time>
        <extensions>
          <gpxtpx:TrackPointExtension>
            <gpxtpx:hr>77</gpxtpx:hr>
          </gpxtpx:TrackPointExtension>
        </extensions>
      </trkpt>
      <trkpt lat="32.3908096133714" lon="119.43441223887683">
        <ele>15.081902316771448</ele>
        <time>2025-10-04T01:17:01.900000Z</time>
        <extensions>
          <gpxtpx:TrackPointExtension>
            <gpxtpx:hr>77</gpxtpx:hr>
          </gpxtpx:TrackPointExtension>
        </extensions>
      </trkpt>
      <trkpt lat="32.39080958979931" lon="119.43441487163146">
        <ele>15.078389001078904</ele>
        <time>2025-10-04T01:17:02.900000Z</time>
        <extensions>
          <gpxtpx:TrackPointExtension>
            <gpxtpx:hr>77</gpxtpx:hr>
          </gpxtpx:TrackPointExtension>
        </extensions>
      </trkpt>
      <trkpt lat="32.39081048371869" lon="119.4344185932335">
        <ele>15.072574639692903</ele>
        <time>2025-10-04T01:17:03.900000Z</time>
        <extensions>
          <gpxtpx:TrackPointExtension>
            <gpxtpx:hr>77</gpxtpx:hr>
          </gpxtpx:TrackPointExtension>
        </extensions>
      </trkpt>
      <trkpt lat="32.390810903343514" lon="119.4344220810029">
        <ele>15.064368325285614</ele>
        <time>2025-10-04T01:17:04.900000Z</time>
        <extensions>
          <gpxtpx:TrackPointExtension>
            <gpxtpx:hr>77</gpxtpx:hr>
          </gpxtpx:TrackPointExtension>
        </extensions>
      </trkpt>
      <trkpt lat="32.39081020717553" lon="119.43442515254442">
        <ele>15.053769571706653</ele>
        <time>2025-10-04T01:17:05.900000Z</time>
        <extensions>
          <gpxtpx:TrackPointExtension>
            <gpxtpx:hr>76</gpxtpx:hr>
          </gpxtpx:TrackPointExtension>
        </extensions>
      </trkpt>
      <trkpt lat="32.39080916215321" lon="119.43442847283285">
        <ele>15.040878577157855</ele>
        <time>2025-10-04T01:17:06.900000Z</time>
        <extensions>
          <gpxtpx:TrackPointExtension>
            <gpxtpx:hr>76</gpxtpx:hr>
          </gpxtpx:TrackPointExtension>
        </extensions>
      </trkpt>
      <trkpt lat="32.39080797205476" lon="119.43443218548715">
        <ele>15.025879546999931</ele>
        <time>2025-10-04T01:17:07.900000Z</time>
        <extensions>
          <gpxtpx:TrackPointExtension>
            <gpxtpx:hr>76</gpxtpx:hr>
          </gpxtpx:TrackPointExtension>
        </extensions>
      </trkpt>
      <trkpt lat="32.39080672572304" lon="119.43443644262504">
        <ele>15.009036771021783</ele>
        <time>2025-10-04T01:17:08.900000Z</time>
        <extensions>
          <gpxtpx:TrackPointExtension>
            <gpxtpx:hr>76</gpxtpx:hr>
          </gpxtpx:TrackPointExtension>
        </extensions>
      </trkpt>
      <trkpt lat="32.39080563408489" lon="119.4344417072967">
        <ele>14.990689418278635</ele>
        <time>2025-10-04T01:17:09.900000Z</time>
        <extensions>
          <gpxtpx:TrackPointExtension>
            <gpxtpx:hr>76</gpxtpx:hr>
          </gpxtpx:TrackPointExtension>
        </extensions>
      </trkpt>
      <trkpt lat="32.390805337272226" lon="119.43444985487041">
        <ele>14.971234994009137</ele>
        <time>2025-10-04T01:17:10.900000Z</time>
        <extensions>
          <gpxtpx:TrackPointExtension>
            <gpxtpx:hr>80</gpxtpx:hr>
          </gpxtpx:TrackPointExtension>
        </extensions>
      </trkpt>
      <trkpt lat="32.39080585613319" lon="119.43446141010583">
        <ele>14.951092242263258</ele>
        <time>2025-10-04T01:17:11.900000Z</time>
        <extensions>
          <gpxtpx:TrackPointExtension>
            <gpxtpx:hr>80</gpxtpx:hr>
          </gpxtpx:TrackPointExtension>
        </extensions>
      </trkpt>
      <trkpt lat="32.39080638683629" lon="119.43447431430283">
        <ele>14.930657590739429</ele>
        <time>2025-10-04T01:17:12.900000Z</time>
        <extensions>
          <gpxtpx:TrackPointExtension>
            <gpxtpx:hr>80</gpxtpx:hr>
          </gpxtpx:TrackPointExtension>
        </extensions>
      </trkpt>
      <trkpt lat="32.390806955796556" lon="119.4344871929509">
        <ele>14.910275898873806</ele>
        <time>2025-10-04T01:17:13.900000Z</time>
        <extensions>
          <gpxtpx:TrackPointExtension>
            <gpxtpx:hr>80</gpxtpx:hr>
          </gpxtpx:TrackPointExtension>
        </extensions>
      </trkpt>
      <trkpt lat="32.390807567572764" lon="119.43449969543227">
        <ele>14.890226191841066</ele>
        <time>2025-10-04T01:17:14.900000Z</time>
        <extensions>
          <gpxtpx:TrackPointExtension>
            <gpxtpx:hr>80</gpxtpx:hr>
          </gpxtpx:TrackPointExtension>
        </extensions>
      </trkpt>
      <trkpt lat="32.39080772217997" lon="119.4345121652763">
        <ele>14.870708827860653</ele>
        <time>2025-10-04T01:17:15.900000Z</time>
        <extensions>
          <gpxtpx:TrackPointExtension>
            <gpxtpx:hr>82</gpxtpx:hr>
          </gpxtpx:TrackPointExtension>
        </extensions>
      </trkpt>
      <trkpt lat="32.39080723162261" lon="119.43452523912848">
        <ele>14.851825500838459</ele>
        <time>2025-10-04T01:17:16.900000Z</time>
        <extensions>
          <gpxtpx:TrackPointExtension>
            <gpxtpx:hr>82</gpxtpx:hr>
          </gpxtpx:TrackPointExtension>
        </extensions>
      </trkpt>
      <trkpt lat="32.39080634251654" lon="119.43453857803023">
        <ele>14.83357956726104</ele>
        <time>2025-10-04T01:17:17.900000Z</time>
        <extensions>
          <gpxtpx:TrackPointExtension>
            <gpxtpx:hr>82</gpxtpx:hr>
          </gpxtpx:TrackPointExtension>
        </extensions>
      </trkpt>
      <trkpt lat="32.39080543077427" lon="119.43455153272211">
        <ele>14.815903657115996</ele>
        <time>2025-10-04T01:17:18.900000Z</time>
        <extensions>
          <gpxtpx:TrackPointExtension>
            <gpxtpx:hr>82</gpxtpx:hr>
          </gpxtpx:TrackPointExtension>
        </extensions>
      </trkpt>
      <trkpt lat="32.390804603206156" lon="119.43456397741282">
        <ele>14.798691155388951</ele>
        <time>2025-10-04T01:17:19.900000Z</time>
        <extensions>
          <gpxtpx:TrackPointExtension>
            <gpxtpx:hr>82</gpxtpx:hr>
          </gpxtpx:TrackPointExtension>
        </extensions>
      </trkpt>
      <trkpt lat="32.39080377722031" lon="119.43457616998109">
        <ele>14.781815762631595</ele>
        <time>2025-10-04T01:17:20.900000Z</time>
        <extensions>
          <gpxtpx:TrackPointExtension>
            <gpxtpx:hr>84</gpxtpx:hr>
          </gpxtpx:TrackPointExtension>
        </extensions>
      </trkpt>
      <trkpt lat="32.3908029707183" lon="119.43458771062258">
        <ele>14.765141818672419</ele>
        <time>2025-10-04T01:17:21.900000Z</time>
        <extensions>
          <gpxtpx:TrackPointExtension>
            <gpxtpx:hr>84</gpxtpx:hr>
          </gpxtpx:TrackPointExtension>
        </extensions>
      </trkpt>
    </trkseg>
  </trk>
</gpx>