<?xml version="1.0" encoding="UTF-8"?>
<gpx xmlns="http://www.topografix.com/GPX/1/1" xmlns:gpxtpx="http://www.garmin.com/xmlschemas/TrackPointExtension/v1" xmlns:xsi="http://www.w3.org/2001/XMLSchema-instance" xsi:schemaLocation="http://www.topografix.com/GPX/1/1 http://www.topografix.com/GPX/1/1/gpx.xsd" version="1.1" creator="gpx.py -- https://github.com/tkrajina/gpxpy">
  <trk>
    <name>gpx from keep</name>
    <type>Run</type>
    <trkseg>
      <trkpt lat="31.916952164804325" lon="120.58256419891246">
        <ele>5.81594122108072</ele>
        <time>7541-12-26T19:14:20.799988Z</time>
      </trkpt>
      <trkpt lat="31.916940746242872" lon="120.58255870991742">
        <ele>5.874444498680532</ele>
        <time>1970-01-01T00:00:00.900000Z</time>
        <extensions>
          <gpxtpx:TrackPointExtension>
            <gpxtpx:hr>122</gpxtpx:hr>
          </gpxtpx:TrackPointExtension>
        </extensions>
      </trkpt>
      <trkpt lat="31.916928115596694" lon="120.58255236638107">
        <ele>5.923973855562508</ele>
        <time>1970-01-01T00:00:01.900000Z</time>
        <extensions>
          <gpxtpx:TrackPointExtension>
            <gpxtpx:hr>122</gpxtpx:hr>
          </gpxtpx:TrackPointExtension>
        </extensions>
      </trkpt>
      <trkpt lat="31.91691465131815" lon="120.58254529132913">
        <ele>5.964971591718495</ele>
        <time>1970-01-01T00:00:02.900000Z</time>
        <extensions>
          <gpxtpx:TrackPointExtension>
            <gpxtpx:hr>122</gpxtpx:hr>
          </gpxtpx:TrackPointExtension>
        </extensions>
      </trkpt>
      <trkpt lat="31.916900651597025" lon="120.58253737115604">
        <ele>6.02380411233753</ele>
        <time>1970-01-01T00:00:03.900000Z</time>
        <extensions>
          <gpxtpx:TrackPointExtension>
            <gpxtpx:hr>122</gpxtpx:hr>
          </gpxtpx:TrackPointExtension>
        </extensions>
      </trkpt>
      <trkpt lat="31.916885416997516" lon="120.58252867090667">
        <ele>6.085627721622586</ele>
        <time>1970-01-01T00:00:04.900000Z</time>
        <extensions>
          <gpxtpx:TrackPointExtension>
            <gpxtpx:hr>122</gpxtpx:hr>
          </gpxtpx:TrackPointExtension>
        </extensions>
      </trkpt>
      <trkpt lat="31.91686678450379" lon="120.58251906117302">
        <ele>6.140726471319795</ele>
        <time>1970-01-01T00:00:05.900000Z</time>
        <extensions>
          <gpxtpx:TrackPointExtension>
            <gpxtpx:hr>122</gpxtpx:hr>
          </gpxtpx:TrackPointExtension>
        </extensions>
      </trkpt>
      <trkpt lat="31.91684616178824" lon="120.58250934527743">
        <ele>6.202862857840955</ele>
        <time>1970-01-01T00:00:06.900000Z</time>
        <extensions>
          <gpxtpx:TrackPointExtension>
            <gpxtpx:hr>118</gpxtpx:hr>
          </gpxtpx:TrackPointExtension>
        </extensions>
      </trkpt>
      <trkpt lat="31.916825342644945" lon="120.58250070258596">
        <ele>6.287886781617999</ele>
        <time>1970-01-01T00:00:07.900000Z</time>
        <extensions>
          <gpxtpx:TrackPointExtension>
            <gpxtpx:hr>118</gpxtpx:hr>
          </gpxtpx:TrackPointExtension>
        </extensions>
      </trkpt>
      <trkpt lat="31.916805001691515" lon="120.5824942710447">
        <ele>6.3807505229488015</ele>
        <time>1970-01-01T00:00:08.900000Z</time>
        <extensions>
          <gpxtpx:TrackPointExtension>
            <gpxtpx:hr>118</gpxtpx:hr>
          </gpxtpx:TrackPointExtension>
        </extensions>
      </trkpt>
      <trkpt lat="31.916785228334753" lon="120.58248830228685">
        <ele>6.472692894749343</ele>
        <time>1970-01-01T00:00:09.900000Z</time>
        <extensions>
          <gpxtpx:TrackPointExtension>
            <gpxtpx:hr>118</gpxtpx:hr>
          </gpxtpx:TrackPointExtension>
        </extensions>
      </trkpt>
      <trkpt lat="31.916766699338297" lon="120.58248044722187">
        <ele>6.561014979146421</ele>
        <time>1970-01-01T00:00:10.900000Z</time>
        <extensions>
          <gpxtpx:TrackPointExtension>
            <gpxtpx:hr>118</gpxtpx:hr>
          </gpxtpx:TrackPointExtension>
        </extensions>
      </trkpt>
      <trkpt lat="31.916749073721018" lon="120.58247149682289">
        <ele>6.660728287883103</ele>
        <time>1970-01-01T00:00:11.900000Z</time>
        <extensions>
          <gpxtpx:TrackPointExtension>
            <gpxtpx:hr>118</gpxtpx:hr>
          </gpxtpx:TrackPointExtension>
        </extensions>
      </trkpt>
      <trkpt lat="31.916730711840856" lon="120.58246256237935">
        <ele>6.744973409920931</ele>
        <time>1970-01-01T00:00:12.900000Z</time>
        <extensions>
          <gpxtpx:TrackPointExtension>
            <gpxtpx:hr>118</gpxtpx:hr>
          </gpxtpx:TrackPointExtension>
        </extensions>
      </trkpt>
      <trkpt lat="31.916710877984503" lon="120.58245383996109">
        <ele>6.819670953787863</ele>
        <time>1970-01-01T00:00:13.900000Z</time>
        <extensions>
          <gpxtpx:TrackPointExtension>
            <gpxtpx:hr>122</gpxtpx:hr>
          </gpxtpx:TrackPointExtension>
        </extensions>
      </trkpt>
      <trkpt lat="31.916689553566634" lon="120.5824459813443">
        <ele>6.879825299605727</ele>
        <time>1970-01-01T00:00:14.900000Z</time>
        <extensions>
          <gpxtpx:TrackPointExtension>
            <gpxtpx:hr>122</gpxtpx:hr>
          </gpxtpx:TrackPointExtension>
        </extensions>
      </trkpt>
      <trkpt lat="31.916668061875992" lon="120.58243932878626">
        <ele>6.934703567065299</ele>
        <time>1970-01-01T00:00:15.900000Z</time>
        <extensions>
          <gpxtpx:TrackPointExtension>
            <gpxtpx:hr>122</gpxtpx:hr>
          </gpxtpx:TrackPointExtension>
        </extensions>
      </trkpt>
      <trkpt lat="31.916648383574906" lon="120.58243332216213">
        <ele>6.970064184628427</ele>
        <time>1970-01-01T00:00:16.900000Z</time>
        <extensions>
          <gpxtpx:TrackPointExtension>
            <gpxtpx:hr>122</gpxtpx:hr>
          </gpxtpx:TrackPointExtension>
        </extensions>
      </trkpt>
      <trkpt lat="31.916630409546297" lon="120.58242691240055">
        <ele>6.981126733124256</ele>
        <time>1970-01-01T00:00:18Z</time>
        <extensions>
          <gpxtpx:TrackPointExtension>
            <gpxtpx:hr>122</gpxtpx:hr>
          </gpxtpx:TrackPointExtension>
        </extensions>
      </trkpt>
      <trkpt lat="31.9166125777507" lon="120.58241880539764">
        <ele>6.980066447518766</ele>
        <time>1970-01-01T00:00:19Z</time>
        <extensions>
          <gpxtpx:TrackPointExtension>
            <gpxtpx:hr>122</gpxtpx:hr>
          </gpxtpx:TrackPointExtension>
        </extensions>
      </trkpt>
      <trkpt lat="31.916594658764" lon="120.58240882445021">
        <ele>6.9797904612496495</ele>
        <time>1970-01-01T00:00:20Z</time>
        <extensions>
          <gpxtpx:TrackPointExtension>
            <gpxtpx:hr>122</gpxtpx:hr>
          </gpxtpx:TrackPointExtension>
        </extensions>
      </trkpt>
      <trkpt lat="31.916576593433614" lon="120.58239888514228">
        <ele>6.972511175088584</ele>
        <time>1970-01-01T00:00:21Z</time>
        <extensions>
          <gpxtpx:TrackPointExtension>
            <gpxtpx:hr>122</gpxtpx:hr>
          </gpxtpx:TrackPointExtension>
        </extensions>
      </trkpt>
      <trkpt lat="31.916557126687348" lon="120.58239040329228">
        <ele>6.944805143401027</ele>
        <time>1970-01-01T00:00:22Z</time>
        <extensions>
          <gpxtpx:TrackPointExtension>
            <gpxtpx:hr>122</gpxtpx:hr>
          </gpxtpx:TrackPointExtension>
        </extensions>
      </trkpt>
      <trkpt lat="31.916535106220486" lon="120.58238327552964">
        <ele>6.906242354772985</ele>
        <time>1970-01-01T00:00:23Z</time>
        <extensions>
          <gpxtpx:TrackPointExtension>
            <gpxtpx:hr>125</gpxtpx:hr>
          </gpxtpx:TrackPointExtension>
        </extensions>
      </trkpt>
      <trkpt lat="31.916510935953394" lon="120.58237731425228">
        <ele>6.855321086011827</ele>
        <time>1970-01-01T00:00:24Z</time>
        <extensions>
          <gpxtpx:TrackPointExtension>
            <gpxtpx:hr>125</gpxtpx:hr>
          </gpxtpx:TrackPointExtension>
        </extensions>
      </trkpt>
      <trkpt lat="31.91648609126996" lon="120.58237127839264">
        <ele>6.808512385003269</ele>
        <time>1970-01-01T00:00:25Z</time>
        <extensions>
          <gpxtpx:TrackPointExtension>
            <gpxtpx:hr>125</gpxtpx:hr>
          </gpxtpx:TrackPointExtension>
        </extensions>
      </trkpt>
      <trkpt lat="31.916462253227824" lon="120.58236344256369">
        <ele>6.747669785283506</ele>
        <time>1970-01-01T00:00:26Z</time>
        <extensions>
          <gpxtpx:TrackPointExtension>
            <gpxtpx:hr>125</gpxtpx:hr>
          </gpxtpx:TrackPointExtension>
        </extensions>
      </trkpt>
      <trkpt lat="31.916440222557654" lon="120.58235438342614">
        <ele>6.679348140023649</ele>
        <time>1970-01-01T00:00:27Z</time>
        <extensions>
          <gpxtpx:TrackPointExtension>
            <gpxtpx:hr>125</gpxtpx:hr>
          </gpxtpx:TrackPointExtension>
        </extensions>
      </trkpt>
      <trkpt lat="31.916419238810796" lon="120.58234537737845">
        <ele>6.623157759197056</ele>
        <time>1970-01-01T00:00:28Z</time>
        <extensions>
          <gpxtpx:TrackPointExtension>
            <gpxtpx:hr>125</gpxtpx:hr>
          </gpxtpx:TrackPointExtension>
        </extensions>
      </trkpt>
      <trkpt lat="31.916398531625187" lon="120.58233691489087">
        <ele>6.567250281572342</ele>
        <time>1970-01-01T00:00:29Z</time>
        <extensions>
          <gpxtpx:TrackPointExtension>
            <gpxtpx:hr>125</gpxtpx:hr>
          </gpxtpx:TrackPointExtension>
        </extensions>
      </trkpt>
      <trkpt lat="31.91637837615461" lon="120.5823276273407">
        <ele>6.520716725848615</ele>
        <time>1970-01-01T00:00:30Z</time>
        <extensions>
          <gpxtpx:TrackPointExtension>
            <gpxtpx:hr>125</gpxtpx:hr>
          </gpxtpx:TrackPointExtension>
        </extensions>
      </trkpt>
      <trkpt lat="31.916358583011622" lon="120.58231653837852">
        <ele>6.4876668602228165</ele>
        <time>1970-01-01T00:00:31Z</time>
        <extensions>
          <gpxtpx:TrackPointExtension>
            <gpxtpx:hr>125</gpxtpx:hr>
          </gpxtpx:TrackPointExtension>
        </extensions>
      </trkpt>
      <trkpt lat="31.91633848604731" lon="120.58230555328016">
        <ele>6.4282027911394835</ele>
        <time>1970-01-01T00:00:32Z</time>
        <extensions>
          <gpxtpx:TrackPointExtension>
            <gpxtpx:hr>125</gpxtpx:hr>
          </gpxtpx:TrackPointExtension>
        </extensions>
      </trkpt>
      <trkpt lat="31.916318011132628" lon="120.5822966939224">
        <ele>6.3789553958922625</ele>
        <time>1970-01-01T00:00:33Z</time>
        <extensions>
          <gpxtpx:TrackPointExtension>
            <gpxtpx:hr>127</gpxtpx:hr>
          </gpxtpx:TrackPointExtension>
        </extensions>
      </trkpt>
      <trkpt lat="31.916298149007833" lon="120.5822887169894">
        <ele>6.332040465436876</ele>
        <time>1970-01-01T00:00:34Z</time>
        <extensions>
          <gpxtpx:TrackPointExtension>
            <gpxtpx:hr>127</gpxtpx:hr>
          </gpxtpx:TrackPointExtension>
        </extensions>
      </trkpt>
      <trkpt lat="31.916279426498644" lon="120.58227992977935">
        <ele>6.2782142870128155</ele>
        <time>1970-01-01T00:00:35Z</time>
        <extensions>
          <gpxtpx:TrackPointExtension>
            <gpxtpx:hr>127</gpxtpx:hr>
          </gpxtpx:TrackPointExtension>
        </extensions>
      </trkpt>
      <trkpt lat="31.916260509174254" lon="120.58227107657984">
        <ele>6.212517825886607</ele>
        <time>1970-01-01T00:00:36Z</time>
        <extensions>
          <gpxtpx:TrackPointExtension>
            <gpxtpx:hr>127</gpxtpx:hr>
          </gpxtpx:TrackPointExtension>
        </extensions>
      </trkpt>
      <trkpt lat="31.916240566259646" lon="120.58226358341055">
        <ele>6.1345580806955695</ele>
        <time>1970-01-01T00:00:37Z</time>
        <extensions>
          <gpxtpx:TrackPointExtension>
            <gpxtpx:hr>127</gpxtpx:hr>
          </gpxtpx:TrackPointExtension>
        </extensions>
      </trkpt>
      <trkpt lat="31.91622037270745" lon="120.58225652603598">
        <ele>6.0644908137619495</ele>
        <time>1970-01-01T00:00:38Z</time>
        <extensions>
          <gpxtpx:TrackPointExtension>
            <gpxtpx:hr>127</gpxtpx:hr>
          </gpxtpx:TrackPointExtension>
        </extensions>
      </trkpt>
      <trkpt lat="31.91620059568684" lon="120.58224934922251">
        <ele>5.992969550192356</ele>
        <time>1970-01-01T00:00:39Z</time>
        <extensions>
          <gpxtpx:TrackPointExtension>
            <gpxtpx:hr>127</gpxtpx:hr>
          </gpxtpx:TrackPointExtension>
        </extensions>
      </trkpt>
      <trkpt lat="31.916181481116666" lon="120.58224289600723">
        <ele>5.922222536988556</ele>
        <time>1970-01-01T00:00:40Z</time>
        <extensions>
          <gpxtpx:TrackPointExtension>
            <gpxtpx:hr>127</gpxtpx:hr>
          </gpxtpx:TrackPointExtension>
        </extensions>
      </trkpt>
      <trkpt lat="31.916163390898433" lon="120.58223728367888">
        <ele>5.885835113935173</ele>
        <time>1970-01-01T00:00:41Z</time>
        <extensions>
          <gpxtpx:TrackPointExtension>
            <gpxtpx:hr>127</gpxtpx:hr>
          </gpxtpx:TrackPointExtension>
        </extensions>
      </trkpt>
      <trkpt lat="31.916145895907523" lon="120.58223190555258">
        <ele>5.8393884133547544</ele>
        <time>1970-01-01T00:00:42Z</time>
        <extensions>
          <gpxtpx:TrackPointExtension>
            <gpxtpx:hr>127</gpxtpx:hr>
          </gpxtpx:TrackPointExtension>
        </extensions>
      </trkpt>
      <trkpt lat="31.91612798376916" lon="120.58222631125274">
        <ele>5.790491374209523</ele>
        <time>1970-01-01T00:00:43Z</time>
        <extensions>
          <gpxtpx:TrackPointExtension>
            <gpxtpx:hr>131</gpxtpx:hr>
          </gpxtpx:TrackPointExtension>
        </extensions>
      </trkpt>
      <trkpt lat="31.916109138958777" lon="120.58221984129358">
        <ele>5.7642648089677095</ele>
        <time>1970-01-01T00:00:44Z</time>
        <extensions>
          <gpxtpx:TrackPointExtension>
            <gpxtpx:hr>131</gpxtpx:hr>
          </gpxtpx:TrackPointExtension>
        </extensions>
      </trkpt>
      <trkpt lat="31.91608942704988" lon="120.58221287094405">
        <ele>5.754263300448656</ele>
        <time>1970-01-01T00:00:45Z</time>
        <extensions>
          <gpxtpx:TrackPointExtension>
            <gpxtpx:hr>131</gpxtpx:hr>
          </gpxtpx:TrackPointExtension>
        </extensions>
      </trkpt>
      <trkpt lat="31.91606857219515" lon="120.58220643575278">
        <ele>5.761386417783797</ele>
        <time>1970-01-01T00:00:46Z</time>
        <extensions>
          <gpxtpx:TrackPointExtension>
            <gpxtpx:hr>131</gpxtpx:hr>
          </gpxtpx:TrackPointExtension>
        </extensions>
      </trkpt>
      <trkpt lat="31.91604619494631" lon="120.58220024466398">
        <ele>5.772175403311849</ele>
        <time>1970-01-01T00:00:47Z</time>
        <extensions>
          <gpxtpx:TrackPointExtension>
            <gpxtpx:hr>131</gpxtpx:hr>
          </gpxtpx:TrackPointExtension>
        </extensions>
      </trkpt>
      <trkpt lat="31.91602305603448" lon="120.5821933184361">
        <ele>5.7795473877340555</ele>
        <time>1970-01-01T00:00:48Z</time>
        <extensions>
          <gpxtpx:TrackPointExtension>
            <gpxtpx:hr>131</gpxtpx:hr>
          </gpxtpx:TrackPointExtension>
        </extensions>
      </trkpt>
      <trkpt lat="31.91600024471806" lon="120.58218571240691">
        <ele>5.816042811609805</ele>
        <time>1970-01-01T00:00:49Z</time>
        <extensions>
          <gpxtpx:TrackPointExtension>
            <gpxtpx:hr>131</gpxtpx:hr>
          </gpxtpx:TrackPointExtension>
        </extensions>
      </trkpt>
      <trkpt lat="31.915978725654313" lon="120.58217830059168">
        <ele>5.859295239672065</ele>
        <time>1970-01-01T00:00:50Z</time>
        <extensions>
          <gpxtpx:TrackPointExtension>
            <gpxtpx:hr>131</gpxtpx:hr>
          </gpxtpx:TrackPointExtension>
        </extensions>
      </trkpt>
      <trkpt lat="31.915959060252295" lon="120.58217107890887">
        <ele>5.900297714397311</ele>
        <time>1970-01-01T00:00:51Z</time>
        <extensions>
          <gpxtpx:TrackPointExtension>
            <gpxtpx:hr>131</gpxtpx:hr>
          </gpxtpx:TrackPointExtension>
        </extensions>
      </trkpt>
      <trkpt lat="31.9159396099406" lon="120.582163782071">
        <ele>5.957841757684946</ele>
        <time>1970-01-01T00:00:52Z</time>
        <extensions>
          <gpxtpx:TrackPointExtension>
            <gpxtpx:hr>131</gpxtpx:hr>
          </gpxtpx:TrackPointExtension>
        </extensions>
      </trkpt>
      <trkpt lat="31.915919020550987" lon="120.58215653453132">
        <ele>6.03215781506151</ele>
        <time>1970-01-01T00:00:53Z</time>
        <extensions>
          <gpxtpx:TrackPointExtension>
            <gpxtpx:hr>131</gpxtpx:hr>
          </gpxtpx:TrackPointExtension>
        </extensions>
      </trkpt>
      <trkpt lat="31.915897822703613" lon="120.58214886171801">
        <ele>6.116006584838033</ele>
        <time>1970-01-01T00:00:54Z</time>
        <extensions>
          <gpxtpx:TrackPointExtension>
            <gpxtpx:hr>132</gpxtpx:hr>
          </gpxtpx:TrackPointExtension>
        </extensions>
      </trkpt>
      <trkpt lat="31.915876397503055" lon="120.58214023335881">
        <ele>6.208693701773882</ele>
        <time>1970-01-01T00:00:55Z</time>
        <extensions>
          <gpxtpx:TrackPointExtension>
            <gpxtpx:hr>132</gpxtpx:hr>
          </gpxtpx:TrackPointExtension>
        </extensions>
      </trkpt>
      <trkpt lat="31.915855284138683" lon="120.58213170198378">
        <ele>6.291802169755101</ele>
        <time>1970-01-01T00:00:56Z</time>
        <extensions>
          <gpxtpx:TrackPointExtension>
            <gpxtpx:hr>132</gpxtpx:hr>
          </gpxtpx:TrackPointExtension>
        </extensions>
      </trkpt>
      <trkpt lat="31.91583532298986" lon="120.58212318823767">
        <ele>6.357780962251127</ele>
        <time>1970-01-01T00:00:57Z</time>
        <extensions>
          <gpxtpx:TrackPointExtension>
            <gpxtpx:hr>132</gpxtpx:hr>
          </gpxtpx:TrackPointExtension>
        </extensions>
      </trkpt>
      <trkpt lat="31.915816057071318" lon="120.58211490651611">
        <ele>6.4198516784235835</ele>
        <time>1970-01-01T00:00:58Z</time>
        <extensions>
          <gpxtpx:TrackPointExtension>
            <gpxtpx:hr>132</gpxtpx:hr>
          </gpxtpx:TrackPointExtension>
        </extensions>
      </trkpt>
      <trkpt lat="31.91579648611596" lon="120.58210749267221">
        <ele>6.466626954264939</ele>
        <time>1970-01-01T00:00:59Z</time>
        <extensions>
          <gpxtpx:TrackPointExtension>
            <gpxtpx:hr>132</gpxtpx:hr>
          </gpxtpx:TrackPointExtension>
        </extensions>
      </trkpt>
      <trkpt lat="31.915775685034664" lon="120.58210005656089">
        <ele>6.5054821241647005</ele>
        <time>1970-01-01T00:01:00Z</time>
        <extensions>
          <gpxtpx:TrackPointExtension>
            <gpxtpx:hr>132</gpxtpx:hr>
          </gpxtpx:TrackPointExtension>
        </extensions>
      </trkpt>
      <trkpt lat="31.915753298610408" lon="120.58209119056983">
        <ele>6.518313563428819</ele>
        <time>1970-01-01T00:01:01Z</time>
        <extensions>
          <gpxtpx:TrackPointExtension>
            <gpxtpx:hr>132</gpxtpx:hr>
          </gpxtpx:TrackPointExtension>
        </extensions>
      </trkpt>
      <trkpt lat="31.91572992223836" lon="120.582081285018">
        <ele>6.515146671794355</ele>
        <time>1970-01-01T00:01:02Z</time>
        <extensions>
          <gpxtpx:TrackPointExtension>
            <gpxtpx:hr>132</gpxtpx:hr>
          </gpxtpx:TrackPointExtension>
        </extensions>
      </trkpt>
      <trkpt lat="31.915706255371823" lon="120.58207120000887">
        <ele>6.482322791591287</ele>
        <time>1970-01-01T00:01:03Z</time>
        <extensions>
          <gpxtpx:TrackPointExtension>
            <gpxtpx:hr>132</gpxtpx:hr>
          </gpxtpx:TrackPointExtension>
        </extensions>
      </trkpt>
      <trkpt lat="31.9156829818183" lon="120.58206112229693">
        <ele>6.419463002122939</ele>
        <time>1970-01-01T00:01:04Z</time>
        <extensions>
          <gpxtpx:TrackPointExtension>
            <gpxtpx:hr>129</gpxtpx:hr>
          </gpxtpx:TrackPointExtension>
        </extensions>
      </trkpt>
      <trkpt lat="31.915659878124302" lon="120.58205063307298">
        <ele>6.335854849778116</ele>
        <time>1970-01-01T00:01:05Z</time>
        <extensions>
          <gpxtpx:TrackPointExtension>
            <gpxtpx:hr>129</gpxtpx:hr>
          </gpxtpx:TrackPointExtension>
        </extensions>
      </trkpt>
      <trkpt lat="31.915636909194383" lon="120.58203934430477">
        <ele>6.248095560818911</ele>
        <time>1970-01-01T00:01:06Z</time>
        <extensions>
          <gpxtpx:TrackPointExtension>
            <gpxtpx:hr>129</gpxtpx:hr>
          </gpxtpx:TrackPointExtension>
        </extensions>
      </trkpt>
      <trkpt lat="31.91561393052489" lon="120.58202690041801">
        <ele>6.151840574108064</ele>
        <time>1970-01-01T00:01:07Z</time>
        <extensions>
          <gpxtpx:TrackPointExtension>
            <gpxtpx:hr>129</gpxtpx:hr>
          </gpxtpx:TrackPointExtension>
        </extensions>
      </trkpt>
      <trkpt lat="31.915590397315384" lon="120.58201334800145">
        <ele>6.054499926045537</ele>
        <time>1970-01-01T00:01:08Z</time>
        <extensions>
          <gpxtpx:TrackPointExtension>
            <gpxtpx:hr>129</gpxtpx:hr>
          </gpxtpx:TrackPointExtension>
        </extensions>
      </trkpt>
      <trkpt lat="31.91556619121643" lon="120.5819989268532">
        <ele>5.958024515770376</ele>
        <time>1970-01-01T00:01:09Z</time>
        <extensions>
          <gpxtpx:TrackPointExtension>
            <gpxtpx:hr>129</gpxtpx:hr>
          </gpxtpx:TrackPointExtension>
        </extensions>
      </trkpt>
      <trkpt lat="31.915541543874472" lon="120.58198349788928">
        <ele>5.860255181789398</ele>
        <time>1970-01-01T00:01:10Z</time>
        <extensions>
          <gpxtpx:TrackPointExtension>
            <gpxtpx:hr>130</gpxtpx:hr>
          </gpxtpx:TrackPointExtension>
        </extensions>
      </trkpt>
      <trkpt lat="31.915517161660627" lon="120.581966906869">
        <ele>5.769578630104661</ele>
        <time>1970-01-01T00:01:11Z</time>
        <extensions>
          <gpxtpx:TrackPointExtension>
            <gpxtpx:hr>130</gpxtpx:hr>
          </gpxtpx:TrackPointExtension>
        </extensions>
      </trkpt>
      <trkpt lat="31.915493341349165" lon="120.581949248481">
        <ele>5.681533103808761</ele>
        <time>1970-01-01T00:01:12Z</time>
        <extensions>
          <gpxtpx:TrackPointExtension>
            <gpxtpx:hr>130</gpxtpx:hr>
          </gpxtpx:TrackPointExtension>
        </extensions>
      </trkpt>
      <trkpt lat="31.915469946971665" lon="120.58193090564693">
        <ele>5.588219658471644</ele>
        <time>1970-01-01T00:01:13Z</time>
        <extensions>
          <gpxtpx:TrackPointExtension>
            <gpxtpx:hr>129</gpxtpx:hr>
          </gpxtpx:TrackPointExtension>
        </extensions>
      </trkpt>
      <trkpt lat="31.915446418987685" lon="120.58191322062346">
        <ele>5.491687724366784</ele>
        <time>1970-01-01T00:01:14Z</time>
        <extensions>
          <gpxtpx:TrackPointExtension>
            <gpxtpx:hr>129</gpxtpx:hr>
          </gpxtpx:TrackPointExtension>
        </extensions>
      </trkpt>
      <trkpt lat="31.915421989228527" lon="120.58189806478362">
        <ele>5.410925647243857</ele>
        <time>1970-01-01T00:01:15Z</time>
        <extensions>
          <gpxtpx:TrackPointExtension>
            <gpxtpx:hr>129</gpxtpx:hr>
          </gpxtpx:TrackPointExtension>
        </extensions>
      </trkpt>
      <trkpt lat="31.915397079467418" lon="120.58188526623617">
        <ele>5.34205674007535</ele>
        <time>1970-01-01T00:01:16Z</time>
        <extensions>
          <gpxtpx:TrackPointExtension>
            <gpxtpx:hr>129</gpxtpx:hr>
          </gpxtpx:TrackPointExtension>
        </extensions>
      </trkpt>
      <trkpt lat="31.915372408980325" lon="120.58187306963833">
        <ele>5.288840991444886</ele>
        <time>1970-01-01T00:01:17Z</time>
        <extensions>
          <gpxtpx:TrackPointExtension>
            <gpxtpx:hr>129</gpxtpx:hr>
          </gpxtpx:TrackPointExtension>
        </extensions>
      </trkpt>
      <trkpt lat="31.915347956400996" lon="120.58186027090181">
        <ele>5.2442846689373255</ele>
        <time>1970-01-01T00:01:18Z</time>
        <extensions>
          <gpxtpx:TrackPointExtension>
            <gpxtpx:hr>135</gpxtpx:hr>
          </gpxtpx:TrackPointExtension>
        </extensions>
      </trkpt>
      <trkpt lat="31.915323513500507" lon="120.58184663799564">
        <ele>5.208351521752775</ele>
        <time>1970-01-01T00:01:19Z</time>
        <extensions>
          <gpxtpx:TrackPointExtension>
            <gpxtpx:hr>135</gpxtpx:hr>
          </gpxtpx:TrackPointExtension>
        </extensions>
      </trkpt>
      <trkpt lat="31.915299234575027" lon="120.58183227459354">
        <ele>5.183196345344186</ele>
        <time>1970-01-01T00:01:20Z</time>
        <extensions>
          <gpxtpx:TrackPointExtension>
            <gpxtpx:hr>135</gpxtpx:hr>
          </gpxtpx:TrackPointExtension>
        </extensions>
      </trkpt>
      <trkpt lat="31.915274910741317" lon="120.58181811603437">
        <ele>5.176056274212897</ele>
        <time>1970-01-01T00:01:21Z</time>
        <extensions>
          <gpxtpx:TrackPointExtension>
            <gpxtpx:hr>135</gpxtpx:hr>
          </gpxtpx:TrackPointExtension>
        </extensions>
      </trkpt>
      <trkpt lat="31.91525015790001" lon="120.58180475449649">
        <ele>5.178962390869856</ele>
        <time>1970-01-01T00:01:22Z</time>
        <extensions>
          <gpxtpx:TrackPointExtension>
            <gpxtpx:hr>135</gpxtpx:hr>
          </gpxtpx:TrackPointExtension>
        </extensions>
      </trkpt>
      <trkpt lat="31.915225062087412" lon="120.5817920440183">
        <ele>5.178280766122043</ele>
        <time>1970-01-01T00:01:23Z</time>
        <extensions>
          <gpxtpx:TrackPointExtension>
            <gpxtpx:hr>135</gpxtpx:hr>
          </gpxtpx:TrackPointExtension>
        </extensions>
      </trkpt>
      <trkpt lat="31.91519986591744" lon="120.58178019889574">
        <ele>5.184414081275463</ele>
        <time>1970-01-01T00:01:24Z</time>
        <extensions>
          <gpxtpx:TrackPointExtension>
            <gpxtpx:hr>135</gpxtpx:hr>
          </gpxtpx:TrackPointExtension>
        </extensions>
      </trkpt>
      <trkpt lat="31.91517481125098" lon="120.58176912970926">
        <ele>5.1895263604819775</ele>
        <time>1970-01-01T00:01:25Z</time>
        <extensions>
          <gpxtpx:TrackPointExtension>
            <gpxtpx:hr>135</gpxtpx:hr>
          </gpxtpx:TrackPointExtension>
        </extensions>
      </trkpt>
      <trkpt lat="31.915150114542097" lon="120.58175844428304">
        <ele>5.187387314625084</ele>
        <time>1970-01-01T00:01:26Z</time>
        <extensions>
          <gpxtpx:TrackPointExtension>
            <gpxtpx:hr>135</gpxtpx:hr>
          </gpxtpx:TrackPointExtension>
        </extensions>
      </trkpt>
      <trkpt lat="31.91512584936259" lon="120.58174773501953">
        <ele>5.167429865337908</ele>
        <time>1970-01-01T00:01:27Z</time>
        <extensions>
          <gpxtpx:TrackPointExtension>
            <gpxtpx:hr>135</gpxtpx:hr>
          </gpxtpx:TrackPointExtension>
        </extensions>
      </trkpt>
      <trkpt lat="31.915102069986794" lon="120.58173657564897">
        <ele>5.132845803163946</ele>
        <time>1970-01-01T00:01:28Z</time>
        <extensions>
          <gpxtpx:TrackPointExtension>
            <gpxtpx:hr>135</gpxtpx:hr>
          </gpxtpx:TrackPointExtension>
        </extensions>
      </trkpt>
      <trkpt lat="31.915078774817935" lon="120.58172552313962">
        <ele>5.08625556435436</ele>
        <time>1970-01-01T00:01:29Z</time>
        <extensions>
          <gpxtpx:TrackPointExtension>
            <gpxtpx:hr>135</gpxtpx:hr>
          </gpxtpx:TrackPointExtension>
        </extensions>
      </trkpt>
      <trkpt lat="31.91505602258006" lon="120.58171532867753">
        <ele>5.045342712663114</ele>
        <time>1970-01-01T00:01:30Z</time>
        <extensions>
          <gpxtpx:TrackPointExtension>
            <gpxtpx:hr>135</gpxtpx:hr>
          </gpxtpx:TrackPointExtension>
        </extensions>
      </trkpt>
      <trkpt lat="31.915033855814226" lon="120.58170588904025">
        <ele>5.014074235223234</ele>
        <time>1970-01-01T00:01:31Z</time>
        <extensions>
          <gpxtpx:TrackPointExtension>
            <gpxtpx:hr>135</gpxtpx:hr>
          </gpxtpx:TrackPointExtension>
        </extensions>
      </trkpt>
      <trkpt lat="31.91501198029285" lon="120.58169625395652">
        <ele>4.9742902014404535</ele>
        <time>1970-01-01T00:01:32Z</time>
        <extensions>
          <gpxtpx:TrackPointExtension>
            <gpxtpx:hr>135</gpxtpx:hr>
          </gpxtpx:TrackPointExtension>
        </extensions>
      </trkpt>
      <trkpt lat="31.914990225607436" lon="120.58168577707175">
        <ele>4.914987430907786</ele>
        <time>1970-01-01T00:01:33Z</time>
        <extensions>
          <gpxtpx:TrackPointExtension>
            <gpxtpx:hr>135</gpxtpx:hr>
          </gpxtpx:TrackPointExtension>
        </extensions>
      </trkpt>
      <trkpt lat="31.914968863701453" lon="120.58167421302653">
        <ele>4.831003872677684</ele>
        <time>1970-01-01T00:01:34Z</time>
        <extensions>
          <gpxtpx:TrackPointExtension>
            <gpxtpx:hr>135</gpxtpx:hr>
          </gpxtpx:TrackPointExtension>
        </extensions>
      </trkpt>
      <trkpt lat="31.91494792471179" lon="120.58166209470211">
        <ele>4.74131541326642</ele>
        <time>1970-01-01T00:01:35Z</time>
        <extensions>
          <gpxtpx:TrackPointExtension>
            <gpxtpx:hr>135</gpxtpx:hr>
          </gpxtpx:TrackPointExtension>
        </extensions>
      </trkpt>
      <trkpt lat="31.914927130932117" lon="120.58164997513177">
        <ele>4.655657543800771</ele>
        <time>1970-01-01T00:01:36Z</time>
        <extensions>
          <gpxtpx:TrackPointExtension>
            <gpxtpx:hr>136</gpxtpx:hr>
          </gpxtpx:TrackPointExtension>
        </extensions>
      </trkpt>
      <trkpt lat="31.914906162722367" lon="120.58163800502997">
        <ele>4.568758833222091</ele>
        <time>1970-01-01T00:01:37Z</time>
        <extensions>
          <gpxtpx:TrackPointExtension>
            <gpxtpx:hr>136</gpxtpx:hr>
          </gpxtpx:TrackPointExtension>
        </extensions>
      </trkpt>
      <trkpt lat="31.91488526387231" lon="120.58162616503361">
        <ele>4.487535571679473</ele>
        <time>1970-01-01T00:01:38Z</time>
        <extensions>
          <gpxtpx:TrackPointExtension>
            <gpxtpx:hr>136</gpxtpx:hr>
          </gpxtpx:TrackPointExtension>
        </extensions>
      </trkpt>
      <trkpt lat="31.914864947733022" lon="120.58161462254887">
        <ele>4.403605346567929</ele>
        <time>1970-01-01T00:01:39Z</time>
        <extensions>
          <gpxtpx:TrackPointExtension>
            <gpxtpx:hr>136</gpxtpx:hr>
          </gpxtpx:TrackPointExtension>
        </extensions>
      </trkpt>
      <trkpt lat="31.91484586792168" lon="120.58160268943054">
        <ele>4.325592742301524</ele>
        <time>1970-01-01T00:01:40Z</time>
        <extensions>
          <gpxtpx:TrackPointExtension>
            <gpxtpx:hr>136</gpxtpx:hr>
          </gpxtpx:TrackPointExtension>
        </extensions>
      </trkpt>
      <trkpt lat="31.91482910432567" lon="120.5815884187315">
        <ele>4.255081157200038</ele>
        <time>1970-01-01T00:01:41Z</time>
        <extensions>
          <gpxtpx:TrackPointExtension>
            <gpxtpx:hr>136</gpxtpx:hr>
          </gpxtpx:TrackPointExtension>
        </extensions>
      </trkpt>
      <trkpt lat="31.914816245968748" lon="120.58156951450722">
        <ele>4.196569744497538</ele>
        <time>1970-01-01T00:01:42Z</time>
        <extensions>
          <gpxtpx:TrackPointExtension>
            <gpxtpx:hr>136</gpxtpx:hr>
          </gpxtpx:TrackPointExtension>
        </extensions>
      </trkpt>
      <trkpt lat="31.91480778165548" lon="120.5815461995758">
        <ele>4.127660105936229</ele>
        <time>1970-01-01T00:01:43Z</time>
        <extensions>
          <gpxtpx:TrackPointExtension>
            <gpxtpx:hr>141</gpxtpx:hr>
          </gpxtpx:TrackPointExtension>
        </extensions>
      </trkpt>
      <trkpt lat="31.914803824359346" lon="120.5815205180759">
        <ele>4.05333470646292</ele>
        <time>1970-01-01T00:01:44Z</time>
        <extensions>
          <gpxtpx:TrackPointExtension>
            <gpxtpx:hr>141</gpxtpx:hr>
          </gpxtpx:TrackPointExtension>
        </extensions>
      </trkpt>
      <trkpt lat="31.914804782412883" lon="120.58149368996867">
        <ele>3.9905503895133734</ele>
        <time>1970-01-01T00:01:45Z</time>
        <extensions>
          <gpxtpx:TrackPointExtension>
            <gpxtpx:hr>141</gpxtpx:hr>
          </gpxtpx:TrackPointExtension>
        </extensions>
      </trkpt>
      <trkpt lat="31.914809919360952" lon="120.58146655771189">
        <ele>3.9431207170709968</ele>
        <time>1970-01-01T00:01:46Z</time>
        <extensions>
          <gpxtpx:TrackPointExtension>
            <gpxtpx:hr>141</gpxtpx:hr>
          </gpxtpx:TrackPointExtension>
        </extensions>
      </trkpt>
      <trkpt lat="31.91481852933845" lon="120.58143981380707">
        <ele>3.8996361223980784</ele>
        <time>1970-01-01T00:01:47Z</time>
        <extensions>
          <gpxtpx:TrackPointExtension>
            <gpxtpx:hr>141</gpxtpx:hr>
          </gpxtpx:TrackPointExtension>
        </extensions>
      </trkpt>
      <trkpt lat="31.91482906915461" lon="120.58141406775782">
        <ele>3.8575936816632748</ele>
        <time>1970-01-01T00:01:48Z</time>
        <extensions>
          <gpxtpx:TrackPointExtension>
            <gpxtpx:hr>141</gpxtpx:hr>
          </gpxtpx:TrackPointExtension>
        </extensions>
      </trkpt>
      <trkpt lat="31.914839147708804" lon="120.5813889476493">
        <ele>3.8106644209474325</ele>
        <time>1970-01-01T00:01:49Z</time>
        <extensions>
          <gpxtpx:TrackPointExtension>
            <gpxtpx:hr>141</gpxtpx:hr>
          </gpxtpx:TrackPointExtension>
        </extensions>
      </trkpt>
      <trkpt lat="31.91484814822953" lon="120.58136413568178">
        <ele>3.7703034514561296</ele>
        <time>1970-01-01T00:01:50Z</time>
        <extensions>
          <gpxtpx:TrackPointExtension>
            <gpxtpx:hr>143</gpxtpx:hr>
          </gpxtpx:TrackPointExtension>
        </extensions>
      </trkpt>
      <trkpt lat="31.914856840515185" lon="120.58133966260272">
        <ele>3.7343571223318577</ele>
        <time>1970-01-01T00:01:51Z</time>
        <extensions>
          <gpxtpx:TrackPointExtension>
            <gpxtpx:hr>143</gpxtpx:hr>
          </gpxtpx:TrackPointExtension>
        </extensions>
      </trkpt>
      <trkpt lat="31.914865428919605" lon="120.58131528896092">
        <ele>3.6860187351703644</ele>
        <time>1970-01-01T00:01:52Z</time>
        <extensions>
          <gpxtpx:TrackPointExtension>
            <gpxtpx:hr>143</gpxtpx:hr>
          </gpxtpx:TrackPointExtension>
        </extensions>
      </trkpt>
      <trkpt lat="31.914874488033593" lon="120.58129105153546">
        <ele>3.646464655175805</ele>
        <time>1970-01-01T00:01:53Z</time>
        <extensions>
          <gpxtpx:TrackPointExtension>
            <gpxtpx:hr>143</gpxtpx:hr>
          </gpxtpx:TrackPointExtension>
        </extensions>
      </trkpt>
      <trkpt lat="31.914884586804472" lon="120.58126704658098">
        <ele>3.6056122360751033</ele>
        <time>1970-01-01T00:01:54Z</time>
        <extensions>
          <gpxtpx:TrackPointExtension>
            <gpxtpx:hr>143</gpxtpx:hr>
          </gpxtpx:TrackPointExtension>
        </extensions>
      </trkpt>
      <trkpt lat="31.91489469649627" lon="120.58124262919115">
        <ele>3.551445241086185</ele>
        <time>1970-01-01T00:01:55Z</time>
        <extensions>
          <gpxtpx:TrackPointExtension>
            <gpxtpx:hr>146</gpxtpx:hr>
          </gpxtpx:TrackPointExtension>
        </extensions>
      </trkpt>
      <trkpt lat="31.914903258973183" lon="120.5812171935572">
        <ele>3.4979191282764077</ele>
        <time>1970-01-01T00:01:56Z</time>
        <extensions>
          <gpxtpx:TrackPointExtension>
            <gpxtpx:hr>146</gpxtpx:hr>
          </gpxtpx:TrackPointExtension>
        </extensions>
      </trkpt>
      <trkpt lat="31.914911292125677" lon="120.5811909815146">
        <ele>3.4627820448949933</ele>
        <time>1970-01-01T00:01:57Z</time>
        <extensions>
          <gpxtpx:TrackPointExtension>
            <gpxtpx:hr>146</gpxtpx:hr>
          </gpxtpx:TrackPointExtension>
        </extensions>
      </trkpt>
      <trkpt lat="31.914921016081784" lon="120.58116415664954">
        <ele>3.4399363650009036</ele>
        <time>1970-01-01T00:01:58Z</time>
        <extensions>
          <gpxtpx:TrackPointExtension>
            <gpxtpx:hr>146</gpxtpx:hr>
          </gpxtpx:TrackPointExtension>
        </extensions>
      </trkpt>
      <trkpt lat="31.914932332325474" lon="120.58113691662972">
        <ele>3.4215120477601886</ele>
        <time>1970-01-01T00:01:59Z</time>
        <extensions>
          <gpxtpx:TrackPointExtension>
            <gpxtpx:hr>146</gpxtpx:hr>
          </gpxtpx:TrackPointExtension>
        </extensions>
      </trkpt>
      <trkpt lat="31.914943555309712" lon="120.58110970146626">
        <ele>3.4121745135635138</ele>
        <time>1970-01-01T00:02:00Z</time>
        <extensions>
          <gpxtpx:TrackPointExtension>
            <gpxtpx:hr>148</gpxtpx:hr>
          </gpxtpx:TrackPointExtension>
        </extensions>
      </trkpt>
      <trkpt lat="31.914954066480465" lon="120.58108229678012">
        <ele>3.4192505376413465</ele>
        <time>1970-01-01T00:02:01Z</time>
        <extensions>
          <gpxtpx:TrackPointExtension>
            <gpxtpx:hr>148</gpxtpx:hr>
          </gpxtpx:TrackPointExtension>
        </extensions>
      </trkpt>
      <trkpt lat="31.914964628316206" lon="120.58105482881003">
        <ele>3.4232771145179868</ele>
        <time>1970-01-01T00:02:02Z</time>
        <extensions>
          <gpxtpx:TrackPointExtension>
            <gpxtpx:hr>148</gpxtpx:hr>
          </gpxtpx:TrackPointExtension>
        </extensions>
      </trkpt>
      <trkpt lat="31.91497588582026" lon="120.58102761134566">
        <ele>3.4289959464222193</ele>
        <time>1970-01-01T00:02:03Z</time>
        <extensions>
          <gpxtpx:TrackPointExtension>
            <gpxtpx:hr>149</gpxtpx:hr>
          </gpxtpx:TrackPointExtension>
        </extensions>
      </trkpt>
      <trkpt lat="31.91498680104248" lon="120.58099985601585">
        <ele>3.426903489045799</ele>
        <time>1970-01-01T00:02:04Z</time>
        <extensions>
          <gpxtpx:TrackPointExtension>
            <gpxtpx:hr>149</gpxtpx:hr>
          </gpxtpx:TrackPointExtension>
        </extensions>
      </trkpt>
      <trkpt lat="31.914996628274817" lon="120.58097142860927">
        <ele>3.440002243965864</ele>
        <time>1970-01-01T00:02:05Z</time>
        <extensions>
          <gpxtpx:TrackPointExtension>
            <gpxtpx:hr>149</gpxtpx:hr>
          </gpxtpx:TrackPointExtension>
        </extensions>
      </trkpt>
      <trkpt lat="31.9150064783689" lon="120.58094300704025">
        <ele>3.463809628970921</ele>
        <time>1970-01-01T00:02:06Z</time>
        <extensions>
          <gpxtpx:TrackPointExtension>
            <gpxtpx:hr>149</gpxtpx:hr>
          </gpxtpx:TrackPointExtension>
        </extensions>
      </trkpt>
      <trkpt lat="31.915016692519373" lon="120.58091450163013">
        <ele>3.4945119014009833</ele>
        <time>1970-01-01T00:02:07Z</time>
        <extensions>
          <gpxtpx:TrackPointExtension>
            <gpxtpx:hr>149</gpxtpx:hr>
          </gpxtpx:TrackPointExtension>
        </extensions>
      </trkpt>
      <trkpt lat="31.91502639554019" lon="120.58088514500892">
        <ele>3.529924809001386</ele>
        <time>1970-01-01T00:02:08Z</time>
        <extensions>
          <gpxtpx:TrackPointExtension>
            <gpxtpx:hr>149</gpxtpx:hr>
          </gpxtpx:TrackPointExtension>
        </extensions>
      </trkpt>
      <trkpt lat="31.915035161234698" lon="120.58085561436376">
        <ele>3.5588773349300027</ele>
        <time>1970-01-01T00:02:09Z</time>
        <extensions>
          <gpxtpx:TrackPointExtension>
            <gpxtpx:hr>149</gpxtpx:hr>
          </gpxtpx:TrackPointExtension>
        </extensions>
      </trkpt>
      <trkpt lat="31.91504400419107" lon="120.5808272500071">
        <ele>3.589734636247158</ele>
        <time>1970-01-01T00:02:10Z</time>
        <extensions>
          <gpxtpx:TrackPointExtension>
            <gpxtpx:hr>149</gpxtpx:hr>
          </gpxtpx:TrackPointExtension>
        </extensions>
      </trkpt>
      <trkpt lat="31.915053641054104" lon="120.58079984303234">
        <ele>3.620380795560777</ele>
        <time>1970-01-01T00:02:11Z</time>
        <extensions>
          <gpxtpx:TrackPointExtension>
            <gpxtpx:hr>149</gpxtpx:hr>
          </gpxtpx:TrackPointExtension>
        </extensions>
      </trkpt>
      <trkpt lat="31.915063279483256" lon="120.58077237820324">
        <ele>3.633851794525981</ele>
        <time>1970-01-01T00:02:12Z</time>
        <extensions>
          <gpxtpx:TrackPointExtension>
            <gpxtpx:hr>149</gpxtpx:hr>
          </gpxtpx:TrackPointExtension>
        </extensions>
      </trkpt>
      <trkpt lat="31.91507313250638" lon="120.58074464854566">
        <ele>3.637571046128869</ele>
        <time>1970-01-01T00:02:13Z</time>
        <extensions>
          <gpxtpx:TrackPointExtension>
            <gpxtpx:hr>149</gpxtpx:hr>
          </gpxtpx:TrackPointExtension>
        </extensions>
      </trkpt>
      <trkpt lat="31.91508357305856" lon="120.58071684369136">
        <ele>3.635592189617455</ele>
        <time>1970-01-01T00:02:14Z</time>
        <extensions>
          <gpxtpx:TrackPointExtension>
            <gpxtpx:hr>149</gpxtpx:hr>
          </gpxtpx:TrackPointExtension>
        </extensions>
      </trkpt>
      <trkpt lat="31.915093553472328" lon="120.58068889187643">
        <ele>3.617426762357354</ele>
        <time>1970-01-01T00:02:15Z</time>
        <extensions>
          <gpxtpx:TrackPointExtension>
            <gpxtpx:hr>150</gpxtpx:hr>
          </gpxtpx:TrackPointExtension>
        </extensions>
      </trkpt>
      <trkpt lat="31.915101991146155" lon="120.58066077468689">
        <ele>3.5978174889460206</ele>
        <time>1970-01-01T00:02:16Z</time>
        <extensions>
          <gpxtpx:TrackPointExtension>
            <gpxtpx:hr>150</gpxtpx:hr>
          </gpxtpx:TrackPointExtension>
        </extensions>
      </trkpt>
      <trkpt lat="31.91510916551718" lon="120.580632607072">
        <ele>3.5762651935219765</ele>
        <time>1970-01-01T00:02:17Z</time>
        <extensions>
          <gpxtpx:TrackPointExtension>
            <gpxtpx:hr>150</gpxtpx:hr>
          </gpxtpx:TrackPointExtension>
        </extensions>
      </trkpt>
      <trkpt lat="31.915115959387183" lon="120.58060470423851">
        <ele>3.544915622100234</ele>
        <time>1970-01-01T00:02:18Z</time>
        <extensions>
          <gpxtpx:TrackPointExtension>
            <gpxtpx:hr>150</gpxtpx:hr>
          </gpxtpx:TrackPointExtension>
        </extensions>
      </trkpt>
      <trkpt lat="31.915122958785332" lon="120.58057780432756">
        <ele>3.513229761272669</ele>
        <time>1970-01-01T00:02:19Z</time>
        <extensions>
          <gpxtpx:TrackPointExtension>
            <gpxtpx:hr>150</gpxtpx:hr>
          </gpxtpx:TrackPointExtension>
        </extensions>
      </trkpt>
      <trkpt lat="31.915130465130098" lon="120.58055185271554">
        <ele>3.4899585470557213</ele>
        <time>1970-01-01T00:02:20Z</time>
        <extensions>
          <gpxtpx:TrackPointExtension>
            <gpxtpx:hr>150</gpxtpx:hr>
          </gpxtpx:TrackPointExtension>
        </extensions>
      </trkpt>
      <trkpt lat="31.915138340983614" lon="120.58052618639258">
        <ele>3.4903313973918557</ele>
        <time>1970-01-01T00:02:21Z</time>
        <extensions>
          <gpxtpx:TrackPointExtension>
            <gpxtpx:hr>150</gpxtpx:hr>
          </gpxtpx:TrackPointExtension>
        </extensions>
      </trkpt>
      <trkpt lat="31.915146691708046" lon="120.58050077101103">
        <ele>3.51393576618284</ele>
        <time>1970-01-01T00:02:22Z</time>
        <extensions>
          <gpxtpx:TrackPointExtension>
            <gpxtpx:hr>150</gpxtpx:hr>
          </gpxtpx:TrackPointExtension>
        </extensions>
      </trkpt>
      <trkpt lat="31.915155620472305" lon="120.58047542587327">
        <ele>3.5412409706041217</ele>
        <time>1970-01-01T00:02:23Z</time>
        <extensions>
          <gpxtpx:TrackPointExtension>
            <gpxtpx:hr>150</gpxtpx:hr>
          </gpxtpx:TrackPointExtension>
        </extensions>
      </trkpt>
      <trkpt lat="31.915164498435356" lon="120.58044953305091">
        <ele>3.5821977965533733</ele>
        <time>1970-01-01T00:02:24Z</time>
        <extensions>
          <gpxtpx:TrackPointExtension>
            <gpxtpx:hr>150</gpxtpx:hr>
          </gpxtpx:TrackPointExtension>
        </extensions>
      </trkpt>
      <trkpt lat="31.91517280714699" lon="120.58042298480848">
        <ele>3.642014211975038</ele>
        <time>1970-01-01T00:02:25Z</time>
        <extensions>
          <gpxtpx:TrackPointExtension>
            <gpxtpx:hr>150</gpxtpx:hr>
          </gpxtpx:TrackPointExtension>
        </extensions>
      </trkpt>
      <trkpt lat="31.915180458420718" lon="120.58039601705515">
        <ele>3.7132810540497303</ele>
        <time>1970-01-01T00:02:26Z</time>
        <extensions>
          <gpxtpx:TrackPointExtension>
            <gpxtpx:hr>150</gpxtpx:hr>
          </gpxtpx:TrackPointExtension>
        </extensions>
      </trkpt>
      <trkpt lat="31.91518763742637" lon="120.58036886540921">
        <ele>3.779817271977663</ele>
        <time>1970-01-01T00:02:27Z</time>
        <extensions>
          <gpxtpx:TrackPointExtension>
            <gpxtpx:hr>150</gpxtpx:hr>
          </gpxtpx:TrackPointExtension>
        </extensions>
      </trkpt>
      <trkpt lat="31.915195352785712" lon="120.58034179328352">
        <ele>3.8469873014837503</ele>
        <time>1970-01-01T00:02:28Z</time>
        <extensions>
          <gpxtpx:TrackPointExtension>
            <gpxtpx:hr>151</gpxtpx:hr>
          </gpxtpx:TrackPointExtension>
        </extensions>
      </trkpt>
      <trkpt lat="31.91520402770516" lon="120.58031429380384">
        <ele>3.9125415896996856</ele>
        <time>1970-01-01T00:02:29Z</time>
        <extensions>
          <gpxtpx:TrackPointExtension>
            <gpxtpx:hr>151</gpxtpx:hr>
          </gpxtpx:TrackPointExtension>
        </extensions>
      </trkpt>
      <trkpt lat="31.915212893694548" lon="120.58028596457855">
        <ele>3.97139401640743</ele>
        <time>1970-01-01T00:02:30Z</time>
        <extensions>
          <gpxtpx:TrackPointExtension>
            <gpxtpx:hr>151</gpxtpx:hr>
          </gpxtpx:TrackPointExtension>
        </extensions>
      </trkpt>
      <trkpt lat="31.915221701876746" lon="120.58025715063948">
        <ele>4.048021758906543</ele>
        <time>1970-01-01T00:02:31Z</time>
        <extensions>
          <gpxtpx:TrackPointExtension>
            <gpxtpx:hr>151</gpxtpx:hr>
          </gpxtpx:TrackPointExtension>
        </extensions>
      </trkpt>
      <trkpt lat="31.91523068809429" lon="120.5802283035018">
        <ele>4.135670725256205</ele>
        <time>1970-01-01T00:02:32Z</time>
        <extensions>
          <gpxtpx:TrackPointExtension>
            <gpxtpx:hr>151</gpxtpx:hr>
          </gpxtpx:TrackPointExtension>
        </extensions>
      </trkpt>
      <trkpt lat="31.915240074946276" lon="120.58019949621524">
        <ele>4.201324237510562</ele>
        <time>1970-01-01T00:02:33Z</time>
        <extensions>
          <gpxtpx:TrackPointExtension>
            <gpxtpx:hr>151</gpxtpx:hr>
          </gpxtpx:TrackPointExtension>
        </extensions>
      </trkpt>
      <trkpt lat="31.915249418716847" lon="120.58017028750575">
        <ele>4.2563436049968</ele>
        <time>1970-01-01T00:02:34Z</time>
        <extensions>
          <gpxtpx:TrackPointExtension>
            <gpxtpx:hr>151</gpxtpx:hr>
          </gpxtpx:TrackPointExtension>
        </extensions>
      </trkpt>
      <trkpt lat="31.915257853570694" lon="120.58014026874675">
        <ele>4.322502381168306</ele>
        <time>1970-01-01T00:02:35Z</time>
        <extensions>
          <gpxtpx:TrackPointExtension>
            <gpxtpx:hr>152</gpxtpx:hr>
          </gpxtpx:TrackPointExtension>
        </extensions>
      </trkpt>
      <trkpt lat="31.91526555135538" lon="120.58010979692348">
        <ele>4.389382556080818</ele>
        <time>1970-01-01T00:02:36Z</time>
        <extensions>
          <gpxtpx:TrackPointExtension>
            <gpxtpx:hr>152</gpxtpx:hr>
          </gpxtpx:TrackPointExtension>
        </extensions>
      </trkpt>
      <trkpt lat="31.91527376572767" lon="120.58007975284048">
        <ele>4.439211245626211</ele>
        <time>1970-01-01T00:02:37Z</time>
        <extensions>
          <gpxtpx:TrackPointExtension>
            <gpxtpx:hr>152</gpxtpx:hr>
          </gpxtpx:TrackPointExtension>
        </extensions>
      </trkpt>
      <trkpt lat="31.91528256444417" lon="120.58005015977601">
        <ele>4.4702400509268045</ele>
        <time>1970-01-01T00:02:38Z</time>
        <extensions>
          <gpxtpx:TrackPointExtension>
            <gpxtpx:hr>152</gpxtpx:hr>
          </gpxtpx:TrackPointExtension>
        </extensions>
      </trkpt>
      <trkpt lat="31.915291631053915" lon="120.58002071454182">
        <ele>4.497192555107176</ele>
        <time>1970-01-01T00:02:39Z</time>
        <extensions>
          <gpxtpx:TrackPointExtension>
            <gpxtpx:hr>152</gpxtpx:hr>
          </gpxtpx:TrackPointExtension>
        </extensions>
      </trkpt>
      <trkpt lat="31.91530176123694" lon="120.5799912838673">
        <ele>4.504935393109918</ele>
        <time>1970-01-01T00:02:40Z</time>
        <extensions>
          <gpxtpx:TrackPointExtension>
            <gpxtpx:hr>153</gpxtpx:hr>
          </gpxtpx:TrackPointExtension>
        </extensions>
      </trkpt>
      <trkpt lat="31.915312536881977" lon="120.5799611390937">
        <ele>4.520338990725577</ele>
        <time>1970-01-01T00:02:41Z</time>
        <extensions>
          <gpxtpx:TrackPointExtension>
            <gpxtpx:hr>153</gpxtpx:hr>
          </gpxtpx:TrackPointExtension>
        </extensions>
      </trkpt>
      <trkpt lat="31.915322945628986" lon="120.57993040531846">
        <ele>4.510308373719454</ele>
        <time>1970-01-01T00:02:42Z</time>
        <extensions>
          <gpxtpx:TrackPointExtension>
            <gpxtpx:hr>153</gpxtpx:hr>
          </gpxtpx:TrackPointExtension>
        </extensions>
      </trkpt>
      <trkpt lat="31.915333193741116" lon="120.57989958582615">
        <ele>4.496468163095415</ele>
        <time>1970-01-01T00:02:43Z</time>
        <extensions>
          <gpxtpx:TrackPointExtension>
            <gpxtpx:hr>153</gpxtpx:hr>
          </gpxtpx:TrackPointExtension>
        </extensions>
      </trkpt>
      <trkpt lat="31.9153439222008" lon="120.57986859910204">
        <ele>4.475686561316252</ele>
        <time>1970-01-01T00:02:44Z</time>
        <extensions>
          <gpxtpx:TrackPointExtension>
            <gpxtpx:hr>153</gpxtpx:hr>
          </gpxtpx:TrackPointExtension>
        </extensions>
      </trkpt>
      <trkpt lat="31.915354272220586" lon="120.57983720466287">
        <ele>4.455390508286655</ele>
        <time>1970-01-01T00:02:45Z</time>
        <extensions>
          <gpxtpx:TrackPointExtension>
            <gpxtpx:hr>156</gpxtpx:hr>
          </gpxtpx:TrackPointExtension>
        </extensions>
      </trkpt>
      <trkpt lat="31.915364158755615" lon="120.57980542953115">
        <ele>4.4346555061638355</ele>
        <time>1970-01-01T00:02:46Z</time>
        <extensions>
          <gpxtpx:TrackPointExtension>
            <gpxtpx:hr>156</gpxtpx:hr>
          </gpxtpx:TrackPointExtension>
        </extensions>
      </trkpt>
      <trkpt lat="31.915374027830282" lon="120.57977303880205">
        <ele>4.4103915663436055</ele>
        <time>1970-01-01T00:02:47Z</time>
        <extensions>
          <gpxtpx:TrackPointExtension>
            <gpxtpx:hr>156</gpxtpx:hr>
          </gpxtpx:TrackPointExtension>
        </extensions>
      </trkpt>
      <trkpt lat="31.91538438660952" lon="120.57973997576481">
        <ele>4.38049100805074</ele>
        <time>1970-01-01T00:02:48Z</time>
        <extensions>
          <gpxtpx:TrackPointExtension>
            <gpxtpx:hr>156</gpxtpx:hr>
          </gpxtpx:TrackPointExtension>
        </extensions>
      </trkpt>
      <trkpt lat="31.915395165346915" lon="120.57970672175841">
        <ele>4.331952267326415</ele>
        <time>1970-01-01T00:02:49Z</time>
        <extensions>
          <gpxtpx:TrackPointExtension>
            <gpxtpx:hr>156</gpxtpx:hr>
          </gpxtpx:TrackPointExtension>
        </extensions>
      </trkpt>
      <trkpt lat="31.915406487958258" lon="120.5796738740854">
        <ele>4.273222036659718</ele>
        <time>1970-01-01T00:02:50Z</time>
        <extensions>
          <gpxtpx:TrackPointExtension>
            <gpxtpx:hr>158</gpxtpx:hr>
          </gpxtpx:TrackPointExtension>
        </extensions>
      </trkpt>
      <trkpt lat="31.915417698168103" lon="120.57964120639504">
        <ele>4.234863691031933</ele>
        <time>1970-01-01T00:02:51Z</time>
        <extensions>
          <gpxtpx:TrackPointExtension>
            <gpxtpx:hr>158</gpxtpx:hr>
          </gpxtpx:TrackPointExtension>
        </extensions>
      </trkpt>
      <trkpt lat="31.915428113491078" lon="120.57960851845225">
        <ele>4.179897138848901</ele>
        <time>1970-01-01T00:02:52Z</time>
        <extensions>
          <gpxtpx:TrackPointExtension>
            <gpxtpx:hr>158</gpxtpx:hr>
          </gpxtpx:TrackPointExtension>
        </extensions>
      </trkpt>
      <trkpt lat="31.915438400268382" lon="120.57957614854914">
        <ele>4.099656690843403</ele>
        <time>1970-01-01T00:02:53Z</time>
        <extensions>
          <gpxtpx:TrackPointExtension>
            <gpxtpx:hr>158</gpxtpx:hr>
          </gpxtpx:TrackPointExtension>
        </extensions>
      </trkpt>
      <trkpt lat="31.915448532461117" lon="120.57954433449221">
        <ele>4.012819908559322</ele>
        <time>1970-01-01T00:02:54Z</time>
        <extensions>
          <gpxtpx:TrackPointExtension>
            <gpxtpx:hr>158</gpxtpx:hr>
          </gpxtpx:TrackPointExtension>
        </extensions>
      </trkpt>
      <trkpt lat="31.915459064280853" lon="120.57951312010007">
        <ele>3.936910178512335</ele>
        <time>1970-01-01T00:02:55Z</time>
        <extensions>
          <gpxtpx:TrackPointExtension>
            <gpxtpx:hr>158</gpxtpx:hr>
          </gpxtpx:TrackPointExtension>
        </extensions>
      </trkpt>
      <trkpt lat="31.915469332560193" lon="120.57948159668017">
        <ele>3.8433125652372837</ele>
        <time>1970-01-01T00:02:56Z</time>
        <extensions>
          <gpxtpx:TrackPointExtension>
            <gpxtpx:hr>158</gpxtpx:hr>
          </gpxtpx:TrackPointExtension>
        </extensions>
      </trkpt>
      <trkpt lat="31.915477741281165" lon="120.57944908443811">
        <ele>3.756819778122008</ele>
        <time>1970-01-01T00:02:57Z</time>
        <extensions>
          <gpxtpx:TrackPointExtension>
            <gpxtpx:hr>158</gpxtpx:hr>
          </gpxtpx:TrackPointExtension>
        </extensions>
      </trkpt>
      <trkpt lat="31.915484677848152" lon="120.57941624434304">
        <ele>3.6639256486669183</ele>
        <time>1970-01-01T00:02:58Z</time>
        <extensions>
          <gpxtpx:TrackPointExtension>
            <gpxtpx:hr>158</gpxtpx:hr>
          </gpxtpx:TrackPointExtension>
        </extensions>
      </trkpt>
      <trkpt lat="31.91549225637314" lon="120.57938394843772">
        <ele>3.5601387452334166</ele>
        <time>1970-01-01T00:02:59Z</time>
        <extensions>
          <gpxtpx:TrackPointExtension>
            <gpxtpx:hr>158</gpxtpx:hr>
          </gpxtpx:TrackPointExtension>
        </extensions>
      </trkpt>
      <trkpt lat="31.915501592633806" lon="120.57935206073856">
        <ele>3.4544931706041098</ele>
        <time>1970-01-01T00:03:00Z</time>
        <extensions>
          <gpxtpx:TrackPointExtension>
            <gpxtpx:hr>158</gpxtpx:hr>
          </gpxtpx:TrackPointExtension>
        </extensions>
      </trkpt>
      <trkpt lat="31.915511900359295" lon="120.57932003338544">
        <ele>3.382975717075169</ele>
        <time>1970-01-01T00:03:01Z</time>
        <extensions>
          <gpxtpx:TrackPointExtension>
            <gpxtpx:hr>158</gpxtpx:hr>
          </gpxtpx:TrackPointExtension>
        </extensions>
      </trkpt>
      <trkpt lat="31.915522017337732" lon="120.57928842700137">
        <ele>3.3186101960018277</ele>
        <time>1970-01-01T00:03:02Z</time>
        <extensions>
          <gpxtpx:TrackPointExtension>
            <gpxtpx:hr>158</gpxtpx:hr>
          </gpxtpx:TrackPointExtension>
        </extensions>
      </trkpt>
      <trkpt lat="31.915532015911793" lon="120.57925784215276">
        <ele>3.2597301565110683</ele>
        <time>1970-01-01T00:03:03Z</time>
        <extensions>
          <gpxtpx:TrackPointExtension>
            <gpxtpx:hr>158</gpxtpx:hr>
          </gpxtpx:TrackPointExtension>
        </extensions>
      </trkpt>
      <trkpt lat="31.915542002452593" lon="120.5792269434697">
        <ele>3.2000318579375744</ele>
        <time>1970-01-01T00:03:04Z</time>
        <extensions>
          <gpxtpx:TrackPointExtension>
            <gpxtpx:hr>157</gpxtpx:hr>
          </gpxtpx:TrackPointExtension>
        </extensions>
      </trkpt>
      <trkpt lat="31.915552402330576" lon="120.57919536717255">
        <ele>3.15726029407233</ele>
        <time>1970-01-01T00:03:05Z</time>
        <extensions>
          <gpxtpx:TrackPointExtension>
            <gpxtpx:hr>157</gpxtpx:hr>
          </gpxtpx:TrackPointExtension>
        </extensions>
      </trkpt>
      <trkpt lat="31.915563588318214" lon="120.57916442119709">
        <ele>3.1272130431607366</ele>
        <time>1970-01-01T00:03:06Z</time>
        <extensions>
          <gpxtpx:TrackPointExtension>
            <gpxtpx:hr>157</gpxtpx:hr>
          </gpxtpx:TrackPointExtension>
        </extensions>
      </trkpt>
      <trkpt lat="31.91557513292465" lon="120.57913423368579">
        <ele>3.1129860999062657</ele>
        <time>1970-01-01T00:03:07Z</time>
        <extensions>
          <gpxtpx:TrackPointExtension>
            <gpxtpx:hr>157</gpxtpx:hr>
          </gpxtpx:TrackPointExtension>
        </extensions>
      </trkpt>
      <trkpt lat="31.91558595863352" lon="120.57910340120988">
        <ele>3.104125994257629</ele>
        <time>1970-01-01T00:03:08Z</time>
        <extensions>
          <gpxtpx:TrackPointExtension>
            <gpxtpx:hr>156</gpxtpx:hr>
          </gpxtpx:TrackPointExtension>
        </extensions>
      </trkpt>
      <trkpt lat="31.915595841022313" lon="120.579071307789">
        <ele>3.1106459591537714</ele>
        <time>1970-01-01T00:03:09Z</time>
        <extensions>
          <gpxtpx:TrackPointExtension>
            <gpxtpx:hr>156</gpxtpx:hr>
          </gpxtpx:TrackPointExtension>
        </extensions>
      </trkpt>
      <trkpt lat="31.915605122921097" lon="120.57903812175537">
        <ele>3.1333389887586236</ele>
        <time>1970-01-01T00:03:10Z</time>
        <extensions>
          <gpxtpx:TrackPointExtension>
            <gpxtpx:hr>156</gpxtpx:hr>
          </gpxtpx:TrackPointExtension>
        </extensions>
      </trkpt>
      <trkpt lat="31.915614485118432" lon="120.57900352856025">
        <ele>3.158604586496949</ele>
        <time>1970-01-01T00:03:11Z</time>
        <extensions>
          <gpxtpx:TrackPointExtension>
            <gpxtpx:hr>156</gpxtpx:hr>
          </gpxtpx:TrackPointExtension>
        </extensions>
      </trkpt>
      <trkpt lat="31.915624923816495" lon="120.57896873846711">
        <ele>3.19028780143708</ele>
        <time>1970-01-01T00:03:12Z</time>
        <extensions>
          <gpxtpx:TrackPointExtension>
            <gpxtpx:hr>156</gpxtpx:hr>
          </gpxtpx:TrackPointExtension>
        </extensions>
      </trkpt>
      <trkpt lat="31.915636685766394" lon="120.57893498714998">
        <ele>3.2217698274180293</ele>
        <time>1970-01-01T00:03:13Z</time>
        <extensions>
          <gpxtpx:TrackPointExtension>
            <gpxtpx:hr>158</gpxtpx:hr>
          </gpxtpx:TrackPointExtension>
        </extensions>
      </trkpt>
      <trkpt lat="31.915649041414138" lon="120.57890191240253">
        <ele>3.254900780506432</ele>
        <time>1970-01-01T00:03:14Z</time>
        <extensions>
          <gpxtpx:TrackPointExtension>
            <gpxtpx:hr>158</gpxtpx:hr>
          </gpxtpx:TrackPointExtension>
        </extensions>
      </trkpt>
      <trkpt lat="31.91566103606342" lon="120.5788685403639">
        <ele>3.2993140695616603</ele>
        <time>1970-01-01T00:03:15Z</time>
        <extensions>
          <gpxtpx:TrackPointExtension>
            <gpxtpx:hr>158</gpxtpx:hr>
          </gpxtpx:TrackPointExtension>
        </extensions>
      </trkpt>
      <trkpt lat="31.91567277649696" lon="120.57883443817141">
        <ele>3.3555044969543815</ele>
        <time>1970-01-01T00:03:16Z</time>
        <extensions>
          <gpxtpx:TrackPointExtension>
            <gpxtpx:hr>158</gpxtpx:hr>
          </gpxtpx:TrackPointExtension>
        </extensions>
      </trkpt>
      <trkpt lat="31.915684541320907" lon="120.57879984688078">
        <ele>3.431308834813535</ele>
        <time>1970-01-01T00:03:17Z</time>
        <extensions>
          <gpxtpx:TrackPointExtension>
            <gpxtpx:hr>158</gpxtpx:hr>
          </gpxtpx:TrackPointExtension>
        </extensions>
      </trkpt>
      <trkpt lat="31.915695955439965" lon="120.5787651968697">
        <ele>3.507390552200377</ele>
        <time>1970-01-01T00:03:18Z</time>
        <extensions>
          <gpxtpx:TrackPointExtension>
            <gpxtpx:hr>159</gpxtpx:hr>
          </gpxtpx:TrackPointExtension>
        </extensions>
      </trkpt>
      <trkpt lat="31.915706781378702" lon="120.57873053369164">
        <ele>3.5892650885507464</ele>
        <time>1970-01-01T00:03:19Z</time>
        <extensions>
          <gpxtpx:TrackPointExtension>
            <gpxtpx:hr>159</gpxtpx:hr>
          </gpxtpx:TrackPointExtension>
        </extensions>
      </trkpt>
      <trkpt lat="31.915717100359196" lon="120.57869599519091">
        <ele>3.6633530808612704</ele>
        <time>1970-01-01T00:03:20Z</time>
        <extensions>
          <gpxtpx:TrackPointExtension>
            <gpxtpx:hr>159</gpxtpx:hr>
          </gpxtpx:TrackPointExtension>
        </extensions>
      </trkpt>
      <trkpt lat="31.915727180498134" lon="120.57866169177922">
        <ele>3.739379733800888</ele>
        <time>1970-01-01T00:03:21Z</time>
        <extensions>
          <gpxtpx:TrackPointExtension>
            <gpxtpx:hr>162</gpxtpx:hr>
          </gpxtpx:TrackPointExtension>
        </extensions>
      </trkpt>
      <trkpt lat="31.91573760301261" lon="120.57862729712467">
        <ele>3.827657653950155</ele>
        <time>1970-01-01T00:03:22Z</time>
        <extensions>
          <gpxtpx:TrackPointExtension>
            <gpxtpx:hr>162</gpxtpx:hr>
          </gpxtpx:TrackPointExtension>
        </extensions>
      </trkpt>
      <trkpt lat="31.915748139518303" lon="120.57859293104914">
        <ele>3.921794695779681</ele>
        <time>1970-01-01T00:03:23Z</time>
        <extensions>
          <gpxtpx:TrackPointExtension>
            <gpxtpx:hr>162</gpxtpx:hr>
          </gpxtpx:TrackPointExtension>
        </extensions>
      </trkpt>
      <trkpt lat="31.915758694270195" lon="120.57855810669601">
        <ele>4.000098517164588</ele>
        <time>1970-01-01T00:03:24Z</time>
        <extensions>
          <gpxtpx:TrackPointExtension>
            <gpxtpx:hr>162</gpxtpx:hr>
          </gpxtpx:TrackPointExtension>
        </extensions>
      </trkpt>
      <trkpt lat="31.915769441185102" lon="120.5785230257479">
        <ele>4.068210635334253</ele>
        <time>1970-01-01T00:03:25Z</time>
        <extensions>
          <gpxtpx:TrackPointExtension>
            <gpxtpx:hr>162</gpxtpx:hr>
          </gpxtpx:TrackPointExtension>
        </extensions>
      </trkpt>
      <trkpt lat="31.91578043533415" lon="120.57848861673854">
        <ele>4.139660377055407</ele>
        <time>1970-01-01T00:03:26Z</time>
        <extensions>
          <gpxtpx:TrackPointExtension>
            <gpxtpx:hr>162</gpxtpx:hr>
          </gpxtpx:TrackPointExtension>
        </extensions>
      </trkpt>
      <trkpt lat="31.915791697220023" lon="120.57845475391164">
        <ele>4.1990589667111635</ele>
        <time>1970-01-01T00:03:27Z</time>
        <extensions>
          <gpxtpx:TrackPointExtension>
            <gpxtpx:hr>162</gpxtpx:hr>
          </gpxtpx:TrackPointExtension>
        </extensions>
      </trkpt>
      <trkpt lat="31.91580245512901" lon="120.57842027436432">
        <ele>4.239214211702347</ele>
        <time>1970-01-01T00:03:28Z</time>
        <extensions>
          <gpxtpx:TrackPointExtension>
            <gpxtpx:hr>167</gpxtpx:hr>
          </gpxtpx:TrackPointExtension>
        </extensions>
      </trkpt>
      <trkpt lat="31.91581303743343" lon="120.57838460820206">
        <ele>4.255565637722611</ele>
        <time>1970-01-01T00:03:29Z</time>
        <extensions>
          <gpxtpx:TrackPointExtension>
            <gpxtpx:hr>167</gpxtpx:hr>
          </gpxtpx:TrackPointExtension>
        </extensions>
      </trkpt>
      <trkpt lat="31.91582476993825" lon="120.57834838966804">
        <ele>4.268085126765072</ele>
        <time>1970-01-01T00:03:30Z</time>
        <extensions>
          <gpxtpx:TrackPointExtension>
            <gpxtpx:hr>167</gpxtpx:hr>
          </gpxtpx:TrackPointExtension>
        </extensions>
      </trkpt>
      <trkpt lat="31.91583727955706" lon="120.57831193422224">
        <ele>4.272239436395466</ele>
        <time>1970-01-01T00:03:31Z</time>
        <extensions>
          <gpxtpx:TrackPointExtension>
            <gpxtpx:hr>167</gpxtpx:hr>
          </gpxtpx:TrackPointExtension>
        </extensions>
      </trkpt>
      <trkpt lat="31.915849972047305" lon="120.57827536488223">
        <ele>4.2567884577438235</ele>
        <time>1970-01-01T00:03:32Z</time>
        <extensions>
          <gpxtpx:TrackPointExtension>
            <gpxtpx:hr>167</gpxtpx:hr>
          </gpxtpx:TrackPointExtension>
        </extensions>
      </trkpt>
      <trkpt lat="31.91586234700784" lon="120.57823874416485">
        <ele>4.236207749694586</ele>
        <time>1970-01-01T00:03:33Z</time>
        <extensions>
          <gpxtpx:TrackPointExtension>
            <gpxtpx:hr>167</gpxtpx:hr>
          </gpxtpx:TrackPointExtension>
        </extensions>
      </trkpt>
      <trkpt lat="31.91587378282609" lon="120.57820162572482">
        <ele>4.203082490712404</ele>
        <time>1970-01-01T00:03:34Z</time>
        <extensions>
          <gpxtpx:TrackPointExtension>
            <gpxtpx:hr>169</gpxtpx:hr>
          </gpxtpx:TrackPointExtension>
        </extensions>
      </trkpt>
      <trkpt lat="31.915884888957606" lon="120.57816434441014">
        <ele>4.15492925979197</ele>
        <time>1970-01-01T00:03:35Z</time>
        <extensions>
          <gpxtpx:TrackPointExtension>
            <gpxtpx:hr>169</gpxtpx:hr>
          </gpxtpx:TrackPointExtension>
        </extensions>
      </trkpt>
      <trkpt lat="31.91589660505424" lon="120.57812762231492">
        <ele>4.110973315313458</ele>
        <time>1970-01-01T00:03:36Z</time>
        <extensions>
          <gpxtpx:TrackPointExtension>
            <gpxtpx:hr>169</gpxtpx:hr>
          </gpxtpx:TrackPointExtension>
        </extensions>
      </trkpt>
      <trkpt lat="31.915908840618762" lon="120.57809109976115">
        <ele>4.04425373673439</ele>
        <time>1970-01-01T00:03:37Z</time>
        <extensions>
          <gpxtpx:TrackPointExtension>
            <gpxtpx:hr>169</gpxtpx:hr>
          </gpxtpx:TrackPointExtension>
        </extensions>
      </trkpt>
      <trkpt lat="31.915920751362613" lon="120.5780541008825">
        <ele>3.9767217421904206</ele>
        <time>1970-01-01T00:03:38Z</time>
        <extensions>
          <gpxtpx:TrackPointExtension>
            <gpxtpx:hr>169</gpxtpx:hr>
          </gpxtpx:TrackPointExtension>
        </extensions>
      </trkpt>
      <trkpt lat="31.9159327319766" lon="120.57801720809162">
        <ele>3.9039356289431453</ele>
        <time>1970-01-01T00:03:39Z</time>
        <extensions>
          <gpxtpx:TrackPointExtension>
            <gpxtpx:hr>170</gpxtpx:hr>
          </gpxtpx:TrackPointExtension>
        </extensions>
      </trkpt>
      <trkpt lat="31.915945287345362" lon="120.57798093250288">
        <ele>3.818587601184845</ele>
        <time>1970-01-01T00:03:40Z</time>
        <extensions>
          <gpxtpx:TrackPointExtension>
            <gpxtpx:hr>170</gpxtpx:hr>
          </gpxtpx:TrackPointExtension>
        </extensions>
      </trkpt>
      <trkpt lat="31.91595732516681" lon="120.57794481411553">
        <ele>3.756463624536991</ele>
        <time>1970-01-01T00:03:41Z</time>
        <extensions>
          <gpxtpx:TrackPointExtension>
            <gpxtpx:hr>170</gpxtpx:hr>
          </gpxtpx:TrackPointExtension>
        </extensions>
      </trkpt>
      <trkpt lat="31.9159684538108" lon="120.5779087390915">
        <ele>3.703391163609922</ele>
        <time>1970-01-01T00:03:42Z</time>
        <extensions>
          <gpxtpx:TrackPointExtension>
            <gpxtpx:hr>170</gpxtpx:hr>
          </gpxtpx:TrackPointExtension>
        </extensions>
      </trkpt>
      <trkpt lat="31.915979495798872" lon="120.57787300096446">
        <ele>3.640652298927307</ele>
        <time>1970-01-01T00:03:43Z</time>
        <extensions>
          <gpxtpx:TrackPointExtension>
            <gpxtpx:hr>170</gpxtpx:hr>
          </gpxtpx:TrackPointExtension>
        </extensions>
      </trkpt>
      <trkpt lat="31.91599088035045" lon="120.5778374966717">
        <ele>3.580280227586627</ele>
        <time>1970-01-01T00:03:44Z</time>
        <extensions>
          <gpxtpx:TrackPointExtension>
            <gpxtpx:hr>170</gpxtpx:hr>
          </gpxtpx:TrackPointExtension>
        </extensions>
      </trkpt>
      <trkpt lat="31.91600259387981" lon="120.57780230595645">
        <ele>3.5315419798716903</ele>
        <time>1970-01-01T00:03:45Z</time>
        <extensions>
          <gpxtpx:TrackPointExtension>
            <gpxtpx:hr>171</gpxtpx:hr>
          </gpxtpx:TrackPointExtension>
        </extensions>
      </trkpt>
      <trkpt lat="31.91601440790493" lon="120.577767861308">
        <ele>3.4884888231754303</ele>
        <time>1970-01-01T00:03:46Z</time>
        <extensions>
          <gpxtpx:TrackPointExtension>
            <gpxtpx:hr>171</gpxtpx:hr>
          </gpxtpx:TrackPointExtension>
        </extensions>
      </trkpt>
      <trkpt lat="31.916026330721387" lon="120.57773441939109">
        <ele>3.4617051109671593</ele>
        <time>1970-01-01T00:03:47Z</time>
        <extensions>
          <gpxtpx:TrackPointExtension>
            <gpxtpx:hr>171</gpxtpx:hr>
          </gpxtpx:TrackPointExtension>
        </extensions>
      </trkpt>
      <trkpt lat="31.916038036079907" lon="120.57770137868756">
        <ele>3.4447006192058325</ele>
        <time>1970-01-01T00:03:48Z</time>
        <extensions>
          <gpxtpx:TrackPointExtension>
            <gpxtpx:hr>172</gpxtpx:hr>
          </gpxtpx:TrackPointExtension>
        </extensions>
      </trkpt>
      <trkpt lat="31.91604862838501" lon="120.57766816147398">
        <ele>3.433032598346472</ele>
        <time>1970-01-01T00:03:49Z</time>
        <extensions>
          <gpxtpx:TrackPointExtension>
            <gpxtpx:hr>172</gpxtpx:hr>
          </gpxtpx:TrackPointExtension>
        </extensions>
      </trkpt>
      <trkpt lat="31.91605787837646" lon="120.57763445917695">
        <ele>3.4238423462957144</ele>
        <time>1970-01-01T00:03:50Z</time>
        <extensions>
          <gpxtpx:TrackPointExtension>
            <gpxtpx:hr>172</gpxtpx:hr>
          </gpxtpx:TrackPointExtension>
        </extensions>
      </trkpt>
      <trkpt lat="31.916066294344173" lon="120.57760069505339">
        <ele>3.432174516841769</ele>
        <time>1970-01-01T00:03:51Z</time>
        <extensions>
          <gpxtpx:TrackPointExtension>
            <gpxtpx:hr>172</gpxtpx:hr>
          </gpxtpx:TrackPointExtension>
        </extensions>
      </trkpt>
      <trkpt lat="31.916075781018346" lon="120.57756836636744">
        <ele>3.4583090906962752</ele>
        <time>1970-01-01T00:03:52Z</time>
        <extensions>
          <gpxtpx:TrackPointExtension>
            <gpxtpx:hr>172</gpxtpx:hr>
          </gpxtpx:TrackPointExtension>
        </extensions>
      </trkpt>
      <trkpt lat="31.916086980876624" lon="120.57753719502492">
        <ele>3.478463294915855</ele>
        <time>1970-01-01T00:03:53Z</time>
        <extensions>
          <gpxtpx:TrackPointExtension>
            <gpxtpx:hr>172</gpxtpx:hr>
          </gpxtpx:TrackPointExtension>
        </extensions>
      </trkpt>
      <trkpt lat="31.916098795876277" lon="120.577505697835">
        <ele>3.4837545808404684</ele>
        <time>1970-01-01T00:03:54Z</time>
        <extensions>
          <gpxtpx:TrackPointExtension>
            <gpxtpx:hr>172</gpxtpx:hr>
          </gpxtpx:TrackPointExtension>
        </extensions>
      </trkpt>
      <trkpt lat="31.916110510975827" lon="120.57747368542151">
        <ele>3.4964243303984404</ele>
        <time>1970-01-01T00:03:55Z</time>
        <extensions>
          <gpxtpx:TrackPointExtension>
            <gpxtpx:hr>172</gpxtpx:hr>
          </gpxtpx:TrackPointExtension>
        </extensions>
      </trkpt>
      <trkpt lat="31.91612186376507" lon="120.57744190724947">
        <ele>3.5402697138488293</ele>
        <time>1970-01-01T00:03:56Z</time>
        <extensions>
          <gpxtpx:TrackPointExtension>
            <gpxtpx:hr>172</gpxtpx:hr>
          </gpxtpx:TrackPointExtension>
        </extensions>
      </trkpt>
      <trkpt lat="31.916132888160455" lon="120.5774104584681">
        <ele>3.5907094040885568</ele>
        <time>1970-01-01T00:03:57Z</time>
        <extensions>
          <gpxtpx:TrackPointExtension>
            <gpxtpx:hr>172</gpxtpx:hr>
          </gpxtpx:TrackPointExtension>
        </extensions>
      </trkpt>
      <trkpt lat="31.916144405713943" lon="120.57737948372755">
        <ele>3.6466926094144583</ele>
        <time>1970-01-01T00:03:58Z</time>
        <extensions>
          <gpxtpx:TrackPointExtension>
            <gpxtpx:hr>172</gpxtpx:hr>
          </gpxtpx:TrackPointExtension>
        </extensions>
      </trkpt>
      <trkpt lat="31.916156667378488" lon="120.57734882948357">
        <ele>3.691246535629034</ele>
        <time>1970-01-01T00:03:59Z</time>
        <extensions>
          <gpxtpx:TrackPointExtension>
            <gpxtpx:hr>172</gpxtpx:hr>
          </gpxtpx:TrackPointExtension>
        </extensions>
      </trkpt>
      <trkpt lat="31.916169476497966" lon="120.57731909601964">
        <ele>3.7429971508681774</ele>
        <time>1970-01-01T00:04:00Z</time>
        <extensions>
          <gpxtpx:TrackPointExtension>
            <gpxtpx:hr>172</gpxtpx:hr>
          </gpxtpx:TrackPointExtension>
        </extensions>
      </trkpt>
      <trkpt lat="31.916184171012723" lon="120.57729215796739">
        <ele>3.7782467948272824</ele>
        <time>1970-01-01T00:04:01Z</time>
        <extensions>
          <gpxtpx:TrackPointExtension>
            <gpxtpx:hr>172</gpxtpx:hr>
          </gpxtpx:TrackPointExtension>
        </extensions>
      </trkpt>
      <trkpt lat="31.91620359035261" lon="120.57727088484317">
        <ele>3.819800483994186</ele>
        <time>1970-01-01T00:04:02Z</time>
        <extensions>
          <gpxtpx:TrackPointExtension>
            <gpxtpx:hr>172</gpxtpx:hr>
          </gpxtpx:TrackPointExtension>
        </extensions>
      </trkpt>
      <trkpt lat="31.91622851748461" lon="120.57725838876324">
        <ele>3.869374606758356</ele>
        <time>1970-01-01T00:04:03Z</time>
        <extensions>
          <gpxtpx:TrackPointExtension>
            <gpxtpx:hr>172</gpxtpx:hr>
          </gpxtpx:TrackPointExtension>
        </extensions>
      </trkpt>
      <trkpt lat="31.916256932169357" lon="120.57725483563716">
        <ele>3.903140432201326</ele>
        <time>1970-01-01T00:04:04Z</time>
        <extensions>
          <gpxtpx:TrackPointExtension>
            <gpxtpx:hr>172</gpxtpx:hr>
          </gpxtpx:TrackPointExtension>
        </extensions>
      </trkpt>
      <trkpt lat="31.91628668176571" lon="120.57725917441444">
        <ele>3.920195077545941</ele>
        <time>1970-01-01T00:04:05Z</time>
        <extensions>
          <gpxtpx:TrackPointExtension>
            <gpxtpx:hr>173</gpxtpx:hr>
          </gpxtpx:TrackPointExtension>
        </extensions>
      </trkpt>
      <trkpt lat="31.916315640083532" lon="120.57726964821377">
        <ele>3.9486229112371802</ele>
        <time>1970-01-01T00:04:06Z</time>
        <extensions>
          <gpxtpx:TrackPointExtension>
            <gpxtpx:hr>173</gpxtpx:hr>
          </gpxtpx:TrackPointExtension>
        </extensions>
      </trkpt>
      <trkpt lat="31.916343155220048" lon="120.57728334630234">
        <ele>3.9737475039437413</ele>
        <time>1970-01-01T00:04:07Z</time>
        <extensions>
          <gpxtpx:TrackPointExtension>
            <gpxtpx:hr>173</gpxtpx:hr>
          </gpxtpx:TrackPointExtension>
        </extensions>
      </trkpt>
      <trkpt lat="31.916369867268962" lon="120.57729781546367">
        <ele>3.969871612265706</ele>
        <time>1970-01-01T00:04:08Z</time>
        <extensions>
          <gpxtpx:TrackPointExtension>
            <gpxtpx:hr>173</gpxtpx:hr>
          </gpxtpx:TrackPointExtension>
        </extensions>
      </trkpt>
      <trkpt lat="31.91639665851783" lon="120.57731167479167">
        <ele>3.962027342058718</ele>
        <time>1970-01-01T00:04:09Z</time>
        <extensions>
          <gpxtpx:TrackPointExtension>
            <gpxtpx:hr>173</gpxtpx:hr>
          </gpxtpx:TrackPointExtension>
        </extensions>
      </trkpt>
      <trkpt lat="31.916423978279802" lon="120.57732455221729">
        <ele>3.971528279595077</ele>
        <time>1970-01-01T00:04:10Z</time>
        <extensions>
          <gpxtpx:TrackPointExtension>
            <gpxtpx:hr>173</gpxtpx:hr>
          </gpxtpx:TrackPointExtension>
        </extensions>
      </trkpt>
      <trkpt lat="31.916451446806487" lon="120.57733727418425">
        <ele>3.97351938392967</ele>
        <time>1970-01-01T00:04:11Z</time>
        <extensions>
          <gpxtpx:TrackPointExtension>
            <gpxtpx:hr>173</gpxtpx:hr>
          </gpxtpx:TrackPointExtension>
        </extensions>
      </trkpt>
      <trkpt lat="31.91647858813223" lon="120.57735091077758">
        <ele>3.952879066579044</ele>
        <time>1970-01-01T00:04:12Z</time>
        <extensions>
          <gpxtpx:TrackPointExtension>
            <gpxtpx:hr>173</gpxtpx:hr>
          </gpxtpx:TrackPointExtension>
        </extensions>
      </trkpt>
      <trkpt lat="31.916505250294115" lon="120.57736520861762">
        <ele>3.923396239988506</ele>
        <time>1970-01-01T00:04:13Z</time>
        <extensions>
          <gpxtpx:TrackPointExtension>
            <gpxtpx:hr>173</gpxtpx:hr>
          </gpxtpx:TrackPointExtension>
        </extensions>
      </trkpt>
      <trkpt lat="31.91653137311006" lon="120.57737930154413">
        <ele>3.9138265093788505</ele>
        <time>1970-01-01T00:04:14Z</time>
        <extensions>
          <gpxtpx:TrackPointExtension>
            <gpxtpx:hr>173</gpxtpx:hr>
          </gpxtpx:TrackPointExtension>
        </extensions>
      </trkpt>
      <trkpt lat="31.916557429230977" lon="120.57739297874735">
        <ele>3.9090567156672478</ele>
        <time>1970-01-01T00:04:15Z</time>
        <extensions>
          <gpxtpx:TrackPointExtension>
            <gpxtpx:hr>173</gpxtpx:hr>
          </gpxtpx:TrackPointExtension>
        </extensions>
      </trkpt>
      <trkpt lat="31.916583719598165" lon="120.5774063340859">
        <ele>3.8821967653930187</ele>
        <time>1970-01-01T00:04:16Z</time>
        <extensions>
          <gpxtpx:TrackPointExtension>
            <gpxtpx:hr>173</gpxtpx:hr>
          </gpxtpx:TrackPointExtension>
        </extensions>
      </trkpt>
      <trkpt lat="31.916609794297774" lon="120.57741955381398">
        <ele>3.8594253081828356</ele>
        <time>1970-01-01T00:04:17Z</time>
        <extensions>
          <gpxtpx:TrackPointExtension>
            <gpxtpx:hr>173</gpxtpx:hr>
          </gpxtpx:TrackPointExtension>
        </extensions>
      </trkpt>
      <trkpt lat="31.91663580503361" lon="120.57743314704838">
        <ele>3.8463811175897717</ele>
        <time>1970-01-01T00:04:18Z</time>
        <extensions>
          <gpxtpx:TrackPointExtension>
            <gpxtpx:hr>173</gpxtpx:hr>
          </gpxtpx:TrackPointExtension>
        </extensions>
      </trkpt>
      <trkpt lat="31.91666226995347" lon="120.57744677877633">
        <ele>3.833136046305299</ele>
        <time>1970-01-01T00:04:19Z</time>
        <extensions>
          <gpxtpx:TrackPointExtension>
            <gpxtpx:hr>173</gpxtpx:hr>
          </gpxtpx:TrackPointExtension>
        </extensions>
      </trkpt>
      <trkpt lat="31.916688596106464" lon="120.57745962499908">
        <ele>3.8140782322734594</ele>
        <time>1970-01-01T00:04:20Z</time>
        <extensions>
          <gpxtpx:TrackPointExtension>
            <gpxtpx:hr>173</gpxtpx:hr>
          </gpxtpx:TrackPointExtension>
        </extensions>
      </trkpt>
      <trkpt lat="31.916713892470288" lon="120.57747188706799">
        <ele>3.793859403580427</ele>
        <time>1970-01-01T00:04:21Z</time>
        <extensions>
          <gpxtpx:TrackPointExtension>
            <gpxtpx:hr>173</gpxtpx:hr>
          </gpxtpx:TrackPointExtension>
        </extensions>
      </trkpt>
      <trkpt lat="31.916738506316417" lon="120.57748449489824">
        <ele>3.7786325020715594</ele>
        <time>1970-01-01T00:04:22Z</time>
        <extensions>
          <gpxtpx:TrackPointExtension>
            <gpxtpx:hr>173</gpxtpx:hr>
          </gpxtpx:TrackPointExtension>
        </extensions>
      </trkpt>
      <trkpt lat="31.916762882049756" lon="120.57749742096794">
        <ele>3.7808363009244204</ele>
        <time>1970-01-01T00:04:23Z</time>
        <extensions>
          <gpxtpx:TrackPointExtension>
            <gpxtpx:hr>173</gpxtpx:hr>
          </gpxtpx:TrackPointExtension>
        </extensions>
      </trkpt>
      <trkpt lat="31.916786911503806" lon="120.57750987570799">
        <ele>3.7747924914583564</ele>
        <time>1970-01-01T00:04:24Z</time>
        <extensions>
          <gpxtpx:TrackPointExtension>
            <gpxtpx:hr>173</gpxtpx:hr>
          </gpxtpx:TrackPointExtension>
        </extensions>
      </trkpt>
      <trkpt lat="31.916810948864466" lon="120.57752149250778">
        <ele>3.7681615939363837</ele>
        <time>1970-01-01T00:04:25Z</time>
        <extensions>
          <gpxtpx:TrackPointExtension>
            <gpxtpx:hr>173</gpxtpx:hr>
          </gpxtpx:TrackPointExtension>
        </extensions>
      </trkpt>
      <trkpt lat="31.91683549083812" lon="120.57753340069183">
        <ele>3.7638506442308426</ele>
        <time>1970-01-01T00:04:26Z</time>
        <extensions>
          <gpxtpx:TrackPointExtension>
            <gpxtpx:hr>173</gpxtpx:hr>
          </gpxtpx:TrackPointExtension>
        </extensions>
      </trkpt>
      <trkpt lat="31.91686058437303" lon="120.57754603741773">
        <ele>3.7731585316359997</ele>
        <time>1970-01-01T00:04:27Z</time>
        <extensions>
          <gpxtpx:TrackPointExtension>
            <gpxtpx:hr>173</gpxtpx:hr>
          </gpxtpx:TrackPointExtension>
        </extensions>
      </trkpt>
      <trkpt lat="31.916885682616652" lon="120.57755824142812">
        <ele>3.78701557777822</ele>
        <time>1970-01-01T00:04:28Z</time>
        <extensions>
          <gpxtpx:TrackPointExtension>
            <gpxtpx:hr>172</gpxtpx:hr>
          </gpxtpx:TrackPointExtension>
        </extensions>
      </trkpt>
      <trkpt lat="31.91691092385404" lon="120.57756976195544">
        <ele>3.8014951208606362</ele>
        <time>1970-01-01T00:04:29Z</time>
        <extensions>
          <gpxtpx:TrackPointExtension>
            <gpxtpx:hr>172</gpxtpx:hr>
          </gpxtpx:TrackPointExtension>
        </extensions>
      </trkpt>
      <trkpt lat="31.916936510564373" lon="120.57758186498954">
        <ele>3.806375913321972</ele>
        <time>1970-01-01T00:04:30Z</time>
        <extensions>
          <gpxtpx:TrackPointExtension>
            <gpxtpx:hr>172</gpxtpx:hr>
          </gpxtpx:TrackPointExtension>
        </extensions>
      </trkpt>
      <trkpt lat="31.916961941032554" lon="120.57759543543523">
        <ele>3.819117776118219</ele>
        <time>1970-01-01T00:04:31Z</time>
        <extensions>
          <gpxtpx:TrackPointExtension>
            <gpxtpx:hr>172</gpxtpx:hr>
          </gpxtpx:TrackPointExtension>
        </extensions>
      </trkpt>
      <trkpt lat="31.91698734714132" lon="120.5776097691268">
        <ele>3.8237079242244363</ele>
        <time>1970-01-01T00:04:32Z</time>
        <extensions>
          <gpxtpx:TrackPointExtension>
            <gpxtpx:hr>171</gpxtpx:hr>
          </gpxtpx:TrackPointExtension>
        </extensions>
      </trkpt>
      <trkpt lat="31.917013165999837" lon="120.5776234337318">
        <ele>3.8558850893750787</ele>
        <time>1970-01-01T00:04:33Z</time>
        <extensions>
          <gpxtpx:TrackPointExtension>
            <gpxtpx:hr>171</gpxtpx:hr>
          </gpxtpx:TrackPointExtension>
        </extensions>
      </trkpt>
      <trkpt lat="31.91703912726586" lon="120.57763661471277">
        <ele>3.896105643361807</ele>
        <time>1970-01-01T00:04:34Z</time>
        <extensions>
          <gpxtpx:TrackPointExtension>
            <gpxtpx:hr>171</gpxtpx:hr>
          </gpxtpx:TrackPointExtension>
        </extensions>
      </trkpt>
      <trkpt lat="31.9170655488211" lon="120.57764997458372">
        <ele>3.942898237146437</ele>
        <time>1970-01-01T00:04:35Z</time>
        <extensions>
          <gpxtpx:TrackPointExtension>
            <gpxtpx:hr>171</gpxtpx:hr>
          </gpxtpx:TrackPointExtension>
        </extensions>
      </trkpt>
      <trkpt lat="31.91709269571879" lon="120.57766284605394">
        <ele>3.9787126071751118</ele>
        <time>1970-01-01T00:04:36Z</time>
        <extensions>
          <gpxtpx:TrackPointExtension>
            <gpxtpx:hr>171</gpxtpx:hr>
          </gpxtpx:TrackPointExtension>
        </extensions>
      </trkpt>
      <trkpt lat="31.91712004278961" lon="120.57767462085693">
        <ele>4.025521389208734</ele>
        <time>1970-01-01T00:04:37Z</time>
        <extensions>
          <gpxtpx:TrackPointExtension>
            <gpxtpx:hr>172</gpxtpx:hr>
          </gpxtpx:TrackPointExtension>
        </extensions>
      </trkpt>
      <trkpt lat="31.917147103039365" lon="120.57768589612172">
        <ele>4.0691941399127245</ele>
        <time>1970-01-01T00:04:38Z</time>
        <extensions>
          <gpxtpx:TrackPointExtension>
            <gpxtpx:hr>172</gpxtpx:hr>
          </gpxtpx:TrackPointExtension>
        </extensions>
      </trkpt>
      <trkpt lat="31.91717398886939" lon="120.57769724615353">
        <ele>4.1010074140504</ele>
        <time>1970-01-01T00:04:39Z</time>
        <extensions>
          <gpxtpx:TrackPointExtension>
            <gpxtpx:hr>172</gpxtpx:hr>
          </gpxtpx:TrackPointExtension>
        </extensions>
      </trkpt>
      <trkpt lat="31.91720101375564" lon="120.57770834915362">
        <ele>4.136963345110416</ele>
        <time>1970-01-01T00:04:40Z</time>
        <extensions>
          <gpxtpx:TrackPointExtension>
            <gpxtpx:hr>172</gpxtpx:hr>
          </gpxtpx:TrackPointExtension>
        </extensions>
      </trkpt>
      <trkpt lat="31.91722831490967" lon="120.57771934416304">
        <ele>4.16883478872478</ele>
        <time>1970-01-01T00:04:41Z</time>
        <extensions>
          <gpxtpx:TrackPointExtension>
            <gpxtpx:hr>172</gpxtpx:hr>
          </gpxtpx:TrackPointExtension>
        </extensions>
      </trkpt>
      <trkpt lat="31.91725557920704" lon="120.57773108093346">
        <ele>4.217379313893616</ele>
        <time>1970-01-01T00:04:42Z</time>
        <extensions>
          <gpxtpx:TrackPointExtension>
            <gpxtpx:hr>174</gpxtpx:hr>
          </gpxtpx:TrackPointExtension>
        </extensions>
      </trkpt>
      <trkpt lat="31.917282568849878" lon="120.57774404187376">
        <ele>4.259820896200836</ele>
        <time>1970-01-01T00:04:43Z</time>
        <extensions>
          <gpxtpx:TrackPointExtension>
            <gpxtpx:hr>174</gpxtpx:hr>
          </gpxtpx:TrackPointExtension>
        </extensions>
      </trkpt>
      <trkpt lat="31.917309533481475" lon="120.57775741490286">
        <ele>4.295886824838817</ele>
        <time>1970-01-01T00:04:44Z</time>
        <extensions>
          <gpxtpx:TrackPointExtension>
            <gpxtpx:hr>174</gpxtpx:hr>
          </gpxtpx:TrackPointExtension>
        </extensions>
      </trkpt>
      <trkpt lat="31.917336722365217" lon="120.57777066785941">
        <ele>4.335356115363538</ele>
        <time>1970-01-01T00:04:45Z</time>
        <extensions>
          <gpxtpx:TrackPointExtension>
            <gpxtpx:hr>174</gpxtpx:hr>
          </gpxtpx:TrackPointExtension>
        </extensions>
      </trkpt>
      <trkpt lat="31.91736407717986" lon="120.57778446156169">
        <ele>4.365390229970217</ele>
        <time>1970-01-01T00:04:46Z</time>
        <extensions>
          <gpxtpx:TrackPointExtension>
            <gpxtpx:hr>174</gpxtpx:hr>
          </gpxtpx:TrackPointExtension>
        </extensions>
      </trkpt>
      <trkpt lat="31.917391202396555" lon="120.57779910463671">
        <ele>4.3885429902002215</ele>
        <time>1970-01-01T00:04:47Z</time>
        <extensions>
          <gpxtpx:TrackPointExtension>
            <gpxtpx:hr>174</gpxtpx:hr>
          </gpxtpx:TrackPointExtension>
        </extensions>
      </trkpt>
      <trkpt lat="31.91741832201598" lon="120.57781393010998">
        <ele>4.414017289876938</ele>
        <time>1970-01-01T00:04:48Z</time>
        <extensions>
          <gpxtpx:TrackPointExtension>
            <gpxtpx:hr>174</gpxtpx:hr>
          </gpxtpx:TrackPointExtension>
        </extensions>
      </trkpt>
      <trkpt lat="31.917445702361714" lon="120.57782913465728">
        <ele>4.423764031380415</ele>
        <time>1970-01-01T00:04:49Z</time>
        <extensions>
          <gpxtpx:TrackPointExtension>
            <gpxtpx:hr>174</gpxtpx:hr>
          </gpxtpx:TrackPointExtension>
        </extensions>
      </trkpt>
      <trkpt lat="31.91747401023668" lon="120.57784448539282">
        <ele>4.427617157809436</ele>
        <time>1970-01-01T00:04:50Z</time>
        <extensions>
          <gpxtpx:TrackPointExtension>
            <gpxtpx:hr>174</gpxtpx:hr>
          </gpxtpx:TrackPointExtension>
        </extensions>
      </trkpt>
      <trkpt lat="31.917503324191863" lon="120.57785894882474">
        <ele>4.450439733453095</ele>
        <time>1970-01-01T00:04:51Z</time>
        <extensions>
          <gpxtpx:TrackPointExtension>
            <gpxtpx:hr>174</gpxtpx:hr>
          </gpxtpx:TrackPointExtension>
        </extensions>
      </trkpt>
      <trkpt lat="31.917532793568295" lon="120.57787296510685">
        <ele>4.466488113626838</ele>
        <time>1970-01-01T00:04:52Z</time>
        <extensions>
          <gpxtpx:TrackPointExtension>
            <gpxtpx:hr>174</gpxtpx:hr>
          </gpxtpx:TrackPointExtension>
        </extensions>
      </trkpt>
      <trkpt lat="31.917562133660915" lon="120.57788663770778">
        <ele>4.46761205047369</ele>
        <time>1970-01-01T00:04:53Z</time>
        <extensions>
          <gpxtpx:TrackPointExtension>
            <gpxtpx:hr>174</gpxtpx:hr>
          </gpxtpx:TrackPointExtension>
        </extensions>
      </trkpt>
      <trkpt lat="31.917591252257804" lon="120.57790036587559">
        <ele>4.458047359250486</ele>
        <time>1970-01-01T00:04:54Z</time>
        <extensions>
          <gpxtpx:TrackPointExtension>
            <gpxtpx:hr>174</gpxtpx:hr>
          </gpxtpx:TrackPointExtension>
        </extensions>
      </trkpt>
      <trkpt lat="31.917620132586414" lon="120.57791470686318">
        <ele>4.449090003967285</ele>
        <time>1970-01-01T00:04:55Z</time>
        <extensions>
          <gpxtpx:TrackPointExtension>
            <gpxtpx:hr>174</gpxtpx:hr>
          </gpxtpx:TrackPointExtension>
        </extensions>
      </trkpt>
      <trkpt lat="31.91764908002754" lon="120.5779287182861">
        <ele>4.440052507445216</ele>
        <time>1970-01-01T00:04:56Z</time>
        <extensions>
          <gpxtpx:TrackPointExtension>
            <gpxtpx:hr>174</gpxtpx:hr>
          </gpxtpx:TrackPointExtension>
        </extensions>
      </trkpt>
      <trkpt lat="31.91767869819692" lon="120.57794211876514">
        <ele>4.439621693454683</ele>
        <time>1970-01-01T00:04:57Z</time>
        <extensions>
          <gpxtpx:TrackPointExtension>
            <gpxtpx:hr>174</gpxtpx:hr>
          </gpxtpx:TrackPointExtension>
        </extensions>
      </trkpt>
      <trkpt lat="31.917708874149486" lon="120.57795592483889">
        <ele>4.430437883362174</ele>
        <time>1970-01-01T00:04:58Z</time>
        <extensions>
          <gpxtpx:TrackPointExtension>
            <gpxtpx:hr>174</gpxtpx:hr>
          </gpxtpx:TrackPointExtension>
        </extensions>
      </trkpt>
      <trkpt lat="31.917738812354234" lon="120.57797088114238">
        <ele>4.418227821588516</ele>
        <time>1970-01-01T00:04:59Z</time>
        <extensions>
          <gpxtpx:TrackPointExtension>
            <gpxtpx:hr>175</gpxtpx:hr>
          </gpxtpx:TrackPointExtension>
        </extensions>
      </trkpt>
      <trkpt lat="31.917768308890707" lon="120.5779866104311">
        <ele>4.406626963056624</ele>
        <time>1970-01-01T00:05:00Z</time>
        <extensions>
          <gpxtpx:TrackPointExtension>
            <gpxtpx:hr>175</gpxtpx:hr>
          </gpxtpx:TrackPointExtension>
        </extensions>
      </trkpt>
      <trkpt lat="31.917797565119482" lon="120.57800263194984">
        <ele>4.390592789277434</ele>
        <time>1970-01-01T00:05:01Z</time>
        <extensions>
          <gpxtpx:TrackPointExtension>
            <gpxtpx:hr>175</gpxtpx:hr>
          </gpxtpx:TrackPointExtension>
        </extensions>
      </trkpt>
      <trkpt lat="31.917826618525762" lon="120.57801819226776">
        <ele>4.384143956936896</ele>
        <time>1970-01-01T00:05:02Z</time>
        <extensions>
          <gpxtpx:TrackPointExtension>
            <gpxtpx:hr>175</gpxtpx:hr>
          </gpxtpx:TrackPointExtension>
        </extensions>
      </trkpt>
      <trkpt lat="31.91785522565028" lon="120.57803340985507">
        <ele>4.368392660282552</ele>
        <time>1970-01-01T00:05:03Z</time>
        <extensions>
          <gpxtpx:TrackPointExtension>
            <gpxtpx:hr>175</gpxtpx:hr>
          </gpxtpx:TrackPointExtension>
        </extensions>
      </trkpt>
      <trkpt lat="31.917883307280615" lon="120.57804889613953">
        <ele>4.348565380088985</ele>
        <time>1970-01-01T00:05:04Z</time>
        <extensions>
          <gpxtpx:TrackPointExtension>
            <gpxtpx:hr>176</gpxtpx:hr>
          </gpxtpx:TrackPointExtension>
        </extensions>
      </trkpt>
      <trkpt lat="31.917910996993953" lon="120.57806433874111">
        <ele>4.3291704105213284</ele>
        <time>1970-01-01T00:05:05Z</time>
        <extensions>
          <gpxtpx:TrackPointExtension>
            <gpxtpx:hr>176</gpxtpx:hr>
          </gpxtpx:TrackPointExtension>
        </extensions>
      </trkpt>
      <trkpt lat="31.917938684808764" lon="120.57807893682804">
        <ele>4.297961928881705</ele>
        <time>1970-01-01T00:05:06Z</time>
        <extensions>
          <gpxtpx:TrackPointExtension>
            <gpxtpx:hr>176</gpxtpx:hr>
          </gpxtpx:TrackPointExtension>
        </extensions>
      </trkpt>
      <trkpt lat="31.9179669042398" lon="120.57809313850778">
        <ele>4.276228856295347</ele>
        <time>1970-01-01T00:05:07Z</time>
        <extensions>
          <gpxtpx:TrackPointExtension>
            <gpxtpx:hr>176</gpxtpx:hr>
          </gpxtpx:TrackPointExtension>
        </extensions>
      </trkpt>
      <trkpt lat="31.917995433114257" lon="120.57810836456795">
        <ele>4.260972644202411</ele>
        <time>1970-01-01T00:05:08Z</time>
        <extensions>
          <gpxtpx:TrackPointExtension>
            <gpxtpx:hr>176</gpxtpx:hr>
          </gpxtpx:TrackPointExtension>
        </extensions>
      </trkpt>
      <trkpt lat="31.918024356535053" lon="120.57812444715738">
        <ele>4.243225508369505</ele>
        <time>1970-01-01T00:05:09Z</time>
        <extensions>
          <gpxtpx:TrackPointExtension>
            <gpxtpx:hr>176</gpxtpx:hr>
          </gpxtpx:TrackPointExtension>
        </extensions>
      </trkpt>
      <trkpt lat="31.918053755596624" lon="120.57813984610688">
        <ele>4.220529267564416</ele>
        <time>1970-01-01T00:05:10Z</time>
        <extensions>
          <gpxtpx:TrackPointExtension>
            <gpxtpx:hr>176</gpxtpx:hr>
          </gpxtpx:TrackPointExtension>
        </extensions>
      </trkpt>
      <trkpt lat="31.918083056398686" lon="120.57815428787157">
        <ele>4.212727865204215</ele>
        <time>1970-01-01T00:05:11Z</time>
        <extensions>
          <gpxtpx:TrackPointExtension>
            <gpxtpx:hr>176</gpxtpx:hr>
          </gpxtpx:TrackPointExtension>
        </extensions>
      </trkpt>
      <trkpt lat="31.918112176658347" lon="120.57816861519906">
        <ele>4.21442308742553</ele>
        <time>1970-01-01T00:05:12Z</time>
        <extensions>
          <gpxtpx:TrackPointExtension>
            <gpxtpx:hr>176</gpxtpx:hr>
          </gpxtpx:TrackPointExtension>
        </extensions>
      </trkpt>
      <trkpt lat="31.91814161809377" lon="120.57818291254229">
        <ele>4.206647059880197</ele>
        <time>1970-01-01T00:05:13Z</time>
        <extensions>
          <gpxtpx:TrackPointExtension>
            <gpxtpx:hr>177</gpxtpx:hr>
          </gpxtpx:TrackPointExtension>
        </extensions>
      </trkpt>
      <trkpt lat="31.91817195659098" lon="120.57819750618798">
        <ele>4.2034062733873725</ele>
        <time>1970-01-01T00:05:14Z</time>
        <extensions>
          <gpxtpx:TrackPointExtension>
            <gpxtpx:hr>177</gpxtpx:hr>
          </gpxtpx:TrackPointExtension>
        </extensions>
      </trkpt>
      <trkpt lat="31.91820254439413" lon="120.57821259166727">
        <ele>4.187720610760152</ele>
        <time>1970-01-01T00:05:15Z</time>
        <extensions>
          <gpxtpx:TrackPointExtension>
            <gpxtpx:hr>177</gpxtpx:hr>
          </gpxtpx:TrackPointExtension>
        </extensions>
      </trkpt>
      <trkpt lat="31.918232063406514" lon="120.57822781885852">
        <ele>4.160666273906827</ele>
        <time>1970-01-01T00:05:16Z</time>
        <extensions>
          <gpxtpx:TrackPointExtension>
            <gpxtpx:hr>177</gpxtpx:hr>
          </gpxtpx:TrackPointExtension>
        </extensions>
      </trkpt>
      <trkpt lat="31.91826057662443" lon="120.5782427906227">
        <ele>4.132359871640801</ele>
        <time>1970-01-01T00:05:17Z</time>
        <extensions>
          <gpxtpx:TrackPointExtension>
            <gpxtpx:hr>177</gpxtpx:hr>
          </gpxtpx:TrackPointExtension>
        </extensions>
      </trkpt>
      <trkpt lat="31.918288620155685" lon="120.57825719893526">
        <ele>4.110160005278885</ele>
        <time>1970-01-01T00:05:18Z</time>
        <extensions>
          <gpxtpx:TrackPointExtension>
            <gpxtpx:hr>177</gpxtpx:hr>
          </gpxtpx:TrackPointExtension>
        </extensions>
      </trkpt>
      <trkpt lat="31.918316610254745" lon="120.57827182786193">
        <ele>4.091176100075245</ele>
        <time>1970-01-01T00:05:19Z</time>
        <extensions>
          <gpxtpx:TrackPointExtension>
            <gpxtpx:hr>178</gpxtpx:hr>
          </gpxtpx:TrackPointExtension>
        </extensions>
      </trkpt>
      <trkpt lat="31.91834501256791" lon="120.57828712309832">
        <ele>4.08975457213819</ele>
        <time>1970-01-01T00:05:20Z</time>
        <extensions>
          <gpxtpx:TrackPointExtension>
            <gpxtpx:hr>178</gpxtpx:hr>
          </gpxtpx:TrackPointExtension>
        </extensions>
      </trkpt>
      <trkpt lat="31.918373657574094" lon="120.57830247740185">
        <ele>4.086230636574328</ele>
        <time>1970-01-01T00:05:21Z</time>
        <extensions>
          <gpxtpx:TrackPointExtension>
            <gpxtpx:hr>178</gpxtpx:hr>
          </gpxtpx:TrackPointExtension>
        </extensions>
      </trkpt>
      <trkpt lat="31.91840213221522" lon="120.57831691456002">
        <ele>4.088567148894072</ele>
        <time>1970-01-01T00:05:22Z</time>
        <extensions>
          <gpxtpx:TrackPointExtension>
            <gpxtpx:hr>178</gpxtpx:hr>
          </gpxtpx:TrackPointExtension>
        </extensions>
      </trkpt>
      <trkpt lat="31.91843069484692" lon="120.57833067656044">
        <ele>4.09138825442642</ele>
        <time>1970-01-01T00:05:23Z</time>
        <extensions>
          <gpxtpx:TrackPointExtension>
            <gpxtpx:hr>178</gpxtpx:hr>
          </gpxtpx:TrackPointExtension>
        </extensions>
      </trkpt>
      <trkpt lat="31.918459434483044" lon="120.57834418974069">
        <ele>4.107187475077808</ele>
        <time>1970-01-01T00:05:24Z</time>
        <extensions>
          <gpxtpx:TrackPointExtension>
            <gpxtpx:hr>179</gpxtpx:hr>
          </gpxtpx:TrackPointExtension>
        </extensions>
      </trkpt>
      <trkpt lat="31.9184874642103" lon="120.5783571255363">
        <ele>4.132121856324375</ele>
        <time>1970-01-01T00:05:25Z</time>
        <extensions>
          <gpxtpx:TrackPointExtension>
            <gpxtpx:hr>179</gpxtpx:hr>
          </gpxtpx:TrackPointExtension>
        </extensions>
      </trkpt>
      <trkpt lat="31.91851466069834" lon="120.57837034284745">
        <ele>4.189926151186228</ele>
        <time>1970-01-01T00:05:26Z</time>
        <extensions>
          <gpxtpx:TrackPointExtension>
            <gpxtpx:hr>179</gpxtpx:hr>
          </gpxtpx:TrackPointExtension>
        </extensions>
      </trkpt>
      <trkpt lat="31.918541818420685" lon="120.57838457206947">
        <ele>4.251710404641926</ele>
        <time>1970-01-01T00:05:27Z</time>
        <extensions>
          <gpxtpx:TrackPointExtension>
            <gpxtpx:hr>179</gpxtpx:hr>
          </gpxtpx:TrackPointExtension>
        </extensions>
      </trkpt>
      <trkpt lat="31.918569505192252" lon="120.57839934059228">
        <ele>4.29940830450505</ele>
        <time>1970-01-01T00:05:28Z</time>
        <extensions>
          <gpxtpx:TrackPointExtension>
            <gpxtpx:hr>179</gpxtpx:hr>
          </gpxtpx:TrackPointExtension>
        </extensions>
      </trkpt>
      <trkpt lat="31.918597538365734" lon="120.5784144734448">
        <ele>4.349017006345093</ele>
        <time>1970-01-01T00:05:29Z</time>
        <extensions>
          <gpxtpx:TrackPointExtension>
            <gpxtpx:hr>179</gpxtpx:hr>
          </gpxtpx:TrackPointExtension>
        </extensions>
      </trkpt>
      <trkpt lat="31.918625453574272" lon="120.57842991584043">
        <ele>4.41125925257802</ele>
        <time>1970-01-01T00:05:30Z</time>
        <extensions>
          <gpxtpx:TrackPointExtension>
            <gpxtpx:hr>179</gpxtpx:hr>
          </gpxtpx:TrackPointExtension>
        </extensions>
      </trkpt>
      <trkpt lat="31.918652928856407" lon="120.57844518015274">
        <ele>4.483332281000912</ele>
        <time>1970-01-01T00:05:31Z</time>
        <extensions>
          <gpxtpx:TrackPointExtension>
            <gpxtpx:hr>179</gpxtpx:hr>
          </gpxtpx:TrackPointExtension>
        </extensions>
      </trkpt>
      <trkpt lat="31.918679968439744" lon="120.57846036083625">
        <ele>4.5410009901970625</ele>
        <time>1970-01-01T00:05:32Z</time>
        <extensions>
          <gpxtpx:TrackPointExtension>
            <gpxtpx:hr>179</gpxtpx:hr>
          </gpxtpx:TrackPointExtension>
        </extensions>
      </trkpt>
      <trkpt lat="31.91870658790433" lon="120.5784759112357">
        <ele>4.575942579656839</ele>
        <time>1970-01-01T00:05:33Z</time>
        <extensions>
          <gpxtpx:TrackPointExtension>
            <gpxtpx:hr>180</gpxtpx:hr>
          </gpxtpx:TrackPointExtension>
        </extensions>
      </trkpt>
      <trkpt lat="31.918731942118683" lon="120.57849219885107">
        <ele>4.601222280412912</ele>
        <time>1970-01-01T00:05:34Z</time>
        <extensions>
          <gpxtpx:TrackPointExtension>
            <gpxtpx:hr>180</gpxtpx:hr>
          </gpxtpx:TrackPointExtension>
        </extensions>
      </trkpt>
      <trkpt lat="31.918754664795923" lon="120.57851014186194">
        <ele>4.603634927421808</ele>
        <time>1970-01-01T00:05:35Z</time>
        <extensions>
          <gpxtpx:TrackPointExtension>
            <gpxtpx:hr>180</gpxtpx:hr>
          </gpxtpx:TrackPointExtension>
        </extensions>
      </trkpt>
      <trkpt lat="31.918773259771466" lon="120.5785315077885">
        <ele>4.610930311493576</ele>
        <time>1970-01-01T00:05:36Z</time>
        <extensions>
          <gpxtpx:TrackPointExtension>
            <gpxtpx:hr>180</gpxtpx:hr>
          </gpxtpx:TrackPointExtension>
        </extensions>
      </trkpt>
      <trkpt lat="31.91878579855439" lon="120.57855824792563">
        <ele>4.602206027135253</ele>
        <time>1970-01-01T00:05:37Z</time>
        <extensions>
          <gpxtpx:TrackPointExtension>
            <gpxtpx:hr>180</gpxtpx:hr>
          </gpxtpx:TrackPointExtension>
        </extensions>
      </trkpt>
      <trkpt lat="31.918790819102494" lon="120.57859051425777">
        <ele>4.577281225472689</ele>
        <time>1970-01-01T00:05:38Z</time>
        <extensions>
          <gpxtpx:TrackPointExtension>
            <gpxtpx:hr>180</gpxtpx:hr>
          </gpxtpx:TrackPointExtension>
        </extensions>
      </trkpt>
      <trkpt lat="31.91878838510716" lon="120.57862584567489">
        <ele>4.5299165435135365</ele>
        <time>1970-01-01T00:05:39Z</time>
        <extensions>
          <gpxtpx:TrackPointExtension>
            <gpxtpx:hr>180</gpxtpx:hr>
          </gpxtpx:TrackPointExtension>
        </extensions>
      </trkpt>
      <trkpt lat="31.91878061262632" lon="120.5786615487626">
        <ele>4.483032060787082</ele>
        <time>1970-01-01T00:05:40Z</time>
        <extensions>
          <gpxtpx:TrackPointExtension>
            <gpxtpx:hr>180</gpxtpx:hr>
          </gpxtpx:TrackPointExtension>
        </extensions>
      </trkpt>
      <trkpt lat="31.918770144685872" lon="120.57869566627924">
        <ele>4.414370724000037</ele>
        <time>1970-01-01T00:05:41Z</time>
        <extensions>
          <gpxtpx:TrackPointExtension>
            <gpxtpx:hr>180</gpxtpx:hr>
          </gpxtpx:TrackPointExtension>
        </extensions>
      </trkpt>
      <trkpt lat="31.91875887958492" lon="120.57872660473423">
        <ele>4.329877430573106</ele>
        <time>1970-01-01T00:05:42Z</time>
        <extensions>
          <gpxtpx:TrackPointExtension>
            <gpxtpx:hr>180</gpxtpx:hr>
          </gpxtpx:TrackPointExtension>
        </extensions>
      </trkpt>
      <trkpt lat="31.918748075657675" lon="120.57875421794904">
        <ele>4.243381347507238</ele>
        <time>1970-01-01T00:05:43Z</time>
        <extensions>
          <gpxtpx:TrackPointExtension>
            <gpxtpx:hr>180</gpxtpx:hr>
          </gpxtpx:TrackPointExtension>
        </extensions>
      </trkpt>
      <trkpt lat="31.918738326177838" lon="120.57877968262936">
        <ele>4.153440016321838</ele>
        <time>1970-01-01T00:05:44Z</time>
        <extensions>
          <gpxtpx:TrackPointExtension>
            <gpxtpx:hr>180</gpxtpx:hr>
          </gpxtpx:TrackPointExtension>
        </extensions>
      </trkpt>
      <trkpt lat="31.918729523966263" lon="120.5788030251979">
        <ele>4.056915970519185</ele>
        <time>1970-01-01T00:05:45Z</time>
        <extensions>
          <gpxtpx:TrackPointExtension>
            <gpxtpx:hr>180</gpxtpx:hr>
          </gpxtpx:TrackPointExtension>
        </extensions>
      </trkpt>
      <trkpt lat="31.918721154065402" lon="120.57882377108368">
        <ele>3.965814688242972</ele>
        <time>1970-01-01T00:05:46Z</time>
        <extensions>
          <gpxtpx:TrackPointExtension>
            <gpxtpx:hr>180</gpxtpx:hr>
          </gpxtpx:TrackPointExtension>
        </extensions>
      </trkpt>
      <trkpt lat="31.918713230014788" lon="120.5788414741496">
        <ele>3.8818938368931413</ele>
        <time>1970-01-01T00:05:47Z</time>
        <extensions>
          <gpxtpx:TrackPointExtension>
            <gpxtpx:hr>180</gpxtpx:hr>
          </gpxtpx:TrackPointExtension>
        </extensions>
      </trkpt>
      <trkpt lat="31.918705980703464" lon="120.57885667488154">
        <ele>3.8018863275647163</ele>
        <time>1970-01-01T00:05:48Z</time>
        <extensions>
          <gpxtpx:TrackPointExtension>
            <gpxtpx:hr>180</gpxtpx:hr>
          </gpxtpx:TrackPointExtension>
        </extensions>
      </trkpt>
      <trkpt lat="31.918699542478546" lon="120.57887113407467">
        <ele>3.7250469978898764</ele>
        <time>1970-01-01T00:05:49Z</time>
        <extensions>
          <gpxtpx:TrackPointExtension>
            <gpxtpx:hr>180</gpxtpx:hr>
          </gpxtpx:TrackPointExtension>
        </extensions>
      </trkpt>
      <trkpt lat="31.91869376894473" lon="120.57888574929797">
        <ele>3.652428401634097</ele>
        <time>1970-01-01T00:05:50Z</time>
        <extensions>
          <gpxtpx:TrackPointExtension>
            <gpxtpx:hr>179</gpxtpx:hr>
          </gpxtpx:TrackPointExtension>
        </extensions>
      </trkpt>
      <trkpt lat="31.918688340636887" lon="120.57890056619404">
        <ele>3.595558552071452</ele>
        <time>1970-01-01T00:05:51Z</time>
        <extensions>
          <gpxtpx:TrackPointExtension>
            <gpxtpx:hr>179</gpxtpx:hr>
          </gpxtpx:TrackPointExtension>
        </extensions>
      </trkpt>
      <trkpt lat="31.91868286441409" lon="120.57891569905077">
        <ele>3.531031492166221</ele>
        <time>1970-01-01T00:05:52Z</time>
        <extensions>
          <gpxtpx:TrackPointExtension>
            <gpxtpx:hr>179</gpxtpx:hr>
          </gpxtpx:TrackPointExtension>
        </extensions>
      </trkpt>
      <trkpt lat="31.918677230288004" lon="120.57893092584662">
        <ele>3.477505626156926</ele>
        <time>1970-01-01T00:05:53Z</time>
        <extensions>
          <gpxtpx:TrackPointExtension>
            <gpxtpx:hr>179</gpxtpx:hr>
          </gpxtpx:TrackPointExtension>
        </extensions>
      </trkpt>
      <trkpt lat="31.91867196323741" lon="120.57894562382499">
        <ele>3.432286275550723</ele>
        <time>1970-01-01T00:05:54Z</time>
        <extensions>
          <gpxtpx:TrackPointExtension>
            <gpxtpx:hr>178</gpxtpx:hr>
          </gpxtpx:TrackPointExtension>
        </extensions>
      </trkpt>
      <trkpt lat="31.918667301882028" lon="120.57895951797535">
        <ele>3.390132723376155</ele>
        <time>1970-01-01T00:05:55Z</time>
        <extensions>
          <gpxtpx:TrackPointExtension>
            <gpxtpx:hr>178</gpxtpx:hr>
          </gpxtpx:TrackPointExtension>
        </extensions>
      </trkpt>
      <trkpt lat="31.918662908448727" lon="120.57897228262613">
        <ele>3.350767613388598</ele>
        <time>1970-01-01T00:05:56Z</time>
        <extensions>
          <gpxtpx:TrackPointExtension>
            <gpxtpx:hr>178</gpxtpx:hr>
          </gpxtpx:TrackPointExtension>
        </extensions>
      </trkpt>
      <trkpt lat="31.918658329761367" lon="120.57898390651766">
        <ele>3.3386392472311854</ele>
        <time>1970-01-01T00:05:57Z</time>
        <extensions>
          <gpxtpx:TrackPointExtension>
            <gpxtpx:hr>178</gpxtpx:hr>
          </gpxtpx:TrackPointExtension>
        </extensions>
      </trkpt>
      <trkpt lat="31.918653363640434" lon="120.57899587606485">
        <ele>3.33642116561532</ele>
        <time>1970-01-01T00:05:58Z</time>
        <extensions>
          <gpxtpx:TrackPointExtension>
            <gpxtpx:hr>177</gpxtpx:hr>
          </gpxtpx:TrackPointExtension>
        </extensions>
      </trkpt>
      <trkpt lat="31.918648514249767" lon="120.5790087848663">
        <ele>3.3348831217736006</ele>
        <time>1970-01-01T00:05:59Z</time>
        <extensions>
          <gpxtpx:TrackPointExtension>
            <gpxtpx:hr>177</gpxtpx:hr>
          </gpxtpx:TrackPointExtension>
        </extensions>
      </trkpt>
      <trkpt lat="31.91864435773597" lon="120.57902195095132">
        <ele>3.339807360433042</ele>
        <time>1970-01-01T00:06:00Z</time>
        <extensions>
          <gpxtpx:TrackPointExtension>
            <gpxtpx:hr>177</gpxtpx:hr>
          </gpxtpx:TrackPointExtension>
        </extensions>
      </trkpt>
      <trkpt lat="31.918640601822272" lon="120.57903533052809">
        <ele>3.352773350663483</ele>
        <time>1970-01-01T00:06:01Z</time>
        <extensions>
          <gpxtpx:TrackPointExtension>
            <gpxtpx:hr>177</gpxtpx:hr>
          </gpxtpx:TrackPointExtension>
        </extensions>
      </trkpt>
      <trkpt lat="31.918636841893576" lon="120.57904885515956">
        <ele>3.3714180616661906</ele>
        <time>1970-01-01T00:06:02Z</time>
        <extensions>
          <gpxtpx:TrackPointExtension>
            <gpxtpx:hr>177</gpxtpx:hr>
          </gpxtpx:TrackPointExtension>
        </extensions>
      </trkpt>
      <trkpt lat="31.918632698562558" lon="120.57906271016112">
        <ele>3.3926182445138693</ele>
        <time>1970-01-01T00:06:03Z</time>
        <extensions>
          <gpxtpx:TrackPointExtension>
            <gpxtpx:hr>177</gpxtpx:hr>
          </gpxtpx:TrackPointExtension>
        </extensions>
      </trkpt>
      <trkpt lat="31.91862810533182" lon="120.57907694667873">
        <ele>3.4224554849788547</ele>
        <time>1970-01-01T00:06:04Z</time>
        <extensions>
          <gpxtpx:TrackPointExtension>
            <gpxtpx:hr>174</gpxtpx:hr>
          </gpxtpx:TrackPointExtension>
        </extensions>
      </trkpt>
      <trkpt lat="31.918623478485504" lon="120.57909209637444">
        <ele>3.4618705604225397</ele>
        <time>1970-01-01T00:06:05Z</time>
        <extensions>
          <gpxtpx:TrackPointExtension>
            <gpxtpx:hr>174</gpxtpx:hr>
          </gpxtpx:TrackPointExtension>
        </extensions>
      </trkpt>
      <trkpt lat="31.918618955466556" lon="120.57910951655822">
        <ele>3.500027349218726</ele>
        <time>1970-01-01T00:06:06Z</time>
        <extensions>
          <gpxtpx:TrackPointExtension>
            <gpxtpx:hr>174</gpxtpx:hr>
          </gpxtpx:TrackPointExtension>
        </extensions>
      </trkpt>
      <trkpt lat="31.918615169088298" lon="120.57912735572049">
        <ele>3.5382400834932923</ele>
        <time>1970-01-01T00:06:07Z</time>
        <extensions>
          <gpxtpx:TrackPointExtension>
            <gpxtpx:hr>174</gpxtpx:hr>
          </gpxtpx:TrackPointExtension>
        </extensions>
      </trkpt>
      <trkpt lat="31.918612168271405" lon="120.57914348020188">
        <ele>3.5773434042930603</ele>
        <time>1970-01-01T00:06:08Z</time>
        <extensions>
          <gpxtpx:TrackPointExtension>
            <gpxtpx:hr>174</gpxtpx:hr>
          </gpxtpx:TrackPointExtension>
        </extensions>
      </trkpt>
      <trkpt lat="31.9186094525131" lon="120.57915931274844">
        <ele>3.6190448738634586</ele>
        <time>1970-01-01T00:06:09Z</time>
        <extensions>
          <gpxtpx:TrackPointExtension>
            <gpxtpx:hr>174</gpxtpx:hr>
          </gpxtpx:TrackPointExtension>
        </extensions>
      </trkpt>
      <trkpt lat="31.91860729323904" lon="120.57917568411787">
        <ele>3.6628926089033484</ele>
        <time>1970-01-01T00:06:10Z</time>
        <extensions>
          <gpxtpx:TrackPointExtension>
            <gpxtpx:hr>174</gpxtpx:hr>
          </gpxtpx:TrackPointExtension>
        </extensions>
      </trkpt>
      <trkpt lat="31.9186050306812" lon="120.57919235552522">
        <ele>3.71060511469841</ele>
        <time>1970-01-01T00:06:11Z</time>
        <extensions>
          <gpxtpx:TrackPointExtension>
            <gpxtpx:hr>174</gpxtpx:hr>
          </gpxtpx:TrackPointExtension>
        </extensions>
      </trkpt>
      <trkpt lat="31.918602035243037" lon="120.57920978263991">
        <ele>3.759194014593959</ele>
        <time>1970-01-01T00:06:12Z</time>
        <extensions>
          <gpxtpx:TrackPointExtension>
            <gpxtpx:hr>174</gpxtpx:hr>
          </gpxtpx:TrackPointExtension>
        </extensions>
      </trkpt>
      <trkpt lat="31.918598657107093" lon="120.57922653456288">
        <ele>3.80204501375556</ele>
        <time>1970-01-01T00:06:13Z</time>
        <extensions>
          <gpxtpx:TrackPointExtension>
            <gpxtpx:hr>176</gpxtpx:hr>
          </gpxtpx:TrackPointExtension>
        </extensions>
      </trkpt>
      <trkpt lat="31.91859521769453" lon="120.57924266592408">
        <ele>3.8441558675840497</ele>
        <time>1970-01-01T00:06:14Z</time>
        <extensions>
          <gpxtpx:TrackPointExtension>
            <gpxtpx:hr>176</gpxtpx:hr>
          </gpxtpx:TrackPointExtension>
        </extensions>
      </trkpt>
      <trkpt lat="31.91859182733576" lon="120.57925777891798">
        <ele>3.8853633254766464</ele>
        <time>1970-01-01T00:06:15Z</time>
        <extensions>
          <gpxtpx:TrackPointExtension>
            <gpxtpx:hr>176</gpxtpx:hr>
          </gpxtpx:TrackPointExtension>
        </extensions>
      </trkpt>
      <trkpt lat="31.91858837552952" lon="120.5792719942864">
        <ele>3.9256266076117754</ele>
        <time>1970-01-01T00:06:16Z</time>
        <extensions>
          <gpxtpx:TrackPointExtension>
            <gpxtpx:hr>176</gpxtpx:hr>
          </gpxtpx:TrackPointExtension>
        </extensions>
      </trkpt>
      <trkpt lat="31.91858463238018" lon="120.57928572581514">
        <ele>3.965070920996368</ele>
        <time>1970-01-01T00:06:17Z</time>
        <extensions>
          <gpxtpx:TrackPointExtension>
            <gpxtpx:hr>176</gpxtpx:hr>
          </gpxtpx:TrackPointExtension>
        </extensions>
      </trkpt>
      <trkpt lat="31.91858066868962" lon="120.57929959711976">
        <ele>4.0038902927190065</ele>
        <time>1970-01-01T00:06:18Z</time>
        <extensions>
          <gpxtpx:TrackPointExtension>
            <gpxtpx:hr>171</gpxtpx:hr>
          </gpxtpx:TrackPointExtension>
        </extensions>
      </trkpt>
      <trkpt lat="31.91857636622938" lon="120.57931491994782">
        <ele>4.0422398224473</ele>
        <time>1970-01-01T00:06:19Z</time>
        <extensions>
          <gpxtpx:TrackPointExtension>
            <gpxtpx:hr>171</gpxtpx:hr>
          </gpxtpx:TrackPointExtension>
        </extensions>
      </trkpt>
      <trkpt lat="31.918572099591465" lon="120.57933025250608">
        <ele>4.080204210244119</ele>
        <time>1970-01-01T00:06:20Z</time>
        <extensions>
          <gpxtpx:TrackPointExtension>
            <gpxtpx:hr>171</gpxtpx:hr>
          </gpxtpx:TrackPointExtension>
        </extensions>
      </trkpt>
      <trkpt lat="31.918567954567216" lon="120.57934502349912">
        <ele>4.117824763990939</ele>
        <time>1970-01-01T00:06:21Z</time>
        <extensions>
          <gpxtpx:TrackPointExtension>
            <gpxtpx:hr>171</gpxtpx:hr>
          </gpxtpx:TrackPointExtension>
        </extensions>
      </trkpt>
      <trkpt lat="31.91856367570359" lon="120.57935913414616">
        <ele>4.15516890771687</ele>
        <time>1970-01-01T00:06:22Z</time>
        <extensions>
          <gpxtpx:TrackPointExtension>
            <gpxtpx:hr>171</gpxtpx:hr>
          </gpxtpx:TrackPointExtension>
        </extensions>
      </trkpt>
    </trkseg>
  </trk>
</gpx>