<?xml version="1.0" encoding="UTF-8"?>
<gpx xmlns="http://www.topografix.com/GPX/1/1" xmlns:gpxtpx="http://www.garmin.com/xmlschemas/TrackPointExtension/v1" xmlns:xsi="http://www.w3.org/2001/XMLSchema-instance" xsi:schemaLocation="http://www.topografix.com/GPX/1/1 http://www.topografix.com/GPX/1/1/gpx.xsd" version="1.1" creator="gpx.py -- https://github.com/tkrajina/gpxpy">
  <trk>
    <name>gpx from keep</name>
    <type>Walk</type>
    <trkseg>
      <trkpt lat="32.38515373486704" lon="119.43749812320638">
        <ele>11.060909915715456</ele>
        <time>2025-10-04T01:55:54Z</time>
      </trkpt>
      <trkpt lat="32.38515386172497" lon="119.43751190831128">
        <ele>11.05681574344635</ele>
        <time>2025-10-04T01:55:55Z</time>
      </trkpt>
      <trkpt lat="32.38515398277108" lon="119.43752573481227">
        <ele>11.052116320468485</ele>
        <time>2025-10-04T01:55:56Z</time>
      </trkpt>
      <trkpt lat="32.38515410302876" lon="119.4375396030919">
        <ele>11.04767844080925</ele>
        <time>2025-10-04T01:55:57Z</time>
      </trkpt>
      <trkpt lat="32.38515423289293" lon="119.43755351682456">
        <ele>11.043249279260635</ele>
        <time>2025-10-04T01:55:58Z</time>
      </trkpt>
      <trkpt lat="32.38515437723746" lon="119.4375674754278">
        <ele>11.039276450872421</ele>
        <time>2025-10-04T01:55:59Z</time>
      </trkpt>
      <trkpt lat="32.38515453816075" lon="119.43758144752802">
        <ele>11.034913425333798</ele>
        <time>2025-10-04T01:56:00Z</time>
      </trkpt>
      <trkpt lat="32.385154741181914" lon="119.43759541967145">
        <ele>11.030510937795043</ele>
        <time>2025-10-04T01:56:01Z</time>
      </trkpt>
      <trkpt lat="32.38515495116062" lon="119.43760941612244">
        <ele>11.0257064467296</ele>
        <time>2025-10-04T01:56:02Z</time>
      </trkpt>
      <trkpt lat="32.385155181598975" lon="119.43762341006506">
        <ele>11.021159715019166</ele>
        <time>2025-10-04T01:56:03Z</time>
      </trkpt>
      <trkpt lat="32.385155421096066" lon="119.43763737676923">
        <ele>11.016550635918975</ele>
        <time>2025-10-04T01:56:04Z</time>
      </trkpt>
      <trkpt lat="32.38515567410654" lon="119.43765133571817">
        <ele>11.011929811909795</ele>
        <time>2025-10-04T01:56:05Z</time>
      </trkpt>
      <trkpt lat="32.38515592677826" lon="119.4376652727319">
        <ele>11.007176258601248</ele>
        <time>2025-10-04T01:56:06Z</time>
      </trkpt>
      <trkpt lat="32.38515618003526" lon="119.43767917989959">
        <ele>11.002678171731532</ele>
        <time>2025-10-04T01:56:07Z</time>
      </trkpt>
      <trkpt lat="32.385156448089276" lon="119.43769304851784">
        <ele>10.997586499899626</ele>
        <time>2025-10-04T01:56:08Z</time>
      </trkpt>
      <trkpt lat="32.38515673047827" lon="119.43770684667255">
        <ele>10.992517206817865</ele>
        <time>2025-10-04T01:56:09Z</time>
      </trkpt>
      <trkpt lat="32.385157011032554" lon="119.43772059820841">
        <ele>10.987499080598354</ele>
        <time>2025-10-04T01:56:10Z</time>
      </trkpt>
      <trkpt lat="32.385157293546385" lon="119.43773428959827">
        <ele>10.982611483894289</ele>
        <time>2025-10-04T01:56:11Z</time>
      </trkpt>
      <trkpt lat="32.385157562324956" lon="119.43774792369875">
        <ele>10.977736416272819</ele>
        <time>2025-10-04T01:56:12Z</time>
      </trkpt>
      <trkpt lat="32.38515783973313" lon="119.43776147694261">
        <ele>10.972650839947164</ele>
        <time>2025-10-04T01:56:13Z</time>
      </trkpt>
      <trkpt lat="32.38515811294701" lon="119.43777499763353">
        <ele>10.967494862154126</ele>
        <time>2025-10-04T01:56:14Z</time>
      </trkpt>
      <trkpt lat="32.385158405331545" lon="119.43778852204144">
        <ele>10.962530735880136</ele>
        <time>2025-10-04T01:56:15Z</time>
      </trkpt>
      <trkpt lat="32.385158730251995" lon="119.43780203583115">
        <ele>10.957563806325197</ele>
        <time>2025-10-04T01:56:16Z</time>
      </trkpt>
      <trkpt lat="32.38515908452212" lon="119.43781552483999">
        <ele>10.952974731102586</ele>
        <time>2025-10-04T01:56:17Z</time>
      </trkpt>
      <trkpt lat="32.38515943504253" lon="119.43782894595144">
        <ele>10.948492026887834</ele>
        <time>2025-10-04T01:56:18Z</time>
      </trkpt>
      <trkpt lat="32.38515979084485" lon="119.4378423118688">
        <ele>10.94416307285428</ele>
        <time>2025-10-04T01:56:19Z</time>
      </trkpt>
      <trkpt lat="32.38516016301459" lon="119.43785564461864">
        <ele>10.939679071307182</ele>
        <time>2025-10-04T01:56:20Z</time>
      </trkpt>
      <trkpt lat="32.38516054647871" lon="119.43786896825058">
        <ele>10.935517371632159</ele>
        <time>2025-10-04T01:56:21Z</time>
      </trkpt>
      <trkpt lat="32.38516094553696" lon="119.4378822939609">
        <ele>10.931260450743139</ele>
        <time>2025-10-04T01:56:22Z</time>
      </trkpt>
      <trkpt lat="32.38516135442409" lon="119.43789561298392">
        <ele>10.927304332144558</ele>
        <time>2025-10-04T01:56:23Z</time>
      </trkpt>
      <trkpt lat="32.3851617712652" lon="119.43790887780125">
        <ele>10.92353723756969</ele>
        <time>2025-10-04T01:56:24Z</time>
      </trkpt>
      <trkpt lat="32.385162190547085" lon="119.43792210602982">
        <ele>10.920069184154272</ele>
        <time>2025-10-04T01:56:25Z</time>
      </trkpt>
      <trkpt lat="32.38516262498377" lon="119.43793531883146">
        <ele>10.917023001238704</ele>
        <time>2025-10-04T01:56:26Z</time>
      </trkpt>
      <trkpt lat="32.3851630821167" lon="119.4379485101061">
        <ele>10.914117980748415</ele>
        <time>2025-10-04T01:56:27Z</time>
      </trkpt>
      <trkpt lat="32.385163548695665" lon="119.43796163177795">
        <ele>10.911634077318013</ele>
        <time>2025-10-04T01:56:28Z</time>
      </trkpt>
      <trkpt lat="32.38516403265777" lon="119.43797468074148">
        <ele>10.909461787901819</ele>
        <time>2025-10-04T01:56:29Z</time>
      </trkpt>
      <trkpt lat="32.38516452386973" lon="119.43798768740318">
        <ele>10.907892254181206</ele>
        <time>2025-10-04T01:56:30Z</time>
      </trkpt>
      <trkpt lat="32.385164994710955" lon="119.43800066802585">
        <ele>10.906830550171435</ele>
        <time>2025-10-04T01:56:31Z</time>
      </trkpt>
      <trkpt lat="32.385165447280876" lon="119.4380136598651">
        <ele>10.906051710247993</ele>
        <time>2025-10-04T01:56:32Z</time>
      </trkpt>
      <trkpt lat="32.3851659020048" lon="119.4380266964851">
        <ele>10.90612134244293</ele>
        <time>2025-10-04T01:56:33Z</time>
      </trkpt>
      <trkpt lat="32.3851663091269" lon="119.43803973264518">
        <ele>10.906737435609102</ele>
        <time>2025-10-04T01:56:34Z</time>
      </trkpt>
      <trkpt lat="32.385166675040004" lon="119.43805280297947">
        <ele>10.907841751351953</ele>
        <time>2025-10-04T01:56:35Z</time>
      </trkpt>
      <trkpt lat="32.385166999303394" lon="119.43806590482416">
        <ele>10.909781381487846</ele>
        <time>2025-10-04T01:56:36Z</time>
      </trkpt>
      <trkpt lat="32.385167303317196" lon="119.43807909774844">
        <ele>10.912321237847209</ele>
        <time>2025-10-04T01:56:37Z</time>
      </trkpt>
      <trkpt lat="32.38516756046696" lon="119.43809237261567">
        <ele>10.915308286435902</ele>
        <time>2025-10-04T01:56:38Z</time>
      </trkpt>
      <trkpt lat="32.38516778116204" lon="119.43810575199021">
        <ele>10.918567984364927</ele>
        <time>2025-10-04T01:56:39Z</time>
      </trkpt>
      <trkpt lat="32.3851679728007" lon="119.43811923431846">
        <ele>10.92223356384784</ele>
        <time>2025-10-04T01:56:40Z</time>
      </trkpt>
      <trkpt lat="32.3851681410609" lon="119.43813277988667">
        <ele>10.926136041991413</ele>
        <time>2025-10-04T01:56:41Z</time>
      </trkpt>
      <trkpt lat="32.38516829490229" lon="119.43814637932377">
        <ele>10.930298520252109</ele>
        <time>2025-10-04T01:56:42Z</time>
      </trkpt>
      <trkpt lat="32.38516844394528" lon="119.43816003136384">
        <ele>10.934721976518631</ele>
        <time>2025-10-04T01:56:43Z</time>
      </trkpt>
      <trkpt lat="32.38516859364558" lon="119.43817375502853">
        <ele>10.93928293697536</ele>
        <time>2025-10-04T01:56:44Z</time>
      </trkpt>
      <trkpt lat="32.38516875067088" lon="119.43818754738197">
        <ele>10.94411385897547</ele>
        <time>2025-10-04T01:56:45Z</time>
      </trkpt>
      <trkpt lat="32.38516891417727" lon="119.43820140349985">
        <ele>10.949168073013425</ele>
        <time>2025-10-04T01:56:46Z</time>
      </trkpt>
      <trkpt lat="32.38516908334043" lon="119.43821531325086">
        <ele>10.954297018237412</ele>
        <time>2025-10-04T01:56:47Z</time>
      </trkpt>
      <trkpt lat="32.38516925489379" lon="119.43822928578264">
        <ele>10.959323297254741</ele>
        <time>2025-10-04T01:56:48Z</time>
      </trkpt>
      <trkpt lat="32.385169429734184" lon="119.43824331623169">
        <ele>10.964249843731523</ele>
        <time>2025-10-04T01:56:49Z</time>
      </trkpt>
      <trkpt lat="32.38516960014103" lon="119.43825740561815">
        <ele>10.969435039907694</ele>
        <time>2025-10-04T01:56:50Z</time>
      </trkpt>
      <trkpt lat="32.385169770183104" lon="119.4382715320416">
        <ele>10.974321228452027</ele>
        <time>2025-10-04T01:56:51Z</time>
      </trkpt>
      <trkpt lat="32.385169953748566" lon="119.43828571572746">
        <ele>10.97919608745724</ele>
        <time>2025-10-04T01:56:52Z</time>
      </trkpt>
      <trkpt lat="32.38517015011433" lon="119.43829989960088">
        <ele>10.983681847341359</ele>
        <time>2025-10-04T01:56:52.900000Z</time>
      </trkpt>
      <trkpt lat="32.38517036726931" lon="119.43831411080359">
        <ele>10.988008683547378</ele>
        <time>2025-10-04T01:56:53.900000Z</time>
      </trkpt>
      <trkpt lat="32.385170602972686" lon="119.43832832072076">
        <ele>10.992674327455461</ele>
        <time>2025-10-04T01:56:54.900000Z</time>
      </trkpt>
      <trkpt lat="32.385170855880865" lon="119.4383425313346">
        <ele>10.996883316896856</ele>
        <time>2025-10-04T01:56:55.900000Z</time>
      </trkpt>
      <trkpt lat="32.38517113411981" lon="119.43835672868254">
        <ele>11.000069827772677</ele>
        <time>2025-10-04T01:56:56.900000Z</time>
      </trkpt>
      <trkpt lat="32.38517141228031" lon="119.43837092908196">
        <ele>11.002953751012683</ele>
        <time>2025-10-04T01:56:57.900000Z</time>
      </trkpt>
      <trkpt lat="32.38517169405024" lon="119.43838512301991">
        <ele>11.005998620763421</ele>
        <time>2025-10-04T01:56:58.900000Z</time>
      </trkpt>
      <trkpt lat="32.38517198012676" lon="119.43839928012605">
        <ele>11.009284767322242</ele>
        <time>2025-10-04T01:56:59.900000Z</time>
      </trkpt>
      <trkpt lat="32.3851722469463" lon="119.43841335755704">
        <ele>11.012439092621207</ele>
        <time>2025-10-04T01:57:00.900000Z</time>
      </trkpt>
      <trkpt lat="32.385172494814064" lon="119.43842741491345">
        <ele>11.015275914222002</ele>
        <time>2025-10-04T01:57:01.900000Z</time>
      </trkpt>
      <trkpt lat="32.38517273691071" lon="119.4384414509789">
        <ele>11.018194802105427</ele>
        <time>2025-10-04T01:57:02.900000Z</time>
      </trkpt>
      <trkpt lat="32.3851729769701" lon="119.43845545748975">
        <ele>11.02102977130562</ele>
        <time>2025-10-04T01:57:03.900000Z</time>
      </trkpt>
      <trkpt lat="32.385173204339466" lon="119.43846938952674">
        <ele>11.024052483029664</ele>
        <time>2025-10-04T01:57:04.900000Z</time>
      </trkpt>
      <trkpt lat="32.38517342252212" lon="119.43848323914617">
        <ele>11.027274386957288</ele>
        <time>2025-10-04T01:57:05.900000Z</time>
      </trkpt>
      <trkpt lat="32.38517364729019" lon="119.43849706707205">
        <ele>11.030934762209654</ele>
        <time>2025-10-04T01:57:06.900000Z</time>
      </trkpt>
      <trkpt lat="32.38517388890383" lon="119.4385108541553">
        <ele>11.035191114991903</ele>
        <time>2025-10-04T01:57:07.900000Z</time>
      </trkpt>
      <trkpt lat="32.385174175064826" lon="119.43852458797133">
        <ele>11.04044789634645</ele>
        <time>2025-10-04T01:57:08.900000Z</time>
      </trkpt>
      <trkpt lat="32.385174494357884" lon="119.43853834134521">
        <ele>11.046303510665894</ele>
        <time>2025-10-04T01:57:09.900000Z</time>
      </trkpt>
      <trkpt lat="32.385174860808775" lon="119.43855205438895">
        <ele>11.053225346840918</ele>
        <time>2025-10-04T01:57:10.900000Z</time>
      </trkpt>
      <trkpt lat="32.38517526944635" lon="119.43856573754302">
        <ele>11.061275785788894</ele>
        <time>2025-10-04T01:57:11.900000Z</time>
      </trkpt>
      <trkpt lat="32.3851757015405" lon="119.43857935909121">
        <ele>11.070756326429546</ele>
        <time>2025-10-04T01:57:12.900000Z</time>
      </trkpt>
      <trkpt lat="32.38517614974907" lon="119.43859297349746">
        <ele>11.081421450711787</ele>
        <time>2025-10-04T01:57:13.900000Z</time>
      </trkpt>
      <trkpt lat="32.385176597544735" lon="119.43860653280174">
        <ele>11.092953111045063</ele>
        <time>2025-10-04T01:57:14.900000Z</time>
      </trkpt>
      <trkpt lat="32.38517704963815" lon="119.43862010073691">
        <ele>11.105908850207925</ele>
        <time>2025-10-04T01:57:15.900000Z</time>
      </trkpt>
      <trkpt lat="32.38517749909741" lon="119.4386336127826">
        <ele>11.119920287281275</ele>
        <time>2025-10-04T01:57:16.900000Z</time>
      </trkpt>
      <trkpt lat="32.38517794968176" lon="119.43864713777064">
        <ele>11.134840661659837</ele>
        <time>2025-10-04T01:57:17.900000Z</time>
      </trkpt>
      <trkpt lat="32.385178398807504" lon="119.43866061249135">
        <ele>11.150477107614279</ele>
        <time>2025-10-04T01:57:18.900000Z</time>
      </trkpt>
      <trkpt lat="32.385178858767915" lon="119.43867411897317">
        <ele>11.166767777875066</ele>
        <time>2025-10-04T01:57:19.900000Z</time>
      </trkpt>
      <trkpt lat="32.385179324093514" lon="119.43868761498938">
        <ele>11.183168752118945</ele>
        <time>2025-10-04T01:57:20.900000Z</time>
      </trkpt>
      <trkpt lat="32.38517980365814" lon="119.43870108867823">
        <ele>11.19996411819011</ele>
        <time>2025-10-04T01:57:21.900000Z</time>
      </trkpt>
      <trkpt lat="32.38518028820294" lon="119.43871454340822">
        <ele>11.217126361094415</ele>
        <time>2025-10-04T01:57:22.900000Z</time>
      </trkpt>
      <trkpt lat="32.38518076971037" lon="119.43872799567878">
        <ele>11.23418353125453</ele>
        <time>2025-10-04T01:57:23.900000Z</time>
      </trkpt>
      <trkpt lat="32.38518124891943" lon="119.43874143627332">
        <ele>11.251195694319904</ele>
        <time>2025-10-04T01:57:24.900000Z</time>
      </trkpt>
      <trkpt lat="32.38518173003038" lon="119.43875485114229">
        <ele>11.267782486975193</ele>
        <time>2025-10-04T01:57:25.900000Z</time>
      </trkpt>
      <trkpt lat="32.38518221299528" lon="119.43876825840178">
        <ele>11.284252304583788</ele>
        <time>2025-10-04T01:57:26.900000Z</time>
      </trkpt>
      <trkpt lat="32.38518268578464" lon="119.43878161899046">
        <ele>11.29991486016661</ele>
        <time>2025-10-04T01:57:27.900000Z</time>
      </trkpt>
      <trkpt lat="32.38518314672578" lon="119.43879494286348">
        <ele>11.31469775736332</ele>
        <time>2025-10-04T01:57:28.900000Z</time>
      </trkpt>
      <trkpt lat="32.38518359477649" lon="119.43880818991289">
        <ele>11.328819451853633</ele>
        <time>2025-10-04T01:57:29.900000Z</time>
      </trkpt>
      <trkpt lat="32.38518402452747" lon="119.43882139044628">
        <ele>11.341632419265807</ele>
        <time>2025-10-04T01:57:30.900000Z</time>
      </trkpt>
      <trkpt lat="32.38518443925411" lon="119.43883457255241">
        <ele>11.353345684707165</ele>
        <time>2025-10-04T01:57:31.900000Z</time>
      </trkpt>
      <trkpt lat="32.385184832064205" lon="119.43884773507529">
        <ele>11.36399597208947</ele>
        <time>2025-10-04T01:57:32.900000Z</time>
      </trkpt>
      <trkpt lat="32.385185196626146" lon="119.43886085254316">
        <ele>11.373613751493394</ele>
        <time>2025-10-04T01:57:33.900000Z</time>
      </trkpt>
      <trkpt lat="32.385185547412675" lon="119.43887399291626">
        <ele>11.38155395258218</ele>
        <time>2025-10-04T01:57:34.900000Z</time>
      </trkpt>
      <trkpt lat="32.385185902225516" lon="119.43888712494854">
        <ele>11.388643173500896</ele>
        <time>2025-10-04T01:57:35.900000Z</time>
      </trkpt>
      <trkpt lat="32.38518623380732" lon="119.43890027485196">
        <ele>11.394674137234688</ele>
        <time>2025-10-04T01:57:36.900000Z</time>
      </trkpt>
      <trkpt lat="32.38518654526547" lon="119.43891343727911">
        <ele>11.399518641643226</ele>
        <time>2025-10-04T01:57:37.900000Z</time>
      </trkpt>
      <trkpt lat="32.385186882980264" lon="119.43892665289157">
        <ele>11.403388584963977</ele>
        <time>2025-10-04T01:57:38.900000Z</time>
      </trkpt>
      <trkpt lat="32.385187201102504" lon="119.43893991257237">
        <ele>11.406382272019982</ele>
        <time>2025-10-04T01:57:39.900000Z</time>
      </trkpt>
      <trkpt lat="32.38518751239271" lon="119.43895320515998">
        <ele>11.408339844085276</ele>
        <time>2025-10-04T01:57:40.900000Z</time>
      </trkpt>
      <trkpt lat="32.38518780786224" lon="119.4389665636472">
        <ele>11.409997039474547</ele>
        <time>2025-10-04T01:57:41.900000Z</time>
      </trkpt>
      <trkpt lat="32.38518810471491" lon="119.43898004710887">
        <ele>11.411782281473279</ele>
        <time>2025-10-04T01:57:42.900000Z</time>
      </trkpt>
      <trkpt lat="32.38518836012041" lon="119.4389936193505">
        <ele>11.413465110585093</ele>
        <time>2025-10-04T01:57:43.900000Z</time>
      </trkpt>
      <trkpt lat="32.38518857853114" lon="119.43900728810037">
        <ele>11.415298774838448</ele>
        <time>2025-10-04T01:57:44.900000Z</time>
      </trkpt>
      <trkpt lat="32.38518879168099" lon="119.43902106418834">
        <ele>11.417513110674918</ele>
        <time>2025-10-04T01:57:45.900000Z</time>
      </trkpt>
      <trkpt lat="32.385188978177105" lon="119.43903495660916">
        <ele>11.420499852858484</ele>
        <time>2025-10-04T01:57:46.900000Z</time>
      </trkpt>
      <trkpt lat="32.38518912868459" lon="119.43904891114985">
        <ele>11.423996830359101</ele>
        <time>2025-10-04T01:57:47.900000Z</time>
      </trkpt>
      <trkpt lat="32.3851892927336" lon="119.43906292248835">
        <ele>11.42835955414921</ele>
        <time>2025-10-04T01:57:48.900000Z</time>
      </trkpt>
      <trkpt lat="32.385189464249386" lon="119.43907702772172">
        <ele>11.433384344913065</ele>
        <time>2025-10-04T01:57:49.900000Z</time>
      </trkpt>
      <trkpt lat="32.385189641793" lon="119.43909120670435">
        <ele>11.439589926972985</ele>
        <time>2025-10-04T01:57:50.900000Z</time>
      </trkpt>
      <trkpt lat="32.38518982635695" lon="119.43910544879901">
        <ele>11.446788718923926</ele>
        <time>2025-10-04T01:57:51.900000Z</time>
      </trkpt>
      <trkpt lat="32.38519001593821" lon="119.43911978944361">
        <ele>11.455432135611773</ele>
        <time>2025-10-04T01:57:52.900000Z</time>
      </trkpt>
      <trkpt lat="32.3851901879408" lon="119.43913421813028">
        <ele>11.465233609080315</ele>
        <time>2025-10-04T01:57:53.900000Z</time>
      </trkpt>
      <trkpt lat="32.38519034746189" lon="119.43914874881145">
        <ele>11.475987321697176</ele>
        <time>2025-10-04T01:57:54.900000Z</time>
      </trkpt>
      <trkpt lat="32.38519051743752" lon="119.43916338805488">
        <ele>11.4876404190436</ele>
        <time>2025-10-04T01:57:55.900000Z</time>
      </trkpt>
      <trkpt lat="32.38519069149187" lon="119.43917810944248">
        <ele>11.499782950617373</ele>
        <time>2025-10-04T01:57:56.900000Z</time>
      </trkpt>
      <trkpt lat="32.38519086852858" lon="119.43919291327714">
        <ele>11.512635585851967</ele>
        <time>2025-10-04T01:57:57.900000Z</time>
      </trkpt>
      <trkpt lat="32.38519104065219" lon="119.4392077899026">
        <ele>11.525195913389325</ele>
        <time>2025-10-04T01:57:58.900000Z</time>
      </trkpt>
      <trkpt lat="32.38519118954101" lon="119.43922273925548">
        <ele>11.537880817428231</ele>
        <time>2025-10-04T01:57:59.900000Z</time>
      </trkpt>
      <trkpt lat="32.38519132530779" lon="119.43923774956343">
        <ele>11.550278189592063</ele>
        <time>2025-10-04T01:58:00.900000Z</time>
      </trkpt>
      <trkpt lat="32.38519144409569" lon="119.43925281787924">
        <ele>11.562712452374399</ele>
        <time>2025-10-04T01:58:01.900000Z</time>
      </trkpt>
      <trkpt lat="32.385191556845776" lon="119.43926793026776">
        <ele>11.57491636928171</ele>
        <time>2025-10-04T01:58:02.900000Z</time>
      </trkpt>
      <trkpt lat="32.3851916595823" lon="119.43928308313005">
        <ele>11.586599143221974</ele>
        <time>2025-10-04T01:58:03.900000Z</time>
      </trkpt>
      <trkpt lat="32.38519176494266" lon="119.43929826955944">
        <ele>11.597610818222165</ele>
        <time>2025-10-04T01:58:04.900000Z</time>
      </trkpt>
      <trkpt lat="32.385191887212294" lon="119.43931347209715">
        <ele>11.607495083473623</ele>
        <time>2025-10-04T01:58:05.900000Z</time>
      </trkpt>
      <trkpt lat="32.3851920044208" lon="119.43932865241118">
        <ele>11.616681299172342</ele>
        <time>2025-10-04T01:58:06.900000Z</time>
      </trkpt>
      <trkpt lat="32.38519211431434" lon="119.43934379604477">
        <ele>11.625408561900258</ele>
        <time>2025-10-04T01:58:07.900000Z</time>
        <extensions>
          <gpxtpx:TrackPointExtension>
            <gpxtpx:hr>92</gpxtpx:hr>
          </gpxtpx:TrackPointExtension>
        </extensions>
      </trkpt>
      <trkpt lat="32.3851922395872" lon="119.43935891428046">
        <ele>11.63257432822138</ele>
        <time>2025-10-04T01:58:08.900000Z</time>
        <extensions>
          <gpxtpx:TrackPointExtension>
            <gpxtpx:hr>92</gpxtpx:hr>
          </gpxtpx:TrackPointExtension>
        </extensions>
      </trkpt>
      <trkpt lat="32.38519235179119" lon="119.43937399680328">
        <ele>11.639231618493795</ele>
        <time>2025-10-04T01:58:09.900000Z</time>
        <extensions>
          <gpxtpx:TrackPointExtension>
            <gpxtpx:hr>92</gpxtpx:hr>
          </gpxtpx:TrackPointExtension>
        </extensions>
      </trkpt>
      <trkpt lat="32.38519246516301" lon="119.43938900511021">
        <ele>11.645311278291047</ele>
        <time>2025-10-04T01:58:10.900000Z</time>
        <extensions>
          <gpxtpx:TrackPointExtension>
            <gpxtpx:hr>92</gpxtpx:hr>
          </gpxtpx:TrackPointExtension>
        </extensions>
      </trkpt>
      <trkpt lat="32.38519258347627" lon="119.4394039464321">
        <ele>11.650615976192057</ele>
        <time>2025-10-04T01:58:11.900000Z</time>
        <extensions>
          <gpxtpx:TrackPointExtension>
            <gpxtpx:hr>92</gpxtpx:hr>
          </gpxtpx:TrackPointExtension>
        </extensions>
      </trkpt>
      <trkpt lat="32.38519270315974" lon="119.43941883759929">
        <ele>11.655102363787591</ele>
        <time>2025-10-04T01:58:12.900000Z</time>
        <extensions>
          <gpxtpx:TrackPointExtension>
            <gpxtpx:hr>92</gpxtpx:hr>
          </gpxtpx:TrackPointExtension>
        </extensions>
      </trkpt>
      <trkpt lat="32.38519282967692" lon="119.4394336590694">
        <ele>11.658887946978211</ele>
        <time>2025-10-04T01:58:13.900000Z</time>
        <extensions>
          <gpxtpx:TrackPointExtension>
            <gpxtpx:hr>92</gpxtpx:hr>
          </gpxtpx:TrackPointExtension>
        </extensions>
      </trkpt>
      <trkpt lat="32.3851929739536" lon="119.43944845345537">
        <ele>11.662395655177534</ele>
        <time>2025-10-04T01:58:14.900000Z</time>
        <extensions>
          <gpxtpx:TrackPointExtension>
            <gpxtpx:hr>92</gpxtpx:hr>
          </gpxtpx:TrackPointExtension>
        </extensions>
      </trkpt>
      <trkpt lat="32.385193128266856" lon="119.43946316043137">
        <ele>11.66489345394075</ele>
        <time>2025-10-04T01:58:15.900000Z</time>
        <extensions>
          <gpxtpx:TrackPointExtension>
            <gpxtpx:hr>92</gpxtpx:hr>
          </gpxtpx:TrackPointExtension>
        </extensions>
      </trkpt>
      <trkpt lat="32.38519329175238" lon="119.43947775280013">
        <ele>11.66631843149662</ele>
        <time>2025-10-04T01:58:16.900000Z</time>
        <extensions>
          <gpxtpx:TrackPointExtension>
            <gpxtpx:hr>92</gpxtpx:hr>
          </gpxtpx:TrackPointExtension>
        </extensions>
      </trkpt>
      <trkpt lat="32.385193471842655" lon="119.4394923198335">
        <ele>11.667029625736177</ele>
        <time>2025-10-04T01:58:17.900000Z</time>
        <extensions>
          <gpxtpx:TrackPointExtension>
            <gpxtpx:hr>92</gpxtpx:hr>
          </gpxtpx:TrackPointExtension>
        </extensions>
      </trkpt>
      <trkpt lat="32.385193663350364" lon="119.43950680850743">
        <ele>11.667337270453572</ele>
        <time>2025-10-04T01:58:18.900000Z</time>
        <extensions>
          <gpxtpx:TrackPointExtension>
            <gpxtpx:hr>92</gpxtpx:hr>
          </gpxtpx:TrackPointExtension>
        </extensions>
      </trkpt>
      <trkpt lat="32.385193864384604" lon="119.43952128635046">
        <ele>11.666349332779646</ele>
        <time>2025-10-04T01:58:19.900000Z</time>
        <extensions>
          <gpxtpx:TrackPointExtension>
            <gpxtpx:hr>92</gpxtpx:hr>
          </gpxtpx:TrackPointExtension>
        </extensions>
      </trkpt>
      <trkpt lat="32.38519406821625" lon="119.43953573026631">
        <ele>11.664331002160907</ele>
        <time>2025-10-04T01:58:20.900000Z</time>
        <extensions>
          <gpxtpx:TrackPointExtension>
            <gpxtpx:hr>92</gpxtpx:hr>
          </gpxtpx:TrackPointExtension>
        </extensions>
      </trkpt>
      <trkpt lat="32.385194271567286" lon="119.4395502202315">
        <ele>11.661349012516439</ele>
        <time>2025-10-04T01:58:21.900000Z</time>
        <extensions>
          <gpxtpx:TrackPointExtension>
            <gpxtpx:hr>92</gpxtpx:hr>
          </gpxtpx:TrackPointExtension>
        </extensions>
      </trkpt>
      <trkpt lat="32.38519446516166" lon="119.43956476152655">
        <ele>11.657542174682021</ele>
        <time>2025-10-04T01:58:22.900000Z</time>
        <extensions>
          <gpxtpx:TrackPointExtension>
            <gpxtpx:hr>92</gpxtpx:hr>
          </gpxtpx:TrackPointExtension>
        </extensions>
      </trkpt>
      <trkpt lat="32.385194629234604" lon="119.43957934648596">
        <ele>11.6529928939417</ele>
        <time>2025-10-04T01:58:23.900000Z</time>
        <extensions>
          <gpxtpx:TrackPointExtension>
            <gpxtpx:hr>92</gpxtpx:hr>
          </gpxtpx:TrackPointExtension>
        </extensions>
      </trkpt>
      <trkpt lat="32.38519476482505" lon="119.43959396684136">
        <ele>11.647735829465091</ele>
        <time>2025-10-04T01:58:24.900000Z</time>
        <extensions>
          <gpxtpx:TrackPointExtension>
            <gpxtpx:hr>92</gpxtpx:hr>
          </gpxtpx:TrackPointExtension>
        </extensions>
      </trkpt>
      <trkpt lat="32.38519486329128" lon="119.43960863105553">
        <ele>11.641393851488829</ele>
        <time>2025-10-04T01:58:25.900000Z</time>
        <extensions>
          <gpxtpx:TrackPointExtension>
            <gpxtpx:hr>92</gpxtpx:hr>
          </gpxtpx:TrackPointExtension>
        </extensions>
      </trkpt>
      <trkpt lat="32.385194917417344" lon="119.43962331882244">
        <ele>11.633640814572573</ele>
        <time>2025-10-04T01:58:26.900000Z</time>
        <extensions>
          <gpxtpx:TrackPointExtension>
            <gpxtpx:hr>92</gpxtpx:hr>
          </gpxtpx:TrackPointExtension>
        </extensions>
      </trkpt>
      <trkpt lat="32.385194923160775" lon="119.43963802389524">
        <ele>11.624076390638947</ele>
        <time>2025-10-04T01:58:27.900000Z</time>
      </trkpt>
      <trkpt lat="32.38519486400006" lon="119.43965272022814">
        <ele>11.61324899457395</ele>
        <time>2025-10-04T01:58:28.900000Z</time>
      </trkpt>
      <trkpt lat="32.38519474149402" lon="119.43966743185007">
        <ele>11.600967748090625</ele>
        <time>2025-10-04T01:58:29.900000Z</time>
      </trkpt>
      <trkpt lat="32.38519456929626" lon="119.4396821506831">
        <ele>11.5870574824512</ele>
        <time>2025-10-04T01:58:30.900000Z</time>
      </trkpt>
      <trkpt lat="32.38519436449852" lon="119.43969689170471">
        <ele>11.571772480383515</ele>
        <time>2025-10-04T01:58:31.900000Z</time>
      </trkpt>
      <trkpt lat="32.385194150732936" lon="119.43971157624968">
        <ele>11.555048566311598</ele>
        <time>2025-10-04T01:58:32.900000Z</time>
      </trkpt>
      <trkpt lat="32.38519395714636" lon="119.43972623486646">
        <ele>11.537216521799564</ele>
        <time>2025-10-04T01:58:33.900000Z</time>
      </trkpt>
      <trkpt lat="32.38519380948504" lon="119.43974084795902">
        <ele>11.518391997553408</ele>
        <time>2025-10-04T01:58:34.900000Z</time>
      </trkpt>
      <trkpt lat="32.38519371835684" lon="119.43975540104009">
        <ele>11.498859491199255</ele>
        <time>2025-10-04T01:58:35.900000Z</time>
      </trkpt>
      <trkpt lat="32.385193689953866" lon="119.43976992851226">
        <ele>11.478781467303634</ele>
        <time>2025-10-04T01:58:36.900000Z</time>
      </trkpt>
      <trkpt lat="32.385193738582615" lon="119.43978443848479">
        <ele>11.458507643081248</ele>
        <time>2025-10-04T01:58:37.900000Z</time>
      </trkpt>
      <trkpt lat="32.3851938501895" lon="119.43979888832118">
        <ele>11.438095643185079</ele>
        <time>2025-10-04T01:58:38.900000Z</time>
      </trkpt>
      <trkpt lat="32.38519401351821" lon="119.43981328982937">
        <ele>11.417853192426264</ele>
        <time>2025-10-04T01:58:39.900000Z</time>
      </trkpt>
      <trkpt lat="32.38519422978151" lon="119.43982765741083">
        <ele>11.39838508144021</ele>
        <time>2025-10-04T01:58:40.900000Z</time>
      </trkpt>
      <trkpt lat="32.38519448779649" lon="119.43984198950749">
        <ele>11.379850535653532</ele>
        <time>2025-10-04T01:58:41.900000Z</time>
      </trkpt>
      <trkpt lat="32.38519478799717" lon="119.43985627857106">
        <ele>11.361956110224128</ele>
        <time>2025-10-04T01:58:42.900000Z</time>
      </trkpt>
      <trkpt lat="32.385195128891105" lon="119.43987054923187">
        <ele>11.345449867658317</ele>
        <time>2025-10-04T01:58:43.900000Z</time>
      </trkpt>
      <trkpt lat="32.38519549808907" lon="119.4398847999756">
        <ele>11.33047189656645</ele>
        <time>2025-10-04T01:58:44.900000Z</time>
      </trkpt>
      <trkpt lat="32.38519588032034" lon="119.43989901310077">
        <ele>11.317022535949945</ele>
        <time>2025-10-04T01:58:45.900000Z</time>
      </trkpt>
      <trkpt lat="32.38519625002666" lon="119.43991319690092">
        <ele>11.305165105499327</ele>
        <time>2025-10-04T01:58:46.900000Z</time>
      </trkpt>
      <trkpt lat="32.38519659140564" lon="119.43992738745759">
        <ele>11.294796088710427</ele>
        <time>2025-10-04T01:58:47.900000Z</time>
      </trkpt>
      <trkpt lat="32.385196926316986" lon="119.43994157927261">
        <ele>11.286252544261515</ele>
        <time>2025-10-04T01:58:48.900000Z</time>
      </trkpt>
      <trkpt lat="32.38519723224371" lon="119.43995578175641">
        <ele>11.279879626818001</ele>
        <time>2025-10-04T01:58:49.900000Z</time>
      </trkpt>
      <trkpt lat="32.3851975258166" lon="119.43996997132386">
        <ele>11.275456585921347</ele>
        <time>2025-10-04T01:58:50.900000Z</time>
      </trkpt>
      <trkpt lat="32.38519780573953" lon="119.43998418348733">
        <ele>11.273115497082472</ele>
        <time>2025-10-04T01:58:51.900000Z</time>
      </trkpt>
      <trkpt lat="32.38519808648423" lon="119.43999841609906">
        <ele>11.273192752152681</ele>
        <time>2025-10-04T01:58:52.900000Z</time>
      </trkpt>
      <trkpt lat="32.38519834996528" lon="119.4400126333529">
        <ele>11.27557441405952</ele>
        <time>2025-10-04T01:58:54Z</time>
      </trkpt>
      <trkpt lat="32.38519858600677" lon="119.44002685337473">
        <ele>11.280111999250948</ele>
        <time>2025-10-04T01:58:55Z</time>
      </trkpt>
      <trkpt lat="32.38519880263353" lon="119.44004112207226">
        <ele>11.286984321661294</ele>
        <time>2025-10-04T01:58:56Z</time>
      </trkpt>
      <trkpt lat="32.38519901506512" lon="119.44005542073212">
        <ele>11.296177024021745</ele>
        <time>2025-10-04T01:58:57Z</time>
      </trkpt>
      <trkpt lat="32.385199217734794" lon="119.4400697669003">
        <ele>11.307745639234781</ele>
        <time>2025-10-04T01:58:58Z</time>
      </trkpt>
      <trkpt lat="32.38519941269295" lon="119.4400841363378">
        <ele>11.321939025074244</ele>
        <time>2025-10-04T01:58:58.900000Z</time>
      </trkpt>
      <trkpt lat="32.38519960930178" lon="119.44009853844939">
        <ele>11.338765557855368</ele>
        <time>2025-10-04T01:58:59.900000Z</time>
      </trkpt>
      <trkpt lat="32.38519981863427" lon="119.44011297889017">
        <ele>11.35817758180201</ele>
        <time>2025-10-04T01:59:00.900000Z</time>
      </trkpt>
      <trkpt lat="32.385200050997305" lon="119.4401274543173">
        <ele>11.37924209330231</ele>
        <time>2025-10-04T01:59:01.900000Z</time>
      </trkpt>
      <trkpt lat="32.38520030938956" lon="119.44014196405693">
        <ele>11.402050429955125</ele>
        <time>2025-10-04T01:59:02.900000Z</time>
      </trkpt>
      <trkpt lat="32.38520059805684" lon="119.44015651474359">
        <ele>11.426082259975374</ele>
        <time>2025-10-04T01:59:03.900000Z</time>
      </trkpt>
      <trkpt lat="32.38520090879123" lon="119.44017111273921">
        <ele>11.45178890042007</ele>
        <time>2025-10-04T01:59:04.900000Z</time>
      </trkpt>
      <trkpt lat="32.38520125356781" lon="119.44018576234961">
        <ele>11.478580585680902</ele>
        <time>2025-10-04T01:59:05.900000Z</time>
      </trkpt>
      <trkpt lat="32.3852016160019" lon="119.44020045514439">
        <ele>11.507078181952238</ele>
        <time>2025-10-04T01:59:06.900000Z</time>
      </trkpt>
      <trkpt lat="32.385201993847986" lon="119.44021515940375">
        <ele>11.536550164222717</ele>
        <time>2025-10-04T01:59:07.900000Z</time>
      </trkpt>
      <trkpt lat="32.3852023932358" lon="119.4402298843876">
        <ele>11.566892312839627</ele>
        <time>2025-10-04T01:59:08.900000Z</time>
      </trkpt>
      <trkpt lat="32.385202822897476" lon="119.44024462387286">
        <ele>11.597478305920959</ele>
        <time>2025-10-04T01:59:09.900000Z</time>
      </trkpt>
      <trkpt lat="32.3852032611255" lon="119.44025938484256">
        <ele>11.628532360307872</ele>
        <time>2025-10-04T01:59:10.900000Z</time>
      </trkpt>
      <trkpt lat="32.385203712083104" lon="119.44027411828263">
        <ele>11.659424195997417</ele>
        <time>2025-10-04T01:59:11.900000Z</time>
      </trkpt>
      <trkpt lat="32.3852041683231" lon="119.44028881840936">
        <ele>11.690052200108767</ele>
        <time>2025-10-04T01:59:12.900000Z</time>
      </trkpt>
      <trkpt lat="32.38520461997176" lon="119.44030352061696">
        <ele>11.72021153010428</ele>
        <time>2025-10-04T01:59:13.900000Z</time>
      </trkpt>
      <trkpt lat="32.38520508391115" lon="119.44031824491141">
        <ele>11.749838076531887</ele>
        <time>2025-10-04T01:59:14.900000Z</time>
      </trkpt>
      <trkpt lat="32.385205543285664" lon="119.44033297737946">
        <ele>11.778256872668862</ele>
        <time>2025-10-04T01:59:15.900000Z</time>
      </trkpt>
      <trkpt lat="32.38520598022695" lon="119.44034767303587">
        <ele>11.80575292557478</ele>
        <time>2025-10-04T01:59:16.900000Z</time>
      </trkpt>
      <trkpt lat="32.38520637618498" lon="119.44036232495722">
        <ele>11.832363367080688</ele>
        <time>2025-10-04T01:59:17.900000Z</time>
      </trkpt>
      <trkpt lat="32.38520671505412" lon="119.4403769697755">
        <ele>11.857876548543572</ele>
        <time>2025-10-04T01:59:18.900000Z</time>
      </trkpt>
      <trkpt lat="32.38520703885077" lon="119.44039159757277">
        <ele>11.88162574917078</ele>
        <time>2025-10-04T01:59:19.900000Z</time>
      </trkpt>
      <trkpt lat="32.385207341892176" lon="119.44040622959038">
        <ele>11.903579523786902</ele>
        <time>2025-10-04T01:59:20.900000Z</time>
      </trkpt>
      <trkpt lat="32.38520761335232" lon="119.44042085369973">
        <ele>11.923779503442347</ele>
        <time>2025-10-04T01:59:21.900000Z</time>
      </trkpt>
      <trkpt lat="32.385207852006545" lon="119.44043537907156">
        <ele>11.942262168973684</ele>
        <time>2025-10-04T01:59:22.900000Z</time>
      </trkpt>
      <trkpt lat="32.38520805568961" lon="119.44044986804992">
        <ele>11.958481162786484</ele>
        <time>2025-10-04T01:59:23.900000Z</time>
      </trkpt>
      <trkpt lat="32.38520822833967" lon="119.44046440102986">
        <ele>11.972704133950174</ele>
        <time>2025-10-04T01:59:24.900000Z</time>
      </trkpt>
      <trkpt lat="32.38520836763849" lon="119.4404789536658">
        <ele>11.984812780283391</ele>
        <time>2025-10-04T01:59:25.900000Z</time>
      </trkpt>
      <trkpt lat="32.38520848180994" lon="119.44049351100367">
        <ele>11.99508514162153</ele>
        <time>2025-10-04T01:59:26.900000Z</time>
      </trkpt>
      <trkpt lat="32.38520858222957" lon="119.44050805567659">
        <ele>12.003451575525105</ele>
        <time>2025-10-04T01:59:27.900000Z</time>
      </trkpt>
      <trkpt lat="32.385208661353886" lon="119.44052263042984">
        <ele>12.010085144080222</ele>
        <time>2025-10-04T01:59:28.900000Z</time>
      </trkpt>
      <trkpt lat="32.38520871882574" lon="119.44053720835359">
        <ele>12.015470401383936</ele>
        <time>2025-10-04T01:59:29.900000Z</time>
      </trkpt>
      <trkpt lat="32.38520878346596" lon="119.44055178457403">
        <ele>12.019508662633598</ele>
        <time>2025-10-04T01:59:30.900000Z</time>
      </trkpt>
      <trkpt lat="32.38520885151438" lon="119.44056639988197">
        <ele>12.021759207360446</ele>
        <time>2025-10-04T01:59:31.900000Z</time>
      </trkpt>
      <trkpt lat="32.38520890901625" lon="119.44058106395973">
        <ele>12.02311228774488</ele>
        <time>2025-10-04T01:59:32.900000Z</time>
      </trkpt>
      <trkpt lat="32.38520896691919" lon="119.44059574630496">
        <ele>12.023651101626456</ele>
        <time>2025-10-04T01:59:33.900000Z</time>
      </trkpt>
      <trkpt lat="32.38520905280138" lon="119.44061048008311">
        <ele>12.02346655819565</ele>
        <time>2025-10-04T01:59:34.900000Z</time>
      </trkpt>
      <trkpt lat="32.38520917586222" lon="119.44062530950983">
        <ele>12.02225289400667</ele>
        <time>2025-10-04T01:59:35.900000Z</time>
      </trkpt>
      <trkpt lat="32.3852093504516" lon="119.44064021818907">
        <ele>12.020290781743824</ele>
        <time>2025-10-04T01:59:36.900000Z</time>
      </trkpt>
      <trkpt lat="32.38520957076762" lon="119.44065517622064">
        <ele>12.017115947790444</ele>
        <time>2025-10-04T01:59:37.900000Z</time>
      </trkpt>
      <trkpt lat="32.38520984295508" lon="119.44067016664007">
        <ele>12.012769250199199</ele>
        <time>2025-10-04T01:59:38.900000Z</time>
      </trkpt>
      <trkpt lat="32.38521016820707" lon="119.44068514621003">
        <ele>12.007076283916831</ele>
        <time>2025-10-04T01:59:39.900000Z</time>
      </trkpt>
      <trkpt lat="32.3852105277442" lon="119.44070011046576">
        <ele>11.99970088340342</ele>
        <time>2025-10-04T01:59:40.900000Z</time>
      </trkpt>
      <trkpt lat="32.38521092602013" lon="119.44071501695292">
        <ele>11.990764478221536</ele>
        <time>2025-10-04T01:59:41.900000Z</time>
      </trkpt>
      <trkpt lat="32.385211355326874" lon="119.44072985152566">
        <ele>11.981472942046821</ele>
        <time>2025-10-04T01:59:42.900000Z</time>
      </trkpt>
      <trkpt lat="32.38521181735002" lon="119.44074465384398">
        <ele>11.971936706453562</ele>
        <time>2025-10-04T01:59:43.900000Z</time>
      </trkpt>
      <trkpt lat="32.385212318070074" lon="119.44075942451165">
        <ele>11.96160095371306</ele>
        <time>2025-10-04T01:59:44.900000Z</time>
      </trkpt>
      <trkpt lat="32.38521286828075" lon="119.44077415889124">
        <ele>11.950287121348083</ele>
        <time>2025-10-04T01:59:45.900000Z</time>
      </trkpt>
      <trkpt lat="32.385213462831594" lon="119.44078885727279">
        <ele>11.938695468008518</ele>
        <time>2025-10-04T01:59:46.900000Z</time>
      </trkpt>
      <trkpt lat="32.38521409753439" lon="119.44080354292633">
        <ele>11.92726226709783</ele>
        <time>2025-10-04T01:59:47.900000Z</time>
      </trkpt>
      <trkpt lat="32.38521475671521" lon="119.4408182015213">
        <ele>11.91566265374422</ele>
        <time>2025-10-04T01:59:48.900000Z</time>
      </trkpt>
      <trkpt lat="32.385215471964514" lon="119.44083286914142">
        <ele>11.90487817209214</ele>
        <time>2025-10-04T01:59:49.900000Z</time>
      </trkpt>
      <trkpt lat="32.38521623242924" lon="119.44084750993673">
        <ele>11.89475823752582</ele>
        <time>2025-10-04T01:59:50.900000Z</time>
      </trkpt>
      <trkpt lat="32.38521702644906" lon="119.44086220450801">
        <ele>11.884952738881111</ele>
        <time>2025-10-04T01:59:51.900000Z</time>
      </trkpt>
      <trkpt lat="32.38521784730784" lon="119.44087690705977">
        <ele>11.876550230197608</ele>
        <time>2025-10-04T01:59:52.900000Z</time>
      </trkpt>
      <trkpt lat="32.38521869482495" lon="119.44089161442618">
        <ele>11.868463792838156</ele>
        <time>2025-10-04T01:59:53.900000Z</time>
      </trkpt>
      <trkpt lat="32.385219582099744" lon="119.44090632956761">
        <ele>11.861603363417089</ele>
        <time>2025-10-04T01:59:54.900000Z</time>
      </trkpt>
      <trkpt lat="32.38522052095129" lon="119.44092104442126">
        <ele>11.85528855305165</ele>
        <time>2025-10-04T01:59:55.900000Z</time>
      </trkpt>
      <trkpt lat="32.38522149967151" lon="119.4409357723272">
        <ele>11.849501225166023</ele>
        <time>2025-10-04T01:59:56.900000Z</time>
      </trkpt>
      <trkpt lat="32.38522251429552" lon="119.44095051017004">
        <ele>11.843995197676122</ele>
        <time>2025-10-04T01:59:57.900000Z</time>
      </trkpt>
      <trkpt lat="32.38522358195002" lon="119.44096528420026">
        <ele>11.838491842150688</ele>
        <time>2025-10-04T01:59:58.900000Z</time>
      </trkpt>
      <trkpt lat="32.385224693435106" lon="119.44098006018567">
        <ele>11.832787465304136</ele>
        <time>2025-10-04T01:59:59.900000Z</time>
      </trkpt>
      <trkpt lat="32.385225850759305" lon="119.44099480413821">
        <ele>11.826920541934669</ele>
        <time>2025-10-04T02:00:00.900000Z</time>
      </trkpt>
      <trkpt lat="32.38522705458572" lon="119.44100954477264">
        <ele>11.820752058178186</ele>
        <time>2025-10-04T02:00:01.900000Z</time>
      </trkpt>
      <trkpt lat="32.38522830729525" lon="119.44102426020318">
        <ele>11.81446791999042</ele>
        <time>2025-10-04T02:00:02.900000Z</time>
      </trkpt>
      <trkpt lat="32.385229607063856" lon="119.4410389485788">
        <ele>11.8071642043069</ele>
        <time>2025-10-04T02:00:03.900000Z</time>
      </trkpt>
      <trkpt lat="32.38523094154302" lon="119.44105356287433">
        <ele>11.79936015419662</ele>
        <time>2025-10-04T02:00:04.900000Z</time>
      </trkpt>
      <trkpt lat="32.3852323032447" lon="119.44106806437678">
        <ele>11.790711818262935</ele>
        <time>2025-10-04T02:00:05.900000Z</time>
      </trkpt>
      <trkpt lat="32.38523368253094" lon="119.44108249179565">
        <ele>11.781175202690065</ele>
        <time>2025-10-04T02:00:06.900000Z</time>
      </trkpt>
      <trkpt lat="32.385235083494315" lon="119.44109689550366">
        <ele>11.77101156488061</ele>
        <time>2025-10-04T02:00:07.900000Z</time>
      </trkpt>
      <trkpt lat="32.385236496731785" lon="119.44111120308814">
        <ele>11.760531796142459</ele>
        <time>2025-10-04T02:00:08.900000Z</time>
      </trkpt>
      <trkpt lat="32.38523790458431" lon="119.441125454762">
        <ele>11.749637476168573</ele>
        <time>2025-10-04T02:00:09.900000Z</time>
      </trkpt>
      <trkpt lat="32.38523928648303" lon="119.44113964628487">
        <ele>11.73831722419709</ele>
        <time>2025-10-04T02:00:10.900000Z</time>
      </trkpt>
      <trkpt lat="32.385240637833675" lon="119.44115378105104">
        <ele>11.727066685445607</ele>
        <time>2025-10-04T02:00:11.900000Z</time>
      </trkpt>
      <trkpt lat="32.385241956626615" lon="119.4411678981946">
        <ele>11.716032329015434</ele>
        <time>2025-10-04T02:00:12.900000Z</time>
      </trkpt>
      <trkpt lat="32.38524323332548" lon="119.44118204493525">
        <ele>11.705086009576917</ele>
        <time>2025-10-04T02:00:13.900000Z</time>
      </trkpt>
      <trkpt lat="32.385244485692404" lon="119.44119621382558">
        <ele>11.694574219174683</ele>
        <time>2025-10-04T02:00:14.900000Z</time>
      </trkpt>
      <trkpt lat="32.385245693403526" lon="119.44121037328418">
        <ele>11.684692439623177</ele>
        <time>2025-10-04T02:00:15.900000Z</time>
      </trkpt>
      <trkpt lat="32.385246842211835" lon="119.4412244969092">
        <ele>11.6755738761276</ele>
        <time>2025-10-04T02:00:16.900000Z</time>
      </trkpt>
      <trkpt lat="32.385247943063156" lon="119.44123861026483">
        <ele>11.667816756293178</ele>
        <time>2025-10-04T02:00:17.900000Z</time>
      </trkpt>
      <trkpt lat="32.38524899875698" lon="119.441252681921">
        <ele>11.660734975710511</ele>
        <time>2025-10-04T02:00:18.900000Z</time>
      </trkpt>
      <trkpt lat="32.385249979501516" lon="119.44126670157392">
        <ele>11.654704162850976</ele>
        <time>2025-10-04T02:00:19.900000Z</time>
      </trkpt>
      <trkpt lat="32.385250854741805" lon="119.44128074958019">
        <ele>11.649772092700005</ele>
        <time>2025-10-04T02:00:20.900000Z</time>
      </trkpt>
      <trkpt lat="32.385251638980456" lon="119.44129476013377">
        <ele>11.645978207699955</ele>
        <time>2025-10-04T02:00:21.900000Z</time>
      </trkpt>
      <trkpt lat="32.38525234620083" lon="119.44130873862801">
        <ele>11.643963043577969</ele>
        <time>2025-10-04T02:00:22.900000Z</time>
      </trkpt>
      <trkpt lat="32.38525296867538" lon="119.4413227185784">
        <ele>11.643160597421229</ele>
        <time>2025-10-04T02:00:23.900000Z</time>
      </trkpt>
      <trkpt lat="32.38525351744846" lon="119.44133668908158">
        <ele>11.643890643492341</ele>
        <time>2025-10-04T02:00:24.900000Z</time>
      </trkpt>
      <trkpt lat="32.385253987729676" lon="119.4413506556904">
        <ele>11.645868882536888</ele>
        <time>2025-10-04T02:00:25.900000Z</time>
      </trkpt>
      <trkpt lat="32.38525436558154" lon="119.44136464580971">
        <ele>11.64868448395282</ele>
        <time>2025-10-04T02:00:26.900000Z</time>
      </trkpt>
      <trkpt lat="32.385254647882554" lon="119.44137861031513">
        <ele>11.652622994035482</ele>
        <time>2025-10-04T02:00:27.900000Z</time>
      </trkpt>
      <trkpt lat="32.38525483644405" lon="119.44139267437949">
        <ele>11.657019258476794</ele>
        <time>2025-10-04T02:00:28.900000Z</time>
      </trkpt>
      <trkpt lat="32.38525492642278" lon="119.44140685637815">
        <ele>11.662001797929406</ele>
        <time>2025-10-04T02:00:29.900000Z</time>
      </trkpt>
      <trkpt lat="32.385254932589326" lon="119.44142117415493">
        <ele>11.666726080700755</ele>
        <time>2025-10-04T02:00:30.900000Z</time>
      </trkpt>
      <trkpt lat="32.385254866716885" lon="119.44143569673165">
        <ele>11.67121989093721</ele>
        <time>2025-10-04T02:00:31.900000Z</time>
      </trkpt>
      <trkpt lat="32.38525473627068" lon="119.44145040563463">
        <ele>11.675377127714455</ele>
        <time>2025-10-04T02:00:32.900000Z</time>
      </trkpt>
      <trkpt lat="32.385254555065735" lon="119.44146526310607">
        <ele>11.679132261313498</ele>
        <time>2025-10-04T02:00:33.900000Z</time>
      </trkpt>
      <trkpt lat="32.38525431641796" lon="119.44148022344953">
        <ele>11.682591354474425</ele>
        <time>2025-10-04T02:00:34.900000Z</time>
      </trkpt>
      <trkpt lat="32.38525402163731" lon="119.44149535711144">
        <ele>11.685031370259821</ele>
        <time>2025-10-04T02:00:35.900000Z</time>
      </trkpt>
      <trkpt lat="32.385253668008964" lon="119.4415105945996">
        <ele>11.686279674060643</ele>
        <time>2025-10-04T02:00:36.900000Z</time>
      </trkpt>
      <trkpt lat="32.38525329445271" lon="119.44152594511124">
        <ele>11.686769302934408</ele>
        <time>2025-10-04T02:00:37.900000Z</time>
        <extensions>
          <gpxtpx:TrackPointExtension>
            <gpxtpx:hr>95</gpxtpx:hr>
          </gpxtpx:TrackPointExtension>
        </extensions>
      </trkpt>
      <trkpt lat="32.38525290454166" lon="119.44154138664703">
        <ele>11.686675185337663</ele>
        <time>2025-10-04T02:00:38.900000Z</time>
        <extensions>
          <gpxtpx:TrackPointExtension>
            <gpxtpx:hr>95</gpxtpx:hr>
          </gpxtpx:TrackPointExtension>
        </extensions>
      </trkpt>
      <trkpt lat="32.38525251194001" lon="119.4415568553633">
        <ele>11.686101586557925</ele>
        <time>2025-10-04T02:00:39.900000Z</time>
        <extensions>
          <gpxtpx:TrackPointExtension>
            <gpxtpx:hr>95</gpxtpx:hr>
          </gpxtpx:TrackPointExtension>
        </extensions>
      </trkpt>
      <trkpt lat="32.38525212579281" lon="119.44157237458333">
        <ele>11.684616793878376</ele>
        <time>2025-10-04T02:00:40.900000Z</time>
        <extensions>
          <gpxtpx:TrackPointExtension>
            <gpxtpx:hr>95</gpxtpx:hr>
          </gpxtpx:TrackPointExtension>
        </extensions>
      </trkpt>
      <trkpt lat="32.385251759357125" lon="119.44158790262546">
        <ele>11.682716217823327</ele>
        <time>2025-10-04T02:00:41.900000Z</time>
        <extensions>
          <gpxtpx:TrackPointExtension>
            <gpxtpx:hr>95</gpxtpx:hr>
          </gpxtpx:TrackPointExtension>
        </extensions>
      </trkpt>
      <trkpt lat="32.38525144320385" lon="119.44160347563808">
        <ele>11.680021084845066</ele>
        <time>2025-10-04T02:00:42.900000Z</time>
        <extensions>
          <gpxtpx:TrackPointExtension>
            <gpxtpx:hr>95</gpxtpx:hr>
          </gpxtpx:TrackPointExtension>
        </extensions>
      </trkpt>
      <trkpt lat="32.38525118642767" lon="119.44161908726107">
        <ele>11.676470587961376</ele>
        <time>2025-10-04T02:00:43.900000Z</time>
        <extensions>
          <gpxtpx:TrackPointExtension>
            <gpxtpx:hr>95</gpxtpx:hr>
          </gpxtpx:TrackPointExtension>
        </extensions>
      </trkpt>
      <trkpt lat="32.38525099191833" lon="119.44163465415275">
        <ele>11.672496099025011</ele>
        <time>2025-10-04T02:00:44.900000Z</time>
        <extensions>
          <gpxtpx:TrackPointExtension>
            <gpxtpx:hr>95</gpxtpx:hr>
          </gpxtpx:TrackPointExtension>
        </extensions>
      </trkpt>
      <trkpt lat="32.38525086021149" lon="119.4416501845649">
        <ele>11.668025573715568</ele>
        <time>2025-10-04T02:00:45.900000Z</time>
        <extensions>
          <gpxtpx:TrackPointExtension>
            <gpxtpx:hr>95</gpxtpx:hr>
          </gpxtpx:TrackPointExtension>
        </extensions>
      </trkpt>
      <trkpt lat="32.38525078255493" lon="119.44166567477495">
        <ele>11.66298058629036</ele>
        <time>2025-10-04T02:00:46.900000Z</time>
        <extensions>
          <gpxtpx:TrackPointExtension>
            <gpxtpx:hr>95</gpxtpx:hr>
          </gpxtpx:TrackPointExtension>
        </extensions>
      </trkpt>
      <trkpt lat="32.385250757211594" lon="119.441681145816">
        <ele>11.657535911537707</ele>
        <time>2025-10-04T02:00:47.900000Z</time>
        <extensions>
          <gpxtpx:TrackPointExtension>
            <gpxtpx:hr>95</gpxtpx:hr>
          </gpxtpx:TrackPointExtension>
        </extensions>
      </trkpt>
      <trkpt lat="32.3852508060422" lon="119.44169660793095">
        <ele>11.651947002857924</ele>
        <time>2025-10-04T02:00:48.900000Z</time>
        <extensions>
          <gpxtpx:TrackPointExtension>
            <gpxtpx:hr>95</gpxtpx:hr>
          </gpxtpx:TrackPointExtension>
        </extensions>
      </trkpt>
      <trkpt lat="32.38525091105901" lon="119.44171204250819">
        <ele>11.646292379125953</ele>
        <time>2025-10-04T02:00:49.900000Z</time>
        <extensions>
          <gpxtpx:TrackPointExtension>
            <gpxtpx:hr>95</gpxtpx:hr>
          </gpxtpx:TrackPointExtension>
        </extensions>
      </trkpt>
      <trkpt lat="32.38525106715615" lon="119.44172735452123">
        <ele>11.640123365446925</ele>
        <time>2025-10-04T02:00:50.900000Z</time>
        <extensions>
          <gpxtpx:TrackPointExtension>
            <gpxtpx:hr>95</gpxtpx:hr>
          </gpxtpx:TrackPointExtension>
        </extensions>
      </trkpt>
      <trkpt lat="32.385251273907876" lon="119.44174254542523">
        <ele>11.633860936388373</ele>
        <time>2025-10-04T02:00:51.900000Z</time>
        <extensions>
          <gpxtpx:TrackPointExtension>
            <gpxtpx:hr>95</gpxtpx:hr>
          </gpxtpx:TrackPointExtension>
        </extensions>
      </trkpt>
      <trkpt lat="32.385251539652224" lon="119.4417576517891">
        <ele>11.627883253619075</ele>
        <time>2025-10-04T02:00:53Z</time>
        <extensions>
          <gpxtpx:TrackPointExtension>
            <gpxtpx:hr>95</gpxtpx:hr>
          </gpxtpx:TrackPointExtension>
        </extensions>
      </trkpt>
      <trkpt lat="32.385251854670635" lon="119.4417726927797">
        <ele>11.621288118883967</ele>
        <time>2025-10-04T02:00:54Z</time>
        <extensions>
          <gpxtpx:TrackPointExtension>
            <gpxtpx:hr>95</gpxtpx:hr>
          </gpxtpx:TrackPointExtension>
        </extensions>
      </trkpt>
      <trkpt lat="32.38525221433381" lon="119.44178767367787">
        <ele>11.615428008139133</ele>
        <time>2025-10-04T02:00:55Z</time>
        <extensions>
          <gpxtpx:TrackPointExtension>
            <gpxtpx:hr>95</gpxtpx:hr>
          </gpxtpx:TrackPointExtension>
        </extensions>
      </trkpt>
      <trkpt lat="32.38525261851522" lon="119.44180264528622">
        <ele>11.610262535512447</ele>
        <time>2025-10-04T02:00:56Z</time>
        <extensions>
          <gpxtpx:TrackPointExtension>
            <gpxtpx:hr>95</gpxtpx:hr>
          </gpxtpx:TrackPointExtension>
        </extensions>
      </trkpt>
      <trkpt lat="32.38525307676544" lon="119.44181765952516">
        <ele>11.605437672697008</ele>
        <time>2025-10-04T02:00:57Z</time>
        <extensions>
          <gpxtpx:TrackPointExtension>
            <gpxtpx:hr>95</gpxtpx:hr>
          </gpxtpx:TrackPointExtension>
        </extensions>
      </trkpt>
      <trkpt lat="32.38525358394112" lon="119.44183264815514">
        <ele>11.601119556464255</ele>
        <time>2025-10-04T02:00:58Z</time>
      </trkpt>
      <trkpt lat="32.38525414535233" lon="119.44184765872721">
        <ele>11.596565372310579</ele>
        <time>2025-10-04T02:00:59Z</time>
      </trkpt>
      <trkpt lat="32.38525474363057" lon="119.44186270077014">
        <ele>11.592124776914716</ele>
        <time>2025-10-04T02:01:00Z</time>
      </trkpt>
      <trkpt lat="32.38525539593715" lon="119.44187777377832">
        <ele>11.58750415313989</ele>
        <time>2025-10-04T02:01:01Z</time>
      </trkpt>
      <trkpt lat="32.38525609568647" lon="119.44189287188938">
        <ele>11.582831058651209</ele>
        <time>2025-10-04T02:01:02Z</time>
      </trkpt>
      <trkpt lat="32.38525684751402" lon="119.44190799810366">
        <ele>11.577203939668834</ele>
        <time>2025-10-04T02:01:03Z</time>
      </trkpt>
      <trkpt lat="32.38525764632071" lon="119.44192311161815">
        <ele>11.570960275828838</ele>
        <time>2025-10-04T02:01:03.900000Z</time>
      </trkpt>
      <trkpt lat="32.385258488081554" lon="119.4419381999493">
        <ele>11.563318336382508</ele>
        <time>2025-10-04T02:01:04.900000Z</time>
      </trkpt>
      <trkpt lat="32.38525935808889" lon="119.44195329675138">
        <ele>11.554313881322742</ele>
        <time>2025-10-04T02:01:05.900000Z</time>
      </trkpt>
      <trkpt lat="32.38526026250725" lon="119.441968399207">
        <ele>11.542978295125067</ele>
        <time>2025-10-04T02:01:06.900000Z</time>
      </trkpt>
      <trkpt lat="32.38526116203937" lon="119.44198351613637">
        <ele>11.529053908772767</ele>
        <time>2025-10-04T02:01:07.900000Z</time>
      </trkpt>
      <trkpt lat="32.38526205650082" lon="119.44199861261724">
        <ele>11.51260565686971</ele>
        <time>2025-10-04T02:01:08.900000Z</time>
      </trkpt>
      <trkpt lat="32.3852629545156" lon="119.44201369368079">
        <ele>11.493555966764688</ele>
        <time>2025-10-04T02:01:09.900000Z</time>
      </trkpt>
      <trkpt lat="32.38526387695882" lon="119.44202876120454">
        <ele>11.47123507130891</ele>
        <time>2025-10-04T02:01:10.900000Z</time>
      </trkpt>
      <trkpt lat="32.385264840658536" lon="119.44204375149455">
        <ele>11.445326797664165</ele>
        <time>2025-10-04T02:01:11.900000Z</time>
      </trkpt>
      <trkpt lat="32.38526584662994" lon="119.44205865047287">
        <ele>11.416739981621504</ele>
        <time>2025-10-04T02:01:12.900000Z</time>
      </trkpt>
      <trkpt lat="32.385266901620064" lon="119.4420734756938">
        <ele>11.385567887686193</ele>
        <time>2025-10-04T02:01:13.900000Z</time>
      </trkpt>
      <trkpt lat="32.385267993980335" lon="119.44208818654486">
        <ele>11.351901428774</ele>
        <time>2025-10-04T02:01:14.900000Z</time>
      </trkpt>
      <trkpt lat="32.385269119330076" lon="119.44210278116584">
        <ele>11.315745873376727</ele>
        <time>2025-10-04T02:01:15.900000Z</time>
      </trkpt>
      <trkpt lat="32.385270282960484" lon="119.44211726188055">
        <ele>11.278004626743495</ele>
        <time>2025-10-04T02:01:16.900000Z</time>
      </trkpt>
      <trkpt lat="32.385271480523656" lon="119.44213166491986">
        <ele>11.23921156488359</ele>
        <time>2025-10-04T02:01:17.900000Z</time>
      </trkpt>
      <trkpt lat="32.38527271119521" lon="119.44214596248148">
        <ele>11.199870577082038</ele>
        <time>2025-10-04T02:01:18.900000Z</time>
      </trkpt>
      <trkpt lat="32.38527397293071" lon="119.44216016182955">
        <ele>11.160250609740615</ele>
        <time>2025-10-04T02:01:19.900000Z</time>
      </trkpt>
      <trkpt lat="32.38527525809764" lon="119.44217427013594">
        <ele>11.120648426003754</ele>
        <time>2025-10-04T02:01:20.900000Z</time>
      </trkpt>
      <trkpt lat="32.385276574862914" lon="119.44218831294687">
        <ele>11.08157716318965</ele>
        <time>2025-10-04T02:01:21.900000Z</time>
      </trkpt>
      <trkpt lat="32.385277923247585" lon="119.44220229624948">
        <ele>11.04417919460684</ele>
        <time>2025-10-04T02:01:22.900000Z</time>
      </trkpt>
      <trkpt lat="32.38527928124937" lon="119.44221625951356">
        <ele>11.00889485515654</ele>
        <time>2025-10-04T02:01:23.900000Z</time>
      </trkpt>
      <trkpt lat="32.38528064053833" lon="119.44223020960956">
        <ele>10.975600149482489</ele>
        <time>2025-10-04T02:01:24.900000Z</time>
      </trkpt>
      <trkpt lat="32.38528199023348" lon="119.44224411675262">
        <ele>10.944622711278498</ele>
        <time>2025-10-04T02:01:25.900000Z</time>
      </trkpt>
      <trkpt lat="32.38528334127786" lon="119.44225797544591">
        <ele>10.916459681466222</ele>
        <time>2025-10-04T02:01:26.900000Z</time>
      </trkpt>
      <trkpt lat="32.38528468802665" lon="119.44227177357185">
        <ele>10.89104091282934</ele>
        <time>2025-10-04T02:01:27.900000Z</time>
      </trkpt>
      <trkpt lat="32.38528602862117" lon="119.44228554633283">
        <ele>10.868893779814243</ele>
        <time>2025-10-04T02:01:28.900000Z</time>
      </trkpt>
      <trkpt lat="32.38528734209157" lon="119.44229930446234">
        <ele>10.850080194883049</ele>
        <time>2025-10-04T02:01:29.900000Z</time>
      </trkpt>
      <trkpt lat="32.38528862332488" lon="119.44231306709538">
        <ele>10.834783745929599</ele>
        <time>2025-10-04T02:01:30.900000Z</time>
      </trkpt>
      <trkpt lat="32.385289872116836" lon="119.44232687676676">
        <ele>10.822646542452276</ele>
        <time>2025-10-04T02:01:31.900000Z</time>
      </trkpt>
      <trkpt lat="32.38529107537372" lon="119.44234062015575">
        <ele>10.813896588981152</ele>
        <time>2025-10-04T02:01:32.900000Z</time>
      </trkpt>
      <trkpt lat="32.38529221991485" lon="119.44235430175674">
        <ele>10.808427827432752</ele>
        <time>2025-10-04T02:01:34Z</time>
      </trkpt>
      <trkpt lat="32.385293304309926" lon="119.4423679450747">
        <ele>10.806604518555105</ele>
        <time>2025-10-04T02:01:35Z</time>
      </trkpt>
      <trkpt lat="32.3852943304625" lon="119.44238159004111">
        <ele>10.808146555908024</ele>
        <time>2025-10-04T02:01:36Z</time>
      </trkpt>
      <trkpt lat="32.38529529694382" lon="119.44239522630645">
        <ele>10.812837960198522</ele>
        <time>2025-10-04T02:01:37Z</time>
      </trkpt>
      <trkpt lat="32.38529620183405" lon="119.44240883939618">
        <ele>10.8206583596766</ele>
        <time>2025-10-04T02:01:38Z</time>
      </trkpt>
      <trkpt lat="32.38529703608173" lon="119.44242241457741">
        <ele>10.831608846783638</ele>
        <time>2025-10-04T02:01:39Z</time>
      </trkpt>
      <trkpt lat="32.38529780012761" lon="119.44243594659153">
        <ele>10.84539714641869</ele>
        <time>2025-10-04T02:01:40Z</time>
      </trkpt>
      <trkpt lat="32.385298511613364" lon="119.44244947977243">
        <ele>10.861863291822374</ele>
        <time>2025-10-04T02:01:41Z</time>
      </trkpt>
      <trkpt lat="32.38529916471508" lon="119.44246304273054">
        <ele>10.88026447314769</ele>
        <time>2025-10-04T02:01:42Z</time>
      </trkpt>
      <trkpt lat="32.385299767842035" lon="119.44247665861737">
        <ele>10.90054223779589</ele>
        <time>2025-10-04T02:01:43Z</time>
      </trkpt>
      <trkpt lat="32.38530031664971" lon="119.4424902695232">
        <ele>10.922366118058562</ele>
        <time>2025-10-04T02:01:44Z</time>
      </trkpt>
      <trkpt lat="32.38530082025194" lon="119.44250387429116">
        <ele>10.945690189488232</ele>
        <time>2025-10-04T02:01:45Z</time>
      </trkpt>
      <trkpt lat="32.38530127968467" lon="119.44251743536634">
        <ele>10.970282601192594</ele>
        <time>2025-10-04T02:01:46Z</time>
      </trkpt>
      <trkpt lat="32.385301700809684" lon="119.44253096453065">
        <ele>10.995800332166255</ele>
        <time>2025-10-04T02:01:47Z</time>
      </trkpt>
      <trkpt lat="32.3853020805805" lon="119.4425444547041">
        <ele>11.02214782871306</ele>
        <time>2025-10-04T02:01:48Z</time>
      </trkpt>
      <trkpt lat="32.38530241520416" lon="119.44255792453144">
        <ele>11.049801028333604</ele>
        <time>2025-10-04T02:01:49Z</time>
      </trkpt>
      <trkpt lat="32.38530271169463" lon="119.44257140965162">
        <ele>11.077999814413488</ele>
        <time>2025-10-04T02:01:50Z</time>
      </trkpt>
      <trkpt lat="32.38530298199774" lon="119.44258489825802">
        <ele>11.106756848283112</ele>
        <time>2025-10-04T02:01:51Z</time>
      </trkpt>
      <trkpt lat="32.38530321881776" lon="119.44259840236825">
        <ele>11.136252426542342</ele>
        <time>2025-10-04T02:01:52Z</time>
      </trkpt>
      <trkpt lat="32.38530341459598" lon="119.44261190178271">
        <ele>11.16668216418475</ele>
        <time>2025-10-04T02:01:53Z</time>
      </trkpt>
      <trkpt lat="32.385303563694514" lon="119.44262543100882">
        <ele>11.19749858789146</ele>
        <time>2025-10-04T02:01:54Z</time>
      </trkpt>
      <trkpt lat="32.385303670521516" lon="119.44263898472663">
        <ele>11.228825357742608</ele>
        <time>2025-10-04T02:01:55Z</time>
      </trkpt>
      <trkpt lat="32.385303735247994" lon="119.44265257616838">
        <ele>11.259994031861424</ele>
        <time>2025-10-04T02:01:56Z</time>
      </trkpt>
      <trkpt lat="32.385303762328085" lon="119.44266614742077">
        <ele>11.29147107154131</ele>
        <time>2025-10-04T02:01:57Z</time>
      </trkpt>
      <trkpt lat="32.38530377104573" lon="119.44267971610915">
        <ele>11.323099493980408</ele>
        <time>2025-10-04T02:01:58Z</time>
      </trkpt>
      <trkpt lat="32.38530372835124" lon="119.44269332294155">
        <ele>11.355367339216173</ele>
        <time>2025-10-04T02:01:59Z</time>
      </trkpt>
      <trkpt lat="32.38530366646656" lon="119.44270695951955">
        <ele>11.38799272570759</ele>
        <time>2025-10-04T02:02:00Z</time>
      </trkpt>
      <trkpt lat="32.38530358043425" lon="119.442720625847">
        <ele>11.42082601133734</ele>
        <time>2025-10-04T02:02:01Z</time>
      </trkpt>
      <trkpt lat="32.38530347170706" lon="119.44273427106765">
        <ele>11.453748402185738</ele>
        <time>2025-10-04T02:02:02Z</time>
      </trkpt>
      <trkpt lat="32.38530333977503" lon="119.44274795675399">
        <ele>11.4868297399953</ele>
        <time>2025-10-04T02:02:03Z</time>
      </trkpt>
      <trkpt lat="32.38530319388762" lon="119.44276166217757">
        <ele>11.520692617632449</ele>
        <time>2025-10-04T02:02:04Z</time>
      </trkpt>
      <trkpt lat="32.385303044372435" lon="119.44277543679668">
        <ele>11.554185069166124</ele>
        <time>2025-10-04T02:02:05Z</time>
      </trkpt>
      <trkpt lat="32.38530286439136" lon="119.44278926572717">
        <ele>11.587383524514735</ele>
        <time>2025-10-04T02:02:06Z</time>
      </trkpt>
      <trkpt lat="32.385302661412645" lon="119.4428032134239">
        <ele>11.620636113919318</ele>
        <time>2025-10-04T02:02:07Z</time>
      </trkpt>
      <trkpt lat="32.38530247130478" lon="119.4428172953983">
        <ele>11.654161327518523</ele>
        <time>2025-10-04T02:02:08Z</time>
      </trkpt>
      <trkpt lat="32.385302298810245" lon="119.44283148000964">
        <ele>11.687356977723539</ele>
        <time>2025-10-04T02:02:09Z</time>
      </trkpt>
      <trkpt lat="32.38530214372603" lon="119.44284572992684">
        <ele>11.719835950993001</ele>
        <time>2025-10-04T02:02:10Z</time>
      </trkpt>
      <trkpt lat="32.38530203478791" lon="119.44286003118293">
        <ele>11.751202460378408</ele>
        <time>2025-10-04T02:02:11Z</time>
      </trkpt>
      <trkpt lat="32.385301990304384" lon="119.44287440224593">
        <ele>11.781459231860936</ele>
        <time>2025-10-04T02:02:12Z</time>
      </trkpt>
      <trkpt lat="32.38530195738392" lon="119.44288883166044">
        <ele>11.810603431425989</ele>
        <time>2025-10-04T02:02:13Z</time>
      </trkpt>
      <trkpt lat="32.38530195468392" lon="119.44290331280085">
        <ele>11.838977398350835</ele>
        <time>2025-10-04T02:02:14Z</time>
      </trkpt>
      <trkpt lat="32.38530198815765" lon="119.44291779535918">
        <ele>11.867042560130358</ele>
        <time>2025-10-04T02:02:15Z</time>
      </trkpt>
      <trkpt lat="32.38530205515332" lon="119.44293227285837">
        <ele>11.894315307028592</ele>
        <time>2025-10-04T02:02:16Z</time>
      </trkpt>
      <trkpt lat="32.385302150501786" lon="119.44294675557722">
        <ele>11.92034166213125</ele>
        <time>2025-10-04T02:02:17Z</time>
      </trkpt>
      <trkpt lat="32.385302255863174" lon="119.4429612166002">
        <ele>11.945503699593246</ele>
        <time>2025-10-04T02:02:18Z</time>
      </trkpt>
      <trkpt lat="32.385302368743886" lon="119.44297565964787">
        <ele>11.969780803658068</ele>
        <time>2025-10-04T02:02:19Z</time>
      </trkpt>
      <trkpt lat="32.38530248757569" lon="119.44299005910453">
        <ele>11.993569258600473</ele>
        <time>2025-10-04T02:02:20Z</time>
      </trkpt>
      <trkpt lat="32.38530261852583" lon="119.44300438563367">
        <ele>12.016374780796468</ele>
        <time>2025-10-04T02:02:21Z</time>
      </trkpt>
      <trkpt lat="32.385302769859535" lon="119.4430186579715">
        <ele>12.038366388529539</ele>
        <time>2025-10-04T02:02:22Z</time>
      </trkpt>
      <trkpt lat="32.385302954903594" lon="119.44303287096847">
        <ele>12.059323949739337</ele>
        <time>2025-10-04T02:02:23Z</time>
      </trkpt>
      <trkpt lat="32.38530318887574" lon="119.4430470918079">
        <ele>12.079780702479184</ele>
        <time>2025-10-04T02:02:24Z</time>
      </trkpt>
      <trkpt lat="32.3853034726521" lon="119.44306125015157">
        <ele>12.100471725687385</ele>
        <time>2025-10-04T02:02:25Z</time>
      </trkpt>
      <trkpt lat="32.385303775873496" lon="119.44307543896447">
        <ele>12.121156775392592</ele>
        <time>2025-10-04T02:02:26Z</time>
      </trkpt>
      <trkpt lat="32.38530409191858" lon="119.44308959473005">
        <ele>12.141456155106425</ele>
        <time>2025-10-04T02:02:27Z</time>
      </trkpt>
      <trkpt lat="32.385304425884414" lon="119.4431037551913">
        <ele>12.161893331445754</ele>
        <time>2025-10-04T02:02:28Z</time>
      </trkpt>
      <trkpt lat="32.38530475174678" lon="119.44311787231238">
        <ele>12.182305964641273</ele>
        <time>2025-10-04T02:02:29Z</time>
      </trkpt>
      <trkpt lat="32.385305227327144" lon="119.44313217380825">
        <ele>12.202056180685759</ele>
        <time>2025-10-04T02:02:30Z</time>
      </trkpt>
      <trkpt lat="32.385305766574085" lon="119.44314652038909">
        <ele>12.221337348222733</ele>
        <time>2025-10-04T02:02:31Z</time>
      </trkpt>
      <trkpt lat="32.385306332571126" lon="119.44316092200442">
        <ele>12.240803064778447</ele>
        <time>2025-10-04T02:02:32Z</time>
      </trkpt>
      <trkpt lat="32.385306925797565" lon="119.44317537522535">
        <ele>12.260676166974008</ele>
        <time>2025-10-04T02:02:33Z</time>
      </trkpt>
      <trkpt lat="32.38530754627269" lon="119.44318982278496">
        <ele>12.281006501056254</ele>
        <time>2025-10-04T02:02:34Z</time>
      </trkpt>
      <trkpt lat="32.385308189455415" lon="119.443204242405">
        <ele>12.30157648678869</ele>
        <time>2025-10-04T02:02:35Z</time>
      </trkpt>
      <trkpt lat="32.38530886741038" lon="119.44321861428485">
        <ele>12.322235702537</ele>
        <time>2025-10-04T02:02:36Z</time>
      </trkpt>
      <trkpt lat="32.3853095813879" lon="119.44323295774959">
        <ele>12.343196374364197</ele>
        <time>2025-10-04T02:02:37Z</time>
      </trkpt>
      <trkpt lat="32.38531029565634" lon="119.44324721367039">
        <ele>12.364222081378102</ele>
        <time>2025-10-04T02:02:38Z</time>
      </trkpt>
      <trkpt lat="32.385310991399514" lon="119.44326140880261">
        <ele>12.385537982918322</ele>
        <time>2025-10-04T02:02:39Z</time>
      </trkpt>
      <trkpt lat="32.385311684026355" lon="119.44327553680512">
        <ele>12.40711974259466</ele>
        <time>2025-10-04T02:02:40Z</time>
      </trkpt>
      <trkpt lat="32.38531238148906" lon="119.44328955887393">
        <ele>12.429350577294827</ele>
        <time>2025-10-04T02:02:41Z</time>
      </trkpt>
      <trkpt lat="32.385313087211806" lon="119.4433035275276">
        <ele>12.451759645715356</ele>
        <time>2025-10-04T02:02:42Z</time>
      </trkpt>
      <trkpt lat="32.38531379166867" lon="119.44331747082302">
        <ele>12.474257335998118</ele>
        <time>2025-10-04T02:02:43Z</time>
      </trkpt>
      <trkpt lat="32.38531449608871" lon="119.44333141129205">
        <ele>12.497453865595162</ele>
        <time>2025-10-04T02:02:44Z</time>
      </trkpt>
      <trkpt lat="32.38531519206793" lon="119.4433454216655">
        <ele>12.521076675504446</ele>
        <time>2025-10-04T02:02:45Z</time>
      </trkpt>
      <trkpt lat="32.38531586854599" lon="119.44335952888474">
        <ele>12.544718140736222</ele>
        <time>2025-10-04T02:02:46Z</time>
      </trkpt>
      <trkpt lat="32.38531653564401" lon="119.44337371524618">
        <ele>12.567911104299128</ele>
        <time>2025-10-04T02:02:47Z</time>
      </trkpt>
      <trkpt lat="32.38531720395828" lon="119.44338801356518">
        <ele>12.590453281067312</ele>
        <time>2025-10-04T02:02:48Z</time>
      </trkpt>
      <trkpt lat="32.385317877031454" lon="119.44340242351838">
        <ele>12.612367342226207</ele>
        <time>2025-10-04T02:02:49Z</time>
      </trkpt>
      <trkpt lat="32.385318573196365" lon="119.44341687286519">
        <ele>12.633137534372509</ele>
        <time>2025-10-04T02:02:50Z</time>
      </trkpt>
      <trkpt lat="32.385319282035304" lon="119.44343135653085">
        <ele>12.652315268293023</ele>
        <time>2025-10-04T02:02:51Z</time>
      </trkpt>
      <trkpt lat="32.385319982633185" lon="119.44344597365146">
        <ele>12.669489917345345</ele>
        <time>2025-10-04T02:02:52Z</time>
      </trkpt>
      <trkpt lat="32.38532070511125" lon="119.44346068591877">
        <ele>12.684400919824839</ele>
        <time>2025-10-04T02:02:53Z</time>
      </trkpt>
      <trkpt lat="32.385321428857935" lon="119.44347548747004">
        <ele>12.696750344708562</ele>
        <time>2025-10-04T02:02:54Z</time>
      </trkpt>
      <trkpt lat="32.38532214332536" lon="119.44349034059316">
        <ele>12.70596404094249</ele>
        <time>2025-10-04T02:02:55Z</time>
      </trkpt>
      <trkpt lat="32.38532285860492" lon="119.44350521879089">
        <ele>12.71198579017073</ele>
        <time>2025-10-04T02:02:56Z</time>
      </trkpt>
      <trkpt lat="32.385323584079714" lon="119.44352010412224">
        <ele>12.71547357738018</ele>
        <time>2025-10-04T02:02:57Z</time>
      </trkpt>
      <trkpt lat="32.3853243236812" lon="119.44353498161382">
        <ele>12.716503667645156</ele>
        <time>2025-10-04T02:02:58Z</time>
      </trkpt>
      <trkpt lat="32.38532506324869" lon="119.44354983291028">
        <ele>12.715032911859453</ele>
        <time>2025-10-04T02:02:59Z</time>
        <extensions>
          <gpxtpx:TrackPointExtension>
            <gpxtpx:hr>101</gpxtpx:hr>
          </gpxtpx:TrackPointExtension>
        </extensions>
      </trkpt>
      <trkpt lat="32.385325788164266" lon="119.44356473620947">
        <ele>12.710916977375746</ele>
        <time>2025-10-04T02:03:00Z</time>
        <extensions>
          <gpxtpx:TrackPointExtension>
            <gpxtpx:hr>101</gpxtpx:hr>
          </gpxtpx:TrackPointExtension>
        </extensions>
      </trkpt>
      <trkpt lat="32.38532654528583" lon="119.44357969452457">
        <ele>12.704358756542206</ele>
        <time>2025-10-04T02:03:01Z</time>
        <extensions>
          <gpxtpx:TrackPointExtension>
            <gpxtpx:hr>101</gpxtpx:hr>
          </gpxtpx:TrackPointExtension>
        </extensions>
      </trkpt>
      <trkpt lat="32.38532730816037" lon="119.44359474199987">
        <ele>12.695748876780272</ele>
        <time>2025-10-04T02:03:02Z</time>
        <extensions>
          <gpxtpx:TrackPointExtension>
            <gpxtpx:hr>101</gpxtpx:hr>
          </gpxtpx:TrackPointExtension>
        </extensions>
      </trkpt>
      <trkpt lat="32.385328081956324" lon="119.44360983927412">
        <ele>12.68534826580435</ele>
        <time>2025-10-04T02:03:03Z</time>
        <extensions>
          <gpxtpx:TrackPointExtension>
            <gpxtpx:hr>101</gpxtpx:hr>
          </gpxtpx:TrackPointExtension>
        </extensions>
      </trkpt>
      <trkpt lat="32.38532886987119" lon="119.44362496127272">
        <ele>12.672821927815676</ele>
        <time>2025-10-04T02:03:04Z</time>
        <extensions>
          <gpxtpx:TrackPointExtension>
            <gpxtpx:hr>101</gpxtpx:hr>
          </gpxtpx:TrackPointExtension>
        </extensions>
      </trkpt>
      <trkpt lat="32.385329671804435" lon="119.44364013141093">
        <ele>12.65867199189961</ele>
        <time>2025-10-04T02:03:05Z</time>
        <extensions>
          <gpxtpx:TrackPointExtension>
            <gpxtpx:hr>101</gpxtpx:hr>
          </gpxtpx:TrackPointExtension>
        </extensions>
      </trkpt>
      <trkpt lat="32.385330493558826" lon="119.44365539735371">
        <ele>12.642841718159616</ele>
        <time>2025-10-04T02:03:06Z</time>
        <extensions>
          <gpxtpx:TrackPointExtension>
            <gpxtpx:hr>101</gpxtpx:hr>
          </gpxtpx:TrackPointExtension>
        </extensions>
      </trkpt>
      <trkpt lat="32.38533133568829" lon="119.44367070752348">
        <ele>12.626200030557811</ele>
        <time>2025-10-04T02:03:07Z</time>
        <extensions>
          <gpxtpx:TrackPointExtension>
            <gpxtpx:hr>101</gpxtpx:hr>
          </gpxtpx:TrackPointExtension>
        </extensions>
      </trkpt>
      <trkpt lat="32.38533224005441" lon="119.44368614028342">
        <ele>12.608384086750448</ele>
        <time>2025-10-04T02:03:08Z</time>
        <extensions>
          <gpxtpx:TrackPointExtension>
            <gpxtpx:hr>101</gpxtpx:hr>
          </gpxtpx:TrackPointExtension>
        </extensions>
      </trkpt>
      <trkpt lat="32.38533315713752" lon="119.44370166624113">
        <ele>12.589302592910826</ele>
        <time>2025-10-04T02:03:09Z</time>
        <extensions>
          <gpxtpx:TrackPointExtension>
            <gpxtpx:hr>101</gpxtpx:hr>
          </gpxtpx:TrackPointExtension>
        </extensions>
      </trkpt>
      <trkpt lat="32.38533409621289" lon="119.44371724334077">
        <ele>12.569263168610632</ele>
        <time>2025-10-04T02:03:10Z</time>
        <extensions>
          <gpxtpx:TrackPointExtension>
            <gpxtpx:hr>101</gpxtpx:hr>
          </gpxtpx:TrackPointExtension>
        </extensions>
      </trkpt>
      <trkpt lat="32.385335119247365" lon="119.44373288992546">
        <ele>12.54847769998014</ele>
        <time>2025-10-04T02:03:11Z</time>
        <extensions>
          <gpxtpx:TrackPointExtension>
            <gpxtpx:hr>97</gpxtpx:hr>
          </gpxtpx:TrackPointExtension>
        </extensions>
      </trkpt>
      <trkpt lat="32.38533615656437" lon="119.44374868928317">
        <ele>12.527224157936871</ele>
        <time>2025-10-04T02:03:12Z</time>
        <extensions>
          <gpxtpx:TrackPointExtension>
            <gpxtpx:hr>97</gpxtpx:hr>
          </gpxtpx:TrackPointExtension>
        </extensions>
      </trkpt>
      <trkpt lat="32.38533731037967" lon="119.44376457824673">
        <ele>12.505578591488302</ele>
        <time>2025-10-04T02:03:13Z</time>
        <extensions>
          <gpxtpx:TrackPointExtension>
            <gpxtpx:hr>97</gpxtpx:hr>
          </gpxtpx:TrackPointExtension>
        </extensions>
      </trkpt>
      <trkpt lat="32.38533850167352" lon="119.44378060732497">
        <ele>12.483601897023618</ele>
        <time>2025-10-04T02:03:14Z</time>
        <extensions>
          <gpxtpx:TrackPointExtension>
            <gpxtpx:hr>97</gpxtpx:hr>
          </gpxtpx:TrackPointExtension>
        </extensions>
      </trkpt>
      <trkpt lat="32.385339740888085" lon="119.44379687192158">
        <ele>12.461132965050638</ele>
        <time>2025-10-04T02:03:15Z</time>
        <extensions>
          <gpxtpx:TrackPointExtension>
            <gpxtpx:hr>97</gpxtpx:hr>
          </gpxtpx:TrackPointExtension>
        </extensions>
      </trkpt>
      <trkpt lat="32.38534108668291" lon="119.44381325732483">
        <ele>12.439264290034771</ele>
        <time>2025-10-04T02:03:16Z</time>
        <extensions>
          <gpxtpx:TrackPointExtension>
            <gpxtpx:hr>97</gpxtpx:hr>
          </gpxtpx:TrackPointExtension>
        </extensions>
      </trkpt>
      <trkpt lat="32.385342493822066" lon="119.4438298299827">
        <ele>12.41791046783328</ele>
        <time>2025-10-04T02:03:17Z</time>
        <extensions>
          <gpxtpx:TrackPointExtension>
            <gpxtpx:hr>97</gpxtpx:hr>
          </gpxtpx:TrackPointExtension>
        </extensions>
      </trkpt>
      <trkpt lat="32.38534403094177" lon="119.4438464879641">
        <ele>12.39730372838676</ele>
        <time>2025-10-04T02:03:18Z</time>
        <extensions>
          <gpxtpx:TrackPointExtension>
            <gpxtpx:hr>97</gpxtpx:hr>
          </gpxtpx:TrackPointExtension>
        </extensions>
      </trkpt>
      <trkpt lat="32.38534561118888" lon="119.44386319838853">
        <ele>12.377319881692529</ele>
        <time>2025-10-04T02:03:19Z</time>
        <extensions>
          <gpxtpx:TrackPointExtension>
            <gpxtpx:hr>97</gpxtpx:hr>
          </gpxtpx:TrackPointExtension>
        </extensions>
      </trkpt>
      <trkpt lat="32.38534715092454" lon="119.44387985759441">
        <ele>12.358444930054247</ele>
        <time>2025-10-04T02:03:20Z</time>
        <extensions>
          <gpxtpx:TrackPointExtension>
            <gpxtpx:hr>97</gpxtpx:hr>
          </gpxtpx:TrackPointExtension>
        </extensions>
      </trkpt>
      <trkpt lat="32.385348596619295" lon="119.4438964460896">
        <ele>12.340757212601602</ele>
        <time>2025-10-04T02:03:21Z</time>
        <extensions>
          <gpxtpx:TrackPointExtension>
            <gpxtpx:hr>97</gpxtpx:hr>
          </gpxtpx:TrackPointExtension>
        </extensions>
      </trkpt>
      <trkpt lat="32.385349927877684" lon="119.44391295064659">
        <ele>12.324176277965307</ele>
        <time>2025-10-04T02:03:22Z</time>
        <extensions>
          <gpxtpx:TrackPointExtension>
            <gpxtpx:hr>97</gpxtpx:hr>
          </gpxtpx:TrackPointExtension>
        </extensions>
      </trkpt>
      <trkpt lat="32.38535114917228" lon="119.44392936675011">
        <ele>12.30901834089309</ele>
        <time>2025-10-04T02:03:23Z</time>
        <extensions>
          <gpxtpx:TrackPointExtension>
            <gpxtpx:hr>97</gpxtpx:hr>
          </gpxtpx:TrackPointExtension>
        </extensions>
      </trkpt>
      <trkpt lat="32.38535229395809" lon="119.44394568657098">
        <ele>12.294925439171493</ele>
        <time>2025-10-04T02:03:24Z</time>
        <extensions>
          <gpxtpx:TrackPointExtension>
            <gpxtpx:hr>96</gpxtpx:hr>
          </gpxtpx:TrackPointExtension>
        </extensions>
      </trkpt>
      <trkpt lat="32.38535334775539" lon="119.44396192471537">
        <ele>12.282365223392844</ele>
        <time>2025-10-04T02:03:25Z</time>
        <extensions>
          <gpxtpx:TrackPointExtension>
            <gpxtpx:hr>96</gpxtpx:hr>
          </gpxtpx:TrackPointExtension>
        </extensions>
      </trkpt>
      <trkpt lat="32.38535429831691" lon="119.4439780631443">
        <ele>12.271350860595703</ele>
        <time>2025-10-04T02:03:26Z</time>
        <extensions>
          <gpxtpx:TrackPointExtension>
            <gpxtpx:hr>96</gpxtpx:hr>
          </gpxtpx:TrackPointExtension>
        </extensions>
      </trkpt>
      <trkpt lat="32.38535517772467" lon="119.44399408769883">
        <ele>12.26189529336989</ele>
        <time>2025-10-04T02:03:27Z</time>
        <extensions>
          <gpxtpx:TrackPointExtension>
            <gpxtpx:hr>96</gpxtpx:hr>
          </gpxtpx:TrackPointExtension>
        </extensions>
      </trkpt>
      <trkpt lat="32.38535603475264" lon="119.44400997785813">
        <ele>12.254196950234473</ele>
        <time>2025-10-04T02:03:28Z</time>
        <extensions>
          <gpxtpx:TrackPointExtension>
            <gpxtpx:hr>96</gpxtpx:hr>
          </gpxtpx:TrackPointExtension>
        </extensions>
      </trkpt>
      <trkpt lat="32.38535690798001" lon="119.44402572141445">
        <ele>12.24792882334441</ele>
        <time>2025-10-04T02:03:29Z</time>
        <extensions>
          <gpxtpx:TrackPointExtension>
            <gpxtpx:hr>100</gpxtpx:hr>
          </gpxtpx:TrackPointExtension>
        </extensions>
      </trkpt>
      <trkpt lat="32.38535783661593" lon="119.44404130483159">
        <ele>12.243429890833795</ele>
        <time>2025-10-04T02:03:30Z</time>
        <extensions>
          <gpxtpx:TrackPointExtension>
            <gpxtpx:hr>100</gpxtpx:hr>
          </gpxtpx:TrackPointExtension>
        </extensions>
      </trkpt>
      <trkpt lat="32.38535882889928" lon="119.44405673264545">
        <ele>12.240614753216505</ele>
        <time>2025-10-04T02:03:31Z</time>
        <extensions>
          <gpxtpx:TrackPointExtension>
            <gpxtpx:hr>100</gpxtpx:hr>
          </gpxtpx:TrackPointExtension>
        </extensions>
      </trkpt>
      <trkpt lat="32.38535989618204" lon="119.44407201991905">
        <ele>12.239348428323865</ele>
        <time>2025-10-04T02:03:32Z</time>
        <extensions>
          <gpxtpx:TrackPointExtension>
            <gpxtpx:hr>100</gpxtpx:hr>
          </gpxtpx:TrackPointExtension>
        </extensions>
      </trkpt>
      <trkpt lat="32.38536099762241" lon="119.44408714250123">
        <ele>12.239690638147295</ele>
        <time>2025-10-04T02:03:33Z</time>
        <extensions>
          <gpxtpx:TrackPointExtension>
            <gpxtpx:hr>100</gpxtpx:hr>
          </gpxtpx:TrackPointExtension>
        </extensions>
      </trkpt>
      <trkpt lat="32.38536213929343" lon="119.44410216081744">
        <ele>12.241090000607073</ele>
        <time>2025-10-04T02:03:34Z</time>
        <extensions>
          <gpxtpx:TrackPointExtension>
            <gpxtpx:hr>100</gpxtpx:hr>
          </gpxtpx:TrackPointExtension>
        </extensions>
      </trkpt>
      <trkpt lat="32.3853633813697" lon="119.44411702148311">
        <ele>12.243581202812493</ele>
        <time>2025-10-04T02:03:35Z</time>
        <extensions>
          <gpxtpx:TrackPointExtension>
            <gpxtpx:hr>100</gpxtpx:hr>
          </gpxtpx:TrackPointExtension>
        </extensions>
      </trkpt>
      <trkpt lat="32.38536475530442" lon="119.44413172359711">
        <ele>12.247157771140337</ele>
        <time>2025-10-04T02:03:36Z</time>
        <extensions>
          <gpxtpx:TrackPointExtension>
            <gpxtpx:hr>100</gpxtpx:hr>
          </gpxtpx:TrackPointExtension>
        </extensions>
      </trkpt>
      <trkpt lat="32.38536628402484" lon="119.44414626266438">
        <ele>12.251563262194395</ele>
        <time>2025-10-04T02:03:37Z</time>
        <extensions>
          <gpxtpx:TrackPointExtension>
            <gpxtpx:hr>100</gpxtpx:hr>
          </gpxtpx:TrackPointExtension>
        </extensions>
      </trkpt>
      <trkpt lat="32.385367896711976" lon="119.44416064180359">
        <ele>12.255999860353768</ele>
        <time>2025-10-04T02:03:38Z</time>
        <extensions>
          <gpxtpx:TrackPointExtension>
            <gpxtpx:hr>100</gpxtpx:hr>
          </gpxtpx:TrackPointExtension>
        </extensions>
      </trkpt>
      <trkpt lat="32.38536958320424" lon="119.44417486082824">
        <ele>12.260614858940244</ele>
        <time>2025-10-04T02:03:39Z</time>
        <extensions>
          <gpxtpx:TrackPointExtension>
            <gpxtpx:hr>100</gpxtpx:hr>
          </gpxtpx:TrackPointExtension>
        </extensions>
      </trkpt>
      <trkpt lat="32.38537150238958" lon="119.44418895116624">
        <ele>12.265031220391393</ele>
        <time>2025-10-04T02:03:40Z</time>
        <extensions>
          <gpxtpx:TrackPointExtension>
            <gpxtpx:hr>100</gpxtpx:hr>
          </gpxtpx:TrackPointExtension>
        </extensions>
      </trkpt>
      <trkpt lat="32.38537363117533" lon="119.44420291808055">
        <ele>12.269511963240802</ele>
        <time>2025-10-04T02:03:41Z</time>
        <extensions>
          <gpxtpx:TrackPointExtension>
            <gpxtpx:hr>99</gpxtpx:hr>
          </gpxtpx:TrackPointExtension>
        </extensions>
      </trkpt>
      <trkpt lat="32.385375953439336" lon="119.4442167300277">
        <ele>12.273261553607881</ele>
        <time>2025-10-04T02:03:42Z</time>
        <extensions>
          <gpxtpx:TrackPointExtension>
            <gpxtpx:hr>99</gpxtpx:hr>
          </gpxtpx:TrackPointExtension>
        </extensions>
      </trkpt>
      <trkpt lat="32.385378441540865" lon="119.44423036755396">
        <ele>12.27626983821392</ele>
        <time>2025-10-04T02:03:43Z</time>
        <extensions>
          <gpxtpx:TrackPointExtension>
            <gpxtpx:hr>99</gpxtpx:hr>
          </gpxtpx:TrackPointExtension>
        </extensions>
      </trkpt>
      <trkpt lat="32.38538113875317" lon="119.44424381496995">
        <ele>12.278367216698825</ele>
        <time>2025-10-04T02:03:44Z</time>
        <extensions>
          <gpxtpx:TrackPointExtension>
            <gpxtpx:hr>99</gpxtpx:hr>
          </gpxtpx:TrackPointExtension>
        </extensions>
      </trkpt>
      <trkpt lat="32.38538407360694" lon="119.4442570491126">
        <ele>12.279162267223</ele>
        <time>2025-10-04T02:03:45Z</time>
        <extensions>
          <gpxtpx:TrackPointExtension>
            <gpxtpx:hr>99</gpxtpx:hr>
          </gpxtpx:TrackPointExtension>
        </extensions>
      </trkpt>
      <trkpt lat="32.38538728356778" lon="119.44427006387447">
        <ele>12.278706653043628</ele>
        <time>2025-10-04T02:03:46Z</time>
        <extensions>
          <gpxtpx:TrackPointExtension>
            <gpxtpx:hr>99</gpxtpx:hr>
          </gpxtpx:TrackPointExtension>
        </extensions>
      </trkpt>
      <trkpt lat="32.38539073820885" lon="119.44428284742548">
        <ele>12.276159781962633</ele>
        <time>2025-10-04T02:03:47Z</time>
        <extensions>
          <gpxtpx:TrackPointExtension>
            <gpxtpx:hr>99</gpxtpx:hr>
          </gpxtpx:TrackPointExtension>
        </extensions>
      </trkpt>
      <trkpt lat="32.3853944505613" lon="119.44429537950782">
        <ele>12.271593427285552</ele>
        <time>2025-10-04T02:03:48Z</time>
        <extensions>
          <gpxtpx:TrackPointExtension>
            <gpxtpx:hr>98</gpxtpx:hr>
          </gpxtpx:TrackPointExtension>
        </extensions>
      </trkpt>
      <trkpt lat="32.38539842116606" lon="119.44430764920767">
        <ele>12.265192795544863</ele>
        <time>2025-10-04T02:03:49Z</time>
        <extensions>
          <gpxtpx:TrackPointExtension>
            <gpxtpx:hr>98</gpxtpx:hr>
          </gpxtpx:TrackPointExtension>
        </extensions>
      </trkpt>
      <trkpt lat="32.38540265320584" lon="119.44431963388442">
        <ele>12.257033195346594</ele>
        <time>2025-10-04T02:03:50Z</time>
        <extensions>
          <gpxtpx:TrackPointExtension>
            <gpxtpx:hr>98</gpxtpx:hr>
          </gpxtpx:TrackPointExtension>
        </extensions>
      </trkpt>
      <trkpt lat="32.38540713828719" lon="119.44433129668138">
        <ele>12.246739068068564</ele>
        <time>2025-10-04T02:03:51Z</time>
        <extensions>
          <gpxtpx:TrackPointExtension>
            <gpxtpx:hr>98</gpxtpx:hr>
          </gpxtpx:TrackPointExtension>
        </extensions>
      </trkpt>
      <trkpt lat="32.38541186424644" lon="119.44434259713474">
        <ele>12.234423518180847</ele>
        <time>2025-10-04T02:03:52Z</time>
        <extensions>
          <gpxtpx:TrackPointExtension>
            <gpxtpx:hr>98</gpxtpx:hr>
          </gpxtpx:TrackPointExtension>
        </extensions>
      </trkpt>
      <trkpt lat="32.38541685366521" lon="119.4443535122754">
        <ele>12.219989784993231</ele>
        <time>2025-10-04T02:03:53Z</time>
        <extensions>
          <gpxtpx:TrackPointExtension>
            <gpxtpx:hr>98</gpxtpx:hr>
          </gpxtpx:TrackPointExtension>
        </extensions>
      </trkpt>
      <trkpt lat="32.385422111696535" lon="119.44436403696757">
        <ele>12.204168176278472</ele>
        <time>2025-10-04T02:03:54Z</time>
        <extensions>
          <gpxtpx:TrackPointExtension>
            <gpxtpx:hr>98</gpxtpx:hr>
          </gpxtpx:TrackPointExtension>
        </extensions>
      </trkpt>
      <trkpt lat="32.385427707069354" lon="119.44437415391853">
        <ele>12.187116832472384</ele>
        <time>2025-10-04T02:03:55Z</time>
        <extensions>
          <gpxtpx:TrackPointExtension>
            <gpxtpx:hr>98</gpxtpx:hr>
          </gpxtpx:TrackPointExtension>
        </extensions>
      </trkpt>
      <trkpt lat="32.38543362155801" lon="119.44438386159914">
        <ele>12.169018526561558</ele>
        <time>2025-10-04T02:03:56Z</time>
        <extensions>
          <gpxtpx:TrackPointExtension>
            <gpxtpx:hr>98</gpxtpx:hr>
          </gpxtpx:TrackPointExtension>
        </extensions>
      </trkpt>
      <trkpt lat="32.38543986241919" lon="119.4443931482853">
        <ele>12.14970721397549</ele>
        <time>2025-10-04T02:03:57Z</time>
        <extensions>
          <gpxtpx:TrackPointExtension>
            <gpxtpx:hr>98</gpxtpx:hr>
          </gpxtpx:TrackPointExtension>
        </extensions>
      </trkpt>
      <trkpt lat="32.385446437421066" lon="119.44440201607098">
        <ele>12.12916016485542</ele>
        <time>2025-10-04T02:03:58Z</time>
        <extensions>
          <gpxtpx:TrackPointExtension>
            <gpxtpx:hr>98</gpxtpx:hr>
          </gpxtpx:TrackPointExtension>
        </extensions>
      </trkpt>
      <trkpt lat="32.3854533756979" lon="119.44441045456779">
        <ele>12.107963962480426</ele>
        <time>2025-10-04T02:03:59Z</time>
        <extensions>
          <gpxtpx:TrackPointExtension>
            <gpxtpx:hr>98</gpxtpx:hr>
          </gpxtpx:TrackPointExtension>
        </extensions>
      </trkpt>
      <trkpt lat="32.38546069212806" lon="119.44441849189403">
        <ele>12.086168031208217</ele>
        <time>2025-10-04T02:04:00Z</time>
        <extensions>
          <gpxtpx:TrackPointExtension>
            <gpxtpx:hr>98</gpxtpx:hr>
          </gpxtpx:TrackPointExtension>
        </extensions>
      </trkpt>
      <trkpt lat="32.38546833413396" lon="119.44442613508335">
        <ele>12.064057570882142</ele>
        <time>2025-10-04T02:04:01Z</time>
        <extensions>
          <gpxtpx:TrackPointExtension>
            <gpxtpx:hr>99</gpxtpx:hr>
          </gpxtpx:TrackPointExtension>
        </extensions>
      </trkpt>
      <trkpt lat="32.385476274972945" lon="119.44443335857864">
        <ele>12.041421956382692</ele>
        <time>2025-10-04T02:04:02Z</time>
        <extensions>
          <gpxtpx:TrackPointExtension>
            <gpxtpx:hr>99</gpxtpx:hr>
          </gpxtpx:TrackPointExtension>
        </extensions>
      </trkpt>
      <trkpt lat="32.38548445252792" lon="119.44444013438203">
        <ele>12.018820002675056</ele>
        <time>2025-10-04T02:04:03Z</time>
        <extensions>
          <gpxtpx:TrackPointExtension>
            <gpxtpx:hr>99</gpxtpx:hr>
          </gpxtpx:TrackPointExtension>
        </extensions>
      </trkpt>
      <trkpt lat="32.38549289716807" lon="119.44444641699674">
        <ele>11.995696271769702</ele>
        <time>2025-10-04T02:04:04Z</time>
        <extensions>
          <gpxtpx:TrackPointExtension>
            <gpxtpx:hr>100</gpxtpx:hr>
          </gpxtpx:TrackPointExtension>
        </extensions>
      </trkpt>
      <trkpt lat="32.3855015222593" lon="119.4444522084838">
        <ele>11.972985273227096</ele>
        <time>2025-10-04T02:04:05Z</time>
        <extensions>
          <gpxtpx:TrackPointExtension>
            <gpxtpx:hr>100</gpxtpx:hr>
          </gpxtpx:TrackPointExtension>
        </extensions>
      </trkpt>
      <trkpt lat="32.38551022589147" lon="119.44445751476468">
        <ele>11.95033753477037</ele>
        <time>2025-10-04T02:04:06Z</time>
        <extensions>
          <gpxtpx:TrackPointExtension>
            <gpxtpx:hr>100</gpxtpx:hr>
          </gpxtpx:TrackPointExtension>
        </extensions>
      </trkpt>
      <trkpt lat="32.38551896741853" lon="119.44446234639044">
        <ele>11.927957447245717</ele>
        <time>2025-10-04T02:04:07Z</time>
        <extensions>
          <gpxtpx:TrackPointExtension>
            <gpxtpx:hr>103</gpxtpx:hr>
          </gpxtpx:TrackPointExtension>
        </extensions>
      </trkpt>
      <trkpt lat="32.385527720447485" lon="119.4444667199319">
        <ele>11.906185989268124</ele>
        <time>2025-10-04T02:04:08Z</time>
        <extensions>
          <gpxtpx:TrackPointExtension>
            <gpxtpx:hr>103</gpxtpx:hr>
          </gpxtpx:TrackPointExtension>
        </extensions>
      </trkpt>
      <trkpt lat="32.38553645842728" lon="119.44447067812887">
        <ele>11.885008977726102</ele>
        <time>2025-10-04T02:04:09Z</time>
        <extensions>
          <gpxtpx:TrackPointExtension>
            <gpxtpx:hr>103</gpxtpx:hr>
          </gpxtpx:TrackPointExtension>
        </extensions>
      </trkpt>
      <trkpt lat="32.385545153772505" lon="119.44447424820056">
        <ele>11.864702071994543</ele>
        <time>2025-10-04T02:04:10Z</time>
        <extensions>
          <gpxtpx:TrackPointExtension>
            <gpxtpx:hr>103</gpxtpx:hr>
          </gpxtpx:TrackPointExtension>
        </extensions>
      </trkpt>
      <trkpt lat="32.385553807873244" lon="119.44447745496328">
        <ele>11.845334742218256</ele>
        <time>2025-10-04T02:04:11Z</time>
        <extensions>
          <gpxtpx:TrackPointExtension>
            <gpxtpx:hr>103</gpxtpx:hr>
          </gpxtpx:TrackPointExtension>
        </extensions>
      </trkpt>
      <trkpt lat="32.385562428673076" lon="119.44448034670172">
        <ele>11.82675461936742</ele>
        <time>2025-10-04T02:04:12Z</time>
        <extensions>
          <gpxtpx:TrackPointExtension>
            <gpxtpx:hr>103</gpxtpx:hr>
          </gpxtpx:TrackPointExtension>
        </extensions>
      </trkpt>
      <trkpt lat="32.38557102144903" lon="119.4444829169647">
        <ele>11.809578323736787</ele>
        <time>2025-10-04T02:04:13Z</time>
        <extensions>
          <gpxtpx:TrackPointExtension>
            <gpxtpx:hr>103</gpxtpx:hr>
          </gpxtpx:TrackPointExtension>
        </extensions>
      </trkpt>
      <trkpt lat="32.385579581453186" lon="119.44448518893523">
        <ele>11.79355082474649</ele>
        <time>2025-10-04T02:04:14Z</time>
        <extensions>
          <gpxtpx:TrackPointExtension>
            <gpxtpx:hr>105</gpxtpx:hr>
          </gpxtpx:TrackPointExtension>
        </extensions>
      </trkpt>
      <trkpt lat="32.385588116292276" lon="119.44448718503678">
        <ele>11.77855280507356</ele>
        <time>2025-10-04T02:04:15Z</time>
        <extensions>
          <gpxtpx:TrackPointExtension>
            <gpxtpx:hr>105</gpxtpx:hr>
          </gpxtpx:TrackPointExtension>
        </extensions>
      </trkpt>
      <trkpt lat="32.38559661671783" lon="119.44448892256891">
        <ele>11.764641025103629</ele>
        <time>2025-10-04T02:04:16Z</time>
        <extensions>
          <gpxtpx:TrackPointExtension>
            <gpxtpx:hr>105</gpxtpx:hr>
          </gpxtpx:TrackPointExtension>
        </extensions>
      </trkpt>
      <trkpt lat="32.38560508307798" lon="119.44449042003646">
        <ele>11.752065365202725</ele>
        <time>2025-10-04T02:04:17Z</time>
        <extensions>
          <gpxtpx:TrackPointExtension>
            <gpxtpx:hr>105</gpxtpx:hr>
          </gpxtpx:TrackPointExtension>
        </extensions>
      </trkpt>
      <trkpt lat="32.385613517691866" lon="119.44449169905117">
        <ele>11.740061713382602</ele>
        <time>2025-10-04T02:04:18Z</time>
        <extensions>
          <gpxtpx:TrackPointExtension>
            <gpxtpx:hr>105</gpxtpx:hr>
          </gpxtpx:TrackPointExtension>
        </extensions>
      </trkpt>
      <trkpt lat="32.3856219076098" lon="119.4444927566329">
        <ele>11.728778725489974</ele>
        <time>2025-10-04T02:04:19Z</time>
        <extensions>
          <gpxtpx:TrackPointExtension>
            <gpxtpx:hr>105</gpxtpx:hr>
          </gpxtpx:TrackPointExtension>
        </extensions>
      </trkpt>
      <trkpt lat="32.385630227647745" lon="119.4444936091468">
        <ele>11.718339019455016</ele>
        <time>2025-10-04T02:04:20Z</time>
        <extensions>
          <gpxtpx:TrackPointExtension>
            <gpxtpx:hr>105</gpxtpx:hr>
          </gpxtpx:TrackPointExtension>
        </extensions>
      </trkpt>
      <trkpt lat="32.38563849958309" lon="119.44449428327714">
        <ele>11.708462299779058</ele>
        <time>2025-10-04T02:04:21Z</time>
        <extensions>
          <gpxtpx:TrackPointExtension>
            <gpxtpx:hr>105</gpxtpx:hr>
          </gpxtpx:TrackPointExtension>
        </extensions>
      </trkpt>
      <trkpt lat="32.38564672817716" lon="119.44449479157187">
        <ele>11.699244812130928</ele>
        <time>2025-10-04T02:04:22Z</time>
        <extensions>
          <gpxtpx:TrackPointExtension>
            <gpxtpx:hr>105</gpxtpx:hr>
          </gpxtpx:TrackPointExtension>
        </extensions>
      </trkpt>
      <trkpt lat="32.3856549679459" lon="119.44449513445946">
        <ele>11.69025847967714</ele>
        <time>2025-10-04T02:04:23Z</time>
        <extensions>
          <gpxtpx:TrackPointExtension>
            <gpxtpx:hr>105</gpxtpx:hr>
          </gpxtpx:TrackPointExtension>
        </extensions>
      </trkpt>
      <trkpt lat="32.38566325688266" lon="119.44449534733796">
        <ele>11.681485136970878</ele>
        <time>2025-10-04T02:04:24Z</time>
        <extensions>
          <gpxtpx:TrackPointExtension>
            <gpxtpx:hr>103</gpxtpx:hr>
          </gpxtpx:TrackPointExtension>
        </extensions>
      </trkpt>
      <trkpt lat="32.38567156276986" lon="119.44449543567521">
        <ele>11.672479659318924</ele>
        <time>2025-10-04T02:04:25Z</time>
        <extensions>
          <gpxtpx:TrackPointExtension>
            <gpxtpx:hr>103</gpxtpx:hr>
          </gpxtpx:TrackPointExtension>
        </extensions>
      </trkpt>
      <trkpt lat="32.38567986031654" lon="119.4444954056711">
        <ele>11.663317630067468</ele>
        <time>2025-10-04T02:04:26Z</time>
        <extensions>
          <gpxtpx:TrackPointExtension>
            <gpxtpx:hr>103</gpxtpx:hr>
          </gpxtpx:TrackPointExtension>
        </extensions>
      </trkpt>
      <trkpt lat="32.385688152446306" lon="119.44449526231618">
        <ele>11.653671194799244</ele>
        <time>2025-10-04T02:04:27Z</time>
        <extensions>
          <gpxtpx:TrackPointExtension>
            <gpxtpx:hr>103</gpxtpx:hr>
          </gpxtpx:TrackPointExtension>
        </extensions>
      </trkpt>
      <trkpt lat="32.38569645010743" lon="119.44449502313616">
        <ele>11.643459764309227</ele>
        <time>2025-10-04T02:04:28Z</time>
        <extensions>
          <gpxtpx:TrackPointExtension>
            <gpxtpx:hr>103</gpxtpx:hr>
          </gpxtpx:TrackPointExtension>
        </extensions>
      </trkpt>
      <trkpt lat="32.385704771847166" lon="119.4444946972911">
        <ele>11.632603117264807</ele>
        <time>2025-10-04T02:04:29Z</time>
        <extensions>
          <gpxtpx:TrackPointExtension>
            <gpxtpx:hr>103</gpxtpx:hr>
          </gpxtpx:TrackPointExtension>
        </extensions>
      </trkpt>
      <trkpt lat="32.38571306297971" lon="119.44449429844403">
        <ele>11.621050427667797</ele>
        <time>2025-10-04T02:04:30Z</time>
        <extensions>
          <gpxtpx:TrackPointExtension>
            <gpxtpx:hr>103</gpxtpx:hr>
          </gpxtpx:TrackPointExtension>
        </extensions>
      </trkpt>
      <trkpt lat="32.385721273983634" lon="119.44449380279234">
        <ele>11.608954194933176</ele>
        <time>2025-10-04T02:04:31Z</time>
        <extensions>
          <gpxtpx:TrackPointExtension>
            <gpxtpx:hr>104</gpxtpx:hr>
          </gpxtpx:TrackPointExtension>
        </extensions>
      </trkpt>
      <trkpt lat="32.385729407470336" lon="119.44449320441448">
        <ele>11.596005476079881</ele>
        <time>2025-10-04T02:04:32Z</time>
        <extensions>
          <gpxtpx:TrackPointExtension>
            <gpxtpx:hr>104</gpxtpx:hr>
          </gpxtpx:TrackPointExtension>
        </extensions>
      </trkpt>
      <trkpt lat="32.38573750812607" lon="119.44449249152626">
        <ele>11.582402720116079</ele>
        <time>2025-10-04T02:04:33Z</time>
        <extensions>
          <gpxtpx:TrackPointExtension>
            <gpxtpx:hr>104</gpxtpx:hr>
          </gpxtpx:TrackPointExtension>
        </extensions>
      </trkpt>
      <trkpt lat="32.38574556790699" lon="119.44449168444879">
        <ele>11.56833806168288</ele>
        <time>2025-10-04T02:04:34Z</time>
        <extensions>
          <gpxtpx:TrackPointExtension>
            <gpxtpx:hr>104</gpxtpx:hr>
          </gpxtpx:TrackPointExtension>
        </extensions>
      </trkpt>
      <trkpt lat="32.3857535685256" lon="119.4444907825723">
        <ele>11.554463089443743</ele>
        <time>2025-10-04T02:04:35Z</time>
        <extensions>
          <gpxtpx:TrackPointExtension>
            <gpxtpx:hr>104</gpxtpx:hr>
          </gpxtpx:TrackPointExtension>
        </extensions>
      </trkpt>
      <trkpt lat="32.38576152787892" lon="119.44448979004848">
        <ele>11.540613204240799</ele>
        <time>2025-10-04T02:04:36Z</time>
        <extensions>
          <gpxtpx:TrackPointExtension>
            <gpxtpx:hr>102</gpxtpx:hr>
          </gpxtpx:TrackPointExtension>
        </extensions>
      </trkpt>
      <trkpt lat="32.38576946401565" lon="119.44448875063915">
        <ele>11.52673102542758</ele>
        <time>2025-10-04T02:04:37Z</time>
        <extensions>
          <gpxtpx:TrackPointExtension>
            <gpxtpx:hr>102</gpxtpx:hr>
          </gpxtpx:TrackPointExtension>
        </extensions>
      </trkpt>
      <trkpt lat="32.38577737089926" lon="119.44448764895475">
        <ele>11.512964131310582</ele>
        <time>2025-10-04T02:04:38Z</time>
        <extensions>
          <gpxtpx:TrackPointExtension>
            <gpxtpx:hr>102</gpxtpx:hr>
          </gpxtpx:TrackPointExtension>
        </extensions>
      </trkpt>
      <trkpt lat="32.38578522879158" lon="119.44448649522172">
        <ele>11.499456986784935</ele>
        <time>2025-10-04T02:04:39Z</time>
        <extensions>
          <gpxtpx:TrackPointExtension>
            <gpxtpx:hr>102</gpxtpx:hr>
          </gpxtpx:TrackPointExtension>
        </extensions>
      </trkpt>
      <trkpt lat="32.38579303326451" lon="119.4444852741205">
        <ele>11.486306568607688</ele>
        <time>2025-10-04T02:04:40Z</time>
        <extensions>
          <gpxtpx:TrackPointExtension>
            <gpxtpx:hr>102</gpxtpx:hr>
          </gpxtpx:TrackPointExtension>
        </extensions>
      </trkpt>
      <trkpt lat="32.385800845572206" lon="119.44448398996153">
        <ele>11.47391246072948</ele>
        <time>2025-10-04T02:04:41Z</time>
        <extensions>
          <gpxtpx:TrackPointExtension>
            <gpxtpx:hr>102</gpxtpx:hr>
          </gpxtpx:TrackPointExtension>
        </extensions>
      </trkpt>
      <trkpt lat="32.38580866323902" lon="119.44448266109515">
        <ele>11.462233201600611</ele>
        <time>2025-10-04T02:04:42Z</time>
        <extensions>
          <gpxtpx:TrackPointExtension>
            <gpxtpx:hr>102</gpxtpx:hr>
          </gpxtpx:TrackPointExtension>
        </extensions>
      </trkpt>
      <trkpt lat="32.38581646080998" lon="119.44448127667982">
        <ele>11.451228054240346</ele>
        <time>2025-10-04T02:04:43Z</time>
        <extensions>
          <gpxtpx:TrackPointExtension>
            <gpxtpx:hr>102</gpxtpx:hr>
          </gpxtpx:TrackPointExtension>
        </extensions>
      </trkpt>
      <trkpt lat="32.3858242292265" lon="119.44447985134633">
        <ele>11.441118431277573</ele>
        <time>2025-10-04T02:04:44Z</time>
        <extensions>
          <gpxtpx:TrackPointExtension>
            <gpxtpx:hr>102</gpxtpx:hr>
          </gpxtpx:TrackPointExtension>
        </extensions>
      </trkpt>
      <trkpt lat="32.38583200635929" lon="119.44447839486962">
        <ele>11.431860868819058</ele>
        <time>2025-10-04T02:04:45Z</time>
        <extensions>
          <gpxtpx:TrackPointExtension>
            <gpxtpx:hr>102</gpxtpx:hr>
          </gpxtpx:TrackPointExtension>
        </extensions>
      </trkpt>
      <trkpt lat="32.38583980889011" lon="119.44447690541683">
        <ele>11.423439348116517</ele>
        <time>2025-10-04T02:04:46Z</time>
        <extensions>
          <gpxtpx:TrackPointExtension>
            <gpxtpx:hr>102</gpxtpx:hr>
          </gpxtpx:TrackPointExtension>
        </extensions>
      </trkpt>
      <trkpt lat="32.38584765551638" lon="119.4444753805756">
        <ele>11.416119253262877</ele>
        <time>2025-10-04T02:04:47Z</time>
        <extensions>
          <gpxtpx:TrackPointExtension>
            <gpxtpx:hr>102</gpxtpx:hr>
          </gpxtpx:TrackPointExtension>
        </extensions>
      </trkpt>
      <trkpt lat="32.38585556434704" lon="119.44447382766458">
        <ele>11.409630322828889</ele>
        <time>2025-10-04T02:04:48Z</time>
        <extensions>
          <gpxtpx:TrackPointExtension>
            <gpxtpx:hr>102</gpxtpx:hr>
          </gpxtpx:TrackPointExtension>
        </extensions>
      </trkpt>
      <trkpt lat="32.385863517305204" lon="119.444472239172">
        <ele>11.403906336985528</ele>
        <time>2025-10-04T02:04:49Z</time>
        <extensions>
          <gpxtpx:TrackPointExtension>
            <gpxtpx:hr>98</gpxtpx:hr>
          </gpxtpx:TrackPointExtension>
        </extensions>
      </trkpt>
      <trkpt lat="32.385871479460455" lon="119.44447063289971">
        <ele>11.39930322766304</ele>
        <time>2025-10-04T02:04:50Z</time>
        <extensions>
          <gpxtpx:TrackPointExtension>
            <gpxtpx:hr>98</gpxtpx:hr>
          </gpxtpx:TrackPointExtension>
        </extensions>
      </trkpt>
      <trkpt lat="32.38587943352249" lon="119.44446901626353">
        <ele>11.395839820615947</ele>
        <time>2025-10-04T02:04:51Z</time>
        <extensions>
          <gpxtpx:TrackPointExtension>
            <gpxtpx:hr>98</gpxtpx:hr>
          </gpxtpx:TrackPointExtension>
        </extensions>
      </trkpt>
      <trkpt lat="32.38588741337638" lon="119.44446738686499">
        <ele>11.393309157341719</ele>
        <time>2025-10-04T02:04:52Z</time>
        <extensions>
          <gpxtpx:TrackPointExtension>
            <gpxtpx:hr>98</gpxtpx:hr>
          </gpxtpx:TrackPointExtension>
        </extensions>
      </trkpt>
      <trkpt lat="32.38589541096305" lon="119.44446575616388">
        <ele>11.391424380242825</ele>
        <time>2025-10-04T02:04:53Z</time>
        <extensions>
          <gpxtpx:TrackPointExtension>
            <gpxtpx:hr>98</gpxtpx:hr>
          </gpxtpx:TrackPointExtension>
        </extensions>
      </trkpt>
      <trkpt lat="32.38590342859527" lon="119.44446414488583">
        <ele>11.390105424448848</ele>
        <time>2025-10-04T02:04:54Z</time>
        <extensions>
          <gpxtpx:TrackPointExtension>
            <gpxtpx:hr>98</gpxtpx:hr>
          </gpxtpx:TrackPointExtension>
        </extensions>
      </trkpt>
      <trkpt lat="32.38591146679336" lon="119.44446256916292">
        <ele>11.389782615937293</ele>
        <time>2025-10-04T02:04:55Z</time>
        <extensions>
          <gpxtpx:TrackPointExtension>
            <gpxtpx:hr>98</gpxtpx:hr>
          </gpxtpx:TrackPointExtension>
        </extensions>
      </trkpt>
      <trkpt lat="32.38591954587165" lon="119.44446103291797">
        <ele>11.390256030485034</ele>
        <time>2025-10-04T02:04:55.900000Z</time>
        <extensions>
          <gpxtpx:TrackPointExtension>
            <gpxtpx:hr>99</gpxtpx:hr>
          </gpxtpx:TrackPointExtension>
        </extensions>
      </trkpt>
      <trkpt lat="32.385927696442096" lon="119.4444595501022">
        <ele>11.391141490079463</ele>
        <time>2025-10-04T02:04:56.900000Z</time>
        <extensions>
          <gpxtpx:TrackPointExtension>
            <gpxtpx:hr>99</gpxtpx:hr>
          </gpxtpx:TrackPointExtension>
        </extensions>
      </trkpt>
      <trkpt lat="32.38593589852892" lon="119.44445812270948">
        <ele>11.392575655132532</ele>
        <time>2025-10-04T02:04:57.900000Z</time>
        <extensions>
          <gpxtpx:TrackPointExtension>
            <gpxtpx:hr>99</gpxtpx:hr>
          </gpxtpx:TrackPointExtension>
        </extensions>
      </trkpt>
      <trkpt lat="32.385944118927064" lon="119.44445675049242">
        <ele>11.395108746364713</ele>
        <time>2025-10-04T02:04:58.900000Z</time>
        <extensions>
          <gpxtpx:TrackPointExtension>
            <gpxtpx:hr>99</gpxtpx:hr>
          </gpxtpx:TrackPointExtension>
        </extensions>
      </trkpt>
      <trkpt lat="32.385952374461546" lon="119.44445543945146">
        <ele>11.39790041744709</ele>
        <time>2025-10-04T02:04:59.900000Z</time>
        <extensions>
          <gpxtpx:TrackPointExtension>
            <gpxtpx:hr>99</gpxtpx:hr>
          </gpxtpx:TrackPointExtension>
        </extensions>
      </trkpt>
      <trkpt lat="32.38596067758314" lon="119.44445419915486">
        <ele>11.400941914878786</ele>
        <time>2025-10-04T02:05:00.900000Z</time>
        <extensions>
          <gpxtpx:TrackPointExtension>
            <gpxtpx:hr>99</gpxtpx:hr>
          </gpxtpx:TrackPointExtension>
        </extensions>
      </trkpt>
      <trkpt lat="32.3859690819286" lon="119.44445301421659">
        <ele>11.403914837166667</ele>
        <time>2025-10-04T02:05:01.900000Z</time>
        <extensions>
          <gpxtpx:TrackPointExtension>
            <gpxtpx:hr>99</gpxtpx:hr>
          </gpxtpx:TrackPointExtension>
        </extensions>
      </trkpt>
      <trkpt lat="32.38597760419711" lon="119.44445189225631">
        <ele>11.407197431661189</ele>
        <time>2025-10-04T02:05:02.900000Z</time>
        <extensions>
          <gpxtpx:TrackPointExtension>
            <gpxtpx:hr>101</gpxtpx:hr>
          </gpxtpx:TrackPointExtension>
        </extensions>
      </trkpt>
      <trkpt lat="32.38598623858743" lon="119.44445087298577">
        <ele>11.410426302812994</ele>
        <time>2025-10-04T02:05:03.900000Z</time>
        <extensions>
          <gpxtpx:TrackPointExtension>
            <gpxtpx:hr>101</gpxtpx:hr>
          </gpxtpx:TrackPointExtension>
        </extensions>
      </trkpt>
      <trkpt lat="32.3859949974575" lon="119.44444995637491">
        <ele>11.413775568827987</ele>
        <time>2025-10-04T02:05:04.900000Z</time>
        <extensions>
          <gpxtpx:TrackPointExtension>
            <gpxtpx:hr>101</gpxtpx:hr>
          </gpxtpx:TrackPointExtension>
        </extensions>
      </trkpt>
      <trkpt lat="32.386003843097555" lon="119.44444915180527">
        <ele>11.417389748618007</ele>
        <time>2025-10-04T02:05:05.900000Z</time>
        <extensions>
          <gpxtpx:TrackPointExtension>
            <gpxtpx:hr>101</gpxtpx:hr>
          </gpxtpx:TrackPointExtension>
        </extensions>
      </trkpt>
      <trkpt lat="32.386012818979395" lon="119.4444484602696">
        <ele>11.420887279324234</ele>
        <time>2025-10-04T02:05:06.900000Z</time>
        <extensions>
          <gpxtpx:TrackPointExtension>
            <gpxtpx:hr>101</gpxtpx:hr>
          </gpxtpx:TrackPointExtension>
        </extensions>
      </trkpt>
      <trkpt lat="32.38602190997541" lon="119.4444478892515">
        <ele>11.424500637687743</ele>
        <time>2025-10-04T02:05:07.900000Z</time>
        <extensions>
          <gpxtpx:TrackPointExtension>
            <gpxtpx:hr>102</gpxtpx:hr>
          </gpxtpx:TrackPointExtension>
        </extensions>
      </trkpt>
      <trkpt lat="32.38603108619761" lon="119.44444745893645">
        <ele>11.427843728102744</ele>
        <time>2025-10-04T02:05:08.900000Z</time>
        <extensions>
          <gpxtpx:TrackPointExtension>
            <gpxtpx:hr>102</gpxtpx:hr>
          </gpxtpx:TrackPointExtension>
        </extensions>
      </trkpt>
      <trkpt lat="32.38604032959981" lon="119.44444717513092">
        <ele>11.431205312721431</ele>
        <time>2025-10-04T02:05:09.900000Z</time>
        <extensions>
          <gpxtpx:TrackPointExtension>
            <gpxtpx:hr>102</gpxtpx:hr>
          </gpxtpx:TrackPointExtension>
        </extensions>
      </trkpt>
      <trkpt lat="32.38604963219716" lon="119.44444704269242">
        <ele>11.434599574655294</ele>
        <time>2025-10-04T02:05:10.900000Z</time>
        <extensions>
          <gpxtpx:TrackPointExtension>
            <gpxtpx:hr>102</gpxtpx:hr>
          </gpxtpx:TrackPointExtension>
        </extensions>
      </trkpt>
      <trkpt lat="32.386058959699675" lon="119.44444704909044">
        <ele>11.438044060021639</ele>
        <time>2025-10-04T02:05:11.900000Z</time>
        <extensions>
          <gpxtpx:TrackPointExtension>
            <gpxtpx:hr>102</gpxtpx:hr>
          </gpxtpx:TrackPointExtension>
        </extensions>
      </trkpt>
      <trkpt lat="32.38606828928063" lon="119.44444717632298">
        <ele>11.441615542396903</ele>
        <time>2025-10-04T02:05:12.900000Z</time>
        <extensions>
          <gpxtpx:TrackPointExtension>
            <gpxtpx:hr>102</gpxtpx:hr>
          </gpxtpx:TrackPointExtension>
        </extensions>
      </trkpt>
      <trkpt lat="32.38607755886243" lon="119.44444742595826">
        <ele>11.444955631159246</ele>
        <time>2025-10-04T02:05:13.900000Z</time>
        <extensions>
          <gpxtpx:TrackPointExtension>
            <gpxtpx:hr>105</gpxtpx:hr>
          </gpxtpx:TrackPointExtension>
        </extensions>
      </trkpt>
      <trkpt lat="32.38608684396748" lon="119.44444775384203">
        <ele>11.44809084199369</ele>
        <time>2025-10-04T02:05:14.900000Z</time>
        <extensions>
          <gpxtpx:TrackPointExtension>
            <gpxtpx:hr>105</gpxtpx:hr>
          </gpxtpx:TrackPointExtension>
        </extensions>
      </trkpt>
      <trkpt lat="32.386096133818135" lon="119.44444815912271">
        <ele>11.451961788348854</ele>
        <time>2025-10-04T02:05:15.900000Z</time>
        <extensions>
          <gpxtpx:TrackPointExtension>
            <gpxtpx:hr>105</gpxtpx:hr>
          </gpxtpx:TrackPointExtension>
        </extensions>
      </trkpt>
      <trkpt lat="32.38610544219394" lon="119.44444862215477">
        <ele>11.455558558925986</ele>
        <time>2025-10-04T02:05:16.900000Z</time>
        <extensions>
          <gpxtpx:TrackPointExtension>
            <gpxtpx:hr>105</gpxtpx:hr>
          </gpxtpx:TrackPointExtension>
        </extensions>
      </trkpt>
      <trkpt lat="32.38611477237296" lon="119.44444914629885">
        <ele>11.459113837219775</ele>
        <time>2025-10-04T02:05:17.900000Z</time>
        <extensions>
          <gpxtpx:TrackPointExtension>
            <gpxtpx:hr>105</gpxtpx:hr>
          </gpxtpx:TrackPointExtension>
        </extensions>
      </trkpt>
      <trkpt lat="32.38612410886313" lon="119.44444972038357">
        <ele>11.462292607873678</ele>
        <time>2025-10-04T02:05:18.900000Z</time>
        <extensions>
          <gpxtpx:TrackPointExtension>
            <gpxtpx:hr>105</gpxtpx:hr>
          </gpxtpx:TrackPointExtension>
        </extensions>
      </trkpt>
      <trkpt lat="32.386133449800234" lon="119.44445032890953">
        <ele>11.465265549719334</ele>
        <time>2025-10-04T02:05:19.900000Z</time>
        <extensions>
          <gpxtpx:TrackPointExtension>
            <gpxtpx:hr>105</gpxtpx:hr>
          </gpxtpx:TrackPointExtension>
        </extensions>
      </trkpt>
      <trkpt lat="32.38614276843896" lon="119.44445094855534">
        <ele>11.467682482674718</ele>
        <time>2025-10-04T02:05:20.900000Z</time>
        <extensions>
          <gpxtpx:TrackPointExtension>
            <gpxtpx:hr>105</gpxtpx:hr>
          </gpxtpx:TrackPointExtension>
        </extensions>
      </trkpt>
      <trkpt lat="32.38615210656471" lon="119.44445157482907">
        <ele>11.469793781638145</ele>
        <time>2025-10-04T02:05:21.900000Z</time>
        <extensions>
          <gpxtpx:TrackPointExtension>
            <gpxtpx:hr>106</gpxtpx:hr>
          </gpxtpx:TrackPointExtension>
        </extensions>
      </trkpt>
      <trkpt lat="32.38616143585008" lon="119.4444521816828">
        <ele>11.47139532957226</ele>
        <time>2025-10-04T02:05:22.900000Z</time>
        <extensions>
          <gpxtpx:TrackPointExtension>
            <gpxtpx:hr>106</gpxtpx:hr>
          </gpxtpx:TrackPointExtension>
        </extensions>
      </trkpt>
      <trkpt lat="32.38617068971552" lon="119.44445275436982">
        <ele>11.472413312643766</ele>
        <time>2025-10-04T02:05:23.900000Z</time>
        <extensions>
          <gpxtpx:TrackPointExtension>
            <gpxtpx:hr>106</gpxtpx:hr>
          </gpxtpx:TrackPointExtension>
        </extensions>
      </trkpt>
      <trkpt lat="32.38617988963104" lon="119.44445327859246">
        <ele>11.472941403277218</ele>
        <time>2025-10-04T02:05:24.900000Z</time>
        <extensions>
          <gpxtpx:TrackPointExtension>
            <gpxtpx:hr>106</gpxtpx:hr>
          </gpxtpx:TrackPointExtension>
        </extensions>
      </trkpt>
      <trkpt lat="32.38618899841035" lon="119.4444537581544">
        <ele>11.472925638779998</ele>
        <time>2025-10-04T02:05:25.900000Z</time>
        <extensions>
          <gpxtpx:TrackPointExtension>
            <gpxtpx:hr>106</gpxtpx:hr>
          </gpxtpx:TrackPointExtension>
        </extensions>
      </trkpt>
      <trkpt lat="32.38619800384042" lon="119.44445418022683">
        <ele>11.47253544908017</ele>
        <time>2025-10-04T02:05:26.900000Z</time>
        <extensions>
          <gpxtpx:TrackPointExtension>
            <gpxtpx:hr>106</gpxtpx:hr>
          </gpxtpx:TrackPointExtension>
        </extensions>
      </trkpt>
      <trkpt lat="32.38620693706877" lon="119.44445452964231">
        <ele>11.471903362311423</ele>
        <time>2025-10-04T02:05:27.900000Z</time>
        <extensions>
          <gpxtpx:TrackPointExtension>
            <gpxtpx:hr>106</gpxtpx:hr>
          </gpxtpx:TrackPointExtension>
        </extensions>
      </trkpt>
      <trkpt lat="32.38621580493514" lon="119.44445479012553">
        <ele>11.471006012521684</ele>
        <time>2025-10-04T02:05:28.900000Z</time>
        <extensions>
          <gpxtpx:TrackPointExtension>
            <gpxtpx:hr>103</gpxtpx:hr>
          </gpxtpx:TrackPointExtension>
        </extensions>
      </trkpt>
      <trkpt lat="32.38622460271536" lon="119.44445495865006">
        <ele>11.469626936130226</ele>
        <time>2025-10-04T02:05:29.900000Z</time>
        <extensions>
          <gpxtpx:TrackPointExtension>
            <gpxtpx:hr>103</gpxtpx:hr>
          </gpxtpx:TrackPointExtension>
        </extensions>
      </trkpt>
      <trkpt lat="32.38623335741379" lon="119.44445504783148">
        <ele>11.467791687697172</ele>
        <time>2025-10-04T02:05:30.900000Z</time>
        <extensions>
          <gpxtpx:TrackPointExtension>
            <gpxtpx:hr>103</gpxtpx:hr>
          </gpxtpx:TrackPointExtension>
        </extensions>
      </trkpt>
      <trkpt lat="32.38624198943009" lon="119.4444550498058">
        <ele>11.465833806432784</ele>
        <time>2025-10-04T02:05:31.900000Z</time>
        <extensions>
          <gpxtpx:TrackPointExtension>
            <gpxtpx:hr>103</gpxtpx:hr>
          </gpxtpx:TrackPointExtension>
        </extensions>
      </trkpt>
      <trkpt lat="32.38625057083893" lon="119.44445496747777">
        <ele>11.463710261508822</ele>
        <time>2025-10-04T02:05:32.900000Z</time>
        <extensions>
          <gpxtpx:TrackPointExtension>
            <gpxtpx:hr>103</gpxtpx:hr>
          </gpxtpx:TrackPointExtension>
        </extensions>
      </trkpt>
      <trkpt lat="32.38625913326776" lon="119.44445479165441">
        <ele>11.461406734772027</ele>
        <time>2025-10-04T02:05:33.900000Z</time>
        <extensions>
          <gpxtpx:TrackPointExtension>
            <gpxtpx:hr>103</gpxtpx:hr>
          </gpxtpx:TrackPointExtension>
        </extensions>
      </trkpt>
      <trkpt lat="32.38626765776168" lon="119.44445451638816">
        <ele>11.458929765038192</ele>
        <time>2025-10-04T02:05:34.900000Z</time>
        <extensions>
          <gpxtpx:TrackPointExtension>
            <gpxtpx:hr>103</gpxtpx:hr>
          </gpxtpx:TrackPointExtension>
        </extensions>
      </trkpt>
      <trkpt lat="32.386276134294995" lon="119.44445413248837">
        <ele>11.456375608220696</ele>
        <time>2025-10-04T02:05:35.900000Z</time>
        <extensions>
          <gpxtpx:TrackPointExtension>
            <gpxtpx:hr>102</gpxtpx:hr>
          </gpxtpx:TrackPointExtension>
        </extensions>
      </trkpt>
      <trkpt lat="32.3862845441299" lon="119.4444536561444">
        <ele>11.453842938877642</ele>
        <time>2025-10-04T02:05:36.900000Z</time>
        <extensions>
          <gpxtpx:TrackPointExtension>
            <gpxtpx:hr>102</gpxtpx:hr>
          </gpxtpx:TrackPointExtension>
        </extensions>
      </trkpt>
      <trkpt lat="32.38629287731747" lon="119.44445309062777">
        <ele>11.451533298008144</ele>
        <time>2025-10-04T02:05:37.900000Z</time>
        <extensions>
          <gpxtpx:TrackPointExtension>
            <gpxtpx:hr>102</gpxtpx:hr>
          </gpxtpx:TrackPointExtension>
        </extensions>
      </trkpt>
      <trkpt lat="32.38630112625226" lon="119.44445244243347">
        <ele>11.449112457223237</ele>
        <time>2025-10-04T02:05:38.900000Z</time>
        <extensions>
          <gpxtpx:TrackPointExtension>
            <gpxtpx:hr>101</gpxtpx:hr>
          </gpxtpx:TrackPointExtension>
        </extensions>
      </trkpt>
      <trkpt lat="32.386309277625905" lon="119.44445172708693">
        <ele>11.446941412054002</ele>
        <time>2025-10-04T02:05:39.900000Z</time>
        <extensions>
          <gpxtpx:TrackPointExtension>
            <gpxtpx:hr>101</gpxtpx:hr>
          </gpxtpx:TrackPointExtension>
        </extensions>
      </trkpt>
      <trkpt lat="32.38631733396369" lon="119.44445093329843">
        <ele>11.444721293635666</ele>
        <time>2025-10-04T02:05:40.900000Z</time>
        <extensions>
          <gpxtpx:TrackPointExtension>
            <gpxtpx:hr>101</gpxtpx:hr>
          </gpxtpx:TrackPointExtension>
        </extensions>
      </trkpt>
      <trkpt lat="32.3863252957112" lon="119.44445008942598">
        <ele>11.442855439148843</ele>
        <time>2025-10-04T02:05:41.900000Z</time>
        <extensions>
          <gpxtpx:TrackPointExtension>
            <gpxtpx:hr>101</gpxtpx:hr>
          </gpxtpx:TrackPointExtension>
        </extensions>
      </trkpt>
      <trkpt lat="32.386333193352385" lon="119.4444491727006">
        <ele>11.441155791282654</ele>
        <time>2025-10-04T02:05:42.900000Z</time>
        <extensions>
          <gpxtpx:TrackPointExtension>
            <gpxtpx:hr>101</gpxtpx:hr>
          </gpxtpx:TrackPointExtension>
        </extensions>
      </trkpt>
      <trkpt lat="32.38634096973333" lon="119.44444821165256">
        <ele>11.43982897605747</ele>
        <time>2025-10-04T02:05:43.900000Z</time>
        <extensions>
          <gpxtpx:TrackPointExtension>
            <gpxtpx:hr>101</gpxtpx:hr>
          </gpxtpx:TrackPointExtension>
        </extensions>
      </trkpt>
      <trkpt lat="32.38634858218808" lon="119.44444721269637">
        <ele>11.438683959655464</ele>
        <time>2025-10-04T02:05:44.900000Z</time>
        <extensions>
          <gpxtpx:TrackPointExtension>
            <gpxtpx:hr>101</gpxtpx:hr>
          </gpxtpx:TrackPointExtension>
        </extensions>
      </trkpt>
      <trkpt lat="32.38635604236341" lon="119.44444617461076">
        <ele>11.437744659371674</ele>
        <time>2025-10-04T02:05:45.900000Z</time>
        <extensions>
          <gpxtpx:TrackPointExtension>
            <gpxtpx:hr>101</gpxtpx:hr>
          </gpxtpx:TrackPointExtension>
        </extensions>
      </trkpt>
      <trkpt lat="32.38636334684651" lon="119.44444509026812">
        <ele>11.437044664286077</ele>
        <time>2025-10-04T02:05:46.900000Z</time>
        <extensions>
          <gpxtpx:TrackPointExtension>
            <gpxtpx:hr>101</gpxtpx:hr>
          </gpxtpx:TrackPointExtension>
        </extensions>
      </trkpt>
      <trkpt lat="32.3863704991647" lon="119.44444396673802">
        <ele>11.436683306470513</ele>
        <time>2025-10-04T02:05:47.900000Z</time>
        <extensions>
          <gpxtpx:TrackPointExtension>
            <gpxtpx:hr>101</gpxtpx:hr>
          </gpxtpx:TrackPointExtension>
        </extensions>
      </trkpt>
      <trkpt lat="32.38637749536575" lon="119.44444279362368">
        <ele>11.437093251384795</ele>
        <time>2025-10-04T02:05:48.900000Z</time>
        <extensions>
          <gpxtpx:TrackPointExtension>
            <gpxtpx:hr>101</gpxtpx:hr>
          </gpxtpx:TrackPointExtension>
        </extensions>
      </trkpt>
      <trkpt lat="32.3863843646718" lon="119.44444158180121">
        <ele>11.437816133722663</ele>
        <time>2025-10-04T02:05:49.900000Z</time>
        <extensions>
          <gpxtpx:TrackPointExtension>
            <gpxtpx:hr>101</gpxtpx:hr>
          </gpxtpx:TrackPointExtension>
        </extensions>
      </trkpt>
      <trkpt lat="32.38639111765445" lon="119.44444034375668">
        <ele>11.439407417550683</ele>
        <time>2025-10-04T02:05:50.900000Z</time>
        <extensions>
          <gpxtpx:TrackPointExtension>
            <gpxtpx:hr>101</gpxtpx:hr>
          </gpxtpx:TrackPointExtension>
        </extensions>
      </trkpt>
      <trkpt lat="32.386397782163044" lon="119.44443908619832">
        <ele>11.441409140825272</ele>
        <time>2025-10-04T02:05:51.900000Z</time>
        <extensions>
          <gpxtpx:TrackPointExtension>
            <gpxtpx:hr>101</gpxtpx:hr>
          </gpxtpx:TrackPointExtension>
        </extensions>
      </trkpt>
      <trkpt lat="32.38640437161755" lon="119.44443782343328">
        <ele>11.443950205110013</ele>
        <time>2025-10-04T02:05:52.900000Z</time>
        <extensions>
          <gpxtpx:TrackPointExtension>
            <gpxtpx:hr>101</gpxtpx:hr>
          </gpxtpx:TrackPointExtension>
        </extensions>
      </trkpt>
      <trkpt lat="32.386410912473316" lon="119.44443655977442">
        <ele>11.447264579124749</ele>
        <time>2025-10-04T02:05:53.900000Z</time>
        <extensions>
          <gpxtpx:TrackPointExtension>
            <gpxtpx:hr>102</gpxtpx:hr>
          </gpxtpx:TrackPointExtension>
        </extensions>
      </trkpt>
      <trkpt lat="32.386417439768955" lon="119.44443529261304">
        <ele>11.4514549812302</ele>
        <time>2025-10-04T02:05:54.900000Z</time>
        <extensions>
          <gpxtpx:TrackPointExtension>
            <gpxtpx:hr>102</gpxtpx:hr>
          </gpxtpx:TrackPointExtension>
        </extensions>
      </trkpt>
      <trkpt lat="32.38642400470014" lon="119.44443402198965">
        <ele>11.456212451681495</ele>
        <time>2025-10-04T02:05:55.900000Z</time>
        <extensions>
          <gpxtpx:TrackPointExtension>
            <gpxtpx:hr>102</gpxtpx:hr>
          </gpxtpx:TrackPointExtension>
        </extensions>
      </trkpt>
      <trkpt lat="32.386430655548764" lon="119.4444327436117">
        <ele>11.462344932369888</ele>
        <time>2025-10-04T02:05:56.900000Z</time>
        <extensions>
          <gpxtpx:TrackPointExtension>
            <gpxtpx:hr>102</gpxtpx:hr>
          </gpxtpx:TrackPointExtension>
        </extensions>
      </trkpt>
      <trkpt lat="32.38643740070361" lon="119.44443146622913">
        <ele>11.469785775989294</ele>
        <time>2025-10-04T02:05:57.900000Z</time>
        <extensions>
          <gpxtpx:TrackPointExtension>
            <gpxtpx:hr>102</gpxtpx:hr>
          </gpxtpx:TrackPointExtension>
        </extensions>
      </trkpt>
      <trkpt lat="32.386444287895024" lon="119.44443019049818">
        <ele>11.478480154648423</ele>
        <time>2025-10-04T02:05:58.900000Z</time>
        <extensions>
          <gpxtpx:TrackPointExtension>
            <gpxtpx:hr>102</gpxtpx:hr>
          </gpxtpx:TrackPointExtension>
        </extensions>
      </trkpt>
      <trkpt lat="32.38645133456229" lon="119.44442891492415">
        <ele>11.4883764218539</ele>
        <time>2025-10-04T02:05:59.900000Z</time>
        <extensions>
          <gpxtpx:TrackPointExtension>
            <gpxtpx:hr>102</gpxtpx:hr>
          </gpxtpx:TrackPointExtension>
        </extensions>
      </trkpt>
      <trkpt lat="32.386458571648205" lon="119.44442765514958">
        <ele>11.499618503265083</ele>
        <time>2025-10-04T02:06:00.900000Z</time>
        <extensions>
          <gpxtpx:TrackPointExtension>
            <gpxtpx:hr>102</gpxtpx:hr>
          </gpxtpx:TrackPointExtension>
        </extensions>
      </trkpt>
      <trkpt lat="32.3864660024312" lon="119.44442640181384">
        <ele>11.512236739508808</ele>
        <time>2025-10-04T02:06:01.900000Z</time>
        <extensions>
          <gpxtpx:TrackPointExtension>
            <gpxtpx:hr>102</gpxtpx:hr>
          </gpxtpx:TrackPointExtension>
        </extensions>
      </trkpt>
      <trkpt lat="32.38647365958648" lon="119.44442514943611">
        <ele>11.526563777588308</ele>
        <time>2025-10-04T02:06:02.900000Z</time>
        <extensions>
          <gpxtpx:TrackPointExtension>
            <gpxtpx:hr>102</gpxtpx:hr>
          </gpxtpx:TrackPointExtension>
        </extensions>
      </trkpt>
      <trkpt lat="32.38648151073943" lon="119.44442392024106">
        <ele>11.542384745553136</ele>
        <time>2025-10-04T02:06:03.900000Z</time>
        <extensions>
          <gpxtpx:TrackPointExtension>
            <gpxtpx:hr>102</gpxtpx:hr>
          </gpxtpx:TrackPointExtension>
        </extensions>
      </trkpt>
      <trkpt lat="32.38648959228849" lon="119.44442271386269">
        <ele>11.55987956840545</ele>
        <time>2025-10-04T02:06:04.900000Z</time>
        <extensions>
          <gpxtpx:TrackPointExtension>
            <gpxtpx:hr>102</gpxtpx:hr>
          </gpxtpx:TrackPointExtension>
        </extensions>
      </trkpt>
      <trkpt lat="32.38649797106106" lon="119.44442151425086">
        <ele>11.578768794424832</ele>
        <time>2025-10-04T02:06:05.900000Z</time>
        <extensions>
          <gpxtpx:TrackPointExtension>
            <gpxtpx:hr>102</gpxtpx:hr>
          </gpxtpx:TrackPointExtension>
        </extensions>
      </trkpt>
      <trkpt lat="32.38650656098419" lon="119.44442033398593">
        <ele>11.599210035055876</ele>
        <time>2025-10-04T02:06:06.900000Z</time>
        <extensions>
          <gpxtpx:TrackPointExtension>
            <gpxtpx:hr>102</gpxtpx:hr>
          </gpxtpx:TrackPointExtension>
        </extensions>
      </trkpt>
      <trkpt lat="32.38651535680424" lon="119.44441918143522">
        <ele>11.62116161826998</ele>
        <time>2025-10-04T02:06:07.900000Z</time>
        <extensions>
          <gpxtpx:TrackPointExtension>
            <gpxtpx:hr>102</gpxtpx:hr>
          </gpxtpx:TrackPointExtension>
        </extensions>
      </trkpt>
      <trkpt lat="32.386524369554905" lon="119.44441802644164">
        <ele>11.644706873223186</ele>
        <time>2025-10-04T02:06:08.900000Z</time>
        <extensions>
          <gpxtpx:TrackPointExtension>
            <gpxtpx:hr>102</gpxtpx:hr>
          </gpxtpx:TrackPointExtension>
        </extensions>
      </trkpt>
      <trkpt lat="32.38653357140168" lon="119.44441687104455">
        <ele>11.669575574807823</ele>
        <time>2025-10-04T02:06:09.900000Z</time>
        <extensions>
          <gpxtpx:TrackPointExtension>
            <gpxtpx:hr>102</gpxtpx:hr>
          </gpxtpx:TrackPointExtension>
        </extensions>
      </trkpt>
      <trkpt lat="32.38654295266772" lon="119.44441573863796">
        <ele>11.695846744813025</ele>
        <time>2025-10-04T02:06:10.900000Z</time>
        <extensions>
          <gpxtpx:TrackPointExtension>
            <gpxtpx:hr>102</gpxtpx:hr>
          </gpxtpx:TrackPointExtension>
        </extensions>
      </trkpt>
      <trkpt lat="32.386552489010846" lon="119.44441460831116">
        <ele>11.72338070627302</ele>
        <time>2025-10-04T02:06:11.900000Z</time>
        <extensions>
          <gpxtpx:TrackPointExtension>
            <gpxtpx:hr>102</gpxtpx:hr>
          </gpxtpx:TrackPointExtension>
        </extensions>
      </trkpt>
      <trkpt lat="32.38656216695325" lon="119.44441349685334">
        <ele>11.751547283492982</ele>
        <time>2025-10-04T02:06:12.900000Z</time>
        <extensions>
          <gpxtpx:TrackPointExtension>
            <gpxtpx:hr>102</gpxtpx:hr>
          </gpxtpx:TrackPointExtension>
        </extensions>
      </trkpt>
      <trkpt lat="32.38657197462584" lon="119.44441241529486">
        <ele>11.780274252407253</ele>
        <time>2025-10-04T02:06:13.900000Z</time>
        <extensions>
          <gpxtpx:TrackPointExtension>
            <gpxtpx:hr>102</gpxtpx:hr>
          </gpxtpx:TrackPointExtension>
        </extensions>
      </trkpt>
      <trkpt lat="32.38658186655193" lon="119.4444113649552">
        <ele>11.809691563248634</ele>
        <time>2025-10-04T02:06:14.900000Z</time>
        <extensions>
          <gpxtpx:TrackPointExtension>
            <gpxtpx:hr>98</gpxtpx:hr>
          </gpxtpx:TrackPointExtension>
        </extensions>
      </trkpt>
      <trkpt lat="32.386591855112975" lon="119.44441033333824">
        <ele>11.83935706783086</ele>
        <time>2025-10-04T02:06:15.900000Z</time>
        <extensions>
          <gpxtpx:TrackPointExtension>
            <gpxtpx:hr>98</gpxtpx:hr>
          </gpxtpx:TrackPointExtension>
        </extensions>
      </trkpt>
      <trkpt lat="32.38660190463963" lon="119.44440930328636">
        <ele>11.868627429008484</ele>
        <time>2025-10-04T02:06:16.900000Z</time>
        <extensions>
          <gpxtpx:TrackPointExtension>
            <gpxtpx:hr>98</gpxtpx:hr>
          </gpxtpx:TrackPointExtension>
        </extensions>
      </trkpt>
      <trkpt lat="32.386611970685934" lon="119.44440826794616">
        <ele>11.897965592332184</ele>
        <time>2025-10-04T02:06:17.900000Z</time>
        <extensions>
          <gpxtpx:TrackPointExtension>
            <gpxtpx:hr>98</gpxtpx:hr>
          </gpxtpx:TrackPointExtension>
        </extensions>
      </trkpt>
      <trkpt lat="32.38662206199519" lon="119.4444072380043">
        <ele>11.927323025651276</ele>
        <time>2025-10-04T02:06:18.900000Z</time>
        <extensions>
          <gpxtpx:TrackPointExtension>
            <gpxtpx:hr>97</gpxtpx:hr>
          </gpxtpx:TrackPointExtension>
        </extensions>
      </trkpt>
      <trkpt lat="32.386632197843056" lon="119.44440623743868">
        <ele>11.956474428065121</ele>
        <time>2025-10-04T02:06:19.900000Z</time>
        <extensions>
          <gpxtpx:TrackPointExtension>
            <gpxtpx:hr>97</gpxtpx:hr>
          </gpxtpx:TrackPointExtension>
        </extensions>
      </trkpt>
      <trkpt lat="32.38664232782254" lon="119.44440525486658">
        <ele>11.985472867265344</ele>
        <time>2025-10-04T02:06:20.900000Z</time>
        <extensions>
          <gpxtpx:TrackPointExtension>
            <gpxtpx:hr>97</gpxtpx:hr>
          </gpxtpx:TrackPointExtension>
        </extensions>
      </trkpt>
      <trkpt lat="32.38665246906193" lon="119.44440429202652">
        <ele>12.013984066434205</ele>
        <time>2025-10-04T02:06:21.900000Z</time>
        <extensions>
          <gpxtpx:TrackPointExtension>
            <gpxtpx:hr>97</gpxtpx:hr>
          </gpxtpx:TrackPointExtension>
        </extensions>
      </trkpt>
      <trkpt lat="32.38666259964926" lon="119.44440334480397">
        <ele>12.042065349407494</ele>
        <time>2025-10-04T02:06:22.900000Z</time>
        <extensions>
          <gpxtpx:TrackPointExtension>
            <gpxtpx:hr>98</gpxtpx:hr>
          </gpxtpx:TrackPointExtension>
        </extensions>
      </trkpt>
      <trkpt lat="32.38667270053009" lon="119.44440241656791">
        <ele>12.069666157476604</ele>
        <time>2025-10-04T02:06:23.900000Z</time>
        <extensions>
          <gpxtpx:TrackPointExtension>
            <gpxtpx:hr>98</gpxtpx:hr>
          </gpxtpx:TrackPointExtension>
        </extensions>
      </trkpt>
      <trkpt lat="32.386682778959006" lon="119.44440150459681">
        <ele>12.096701349131763</ele>
        <time>2025-10-04T02:06:24.900000Z</time>
        <extensions>
          <gpxtpx:TrackPointExtension>
            <gpxtpx:hr>98</gpxtpx:hr>
          </gpxtpx:TrackPointExtension>
        </extensions>
      </trkpt>
      <trkpt lat="32.38669275142989" lon="119.44440061020417">
        <ele>12.122939072549343</ele>
        <time>2025-10-04T02:06:25.900000Z</time>
        <extensions>
          <gpxtpx:TrackPointExtension>
            <gpxtpx:hr>98</gpxtpx:hr>
          </gpxtpx:TrackPointExtension>
        </extensions>
      </trkpt>
      <trkpt lat="32.38670269986794" lon="119.44439974780781">
        <ele>12.148498946800828</ele>
        <time>2025-10-04T02:06:26.900000Z</time>
        <extensions>
          <gpxtpx:TrackPointExtension>
            <gpxtpx:hr>98</gpxtpx:hr>
          </gpxtpx:TrackPointExtension>
        </extensions>
      </trkpt>
      <trkpt lat="32.38671256102002" lon="119.44439891752603">
        <ele>12.17286887113005</ele>
        <time>2025-10-04T02:06:27.900000Z</time>
        <extensions>
          <gpxtpx:TrackPointExtension>
            <gpxtpx:hr>98</gpxtpx:hr>
          </gpxtpx:TrackPointExtension>
        </extensions>
      </trkpt>
      <trkpt lat="32.38672235013567" lon="119.44439811958667">
        <ele>12.196468060836196</ele>
        <time>2025-10-04T02:06:28.900000Z</time>
        <extensions>
          <gpxtpx:TrackPointExtension>
            <gpxtpx:hr>98</gpxtpx:hr>
          </gpxtpx:TrackPointExtension>
        </extensions>
      </trkpt>
      <trkpt lat="32.38673204755994" lon="119.44439734846921">
        <ele>12.21968949213624</ele>
        <time>2025-10-04T02:06:29.900000Z</time>
        <extensions>
          <gpxtpx:TrackPointExtension>
            <gpxtpx:hr>98</gpxtpx:hr>
          </gpxtpx:TrackPointExtension>
        </extensions>
      </trkpt>
      <trkpt lat="32.38674165982756" lon="119.44439661647135">
        <ele>12.242344972677529</ele>
        <time>2025-10-04T02:06:30.900000Z</time>
        <extensions>
          <gpxtpx:TrackPointExtension>
            <gpxtpx:hr>98</gpxtpx:hr>
          </gpxtpx:TrackPointExtension>
        </extensions>
      </trkpt>
      <trkpt lat="32.38675119600911" lon="119.44439594301554">
        <ele>12.263972853310406</ele>
        <time>2025-10-04T02:06:31.900000Z</time>
        <extensions>
          <gpxtpx:TrackPointExtension>
            <gpxtpx:hr>98</gpxtpx:hr>
          </gpxtpx:TrackPointExtension>
        </extensions>
      </trkpt>
      <trkpt lat="32.38676062042831" lon="119.4443953245914">
        <ele>12.284448683261871</ele>
        <time>2025-10-04T02:06:32.900000Z</time>
        <extensions>
          <gpxtpx:TrackPointExtension>
            <gpxtpx:hr>98</gpxtpx:hr>
          </gpxtpx:TrackPointExtension>
        </extensions>
      </trkpt>
      <trkpt lat="32.38676994118735" lon="119.44439478533286">
        <ele>12.304803648032248</ele>
        <time>2025-10-04T02:06:33.900000Z</time>
        <extensions>
          <gpxtpx:TrackPointExtension>
            <gpxtpx:hr>95</gpxtpx:hr>
          </gpxtpx:TrackPointExtension>
        </extensions>
      </trkpt>
      <trkpt lat="32.38677914161929" lon="119.44439431676076">
        <ele>12.325014504604042</ele>
        <time>2025-10-04T02:06:34.900000Z</time>
        <extensions>
          <gpxtpx:TrackPointExtension>
            <gpxtpx:hr>95</gpxtpx:hr>
          </gpxtpx:TrackPointExtension>
        </extensions>
      </trkpt>
      <trkpt lat="32.386788236677276" lon="119.44439391986985">
        <ele>12.344586725346744</ele>
        <time>2025-10-04T02:06:35.900000Z</time>
        <extensions>
          <gpxtpx:TrackPointExtension>
            <gpxtpx:hr>95</gpxtpx:hr>
          </gpxtpx:TrackPointExtension>
        </extensions>
      </trkpt>
      <trkpt lat="32.386797236534214" lon="119.4443935882345">
        <ele>12.363572134636343</ele>
        <time>2025-10-04T02:06:36.900000Z</time>
        <extensions>
          <gpxtpx:TrackPointExtension>
            <gpxtpx:hr>95</gpxtpx:hr>
          </gpxtpx:TrackPointExtension>
        </extensions>
      </trkpt>
      <trkpt lat="32.38680612006621" lon="119.44439331273254">
        <ele>12.382086981087923</ele>
        <time>2025-10-04T02:06:37.900000Z</time>
        <extensions>
          <gpxtpx:TrackPointExtension>
            <gpxtpx:hr>95</gpxtpx:hr>
          </gpxtpx:TrackPointExtension>
        </extensions>
      </trkpt>
      <trkpt lat="32.386814911707035" lon="119.44439309367542">
        <ele>12.400173583067954</ele>
        <time>2025-10-04T02:06:38.900000Z</time>
        <extensions>
          <gpxtpx:TrackPointExtension>
            <gpxtpx:hr>95</gpxtpx:hr>
          </gpxtpx:TrackPointExtension>
        </extensions>
      </trkpt>
      <trkpt lat="32.386823587057684" lon="119.44439292264214">
        <ele>12.417626642622054</ele>
        <time>2025-10-04T02:06:39.900000Z</time>
        <extensions>
          <gpxtpx:TrackPointExtension>
            <gpxtpx:hr>95</gpxtpx:hr>
          </gpxtpx:TrackPointExtension>
        </extensions>
      </trkpt>
      <trkpt lat="32.38683214810916" lon="119.44439279263504">
        <ele>12.43437512498349</ele>
        <time>2025-10-04T02:06:40.900000Z</time>
        <extensions>
          <gpxtpx:TrackPointExtension>
            <gpxtpx:hr>95</gpxtpx:hr>
          </gpxtpx:TrackPointExtension>
        </extensions>
      </trkpt>
      <trkpt lat="32.38684058458095" lon="119.44439270224848">
        <ele>12.44991241954267</ele>
        <time>2025-10-04T02:06:41.900000Z</time>
        <extensions>
          <gpxtpx:TrackPointExtension>
            <gpxtpx:hr>97</gpxtpx:hr>
          </gpxtpx:TrackPointExtension>
        </extensions>
      </trkpt>
      <trkpt lat="32.38684887907676" lon="119.44439264298491">
        <ele>12.464994794689119</ele>
        <time>2025-10-04T02:06:42.900000Z</time>
        <extensions>
          <gpxtpx:TrackPointExtension>
            <gpxtpx:hr>97</gpxtpx:hr>
          </gpxtpx:TrackPointExtension>
        </extensions>
      </trkpt>
      <trkpt lat="32.38685706689455" lon="119.44439264012313">
        <ele>12.479271334595978</ele>
        <time>2025-10-04T02:06:43.900000Z</time>
        <extensions>
          <gpxtpx:TrackPointExtension>
            <gpxtpx:hr>97</gpxtpx:hr>
          </gpxtpx:TrackPointExtension>
        </extensions>
      </trkpt>
      <trkpt lat="32.38686509188024" lon="119.4443927514018">
        <ele>12.492610860615969</ele>
        <time>2025-10-04T02:06:44.900000Z</time>
        <extensions>
          <gpxtpx:TrackPointExtension>
            <gpxtpx:hr>97</gpxtpx:hr>
          </gpxtpx:TrackPointExtension>
        </extensions>
      </trkpt>
      <trkpt lat="32.38687298595624" lon="119.44439298162517">
        <ele>12.504424192942679</ele>
        <time>2025-10-04T02:06:45.900000Z</time>
        <extensions>
          <gpxtpx:TrackPointExtension>
            <gpxtpx:hr>97</gpxtpx:hr>
          </gpxtpx:TrackPointExtension>
        </extensions>
      </trkpt>
      <trkpt lat="32.386880789492466" lon="119.44439322135032">
        <ele>12.514981059357524</ele>
        <time>2025-10-04T02:06:46.900000Z</time>
        <extensions>
          <gpxtpx:TrackPointExtension>
            <gpxtpx:hr>97</gpxtpx:hr>
          </gpxtpx:TrackPointExtension>
        </extensions>
      </trkpt>
      <trkpt lat="32.38688850794194" lon="119.44439346494751">
        <ele>12.524699713103473</ele>
        <time>2025-10-04T02:06:47.900000Z</time>
        <extensions>
          <gpxtpx:TrackPointExtension>
            <gpxtpx:hr>97</gpxtpx:hr>
          </gpxtpx:TrackPointExtension>
        </extensions>
      </trkpt>
      <trkpt lat="32.38689610963714" lon="119.44439380118176">
        <ele>12.533382362686098</ele>
        <time>2025-10-04T02:06:48.900000Z</time>
        <extensions>
          <gpxtpx:TrackPointExtension>
            <gpxtpx:hr>95</gpxtpx:hr>
          </gpxtpx:TrackPointExtension>
        </extensions>
      </trkpt>
      <trkpt lat="32.38690361208592" lon="119.4443941854001">
        <ele>12.541749751195312</ele>
        <time>2025-10-04T02:06:49.900000Z</time>
        <extensions>
          <gpxtpx:TrackPointExtension>
            <gpxtpx:hr>95</gpxtpx:hr>
          </gpxtpx:TrackPointExtension>
        </extensions>
      </trkpt>
      <trkpt lat="32.386910995496564" lon="119.44439456037242">
        <ele>12.549358510412276</ele>
        <time>2025-10-04T02:06:50.900000Z</time>
        <extensions>
          <gpxtpx:TrackPointExtension>
            <gpxtpx:hr>95</gpxtpx:hr>
          </gpxtpx:TrackPointExtension>
        </extensions>
      </trkpt>
      <trkpt lat="32.38691823791663" lon="119.44439488346686">
        <ele>12.556841988116503</ele>
        <time>2025-10-04T02:06:51.900000Z</time>
        <extensions>
          <gpxtpx:TrackPointExtension>
            <gpxtpx:hr>95</gpxtpx:hr>
          </gpxtpx:TrackPointExtension>
        </extensions>
      </trkpt>
      <trkpt lat="32.38692534144433" lon="119.44439522849437">
        <ele>12.56358241289854</ele>
        <time>2025-10-04T02:06:52.900000Z</time>
        <extensions>
          <gpxtpx:TrackPointExtension>
            <gpxtpx:hr>95</gpxtpx:hr>
          </gpxtpx:TrackPointExtension>
        </extensions>
      </trkpt>
      <trkpt lat="32.38693229220238" lon="119.44439554143455">
        <ele>12.569791557267308</ele>
        <time>2025-10-04T02:06:53.900000Z</time>
        <extensions>
          <gpxtpx:TrackPointExtension>
            <gpxtpx:hr>94</gpxtpx:hr>
          </gpxtpx:TrackPointExtension>
        </extensions>
      </trkpt>
      <trkpt lat="32.38693907276059" lon="119.44439580017753">
        <ele>12.575601134449244</ele>
        <time>2025-10-04T02:06:54.900000Z</time>
        <extensions>
          <gpxtpx:TrackPointExtension>
            <gpxtpx:hr>94</gpxtpx:hr>
          </gpxtpx:TrackPointExtension>
        </extensions>
      </trkpt>
      <trkpt lat="32.38694563572526" lon="119.44439601871099">
        <ele>12.581474773585796</ele>
        <time>2025-10-04T02:06:55.900000Z</time>
        <extensions>
          <gpxtpx:TrackPointExtension>
            <gpxtpx:hr>94</gpxtpx:hr>
          </gpxtpx:TrackPointExtension>
        </extensions>
      </trkpt>
      <trkpt lat="32.38695197809025" lon="119.44439621869319">
        <ele>12.5872140256688</ele>
        <time>2025-10-04T02:06:56.900000Z</time>
        <extensions>
          <gpxtpx:TrackPointExtension>
            <gpxtpx:hr>94</gpxtpx:hr>
          </gpxtpx:TrackPointExtension>
        </extensions>
      </trkpt>
      <trkpt lat="32.38695810289305" lon="119.4443964442032">
        <ele>12.593659302219748</ele>
        <time>2025-10-04T02:06:57.900000Z</time>
        <extensions>
          <gpxtpx:TrackPointExtension>
            <gpxtpx:hr>94</gpxtpx:hr>
          </gpxtpx:TrackPointExtension>
        </extensions>
      </trkpt>
      <trkpt lat="32.386963997252764" lon="119.44439667569124">
        <ele>12.600998443551362</ele>
        <time>2025-10-04T02:06:58.900000Z</time>
        <extensions>
          <gpxtpx:TrackPointExtension>
            <gpxtpx:hr>93</gpxtpx:hr>
          </gpxtpx:TrackPointExtension>
        </extensions>
      </trkpt>
      <trkpt lat="32.38696964809282" lon="119.4443968773004">
        <ele>12.609093797393143</ele>
        <time>2025-10-04T02:06:59.900000Z</time>
        <extensions>
          <gpxtpx:TrackPointExtension>
            <gpxtpx:hr>93</gpxtpx:hr>
          </gpxtpx:TrackPointExtension>
        </extensions>
      </trkpt>
      <trkpt lat="32.3869750524196" lon="119.4443970524562">
        <ele>12.618072430603206</ele>
        <time>2025-10-04T02:07:00.900000Z</time>
        <extensions>
          <gpxtpx:TrackPointExtension>
            <gpxtpx:hr>93</gpxtpx:hr>
          </gpxtpx:TrackPointExtension>
        </extensions>
      </trkpt>
      <trkpt lat="32.38698021214808" lon="119.44439718823014">
        <ele>12.628110188059509</ele>
        <time>2025-10-04T02:07:01.900000Z</time>
        <extensions>
          <gpxtpx:TrackPointExtension>
            <gpxtpx:hr>93</gpxtpx:hr>
          </gpxtpx:TrackPointExtension>
        </extensions>
      </trkpt>
      <trkpt lat="32.38698511653338" lon="119.44439729038228">
        <ele>12.639454130083323</ele>
        <time>2025-10-04T02:07:02.900000Z</time>
        <extensions>
          <gpxtpx:TrackPointExtension>
            <gpxtpx:hr>93</gpxtpx:hr>
          </gpxtpx:TrackPointExtension>
        </extensions>
      </trkpt>
      <trkpt lat="32.38698976805746" lon="119.444397417044">
        <ele>12.651736665517092</ele>
        <time>2025-10-04T02:07:03.900000Z</time>
        <extensions>
          <gpxtpx:TrackPointExtension>
            <gpxtpx:hr>93</gpxtpx:hr>
          </gpxtpx:TrackPointExtension>
        </extensions>
      </trkpt>
      <trkpt lat="32.38699416688571" lon="119.44439753053717">
        <ele>12.665169201791286</ele>
        <time>2025-10-04T02:07:04.900000Z</time>
        <extensions>
          <gpxtpx:TrackPointExtension>
            <gpxtpx:hr>92</gpxtpx:hr>
          </gpxtpx:TrackPointExtension>
        </extensions>
      </trkpt>
      <trkpt lat="32.386998316784805" lon="119.44439766863955">
        <ele>12.679883079603314</ele>
        <time>2025-10-04T02:07:05.900000Z</time>
        <extensions>
          <gpxtpx:TrackPointExtension>
            <gpxtpx:hr>92</gpxtpx:hr>
          </gpxtpx:TrackPointExtension>
        </extensions>
      </trkpt>
      <trkpt lat="32.387002229987225" lon="119.44439781487239">
        <ele>12.696008295752108</ele>
        <time>2025-10-04T02:07:06.900000Z</time>
        <extensions>
          <gpxtpx:TrackPointExtension>
            <gpxtpx:hr>92</gpxtpx:hr>
          </gpxtpx:TrackPointExtension>
        </extensions>
      </trkpt>
      <trkpt lat="32.38700588226041" lon="119.44439793550255">
        <ele>12.713154019787908</ele>
        <time>2025-10-04T02:07:07.900000Z</time>
        <extensions>
          <gpxtpx:TrackPointExtension>
            <gpxtpx:hr>92</gpxtpx:hr>
          </gpxtpx:TrackPointExtension>
        </extensions>
      </trkpt>
      <trkpt lat="32.387009253198485" lon="119.44439801651502">
        <ele>12.731155704706907</ele>
        <time>2025-10-04T02:07:08.900000Z</time>
        <extensions>
          <gpxtpx:TrackPointExtension>
            <gpxtpx:hr>92</gpxtpx:hr>
          </gpxtpx:TrackPointExtension>
        </extensions>
      </trkpt>
      <trkpt lat="32.387012330052826" lon="119.4443980420149">
        <ele>12.749754424206913</ele>
        <time>2025-10-04T02:07:09.900000Z</time>
        <extensions>
          <gpxtpx:TrackPointExtension>
            <gpxtpx:hr>96</gpxtpx:hr>
          </gpxtpx:TrackPointExtension>
        </extensions>
      </trkpt>
      <trkpt lat="32.38701508828342" lon="119.44439797753182">
        <ele>12.768686681054533</ele>
        <time>2025-10-04T02:07:10.900000Z</time>
        <extensions>
          <gpxtpx:TrackPointExtension>
            <gpxtpx:hr>96</gpxtpx:hr>
          </gpxtpx:TrackPointExtension>
        </extensions>
      </trkpt>
      <trkpt lat="32.38701753624582" lon="119.44439783520596">
        <ele>12.788207228295505</ele>
        <time>2025-10-04T02:07:11.900000Z</time>
        <extensions>
          <gpxtpx:TrackPointExtension>
            <gpxtpx:hr>96</gpxtpx:hr>
          </gpxtpx:TrackPointExtension>
        </extensions>
      </trkpt>
      <trkpt lat="32.38701968250495" lon="119.44439759924227">
        <ele>12.80768712144345</ele>
        <time>2025-10-04T02:07:12.900000Z</time>
        <extensions>
          <gpxtpx:TrackPointExtension>
            <gpxtpx:hr>96</gpxtpx:hr>
          </gpxtpx:TrackPointExtension>
        </extensions>
      </trkpt>
      <trkpt lat="32.387021540140054" lon="119.44439720695422">
        <ele>12.82757562212646</ele>
        <time>2025-10-04T02:07:13.900000Z</time>
        <extensions>
          <gpxtpx:TrackPointExtension>
            <gpxtpx:hr>96</gpxtpx:hr>
          </gpxtpx:TrackPointExtension>
        </extensions>
      </trkpt>
      <trkpt lat="32.38702315241403" lon="119.44439660587206">
        <ele>12.847801364958286</ele>
        <time>2025-10-04T02:07:14.900000Z</time>
        <extensions>
          <gpxtpx:TrackPointExtension>
            <gpxtpx:hr>96</gpxtpx:hr>
          </gpxtpx:TrackPointExtension>
        </extensions>
      </trkpt>
      <trkpt lat="32.387024518601585" lon="119.44439582811663">
        <ele>12.868452635593712</ele>
        <time>2025-10-04T02:07:15.900000Z</time>
        <extensions>
          <gpxtpx:TrackPointExtension>
            <gpxtpx:hr>97</gpxtpx:hr>
          </gpxtpx:TrackPointExtension>
        </extensions>
      </trkpt>
      <trkpt lat="32.3870256120688" lon="119.4443948490073">
        <ele>12.889811433851719</ele>
        <time>2025-10-04T02:07:16.900000Z</time>
        <extensions>
          <gpxtpx:TrackPointExtension>
            <gpxtpx:hr>97</gpxtpx:hr>
          </gpxtpx:TrackPointExtension>
        </extensions>
      </trkpt>
      <trkpt lat="32.38702645352719" lon="119.44439364781529">
        <ele>12.91114586405456</ele>
        <time>2025-10-04T02:07:17.900000Z</time>
        <extensions>
          <gpxtpx:TrackPointExtension>
            <gpxtpx:hr>97</gpxtpx:hr>
          </gpxtpx:TrackPointExtension>
        </extensions>
      </trkpt>
      <trkpt lat="32.38702708276486" lon="119.44439221578396">
        <ele>12.932511419057846</ele>
        <time>2025-10-04T02:07:18.900000Z</time>
        <extensions>
          <gpxtpx:TrackPointExtension>
            <gpxtpx:hr>97</gpxtpx:hr>
          </gpxtpx:TrackPointExtension>
        </extensions>
      </trkpt>
      <trkpt lat="32.38702751568814" lon="119.44439052047476">
        <ele>12.954436225816607</ele>
        <time>2025-10-04T02:07:19.900000Z</time>
        <extensions>
          <gpxtpx:TrackPointExtension>
            <gpxtpx:hr>98</gpxtpx:hr>
          </gpxtpx:TrackPointExtension>
        </extensions>
      </trkpt>
      <trkpt lat="32.387027768826" lon="119.44438854703901">
        <ele>12.97642751596868</ele>
        <time>2025-10-04T02:07:21Z</time>
        <extensions>
          <gpxtpx:TrackPointExtension>
            <gpxtpx:hr>98</gpxtpx:hr>
          </gpxtpx:TrackPointExtension>
        </extensions>
      </trkpt>
      <trkpt lat="32.38702785264616" lon="119.44438627584859">
        <ele>12.998658560216427</ele>
        <time>2025-10-04T02:07:22Z</time>
        <extensions>
          <gpxtpx:TrackPointExtension>
            <gpxtpx:hr>98</gpxtpx:hr>
          </gpxtpx:TrackPointExtension>
        </extensions>
      </trkpt>
      <trkpt lat="32.38702778378541" lon="119.44438369044511">
        <ele>13.021355908364058</ele>
        <time>2025-10-04T02:07:23Z</time>
        <extensions>
          <gpxtpx:TrackPointExtension>
            <gpxtpx:hr>98</gpxtpx:hr>
          </gpxtpx:TrackPointExtension>
        </extensions>
      </trkpt>
      <trkpt lat="32.38702756566365" lon="119.44438073820471">
        <ele>13.044093618169427</ele>
        <time>2025-10-04T02:07:24Z</time>
        <extensions>
          <gpxtpx:TrackPointExtension>
            <gpxtpx:hr>98</gpxtpx:hr>
          </gpxtpx:TrackPointExtension>
        </extensions>
      </trkpt>
      <trkpt lat="32.38702721815889" lon="119.44437745761041">
        <ele>13.06689272634685</ele>
        <time>2025-10-04T02:07:25Z</time>
        <extensions>
          <gpxtpx:TrackPointExtension>
            <gpxtpx:hr>98</gpxtpx:hr>
          </gpxtpx:TrackPointExtension>
        </extensions>
      </trkpt>
      <trkpt lat="32.387026763535815" lon="119.4443738453632">
        <ele>13.08996469900012</ele>
        <time>2025-10-04T02:07:25.900000Z</time>
        <extensions>
          <gpxtpx:TrackPointExtension>
            <gpxtpx:hr>98</gpxtpx:hr>
          </gpxtpx:TrackPointExtension>
        </extensions>
      </trkpt>
      <trkpt lat="32.38702621548865" lon="119.4443698181855">
        <ele>13.113055368885398</ele>
        <time>2025-10-04T02:07:26.900000Z</time>
        <extensions>
          <gpxtpx:TrackPointExtension>
            <gpxtpx:hr>98</gpxtpx:hr>
          </gpxtpx:TrackPointExtension>
        </extensions>
      </trkpt>
      <trkpt lat="32.38702559720673" lon="119.44436536536786">
        <ele>13.136379445903003</ele>
        <time>2025-10-04T02:07:27.900000Z</time>
        <extensions>
          <gpxtpx:TrackPointExtension>
            <gpxtpx:hr>98</gpxtpx:hr>
          </gpxtpx:TrackPointExtension>
        </extensions>
      </trkpt>
      <trkpt lat="32.38702490969059" lon="119.44436047767016">
        <ele>13.159963792189956</ele>
        <time>2025-10-04T02:07:28.900000Z</time>
        <extensions>
          <gpxtpx:TrackPointExtension>
            <gpxtpx:hr>98</gpxtpx:hr>
          </gpxtpx:TrackPointExtension>
        </extensions>
      </trkpt>
      <trkpt lat="32.38702416883643" lon="119.44435516012105">
        <ele>13.183428938500583</ele>
        <time>2025-10-04T02:07:29.900000Z</time>
        <extensions>
          <gpxtpx:TrackPointExtension>
            <gpxtpx:hr>100</gpxtpx:hr>
          </gpxtpx:TrackPointExtension>
        </extensions>
      </trkpt>
      <trkpt lat="32.38702339931621" lon="119.44434939770248">
        <ele>13.206786043941975</ele>
        <time>2025-10-04T02:07:30.900000Z</time>
        <extensions>
          <gpxtpx:TrackPointExtension>
            <gpxtpx:hr>100</gpxtpx:hr>
          </gpxtpx:TrackPointExtension>
        </extensions>
      </trkpt>
      <trkpt lat="32.38702258611681" lon="119.44434317903817">
        <ele>13.229926518164575</ele>
        <time>2025-10-04T02:07:31.900000Z</time>
        <extensions>
          <gpxtpx:TrackPointExtension>
            <gpxtpx:hr>100</gpxtpx:hr>
          </gpxtpx:TrackPointExtension>
        </extensions>
      </trkpt>
      <trkpt lat="32.387021745956986" lon="119.44433650413241">
        <ele>13.252402095124125</ele>
        <time>2025-10-04T02:07:32.900000Z</time>
        <extensions>
          <gpxtpx:TrackPointExtension>
            <gpxtpx:hr>100</gpxtpx:hr>
          </gpxtpx:TrackPointExtension>
        </extensions>
      </trkpt>
      <trkpt lat="32.387020850866" lon="119.44432932032923">
        <ele>13.274144059978426</ele>
        <time>2025-10-04T02:07:33.900000Z</time>
        <extensions>
          <gpxtpx:TrackPointExtension>
            <gpxtpx:hr>100</gpxtpx:hr>
          </gpxtpx:TrackPointExtension>
        </extensions>
      </trkpt>
      <trkpt lat="32.38701994011925" lon="119.4443216367271">
        <ele>13.29504189454019</ele>
        <time>2025-10-04T02:07:34.900000Z</time>
        <extensions>
          <gpxtpx:TrackPointExtension>
            <gpxtpx:hr>100</gpxtpx:hr>
          </gpxtpx:TrackPointExtension>
        </extensions>
      </trkpt>
      <trkpt lat="32.3870190169098" lon="119.44431347987545">
        <ele>13.315109042450786</ele>
        <time>2025-10-04T02:07:35.900000Z</time>
        <extensions>
          <gpxtpx:TrackPointExtension>
            <gpxtpx:hr>98</gpxtpx:hr>
          </gpxtpx:TrackPointExtension>
        </extensions>
      </trkpt>
      <trkpt lat="32.38701806300661" lon="119.44430491023249">
        <ele>13.334080772474408</ele>
        <time>2025-10-04T02:07:36.900000Z</time>
        <extensions>
          <gpxtpx:TrackPointExtension>
            <gpxtpx:hr>98</gpxtpx:hr>
          </gpxtpx:TrackPointExtension>
        </extensions>
      </trkpt>
      <trkpt lat="32.38701704322173" lon="119.4442959084798">
        <ele>13.351576839573681</ele>
        <time>2025-10-04T02:07:37.900000Z</time>
        <extensions>
          <gpxtpx:TrackPointExtension>
            <gpxtpx:hr>98</gpxtpx:hr>
          </gpxtpx:TrackPointExtension>
        </extensions>
      </trkpt>
      <trkpt lat="32.38701595498499" lon="119.44428649943495">
        <ele>13.367309641093016</ele>
        <time>2025-10-04T02:07:38.900000Z</time>
        <extensions>
          <gpxtpx:TrackPointExtension>
            <gpxtpx:hr>98</gpxtpx:hr>
          </gpxtpx:TrackPointExtension>
        </extensions>
      </trkpt>
      <trkpt lat="32.38701479873204" lon="119.44427671922253">
        <ele>13.381554466672242</ele>
        <time>2025-10-04T02:07:39.900000Z</time>
        <extensions>
          <gpxtpx:TrackPointExtension>
            <gpxtpx:hr>98</gpxtpx:hr>
          </gpxtpx:TrackPointExtension>
        </extensions>
      </trkpt>
      <trkpt lat="32.38701357737427" lon="119.444266664721">
        <ele>13.394209570251405</ele>
        <time>2025-10-04T02:07:40.900000Z</time>
        <extensions>
          <gpxtpx:TrackPointExtension>
            <gpxtpx:hr>98</gpxtpx:hr>
          </gpxtpx:TrackPointExtension>
        </extensions>
      </trkpt>
      <trkpt lat="32.38701230087388" lon="119.44425637290996">
        <ele>13.405060480348766</ele>
        <time>2025-10-04T02:07:41.900000Z</time>
        <extensions>
          <gpxtpx:TrackPointExtension>
            <gpxtpx:hr>98</gpxtpx:hr>
          </gpxtpx:TrackPointExtension>
        </extensions>
      </trkpt>
      <trkpt lat="32.38701097719114" lon="119.44424594425233">
        <ele>13.414342051371932</ele>
        <time>2025-10-04T02:07:42.900000Z</time>
        <extensions>
          <gpxtpx:TrackPointExtension>
            <gpxtpx:hr>98</gpxtpx:hr>
          </gpxtpx:TrackPointExtension>
        </extensions>
      </trkpt>
      <trkpt lat="32.38700960007267" lon="119.44423542375817">
        <ele>13.421639980748296</ele>
        <time>2025-10-04T02:07:43.900000Z</time>
        <extensions>
          <gpxtpx:TrackPointExtension>
            <gpxtpx:hr>97</gpxtpx:hr>
          </gpxtpx:TrackPointExtension>
        </extensions>
      </trkpt>
      <trkpt lat="32.387008175655964" lon="119.44422480432291">
        <ele>13.426929013803601</ele>
        <time>2025-10-04T02:07:44.900000Z</time>
        <extensions>
          <gpxtpx:TrackPointExtension>
            <gpxtpx:hr>97</gpxtpx:hr>
          </gpxtpx:TrackPointExtension>
        </extensions>
      </trkpt>
      <trkpt lat="32.38700672140905" lon="119.44421414327819">
        <ele>13.43021961208433</ele>
        <time>2025-10-04T02:07:45.900000Z</time>
        <extensions>
          <gpxtpx:TrackPointExtension>
            <gpxtpx:hr>97</gpxtpx:hr>
          </gpxtpx:TrackPointExtension>
        </extensions>
      </trkpt>
      <trkpt lat="32.38700524499478" lon="119.44420348932242">
        <ele>13.43138702493161</ele>
        <time>2025-10-04T02:07:46.900000Z</time>
        <extensions>
          <gpxtpx:TrackPointExtension>
            <gpxtpx:hr>97</gpxtpx:hr>
          </gpxtpx:TrackPointExtension>
        </extensions>
      </trkpt>
      <trkpt lat="32.38700375054966" lon="119.44419286675752">
        <ele>13.430533497594297</ele>
        <time>2025-10-04T02:07:47.900000Z</time>
        <extensions>
          <gpxtpx:TrackPointExtension>
            <gpxtpx:hr>95</gpxtpx:hr>
          </gpxtpx:TrackPointExtension>
        </extensions>
      </trkpt>
      <trkpt lat="32.387002258199736" lon="119.44418226072526">
        <ele>13.42745771072805</ele>
        <time>2025-10-04T02:07:48.900000Z</time>
        <extensions>
          <gpxtpx:TrackPointExtension>
            <gpxtpx:hr>95</gpxtpx:hr>
          </gpxtpx:TrackPointExtension>
        </extensions>
      </trkpt>
      <trkpt lat="32.38700076812018" lon="119.44417173798873">
        <ele>13.422238701954484</ele>
        <time>2025-10-04T02:07:49.900000Z</time>
        <extensions>
          <gpxtpx:TrackPointExtension>
            <gpxtpx:hr>95</gpxtpx:hr>
          </gpxtpx:TrackPointExtension>
        </extensions>
      </trkpt>
      <trkpt lat="32.38699929069028" lon="119.44416129541067">
        <ele>13.414863048121333</ele>
        <time>2025-10-04T02:07:50.900000Z</time>
        <extensions>
          <gpxtpx:TrackPointExtension>
            <gpxtpx:hr>95</gpxtpx:hr>
          </gpxtpx:TrackPointExtension>
        </extensions>
      </trkpt>
      <trkpt lat="32.386997821862884" lon="119.44415088676647">
        <ele>13.404900072142482</ele>
        <time>2025-10-04T02:07:51.900000Z</time>
        <extensions>
          <gpxtpx:TrackPointExtension>
            <gpxtpx:hr>95</gpxtpx:hr>
          </gpxtpx:TrackPointExtension>
        </extensions>
      </trkpt>
      <trkpt lat="32.38699637430762" lon="119.44414052447992">
        <ele>13.392457802779973</ele>
        <time>2025-10-04T02:07:52.900000Z</time>
        <extensions>
          <gpxtpx:TrackPointExtension>
            <gpxtpx:hr>95</gpxtpx:hr>
          </gpxtpx:TrackPointExtension>
        </extensions>
      </trkpt>
      <trkpt lat="32.38699493763711" lon="119.44413018936777">
        <ele>13.377585304901004</ele>
        <time>2025-10-04T02:07:53.900000Z</time>
        <extensions>
          <gpxtpx:TrackPointExtension>
            <gpxtpx:hr>95</gpxtpx:hr>
          </gpxtpx:TrackPointExtension>
        </extensions>
      </trkpt>
      <trkpt lat="32.38699352737402" lon="119.44411983776709">
        <ele>13.36057535558939</ele>
        <time>2025-10-04T02:07:54.900000Z</time>
        <extensions>
          <gpxtpx:TrackPointExtension>
            <gpxtpx:hr>95</gpxtpx:hr>
          </gpxtpx:TrackPointExtension>
        </extensions>
      </trkpt>
      <trkpt lat="32.38699216136135" lon="119.44410944816815">
        <ele>13.341248354874551</ele>
        <time>2025-10-04T02:07:55.900000Z</time>
        <extensions>
          <gpxtpx:TrackPointExtension>
            <gpxtpx:hr>95</gpxtpx:hr>
          </gpxtpx:TrackPointExtension>
        </extensions>
      </trkpt>
      <trkpt lat="32.38699084416484" lon="119.44409904642055">
        <ele>13.31990870833397</ele>
        <time>2025-10-04T02:07:56.900000Z</time>
        <extensions>
          <gpxtpx:TrackPointExtension>
            <gpxtpx:hr>95</gpxtpx:hr>
          </gpxtpx:TrackPointExtension>
        </extensions>
      </trkpt>
      <trkpt lat="32.386989575027094" lon="119.44408867035087">
        <ele>13.29661883506924</ele>
        <time>2025-10-04T02:07:57.900000Z</time>
        <extensions>
          <gpxtpx:TrackPointExtension>
            <gpxtpx:hr>95</gpxtpx:hr>
          </gpxtpx:TrackPointExtension>
        </extensions>
      </trkpt>
      <trkpt lat="32.38698838337746" lon="119.44407830928037">
        <ele>13.271610738709569</ele>
        <time>2025-10-04T02:07:58.900000Z</time>
        <extensions>
          <gpxtpx:TrackPointExtension>
            <gpxtpx:hr>96</gpxtpx:hr>
          </gpxtpx:TrackPointExtension>
        </extensions>
      </trkpt>
      <trkpt lat="32.386987273394595" lon="119.44406800013579">
        <ele>13.245200018398464</ele>
        <time>2025-10-04T02:07:59.900000Z</time>
        <extensions>
          <gpxtpx:TrackPointExtension>
            <gpxtpx:hr>96</gpxtpx:hr>
          </gpxtpx:TrackPointExtension>
        </extensions>
      </trkpt>
      <trkpt lat="32.386986254594525" lon="119.44405772869602">
        <ele>13.21776732802391</ele>
        <time>2025-10-04T02:08:00.900000Z</time>
        <extensions>
          <gpxtpx:TrackPointExtension>
            <gpxtpx:hr>96</gpxtpx:hr>
          </gpxtpx:TrackPointExtension>
        </extensions>
      </trkpt>
      <trkpt lat="32.38698533652231" lon="119.4440474855127">
        <ele>13.189108647406101</ele>
        <time>2025-10-04T02:08:01.900000Z</time>
        <extensions>
          <gpxtpx:TrackPointExtension>
            <gpxtpx:hr>96</gpxtpx:hr>
          </gpxtpx:TrackPointExtension>
        </extensions>
      </trkpt>
      <trkpt lat="32.386984496741604" lon="119.44403736955009">
        <ele>13.15962824691087</ele>
        <time>2025-10-04T02:08:02.900000Z</time>
        <extensions>
          <gpxtpx:TrackPointExtension>
            <gpxtpx:hr>96</gpxtpx:hr>
          </gpxtpx:TrackPointExtension>
        </extensions>
      </trkpt>
      <trkpt lat="32.386983764621455" lon="119.44402728867298">
        <ele>13.129120300523937</ele>
        <time>2025-10-04T02:08:03.900000Z</time>
        <extensions>
          <gpxtpx:TrackPointExtension>
            <gpxtpx:hr>96</gpxtpx:hr>
          </gpxtpx:TrackPointExtension>
        </extensions>
      </trkpt>
      <trkpt lat="32.3869831051312" lon="119.44401733479992">
        <ele>13.098034425638616</ele>
        <time>2025-10-04T02:08:04.900000Z</time>
        <extensions>
          <gpxtpx:TrackPointExtension>
            <gpxtpx:hr>96</gpxtpx:hr>
          </gpxtpx:TrackPointExtension>
        </extensions>
      </trkpt>
      <trkpt lat="32.38698251693053" lon="119.44400749515935">
        <ele>13.066618804819882</ele>
        <time>2025-10-04T02:08:05.900000Z</time>
        <extensions>
          <gpxtpx:TrackPointExtension>
            <gpxtpx:hr>97</gpxtpx:hr>
          </gpxtpx:TrackPointExtension>
        </extensions>
      </trkpt>
      <trkpt lat="32.38698200314665" lon="119.44399776467972">
        <ele>13.035147117450833</ele>
        <time>2025-10-04T02:08:06.900000Z</time>
        <extensions>
          <gpxtpx:TrackPointExtension>
            <gpxtpx:hr>97</gpxtpx:hr>
          </gpxtpx:TrackPointExtension>
        </extensions>
      </trkpt>
      <trkpt lat="32.38698155710011" lon="119.44398811891912">
        <ele>13.00408136844635</ele>
        <time>2025-10-04T02:08:07.900000Z</time>
        <extensions>
          <gpxtpx:TrackPointExtension>
            <gpxtpx:hr>97</gpxtpx:hr>
          </gpxtpx:TrackPointExtension>
        </extensions>
      </trkpt>
      <trkpt lat="32.38698117850604" lon="119.44397855076306">
        <ele>12.9735520016402</ele>
        <time>2025-10-04T02:08:08.900000Z</time>
        <extensions>
          <gpxtpx:TrackPointExtension>
            <gpxtpx:hr>97</gpxtpx:hr>
          </gpxtpx:TrackPointExtension>
        </extensions>
      </trkpt>
      <trkpt lat="32.38698087201694" lon="119.4439690520568">
        <ele>12.943556569516659</ele>
        <time>2025-10-04T02:08:09.900000Z</time>
        <extensions>
          <gpxtpx:TrackPointExtension>
            <gpxtpx:hr>97</gpxtpx:hr>
          </gpxtpx:TrackPointExtension>
        </extensions>
      </trkpt>
      <trkpt lat="32.3869806521976" lon="119.44395958541702">
        <ele>12.914777234196663</ele>
        <time>2025-10-04T02:08:10.900000Z</time>
        <extensions>
          <gpxtpx:TrackPointExtension>
            <gpxtpx:hr>97</gpxtpx:hr>
          </gpxtpx:TrackPointExtension>
        </extensions>
      </trkpt>
      <trkpt lat="32.38698050256293" lon="119.44395014914157">
        <ele>12.886861282400787</ele>
        <time>2025-10-04T02:08:11.900000Z</time>
        <extensions>
          <gpxtpx:TrackPointExtension>
            <gpxtpx:hr>97</gpxtpx:hr>
          </gpxtpx:TrackPointExtension>
        </extensions>
      </trkpt>
      <trkpt lat="32.38698045253207" lon="119.443940699188">
        <ele>12.860453994944692</ele>
        <time>2025-10-04T02:08:12.900000Z</time>
        <extensions>
          <gpxtpx:TrackPointExtension>
            <gpxtpx:hr>97</gpxtpx:hr>
          </gpxtpx:TrackPointExtension>
        </extensions>
      </trkpt>
      <trkpt lat="32.38698048868722" lon="119.44393122488631">
        <ele>12.835557284764946</ele>
        <time>2025-10-04T02:08:13.900000Z</time>
        <extensions>
          <gpxtpx:TrackPointExtension>
            <gpxtpx:hr>101</gpxtpx:hr>
          </gpxtpx:TrackPointExtension>
        </extensions>
      </trkpt>
      <trkpt lat="32.38698061874416" lon="119.4439217172508">
        <ele>12.812528882175684</ele>
        <time>2025-10-04T02:08:14.900000Z</time>
        <extensions>
          <gpxtpx:TrackPointExtension>
            <gpxtpx:hr>101</gpxtpx:hr>
          </gpxtpx:TrackPointExtension>
        </extensions>
      </trkpt>
      <trkpt lat="32.38698083381809" lon="119.44391217215059">
        <ele>12.791140335611999</ele>
        <time>2025-10-04T02:08:15.900000Z</time>
        <extensions>
          <gpxtpx:TrackPointExtension>
            <gpxtpx:hr>101</gpxtpx:hr>
          </gpxtpx:TrackPointExtension>
        </extensions>
      </trkpt>
      <trkpt lat="32.3869811433835" lon="119.44390253078487">
        <ele>12.771699540317059</ele>
        <time>2025-10-04T02:08:16.900000Z</time>
        <extensions>
          <gpxtpx:TrackPointExtension>
            <gpxtpx:hr>101</gpxtpx:hr>
          </gpxtpx:TrackPointExtension>
        </extensions>
      </trkpt>
      <trkpt lat="32.386981535183864" lon="119.44389279034823">
        <ele>12.754004423506558</ele>
        <time>2025-10-04T02:08:17.900000Z</time>
        <extensions>
          <gpxtpx:TrackPointExtension>
            <gpxtpx:hr>101</gpxtpx:hr>
          </gpxtpx:TrackPointExtension>
        </extensions>
      </trkpt>
      <trkpt lat="32.386982101078246" lon="119.4438828988307">
        <ele>12.738751222379506</ele>
        <time>2025-10-04T02:08:18.900000Z</time>
        <extensions>
          <gpxtpx:TrackPointExtension>
            <gpxtpx:hr>101</gpxtpx:hr>
          </gpxtpx:TrackPointExtension>
        </extensions>
      </trkpt>
      <trkpt lat="32.38698270232833" lon="119.44387288398235">
        <ele>12.725182676687837</ele>
        <time>2025-10-04T02:08:19.900000Z</time>
        <extensions>
          <gpxtpx:TrackPointExtension>
            <gpxtpx:hr>102</gpxtpx:hr>
          </gpxtpx:TrackPointExtension>
        </extensions>
      </trkpt>
      <trkpt lat="32.386983345423715" lon="119.4438627695481">
        <ele>12.713026124052703</ele>
        <time>2025-10-04T02:08:20.900000Z</time>
        <extensions>
          <gpxtpx:TrackPointExtension>
            <gpxtpx:hr>102</gpxtpx:hr>
          </gpxtpx:TrackPointExtension>
        </extensions>
      </trkpt>
      <trkpt lat="32.38698405338668" lon="119.44385251165488">
        <ele>12.702585365623236</ele>
        <time>2025-10-04T02:08:21.900000Z</time>
        <extensions>
          <gpxtpx:TrackPointExtension>
            <gpxtpx:hr>102</gpxtpx:hr>
          </gpxtpx:TrackPointExtension>
        </extensions>
      </trkpt>
      <trkpt lat="32.38698483895185" lon="119.44384206569033">
        <ele>12.693855630233884</ele>
        <time>2025-10-04T02:08:22.900000Z</time>
        <extensions>
          <gpxtpx:TrackPointExtension>
            <gpxtpx:hr>102</gpxtpx:hr>
          </gpxtpx:TrackPointExtension>
        </extensions>
      </trkpt>
      <trkpt lat="32.38698572440566" lon="119.44383144155316">
        <ele>12.685948655940592</ele>
        <time>2025-10-04T02:08:23.900000Z</time>
        <extensions>
          <gpxtpx:TrackPointExtension>
            <gpxtpx:hr>103</gpxtpx:hr>
          </gpxtpx:TrackPointExtension>
        </extensions>
      </trkpt>
      <trkpt lat="32.386986691470646" lon="119.44382074080578">
        <ele>12.67940827831626</ele>
        <time>2025-10-04T02:08:24.900000Z</time>
        <extensions>
          <gpxtpx:TrackPointExtension>
            <gpxtpx:hr>103</gpxtpx:hr>
          </gpxtpx:TrackPointExtension>
        </extensions>
      </trkpt>
      <trkpt lat="32.38698773577827" lon="119.44380995062161">
        <ele>12.673702538013458</ele>
        <time>2025-10-04T02:08:25.900000Z</time>
        <extensions>
          <gpxtpx:TrackPointExtension>
            <gpxtpx:hr>103</gpxtpx:hr>
          </gpxtpx:TrackPointExtension>
        </extensions>
      </trkpt>
      <trkpt lat="32.38698886314704" lon="119.44379905875677">
        <ele>12.669353373348713</ele>
        <time>2025-10-04T02:08:26.900000Z</time>
        <extensions>
          <gpxtpx:TrackPointExtension>
            <gpxtpx:hr>103</gpxtpx:hr>
          </gpxtpx:TrackPointExtension>
        </extensions>
      </trkpt>
      <trkpt lat="32.386990064366195" lon="119.44378806747245">
        <ele>12.665656502358615</ele>
        <time>2025-10-04T02:08:27.900000Z</time>
        <extensions>
          <gpxtpx:TrackPointExtension>
            <gpxtpx:hr>103</gpxtpx:hr>
          </gpxtpx:TrackPointExtension>
        </extensions>
      </trkpt>
      <trkpt lat="32.386991335335416" lon="119.44377705631169">
        <ele>12.66224535368383</ele>
        <time>2025-10-04T02:08:28.900000Z</time>
        <extensions>
          <gpxtpx:TrackPointExtension>
            <gpxtpx:hr>100</gpxtpx:hr>
          </gpxtpx:TrackPointExtension>
        </extensions>
      </trkpt>
      <trkpt lat="32.38699267136232" lon="119.4437661093568">
        <ele>12.659084937535226</ele>
        <time>2025-10-04T02:08:29.900000Z</time>
        <extensions>
          <gpxtpx:TrackPointExtension>
            <gpxtpx:hr>100</gpxtpx:hr>
          </gpxtpx:TrackPointExtension>
        </extensions>
      </trkpt>
      <trkpt lat="32.38699407758504" lon="119.44375523495388">
        <ele>12.656283042393625</ele>
        <time>2025-10-04T02:08:30.900000Z</time>
        <extensions>
          <gpxtpx:TrackPointExtension>
            <gpxtpx:hr>100</gpxtpx:hr>
          </gpxtpx:TrackPointExtension>
        </extensions>
      </trkpt>
      <trkpt lat="32.38699555678675" lon="119.44374442106968">
        <ele>12.653646113350987</ele>
        <time>2025-10-04T02:08:31.900000Z</time>
        <extensions>
          <gpxtpx:TrackPointExtension>
            <gpxtpx:hr>100</gpxtpx:hr>
          </gpxtpx:TrackPointExtension>
        </extensions>
      </trkpt>
      <trkpt lat="32.38699710859626" lon="119.44373364657136">
        <ele>12.651078777387738</ele>
        <time>2025-10-04T02:08:32.900000Z</time>
        <extensions>
          <gpxtpx:TrackPointExtension>
            <gpxtpx:hr>100</gpxtpx:hr>
          </gpxtpx:TrackPointExtension>
        </extensions>
      </trkpt>
      <trkpt lat="32.386998739375606" lon="119.44372293638425">
        <ele>12.648782840929925</ele>
        <time>2025-10-04T02:08:33.900000Z</time>
        <extensions>
          <gpxtpx:TrackPointExtension>
            <gpxtpx:hr>100</gpxtpx:hr>
          </gpxtpx:TrackPointExtension>
        </extensions>
      </trkpt>
      <trkpt lat="32.38700046258945" lon="119.44371234095247">
        <ele>12.646812945604324</ele>
        <time>2025-10-04T02:08:34.900000Z</time>
        <extensions>
          <gpxtpx:TrackPointExtension>
            <gpxtpx:hr>100</gpxtpx:hr>
          </gpxtpx:TrackPointExtension>
        </extensions>
      </trkpt>
      <trkpt lat="32.38700228864173" lon="119.44370193376388">
        <ele>12.644962456077337</ele>
        <time>2025-10-04T02:08:35.900000Z</time>
        <extensions>
          <gpxtpx:TrackPointExtension>
            <gpxtpx:hr>101</gpxtpx:hr>
          </gpxtpx:TrackPointExtension>
        </extensions>
      </trkpt>
      <trkpt lat="32.38700420953817" lon="119.44369175025672">
        <ele>12.643377844244242</ele>
        <time>2025-10-04T02:08:36.900000Z</time>
        <extensions>
          <gpxtpx:TrackPointExtension>
            <gpxtpx:hr>101</gpxtpx:hr>
          </gpxtpx:TrackPointExtension>
        </extensions>
      </trkpt>
      <trkpt lat="32.38700620981551" lon="119.44368173089161">
        <ele>12.641634291037917</ele>
        <time>2025-10-04T02:08:37.900000Z</time>
        <extensions>
          <gpxtpx:TrackPointExtension>
            <gpxtpx:hr>101</gpxtpx:hr>
          </gpxtpx:TrackPointExtension>
        </extensions>
      </trkpt>
      <trkpt lat="32.3870082901968" lon="119.44367192934592">
        <ele>12.640087741427124</ele>
        <time>2025-10-04T02:08:38.900000Z</time>
        <extensions>
          <gpxtpx:TrackPointExtension>
            <gpxtpx:hr>101</gpxtpx:hr>
          </gpxtpx:TrackPointExtension>
        </extensions>
      </trkpt>
      <trkpt lat="32.38701045715041" lon="119.44366234393566">
        <ele>12.638906644657254</ele>
        <time>2025-10-04T02:08:39.900000Z</time>
        <extensions>
          <gpxtpx:TrackPointExtension>
            <gpxtpx:hr>101</gpxtpx:hr>
          </gpxtpx:TrackPointExtension>
        </extensions>
      </trkpt>
      <trkpt lat="32.387012670626376" lon="119.44365301321601">
        <ele>12.63808239903301</ele>
        <time>2025-10-04T02:08:40.900000Z</time>
        <extensions>
          <gpxtpx:TrackPointExtension>
            <gpxtpx:hr>101</gpxtpx:hr>
          </gpxtpx:TrackPointExtension>
        </extensions>
      </trkpt>
      <trkpt lat="32.38701495220659" lon="119.44364401867868">
        <ele>12.637730753049254</ele>
        <time>2025-10-04T02:08:41.900000Z</time>
        <extensions>
          <gpxtpx:TrackPointExtension>
            <gpxtpx:hr>101</gpxtpx:hr>
          </gpxtpx:TrackPointExtension>
        </extensions>
      </trkpt>
      <trkpt lat="32.387017285702" lon="119.4436354399826">
        <ele>12.637648034840822</ele>
        <time>2025-10-04T02:08:42.900000Z</time>
        <extensions>
          <gpxtpx:TrackPointExtension>
            <gpxtpx:hr>101</gpxtpx:hr>
          </gpxtpx:TrackPointExtension>
        </extensions>
      </trkpt>
      <trkpt lat="32.3870196774801" lon="119.44362727133773">
        <ele>12.63776027224958</ele>
        <time>2025-10-04T02:08:43.900000Z</time>
        <extensions>
          <gpxtpx:TrackPointExtension>
            <gpxtpx:hr>101</gpxtpx:hr>
          </gpxtpx:TrackPointExtension>
        </extensions>
      </trkpt>
      <trkpt lat="32.38702210428725" lon="119.44361956859868">
        <ele>12.637798105366528</ele>
        <time>2025-10-04T02:08:44.900000Z</time>
        <extensions>
          <gpxtpx:TrackPointExtension>
            <gpxtpx:hr>101</gpxtpx:hr>
          </gpxtpx:TrackPointExtension>
        </extensions>
      </trkpt>
      <trkpt lat="32.38702455927495" lon="119.44361238679184">
        <ele>12.63750262465328</ele>
        <time>2025-10-04T02:08:45.900000Z</time>
        <extensions>
          <gpxtpx:TrackPointExtension>
            <gpxtpx:hr>106</gpxtpx:hr>
          </gpxtpx:TrackPointExtension>
        </extensions>
      </trkpt>
      <trkpt lat="32.38702699815172" lon="119.4436057388647">
        <ele>12.637149017304182</ele>
        <time>2025-10-04T02:08:46.900000Z</time>
        <extensions>
          <gpxtpx:TrackPointExtension>
            <gpxtpx:hr>106</gpxtpx:hr>
          </gpxtpx:TrackPointExtension>
        </extensions>
      </trkpt>
      <trkpt lat="32.38702941155977" lon="119.4435996564863">
        <ele>12.636707657016814</ele>
        <time>2025-10-04T02:08:47.900000Z</time>
        <extensions>
          <gpxtpx:TrackPointExtension>
            <gpxtpx:hr>106</gpxtpx:hr>
          </gpxtpx:TrackPointExtension>
        </extensions>
      </trkpt>
      <trkpt lat="32.38703178720619" lon="119.44359411699591">
        <ele>12.636071954853833</ele>
        <time>2025-10-04T02:08:48.900000Z</time>
        <extensions>
          <gpxtpx:TrackPointExtension>
            <gpxtpx:hr>106</gpxtpx:hr>
          </gpxtpx:TrackPointExtension>
        </extensions>
      </trkpt>
      <trkpt lat="32.38703410578143" lon="119.44358909980882">
        <ele>12.634735422208905</ele>
        <time>2025-10-04T02:08:49.900000Z</time>
        <extensions>
          <gpxtpx:TrackPointExtension>
            <gpxtpx:hr>106</gpxtpx:hr>
          </gpxtpx:TrackPointExtension>
        </extensions>
      </trkpt>
      <trkpt lat="32.38703635741927" lon="119.44358467040354">
        <ele>12.633032899349928</ele>
        <time>2025-10-04T02:08:50.900000Z</time>
        <extensions>
          <gpxtpx:TrackPointExtension>
            <gpxtpx:hr>106</gpxtpx:hr>
          </gpxtpx:TrackPointExtension>
        </extensions>
      </trkpt>
      <trkpt lat="32.38703851818337" lon="119.44358083454689">
        <ele>12.631745415739715</ele>
        <time>2025-10-04T02:08:51.900000Z</time>
        <extensions>
          <gpxtpx:TrackPointExtension>
            <gpxtpx:hr>106</gpxtpx:hr>
          </gpxtpx:TrackPointExtension>
        </extensions>
      </trkpt>
      <trkpt lat="32.38704056808642" lon="119.44357757192746">
        <ele>12.630533655174077</ele>
        <time>2025-10-04T02:08:52.900000Z</time>
        <extensions>
          <gpxtpx:TrackPointExtension>
            <gpxtpx:hr>106</gpxtpx:hr>
          </gpxtpx:TrackPointExtension>
        </extensions>
      </trkpt>
      <trkpt lat="32.387042496943025" lon="119.44357487765964">
        <ele>12.629481569863856</ele>
        <time>2025-10-04T02:08:53.900000Z</time>
        <extensions>
          <gpxtpx:TrackPointExtension>
            <gpxtpx:hr>99</gpxtpx:hr>
          </gpxtpx:TrackPointExtension>
        </extensions>
      </trkpt>
      <trkpt lat="32.38704429829955" lon="119.44357273995257">
        <ele>12.628920634277165</ele>
        <time>2025-10-04T02:08:54.900000Z</time>
        <extensions>
          <gpxtpx:TrackPointExtension>
            <gpxtpx:hr>99</gpxtpx:hr>
          </gpxtpx:TrackPointExtension>
        </extensions>
      </trkpt>
      <trkpt lat="32.38704597761461" lon="119.44357114647741">
        <ele>12.628108244389296</ele>
        <time>2025-10-04T02:08:55.900000Z</time>
        <extensions>
          <gpxtpx:TrackPointExtension>
            <gpxtpx:hr>99</gpxtpx:hr>
          </gpxtpx:TrackPointExtension>
        </extensions>
      </trkpt>
      <trkpt lat="32.387047536192775" lon="119.44357007679575">
        <ele>12.627116555348039</ele>
        <time>2025-10-04T02:08:56.900000Z</time>
        <extensions>
          <gpxtpx:TrackPointExtension>
            <gpxtpx:hr>99</gpxtpx:hr>
          </gpxtpx:TrackPointExtension>
        </extensions>
      </trkpt>
      <trkpt lat="32.38704898782367" lon="119.44356949647056">
        <ele>12.625929090194404</ele>
        <time>2025-10-04T02:08:57.900000Z</time>
        <extensions>
          <gpxtpx:TrackPointExtension>
            <gpxtpx:hr>99</gpxtpx:hr>
          </gpxtpx:TrackPointExtension>
        </extensions>
      </trkpt>
      <trkpt lat="32.38705029981518" lon="119.44356943959181">
        <ele>12.625098313204944</ele>
        <time>2025-10-04T02:08:58.900000Z</time>
        <extensions>
          <gpxtpx:TrackPointExtension>
            <gpxtpx:hr>99</gpxtpx:hr>
          </gpxtpx:TrackPointExtension>
        </extensions>
      </trkpt>
      <trkpt lat="32.38705147018256" lon="119.44356991311565">
        <ele>12.624274003319442</ele>
        <time>2025-10-04T02:08:59.900000Z</time>
        <extensions>
          <gpxtpx:TrackPointExtension>
            <gpxtpx:hr>101</gpxtpx:hr>
          </gpxtpx:TrackPointExtension>
        </extensions>
      </trkpt>
      <trkpt lat="32.3870525081254" lon="119.44357088418681">
        <ele>12.623331796377897</ele>
        <time>2025-10-04T02:09:00.900000Z</time>
        <extensions>
          <gpxtpx:TrackPointExtension>
            <gpxtpx:hr>101</gpxtpx:hr>
          </gpxtpx:TrackPointExtension>
        </extensions>
      </trkpt>
      <trkpt lat="32.38705341702836" lon="119.4435723592611">
        <ele>12.622556805610657</ele>
        <time>2025-10-04T02:09:01.900000Z</time>
        <extensions>
          <gpxtpx:TrackPointExtension>
            <gpxtpx:hr>101</gpxtpx:hr>
          </gpxtpx:TrackPointExtension>
        </extensions>
      </trkpt>
      <trkpt lat="32.38705419447822" lon="119.44357434425649">
        <ele>12.621545768342912</ele>
        <time>2025-10-04T02:09:02.900000Z</time>
        <extensions>
          <gpxtpx:TrackPointExtension>
            <gpxtpx:hr>101</gpxtpx:hr>
          </gpxtpx:TrackPointExtension>
        </extensions>
      </trkpt>
      <trkpt lat="32.3870548259684" lon="119.44357683457909">
        <ele>12.620767910964787</ele>
        <time>2025-10-04T02:09:03.900000Z</time>
        <extensions>
          <gpxtpx:TrackPointExtension>
            <gpxtpx:hr>103</gpxtpx:hr>
          </gpxtpx:TrackPointExtension>
        </extensions>
      </trkpt>
      <trkpt lat="32.387055297388805" lon="119.44357986307581">
        <ele>12.619947778992355</ele>
        <time>2025-10-04T02:09:04.900000Z</time>
        <extensions>
          <gpxtpx:TrackPointExtension>
            <gpxtpx:hr>103</gpxtpx:hr>
          </gpxtpx:TrackPointExtension>
        </extensions>
      </trkpt>
      <trkpt lat="32.38705563332938" lon="119.44358340994458">
        <ele>12.619001870043576</ele>
        <time>2025-10-04T02:09:05.900000Z</time>
        <extensions>
          <gpxtpx:TrackPointExtension>
            <gpxtpx:hr>103</gpxtpx:hr>
          </gpxtpx:TrackPointExtension>
        </extensions>
      </trkpt>
      <trkpt lat="32.38705584465757" lon="119.44358748820235">
        <ele>12.618192101828754</ele>
        <time>2025-10-04T02:09:06.900000Z</time>
        <extensions>
          <gpxtpx:TrackPointExtension>
            <gpxtpx:hr>103</gpxtpx:hr>
          </gpxtpx:TrackPointExtension>
        </extensions>
      </trkpt>
      <trkpt lat="32.387055925787074" lon="119.4435920971263">
        <ele>12.617592722177505</ele>
        <time>2025-10-04T02:09:07.900000Z</time>
        <extensions>
          <gpxtpx:TrackPointExtension>
            <gpxtpx:hr>103</gpxtpx:hr>
          </gpxtpx:TrackPointExtension>
        </extensions>
      </trkpt>
      <trkpt lat="32.38705587672985" lon="119.44359725510432">
        <ele>12.617034463211894</ele>
        <time>2025-10-04T02:09:08.900000Z</time>
        <extensions>
          <gpxtpx:TrackPointExtension>
            <gpxtpx:hr>103</gpxtpx:hr>
          </gpxtpx:TrackPointExtension>
        </extensions>
      </trkpt>
      <trkpt lat="32.3870557322368" lon="119.44360294619851">
        <ele>12.616503532975912</ele>
        <time>2025-10-04T02:09:09.900000Z</time>
        <extensions>
          <gpxtpx:TrackPointExtension>
            <gpxtpx:hr>103</gpxtpx:hr>
          </gpxtpx:TrackPointExtension>
        </extensions>
      </trkpt>
      <trkpt lat="32.38705553052071" lon="119.44360922238772">
        <ele>12.615884498693049</ele>
        <time>2025-10-04T02:09:10.900000Z</time>
        <extensions>
          <gpxtpx:TrackPointExtension>
            <gpxtpx:hr>103</gpxtpx:hr>
          </gpxtpx:TrackPointExtension>
        </extensions>
      </trkpt>
      <trkpt lat="32.38705529233317" lon="119.44361608094701">
        <ele>12.615195455029607</ele>
        <time>2025-10-04T02:09:11.900000Z</time>
        <extensions>
          <gpxtpx:TrackPointExtension>
            <gpxtpx:hr>103</gpxtpx:hr>
          </gpxtpx:TrackPointExtension>
        </extensions>
      </trkpt>
      <trkpt lat="32.387055014850894" lon="119.44362348588622">
        <ele>12.614334937185049</ele>
        <time>2025-10-04T02:09:12.900000Z</time>
        <extensions>
          <gpxtpx:TrackPointExtension>
            <gpxtpx:hr>104</gpxtpx:hr>
          </gpxtpx:TrackPointExtension>
        </extensions>
      </trkpt>
      <trkpt lat="32.38705464928941" lon="119.44363139676172">
        <ele>12.613610668107867</ele>
        <time>2025-10-04T02:09:13.900000Z</time>
        <extensions>
          <gpxtpx:TrackPointExtension>
            <gpxtpx:hr>104</gpxtpx:hr>
          </gpxtpx:TrackPointExtension>
        </extensions>
      </trkpt>
      <trkpt lat="32.387054244077625" lon="119.4436397863766">
        <ele>12.61273284163326</ele>
        <time>2025-10-04T02:09:14.900000Z</time>
        <extensions>
          <gpxtpx:TrackPointExtension>
            <gpxtpx:hr>104</gpxtpx:hr>
          </gpxtpx:TrackPointExtension>
        </extensions>
      </trkpt>
      <trkpt lat="32.38705383962292" lon="119.4436486171213">
        <ele>12.61161130014807</ele>
        <time>2025-10-04T02:09:15.900000Z</time>
        <extensions>
          <gpxtpx:TrackPointExtension>
            <gpxtpx:hr>104</gpxtpx:hr>
          </gpxtpx:TrackPointExtension>
        </extensions>
      </trkpt>
      <trkpt lat="32.38705340679236" lon="119.44365781141124">
        <ele>12.610187425278127</ele>
        <time>2025-10-04T02:09:16.900000Z</time>
        <extensions>
          <gpxtpx:TrackPointExtension>
            <gpxtpx:hr>104</gpxtpx:hr>
          </gpxtpx:TrackPointExtension>
        </extensions>
      </trkpt>
      <trkpt lat="32.38705296403102" lon="119.44366733972204">
        <ele>12.608373953960836</ele>
        <time>2025-10-04T02:09:17.900000Z</time>
        <extensions>
          <gpxtpx:TrackPointExtension>
            <gpxtpx:hr>104</gpxtpx:hr>
          </gpxtpx:TrackPointExtension>
        </extensions>
      </trkpt>
      <trkpt lat="32.38705252896734" lon="119.44367718463569">
        <ele>12.606137888506055</ele>
        <time>2025-10-04T02:09:18.900000Z</time>
        <extensions>
          <gpxtpx:TrackPointExtension>
            <gpxtpx:hr>104</gpxtpx:hr>
          </gpxtpx:TrackPointExtension>
        </extensions>
      </trkpt>
      <trkpt lat="32.38705207703923" lon="119.44368724419856">
        <ele>12.603262448683381</ele>
        <time>2025-10-04T02:09:19.900000Z</time>
        <extensions>
          <gpxtpx:TrackPointExtension>
            <gpxtpx:hr>103</gpxtpx:hr>
          </gpxtpx:TrackPointExtension>
        </extensions>
      </trkpt>
      <trkpt lat="32.38705163337746" lon="119.44369751692645">
        <ele>12.599972802214324</ele>
        <time>2025-10-04T02:09:20.900000Z</time>
        <extensions>
          <gpxtpx:TrackPointExtension>
            <gpxtpx:hr>103</gpxtpx:hr>
          </gpxtpx:TrackPointExtension>
        </extensions>
      </trkpt>
      <trkpt lat="32.38705118912547" lon="119.44370799092384">
        <ele>12.596141845919192</ele>
        <time>2025-10-04T02:09:21.900000Z</time>
        <extensions>
          <gpxtpx:TrackPointExtension>
            <gpxtpx:hr>103</gpxtpx:hr>
          </gpxtpx:TrackPointExtension>
        </extensions>
      </trkpt>
      <trkpt lat="32.38705073977261" lon="119.44371866697193">
        <ele>12.59193217381835</ele>
        <time>2025-10-04T02:09:22.900000Z</time>
        <extensions>
          <gpxtpx:TrackPointExtension>
            <gpxtpx:hr>103</gpxtpx:hr>
          </gpxtpx:TrackPointExtension>
        </extensions>
      </trkpt>
      <trkpt lat="32.38705028558925" lon="119.44372952956414">
        <ele>12.58724080119282</ele>
        <time>2025-10-04T02:09:23.900000Z</time>
        <extensions>
          <gpxtpx:TrackPointExtension>
            <gpxtpx:hr>103</gpxtpx:hr>
          </gpxtpx:TrackPointExtension>
        </extensions>
      </trkpt>
      <trkpt lat="32.38704983487788" lon="119.44374059049896">
        <ele>12.58228768594563</ele>
        <time>2025-10-04T02:09:24.900000Z</time>
        <extensions>
          <gpxtpx:TrackPointExtension>
            <gpxtpx:hr>103</gpxtpx:hr>
          </gpxtpx:TrackPointExtension>
        </extensions>
      </trkpt>
      <trkpt lat="32.38704937684849" lon="119.44375178405538">
        <ele>12.5771240349859</ele>
        <time>2025-10-04T02:09:25.900000Z</time>
        <extensions>
          <gpxtpx:TrackPointExtension>
            <gpxtpx:hr>103</gpxtpx:hr>
          </gpxtpx:TrackPointExtension>
        </extensions>
      </trkpt>
      <trkpt lat="32.387048892961396" lon="119.44376306710421">
        <ele>12.571804624982178</ele>
        <time>2025-10-04T02:09:26.900000Z</time>
        <extensions>
          <gpxtpx:TrackPointExtension>
            <gpxtpx:hr>103</gpxtpx:hr>
          </gpxtpx:TrackPointExtension>
        </extensions>
      </trkpt>
      <trkpt lat="32.387048399128155" lon="119.44377443213895">
        <ele>12.566374414600432</ele>
        <time>2025-10-04T02:09:27.900000Z</time>
        <extensions>
          <gpxtpx:TrackPointExtension>
            <gpxtpx:hr>103</gpxtpx:hr>
          </gpxtpx:TrackPointExtension>
        </extensions>
      </trkpt>
      <trkpt lat="32.38704788647592" lon="119.44378584053152">
        <ele>12.560928844846785</ele>
        <time>2025-10-04T02:09:28.900000Z</time>
        <extensions>
          <gpxtpx:TrackPointExtension>
            <gpxtpx:hr>105</gpxtpx:hr>
          </gpxtpx:TrackPointExtension>
        </extensions>
      </trkpt>
      <trkpt lat="32.387047347915875" lon="119.4437972490473">
        <ele>12.556030590087175</ele>
        <time>2025-10-04T02:09:29.900000Z</time>
        <extensions>
          <gpxtpx:TrackPointExtension>
            <gpxtpx:hr>105</gpxtpx:hr>
          </gpxtpx:TrackPointExtension>
        </extensions>
      </trkpt>
      <trkpt lat="32.38704679586816" lon="119.44380864341366">
        <ele>12.551054609008133</ele>
        <time>2025-10-04T02:09:30.900000Z</time>
        <extensions>
          <gpxtpx:TrackPointExtension>
            <gpxtpx:hr>105</gpxtpx:hr>
          </gpxtpx:TrackPointExtension>
        </extensions>
      </trkpt>
      <trkpt lat="32.38704623053651" lon="119.44381998086826">
        <ele>12.54641190636903</ele>
        <time>2025-10-04T02:09:31.900000Z</time>
        <extensions>
          <gpxtpx:TrackPointExtension>
            <gpxtpx:hr>105</gpxtpx:hr>
          </gpxtpx:TrackPointExtension>
        </extensions>
      </trkpt>
      <trkpt lat="32.38704563409864" lon="119.44383119282577">
        <ele>12.542164018377662</ele>
        <time>2025-10-04T02:09:32.900000Z</time>
        <extensions>
          <gpxtpx:TrackPointExtension>
            <gpxtpx:hr>105</gpxtpx:hr>
          </gpxtpx:TrackPointExtension>
        </extensions>
      </trkpt>
      <trkpt lat="32.387044983199154" lon="119.44384225439772">
        <ele>12.538639763370156</ele>
        <time>2025-10-04T02:09:33.900000Z</time>
        <extensions>
          <gpxtpx:TrackPointExtension>
            <gpxtpx:hr>105</gpxtpx:hr>
          </gpxtpx:TrackPointExtension>
        </extensions>
      </trkpt>
      <trkpt lat="32.3870442634861" lon="119.44385314928111">
        <ele>12.535838193260133</ele>
        <time>2025-10-04T02:09:34.900000Z</time>
        <extensions>
          <gpxtpx:TrackPointExtension>
            <gpxtpx:hr>103</gpxtpx:hr>
          </gpxtpx:TrackPointExtension>
        </extensions>
      </trkpt>
      <trkpt lat="32.38704343407745" lon="119.44386385829061">
        <ele>12.533141002058983</ele>
        <time>2025-10-04T02:09:35.900000Z</time>
        <extensions>
          <gpxtpx:TrackPointExtension>
            <gpxtpx:hr>103</gpxtpx:hr>
          </gpxtpx:TrackPointExtension>
        </extensions>
      </trkpt>
      <trkpt lat="32.387042554206296" lon="119.44387443575417">
        <ele>12.530423000454903</ele>
        <time>2025-10-04T02:09:36.900000Z</time>
        <extensions>
          <gpxtpx:TrackPointExtension>
            <gpxtpx:hr>103</gpxtpx:hr>
          </gpxtpx:TrackPointExtension>
        </extensions>
      </trkpt>
      <trkpt lat="32.387041655053075" lon="119.44388487860984">
        <ele>12.528753329068422</ele>
        <time>2025-10-04T02:09:37.900000Z</time>
        <extensions>
          <gpxtpx:TrackPointExtension>
            <gpxtpx:hr>103</gpxtpx:hr>
          </gpxtpx:TrackPointExtension>
        </extensions>
      </trkpt>
      <trkpt lat="32.387040686270396" lon="119.44389517377006">
        <ele>12.527550571598113</ele>
        <time>2025-10-04T02:09:38.900000Z</time>
        <extensions>
          <gpxtpx:TrackPointExtension>
            <gpxtpx:hr>103</gpxtpx:hr>
          </gpxtpx:TrackPointExtension>
        </extensions>
      </trkpt>
      <trkpt lat="32.387039665814825" lon="119.44390533419349">
        <ele>12.526828273199499</ele>
        <time>2025-10-04T02:09:39.900000Z</time>
        <extensions>
          <gpxtpx:TrackPointExtension>
            <gpxtpx:hr>103</gpxtpx:hr>
          </gpxtpx:TrackPointExtension>
        </extensions>
      </trkpt>
      <trkpt lat="32.38703859120767" lon="119.44391534071312">
        <ele>12.52653444185853</ele>
        <time>2025-10-04T02:09:40.900000Z</time>
        <extensions>
          <gpxtpx:TrackPointExtension>
            <gpxtpx:hr>103</gpxtpx:hr>
          </gpxtpx:TrackPointExtension>
        </extensions>
      </trkpt>
      <trkpt lat="32.38703747013422" lon="119.44392517376993">
        <ele>12.526469719596207</ele>
        <time>2025-10-04T02:09:41.900000Z</time>
        <extensions>
          <gpxtpx:TrackPointExtension>
            <gpxtpx:hr>103</gpxtpx:hr>
          </gpxtpx:TrackPointExtension>
        </extensions>
      </trkpt>
      <trkpt lat="32.387036317801034" lon="119.44393483444792">
        <ele>12.527327341027558</ele>
        <time>2025-10-04T02:09:42.900000Z</time>
        <extensions>
          <gpxtpx:TrackPointExtension>
            <gpxtpx:hr>103</gpxtpx:hr>
          </gpxtpx:TrackPointExtension>
        </extensions>
      </trkpt>
      <trkpt lat="32.387035145252824" lon="119.44394433298325">
        <ele>12.52892897464335</ele>
        <time>2025-10-04T02:09:43.900000Z</time>
        <extensions>
          <gpxtpx:TrackPointExtension>
            <gpxtpx:hr>103</gpxtpx:hr>
          </gpxtpx:TrackPointExtension>
        </extensions>
      </trkpt>
      <trkpt lat="32.38703394283219" lon="119.44395367982706">
        <ele>12.530861639417708</ele>
        <time>2025-10-04T02:09:44.900000Z</time>
        <extensions>
          <gpxtpx:TrackPointExtension>
            <gpxtpx:hr>103</gpxtpx:hr>
          </gpxtpx:TrackPointExtension>
        </extensions>
      </trkpt>
      <trkpt lat="32.387032730817566" lon="119.44396289374414">
        <ele>12.53378549683839</ele>
        <time>2025-10-04T02:09:45.900000Z</time>
        <extensions>
          <gpxtpx:TrackPointExtension>
            <gpxtpx:hr>106</gpxtpx:hr>
          </gpxtpx:TrackPointExtension>
        </extensions>
      </trkpt>
      <trkpt lat="32.387031521151336" lon="119.44397197649589">
        <ele>12.537678353488445</ele>
        <time>2025-10-04T02:09:46.900000Z</time>
        <extensions>
          <gpxtpx:TrackPointExtension>
            <gpxtpx:hr>106</gpxtpx:hr>
          </gpxtpx:TrackPointExtension>
        </extensions>
      </trkpt>
      <trkpt lat="32.38703031770915" lon="119.44398092445778">
        <ele>12.542563977651298</ele>
        <time>2025-10-04T02:09:47.900000Z</time>
        <extensions>
          <gpxtpx:TrackPointExtension>
            <gpxtpx:hr>106</gpxtpx:hr>
          </gpxtpx:TrackPointExtension>
        </extensions>
      </trkpt>
      <trkpt lat="32.38702914057216" lon="119.44398972433385">
        <ele>12.548484452068806</ele>
        <time>2025-10-04T02:09:48.900000Z</time>
        <extensions>
          <gpxtpx:TrackPointExtension>
            <gpxtpx:hr>106</gpxtpx:hr>
          </gpxtpx:TrackPointExtension>
        </extensions>
      </trkpt>
      <trkpt lat="32.38702800302127" lon="119.44399835820573">
        <ele>12.555413499474525</ele>
        <time>2025-10-04T02:09:49.900000Z</time>
        <extensions>
          <gpxtpx:TrackPointExtension>
            <gpxtpx:hr>106</gpxtpx:hr>
          </gpxtpx:TrackPointExtension>
        </extensions>
      </trkpt>
      <trkpt lat="32.38702691373618" lon="119.44400681859437">
        <ele>12.5633165249601</ele>
        <time>2025-10-04T02:09:50.900000Z</time>
        <extensions>
          <gpxtpx:TrackPointExtension>
            <gpxtpx:hr>106</gpxtpx:hr>
          </gpxtpx:TrackPointExtension>
        </extensions>
      </trkpt>
      <trkpt lat="32.3870258781643" lon="119.44401509960561">
        <ele>12.572129101492465</ele>
        <time>2025-10-04T02:09:51.900000Z</time>
        <extensions>
          <gpxtpx:TrackPointExtension>
            <gpxtpx:hr>106</gpxtpx:hr>
          </gpxtpx:TrackPointExtension>
        </extensions>
      </trkpt>
      <trkpt lat="32.38702490111142" lon="119.44402319211136">
        <ele>12.581764427013695</ele>
        <time>2025-10-04T02:09:52.900000Z</time>
        <extensions>
          <gpxtpx:TrackPointExtension>
            <gpxtpx:hr>104</gpxtpx:hr>
          </gpxtpx:TrackPointExtension>
        </extensions>
      </trkpt>
      <trkpt lat="32.387023974703304" lon="119.44403108484084">
        <ele>12.59186549950391</ele>
        <time>2025-10-04T02:09:53.900000Z</time>
        <extensions>
          <gpxtpx:TrackPointExtension>
            <gpxtpx:hr>104</gpxtpx:hr>
          </gpxtpx:TrackPointExtension>
        </extensions>
      </trkpt>
      <trkpt lat="32.387023116600204" lon="119.4440387536339">
        <ele>12.602630480192602</ele>
        <time>2025-10-04T02:09:54.900000Z</time>
        <extensions>
          <gpxtpx:TrackPointExtension>
            <gpxtpx:hr>104</gpxtpx:hr>
          </gpxtpx:TrackPointExtension>
        </extensions>
      </trkpt>
      <trkpt lat="32.38702231289544" lon="119.44404617291121">
        <ele>12.613613001070917</ele>
        <time>2025-10-04T02:09:55.900000Z</time>
        <extensions>
          <gpxtpx:TrackPointExtension>
            <gpxtpx:hr>104</gpxtpx:hr>
          </gpxtpx:TrackPointExtension>
        </extensions>
      </trkpt>
      <trkpt lat="32.38702156041382" lon="119.4440533217506">
        <ele>12.624666206538677</ele>
        <time>2025-10-04T02:09:56.900000Z</time>
        <extensions>
          <gpxtpx:TrackPointExtension>
            <gpxtpx:hr>104</gpxtpx:hr>
          </gpxtpx:TrackPointExtension>
        </extensions>
      </trkpt>
      <trkpt lat="32.387020853466815" lon="119.44406017701017">
        <ele>12.63587596360594</ele>
        <time>2025-10-04T02:09:57.900000Z</time>
        <extensions>
          <gpxtpx:TrackPointExtension>
            <gpxtpx:hr>104</gpxtpx:hr>
          </gpxtpx:TrackPointExtension>
        </extensions>
      </trkpt>
      <trkpt lat="32.38702018487071" lon="119.44406670279054">
        <ele>12.647857194766402</ele>
        <time>2025-10-04T02:09:58.900000Z</time>
        <extensions>
          <gpxtpx:TrackPointExtension>
            <gpxtpx:hr>104</gpxtpx:hr>
          </gpxtpx:TrackPointExtension>
        </extensions>
      </trkpt>
      <trkpt lat="32.38701957692459" lon="119.44407286491936">
        <ele>12.660272323526442</ele>
        <time>2025-10-04T02:09:59.900000Z</time>
        <extensions>
          <gpxtpx:TrackPointExtension>
            <gpxtpx:hr>104</gpxtpx:hr>
          </gpxtpx:TrackPointExtension>
        </extensions>
      </trkpt>
      <trkpt lat="32.387018975670266" lon="119.44407861272308">
        <ele>12.67238995898515</ele>
        <time>2025-10-04T02:10:00.900000Z</time>
        <extensions>
          <gpxtpx:TrackPointExtension>
            <gpxtpx:hr>104</gpxtpx:hr>
          </gpxtpx:TrackPointExtension>
        </extensions>
      </trkpt>
      <trkpt lat="32.387018411928075" lon="119.44408391319402">
        <ele>12.684948531910777</ele>
        <time>2025-10-04T02:10:01.900000Z</time>
        <extensions>
          <gpxtpx:TrackPointExtension>
            <gpxtpx:hr>104</gpxtpx:hr>
          </gpxtpx:TrackPointExtension>
        </extensions>
      </trkpt>
      <trkpt lat="32.38701786399433" lon="119.44408874963005">
        <ele>12.697533213533461</ele>
        <time>2025-10-04T02:10:02.900000Z</time>
        <extensions>
          <gpxtpx:TrackPointExtension>
            <gpxtpx:hr>104</gpxtpx:hr>
          </gpxtpx:TrackPointExtension>
        </extensions>
      </trkpt>
      <trkpt lat="32.38701734125715" lon="119.44409311970571">
        <ele>12.709950936958194</ele>
        <time>2025-10-04T02:10:03.900000Z</time>
        <extensions>
          <gpxtpx:TrackPointExtension>
            <gpxtpx:hr>104</gpxtpx:hr>
          </gpxtpx:TrackPointExtension>
        </extensions>
      </trkpt>
      <trkpt lat="32.387016846477884" lon="119.44409704492517">
        <ele>12.722360582090914</ele>
        <time>2025-10-04T02:10:04.900000Z</time>
        <extensions>
          <gpxtpx:TrackPointExtension>
            <gpxtpx:hr>101</gpxtpx:hr>
          </gpxtpx:TrackPointExtension>
        </extensions>
      </trkpt>
      <trkpt lat="32.387016353998625" lon="119.44410054236992">
        <ele>12.733542431145906</ele>
        <time>2025-10-04T02:10:05.900000Z</time>
        <extensions>
          <gpxtpx:TrackPointExtension>
            <gpxtpx:hr>101</gpxtpx:hr>
          </gpxtpx:TrackPointExtension>
        </extensions>
      </trkpt>
      <trkpt lat="32.38701586902224" lon="119.44410363421548">
        <ele>12.744971288368106</ele>
        <time>2025-10-04T02:10:06.900000Z</time>
        <extensions>
          <gpxtpx:TrackPointExtension>
            <gpxtpx:hr>101</gpxtpx:hr>
          </gpxtpx:TrackPointExtension>
        </extensions>
      </trkpt>
      <trkpt lat="32.38701537533675" lon="119.44410634378876">
        <ele>12.756327693350613</ele>
        <time>2025-10-04T02:10:07.900000Z</time>
        <extensions>
          <gpxtpx:TrackPointExtension>
            <gpxtpx:hr>101</gpxtpx:hr>
          </gpxtpx:TrackPointExtension>
        </extensions>
      </trkpt>
      <trkpt lat="32.38701488283094" lon="119.4441086926057">
        <ele>12.767402745783329</ele>
        <time>2025-10-04T02:10:08.900000Z</time>
        <extensions>
          <gpxtpx:TrackPointExtension>
            <gpxtpx:hr>100</gpxtpx:hr>
          </gpxtpx:TrackPointExtension>
        </extensions>
      </trkpt>
      <trkpt lat="32.3870143986105" lon="119.44411070055902">
        <ele>12.778112244792283</ele>
        <time>2025-10-04T02:10:09.900000Z</time>
        <extensions>
          <gpxtpx:TrackPointExtension>
            <gpxtpx:hr>100</gpxtpx:hr>
          </gpxtpx:TrackPointExtension>
        </extensions>
      </trkpt>
      <trkpt lat="32.38701392690543" lon="119.44411239806881">
        <ele>12.788311543874443</ele>
        <time>2025-10-04T02:10:10.900000Z</time>
        <extensions>
          <gpxtpx:TrackPointExtension>
            <gpxtpx:hr>100</gpxtpx:hr>
          </gpxtpx:TrackPointExtension>
        </extensions>
      </trkpt>
      <trkpt lat="32.38701348128507" lon="119.44411381000191">
        <ele>12.798344245180488</ele>
        <time>2025-10-04T02:10:11.900000Z</time>
        <extensions>
          <gpxtpx:TrackPointExtension>
            <gpxtpx:hr>103</gpxtpx:hr>
          </gpxtpx:TrackPointExtension>
        </extensions>
      </trkpt>
      <trkpt lat="32.38701305892692" lon="119.44411496418253">
        <ele>12.807541579008102</ele>
        <time>2025-10-04T02:10:12.900000Z</time>
        <extensions>
          <gpxtpx:TrackPointExtension>
            <gpxtpx:hr>103</gpxtpx:hr>
          </gpxtpx:TrackPointExtension>
        </extensions>
      </trkpt>
      <trkpt lat="32.38701265992861" lon="119.444115884216">
        <ele>12.81610463000834</ele>
        <time>2025-10-04T02:10:13.900000Z</time>
        <extensions>
          <gpxtpx:TrackPointExtension>
            <gpxtpx:hr>103</gpxtpx:hr>
          </gpxtpx:TrackPointExtension>
        </extensions>
      </trkpt>
      <trkpt lat="32.38701229152215" lon="119.44411658912931">
        <ele>12.823871901258826</ele>
        <time>2025-10-04T02:10:14.900000Z</time>
        <extensions>
          <gpxtpx:TrackPointExtension>
            <gpxtpx:hr>103</gpxtpx:hr>
          </gpxtpx:TrackPointExtension>
        </extensions>
      </trkpt>
      <trkpt lat="32.387011955968745" lon="119.44411710548711">
        <ele>12.830883551388979</ele>
        <time>2025-10-04T02:10:15.900000Z</time>
        <extensions>
          <gpxtpx:TrackPointExtension>
            <gpxtpx:hr>103</gpxtpx:hr>
          </gpxtpx:TrackPointExtension>
        </extensions>
      </trkpt>
      <trkpt lat="32.38701164007891" lon="119.44411746805449">
        <ele>12.837279391475022</ele>
        <time>2025-10-04T02:10:16.900000Z</time>
        <extensions>
          <gpxtpx:TrackPointExtension>
            <gpxtpx:hr>103</gpxtpx:hr>
          </gpxtpx:TrackPointExtension>
        </extensions>
      </trkpt>
      <trkpt lat="32.38701135063287" lon="119.44411769525865">
        <ele>12.842944097705185</ele>
        <time>2025-10-04T02:10:17.900000Z</time>
        <extensions>
          <gpxtpx:TrackPointExtension>
            <gpxtpx:hr>103</gpxtpx:hr>
          </gpxtpx:TrackPointExtension>
        </extensions>
      </trkpt>
      <trkpt lat="32.38701110493635" lon="119.44411780667586">
        <ele>12.848313421942294</ele>
        <time>2025-10-04T02:10:18.900000Z</time>
        <extensions>
          <gpxtpx:TrackPointExtension>
            <gpxtpx:hr>100</gpxtpx:hr>
          </gpxtpx:TrackPointExtension>
        </extensions>
      </trkpt>
      <trkpt lat="32.387010905844726" lon="119.44411782690614">
        <ele>12.85361660271883</ele>
        <time>2025-10-04T02:10:19.900000Z</time>
        <extensions>
          <gpxtpx:TrackPointExtension>
            <gpxtpx:hr>100</gpxtpx:hr>
          </gpxtpx:TrackPointExtension>
        </extensions>
      </trkpt>
      <trkpt lat="32.38701074549425" lon="119.4441177609307">
        <ele>12.858599114231765</ele>
        <time>2025-10-04T02:10:20.900000Z</time>
        <extensions>
          <gpxtpx:TrackPointExtension>
            <gpxtpx:hr>100</gpxtpx:hr>
          </gpxtpx:TrackPointExtension>
        </extensions>
      </trkpt>
      <trkpt lat="32.38701062284772" lon="119.44411762994348">
        <ele>12.862617180682719</ele>
        <time>2025-10-04T02:10:21.900000Z</time>
        <extensions>
          <gpxtpx:TrackPointExtension>
            <gpxtpx:hr>100</gpxtpx:hr>
          </gpxtpx:TrackPointExtension>
        </extensions>
      </trkpt>
      <trkpt lat="32.38701054339589" lon="119.44411745126627">
        <ele>12.866821574047208</ele>
        <time>2025-10-04T02:10:22.900000Z</time>
        <extensions>
          <gpxtpx:TrackPointExtension>
            <gpxtpx:hr>100</gpxtpx:hr>
          </gpxtpx:TrackPointExtension>
        </extensions>
      </trkpt>
      <trkpt lat="32.38701052174919" lon="119.44411722378071">
        <ele>12.871637635864317</ele>
        <time>2025-10-04T02:10:23.900000Z</time>
        <extensions>
          <gpxtpx:TrackPointExtension>
            <gpxtpx:hr>100</gpxtpx:hr>
          </gpxtpx:TrackPointExtension>
        </extensions>
      </trkpt>
      <trkpt lat="32.38701055008717" lon="119.44411696553553">
        <ele>12.876726189628243</ele>
        <time>2025-10-04T02:10:24.900000Z</time>
        <extensions>
          <gpxtpx:TrackPointExtension>
            <gpxtpx:hr>100</gpxtpx:hr>
          </gpxtpx:TrackPointExtension>
        </extensions>
      </trkpt>
      <trkpt lat="32.38701061950899" lon="119.4441166825835">
        <ele>12.882166557013988</ele>
        <time>2025-10-04T02:10:25.900000Z</time>
        <extensions>
          <gpxtpx:TrackPointExtension>
            <gpxtpx:hr>99</gpxtpx:hr>
          </gpxtpx:TrackPointExtension>
        </extensions>
      </trkpt>
      <trkpt lat="32.387010703052866" lon="119.44411636832723">
        <ele>12.887947760522366</ele>
        <time>2025-10-04T02:10:26.900000Z</time>
        <extensions>
          <gpxtpx:TrackPointExtension>
            <gpxtpx:hr>99</gpxtpx:hr>
          </gpxtpx:TrackPointExtension>
        </extensions>
      </trkpt>
      <trkpt lat="32.38701079047155" lon="119.44411602638674">
        <ele>12.894127355888486</ele>
        <time>2025-10-04T02:10:27.900000Z</time>
        <extensions>
          <gpxtpx:TrackPointExtension>
            <gpxtpx:hr>99</gpxtpx:hr>
          </gpxtpx:TrackPointExtension>
        </extensions>
      </trkpt>
      <trkpt lat="32.387010885820715" lon="119.44411566434619">
        <ele>12.901117900386453</ele>
        <time>2025-10-04T02:10:28.900000Z</time>
        <extensions>
          <gpxtpx:TrackPointExtension>
            <gpxtpx:hr>100</gpxtpx:hr>
          </gpxtpx:TrackPointExtension>
        </extensions>
      </trkpt>
      <trkpt lat="32.38701098043953" lon="119.44411528686551">
        <ele>12.908680542372167</ele>
        <time>2025-10-04T02:10:29.900000Z</time>
        <extensions>
          <gpxtpx:TrackPointExtension>
            <gpxtpx:hr>100</gpxtpx:hr>
          </gpxtpx:TrackPointExtension>
        </extensions>
      </trkpt>
      <trkpt lat="32.387011093748924" lon="119.44411490864658">
        <ele>12.916228626854718</ele>
        <time>2025-10-04T02:10:30.900000Z</time>
        <extensions>
          <gpxtpx:TrackPointExtension>
            <gpxtpx:hr>100</gpxtpx:hr>
          </gpxtpx:TrackPointExtension>
        </extensions>
      </trkpt>
      <trkpt lat="32.387011209962154" lon="119.44411452537713">
        <ele>12.924700208939612</ele>
        <time>2025-10-04T02:10:31.900000Z</time>
        <extensions>
          <gpxtpx:TrackPointExtension>
            <gpxtpx:hr>100</gpxtpx:hr>
          </gpxtpx:TrackPointExtension>
        </extensions>
      </trkpt>
      <trkpt lat="32.38701131536708" lon="119.44411415986009">
        <ele>12.933284292928874</ele>
        <time>2025-10-04T02:10:32.900000Z</time>
        <extensions>
          <gpxtpx:TrackPointExtension>
            <gpxtpx:hr>99</gpxtpx:hr>
          </gpxtpx:TrackPointExtension>
        </extensions>
      </trkpt>
      <trkpt lat="32.387011420310365" lon="119.4441138122369">
        <ele>12.942680546082556</ele>
        <time>2025-10-04T02:10:33.900000Z</time>
        <extensions>
          <gpxtpx:TrackPointExtension>
            <gpxtpx:hr>99</gpxtpx:hr>
          </gpxtpx:TrackPointExtension>
        </extensions>
      </trkpt>
      <trkpt lat="32.38701152654479" lon="119.44411349517263">
        <ele>12.952531275339425</ele>
        <time>2025-10-04T02:10:34.900000Z</time>
        <extensions>
          <gpxtpx:TrackPointExtension>
            <gpxtpx:hr>99</gpxtpx:hr>
          </gpxtpx:TrackPointExtension>
        </extensions>
      </trkpt>
      <trkpt lat="32.387011622947114" lon="119.44411320782572">
        <ele>12.962921220809221</ele>
        <time>2025-10-04T02:10:35.900000Z</time>
        <extensions>
          <gpxtpx:TrackPointExtension>
            <gpxtpx:hr>99</gpxtpx:hr>
          </gpxtpx:TrackPointExtension>
        </extensions>
      </trkpt>
      <trkpt lat="32.38701170803062" lon="119.44411295197163">
        <ele>12.973437024280429</ele>
        <time>2025-10-04T02:10:36.900000Z</time>
        <extensions>
          <gpxtpx:TrackPointExtension>
            <gpxtpx:hr>99</gpxtpx:hr>
          </gpxtpx:TrackPointExtension>
        </extensions>
      </trkpt>
      <trkpt lat="32.38701177154494" lon="119.44411272920698">
        <ele>12.98409506957978</ele>
        <time>2025-10-04T02:10:37.900000Z</time>
        <extensions>
          <gpxtpx:TrackPointExtension>
            <gpxtpx:hr>98</gpxtpx:hr>
          </gpxtpx:TrackPointExtension>
        </extensions>
      </trkpt>
      <trkpt lat="32.38701181439515" lon="119.44411254201258">
        <ele>12.995007385499775</ele>
        <time>2025-10-04T02:10:38.900000Z</time>
        <extensions>
          <gpxtpx:TrackPointExtension>
            <gpxtpx:hr>98</gpxtpx:hr>
          </gpxtpx:TrackPointExtension>
        </extensions>
      </trkpt>
      <trkpt lat="32.38701183575114" lon="119.44411239385194">
        <ele>13.005379599519074</ele>
        <time>2025-10-04T02:10:39.900000Z</time>
        <extensions>
          <gpxtpx:TrackPointExtension>
            <gpxtpx:hr>98</gpxtpx:hr>
          </gpxtpx:TrackPointExtension>
        </extensions>
      </trkpt>
      <trkpt lat="32.38701183143625" lon="119.44411228735268">
        <ele>13.015751508064568</ele>
        <time>2025-10-04T02:10:40.900000Z</time>
        <extensions>
          <gpxtpx:TrackPointExtension>
            <gpxtpx:hr>98</gpxtpx:hr>
          </gpxtpx:TrackPointExtension>
        </extensions>
      </trkpt>
      <trkpt lat="32.38701180088051" lon="119.44411222017317">
        <ele>13.026162733323872</ele>
        <time>2025-10-04T02:10:41.900000Z</time>
        <extensions>
          <gpxtpx:TrackPointExtension>
            <gpxtpx:hr>98</gpxtpx:hr>
          </gpxtpx:TrackPointExtension>
        </extensions>
      </trkpt>
      <trkpt lat="32.387011741742164" lon="119.44411219287879">
        <ele>13.036154733970761</ele>
        <time>2025-10-04T02:10:42.900000Z</time>
        <extensions>
          <gpxtpx:TrackPointExtension>
            <gpxtpx:hr>100</gpxtpx:hr>
          </gpxtpx:TrackPointExtension>
        </extensions>
      </trkpt>
      <trkpt lat="32.38701165216761" lon="119.44411220818532">
        <ele>13.045515869744122</ele>
        <time>2025-10-04T02:10:43.900000Z</time>
        <extensions>
          <gpxtpx:TrackPointExtension>
            <gpxtpx:hr>100</gpxtpx:hr>
          </gpxtpx:TrackPointExtension>
        </extensions>
      </trkpt>
      <trkpt lat="32.38701153146495" lon="119.44411226572491">
        <ele>13.053999369964004</ele>
        <time>2025-10-04T02:10:44.900000Z</time>
        <extensions>
          <gpxtpx:TrackPointExtension>
            <gpxtpx:hr>100</gpxtpx:hr>
          </gpxtpx:TrackPointExtension>
        </extensions>
      </trkpt>
      <trkpt lat="32.38701137631277" lon="119.44411236444017">
        <ele>13.061355518177152</ele>
        <time>2025-10-04T02:10:45.900000Z</time>
        <extensions>
          <gpxtpx:TrackPointExtension>
            <gpxtpx:hr>100</gpxtpx:hr>
          </gpxtpx:TrackPointExtension>
        </extensions>
      </trkpt>
      <trkpt lat="32.38701118089611" lon="119.44411250082841">
        <ele>13.067330501042306</ele>
        <time>2025-10-04T02:10:46.900000Z</time>
        <extensions>
          <gpxtpx:TrackPointExtension>
            <gpxtpx:hr>100</gpxtpx:hr>
          </gpxtpx:TrackPointExtension>
        </extensions>
      </trkpt>
      <trkpt lat="32.38701093746165" lon="119.44411266878355">
        <ele>13.071688631549478</ele>
        <time>2025-10-04T02:10:47.900000Z</time>
        <extensions>
          <gpxtpx:TrackPointExtension>
            <gpxtpx:hr>101</gpxtpx:hr>
          </gpxtpx:TrackPointExtension>
        </extensions>
      </trkpt>
      <trkpt lat="32.387010637727805" lon="119.44411286177882">
        <ele>13.074243953451514</ele>
        <time>2025-10-04T02:10:48.900000Z</time>
        <extensions>
          <gpxtpx:TrackPointExtension>
            <gpxtpx:hr>101</gpxtpx:hr>
          </gpxtpx:TrackPointExtension>
        </extensions>
      </trkpt>
      <trkpt lat="32.387010277164066" lon="119.44411307167061">
        <ele>13.074870690703392</ele>
        <time>2025-10-04T02:10:49.900000Z</time>
        <extensions>
          <gpxtpx:TrackPointExtension>
            <gpxtpx:hr>101</gpxtpx:hr>
          </gpxtpx:TrackPointExtension>
        </extensions>
      </trkpt>
      <trkpt lat="32.387009853090284" lon="119.44411329285529">
        <ele>13.07348240353167</ele>
        <time>2025-10-04T02:10:50.900000Z</time>
        <extensions>
          <gpxtpx:TrackPointExtension>
            <gpxtpx:hr>101</gpxtpx:hr>
          </gpxtpx:TrackPointExtension>
        </extensions>
      </trkpt>
      <trkpt lat="32.38700936187846" lon="119.44411351928017">
        <ele>13.070020514540374</ele>
        <time>2025-10-04T02:10:51.900000Z</time>
        <extensions>
          <gpxtpx:TrackPointExtension>
            <gpxtpx:hr>101</gpxtpx:hr>
          </gpxtpx:TrackPointExtension>
        </extensions>
      </trkpt>
      <trkpt lat="32.38700880350889" lon="119.444113743244">
        <ele>13.06445999071002</ele>
        <time>2025-10-04T02:10:52.900000Z</time>
        <extensions>
          <gpxtpx:TrackPointExtension>
            <gpxtpx:hr>101</gpxtpx:hr>
          </gpxtpx:TrackPointExtension>
        </extensions>
      </trkpt>
      <trkpt lat="32.38700812965433" lon="119.44411391278946">
        <ele>13.05679742526263</ele>
        <time>2025-10-04T02:10:53.900000Z</time>
        <extensions>
          <gpxtpx:TrackPointExtension>
            <gpxtpx:hr>103</gpxtpx:hr>
          </gpxtpx:TrackPointExtension>
        </extensions>
      </trkpt>
      <trkpt lat="32.387007354570805" lon="119.44411405009234">
        <ele>13.046867289580405</ele>
        <time>2025-10-04T02:10:54.900000Z</time>
        <extensions>
          <gpxtpx:TrackPointExtension>
            <gpxtpx:hr>103</gpxtpx:hr>
          </gpxtpx:TrackPointExtension>
        </extensions>
      </trkpt>
      <trkpt lat="32.38700661222319" lon="119.44411420390254">
        <ele>13.03555094730109</ele>
        <time>2025-10-04T02:10:55.900000Z</time>
        <extensions>
          <gpxtpx:TrackPointExtension>
            <gpxtpx:hr>103</gpxtpx:hr>
          </gpxtpx:TrackPointExtension>
        </extensions>
      </trkpt>
      <trkpt lat="32.387005826758916" lon="119.44411432865958">
        <ele>13.02217394579202</ele>
        <time>2025-10-04T02:10:56.900000Z</time>
        <extensions>
          <gpxtpx:TrackPointExtension>
            <gpxtpx:hr>103</gpxtpx:hr>
          </gpxtpx:TrackPointExtension>
        </extensions>
      </trkpt>
      <trkpt lat="32.38700500926991" lon="119.44411442069938">
        <ele>13.006688713096082</ele>
        <time>2025-10-04T02:10:57.900000Z</time>
        <extensions>
          <gpxtpx:TrackPointExtension>
            <gpxtpx:hr>103</gpxtpx:hr>
          </gpxtpx:TrackPointExtension>
        </extensions>
      </trkpt>
      <trkpt lat="32.38700416927311" lon="119.44411447404906">
        <ele>12.989344586618245</ele>
        <time>2025-10-04T02:10:58.900000Z</time>
        <extensions>
          <gpxtpx:TrackPointExtension>
            <gpxtpx:hr>103</gpxtpx:hr>
          </gpxtpx:TrackPointExtension>
        </extensions>
      </trkpt>
      <trkpt lat="32.38700332876645" lon="119.44411449284638">
        <ele>12.970441073179245</ele>
        <time>2025-10-04T02:10:59.900000Z</time>
        <extensions>
          <gpxtpx:TrackPointExtension>
            <gpxtpx:hr>103</gpxtpx:hr>
          </gpxtpx:TrackPointExtension>
        </extensions>
      </trkpt>
      <trkpt lat="32.38700248890713" lon="119.44411447510515">
        <ele>12.950148192234337</ele>
        <time>2025-10-04T02:11:00.900000Z</time>
        <extensions>
          <gpxtpx:TrackPointExtension>
            <gpxtpx:hr>101</gpxtpx:hr>
          </gpxtpx:TrackPointExtension>
        </extensions>
      </trkpt>
      <trkpt lat="32.387001653284486" lon="119.44411441857507">
        <ele>12.928806524723768</ele>
        <time>2025-10-04T02:11:01.900000Z</time>
        <extensions>
          <gpxtpx:TrackPointExtension>
            <gpxtpx:hr>101</gpxtpx:hr>
          </gpxtpx:TrackPointExtension>
        </extensions>
      </trkpt>
      <trkpt lat="32.38700082668413" lon="119.44411432129338">
        <ele>12.906682063825428</ele>
        <time>2025-10-04T02:11:02.900000Z</time>
        <extensions>
          <gpxtpx:TrackPointExtension>
            <gpxtpx:hr>101</gpxtpx:hr>
          </gpxtpx:TrackPointExtension>
        </extensions>
      </trkpt>
      <trkpt lat="32.387000017243075" lon="119.4441141843593">
        <ele>12.884020640514791</ele>
        <time>2025-10-04T02:11:03.900000Z</time>
        <extensions>
          <gpxtpx:TrackPointExtension>
            <gpxtpx:hr>101</gpxtpx:hr>
          </gpxtpx:TrackPointExtension>
        </extensions>
      </trkpt>
      <trkpt lat="32.386999235266885" lon="119.44411400863412">
        <ele>12.86080262530595</ele>
        <time>2025-10-04T02:11:04.900000Z</time>
        <extensions>
          <gpxtpx:TrackPointExtension>
            <gpxtpx:hr>102</gpxtpx:hr>
          </gpxtpx:TrackPointExtension>
        </extensions>
      </trkpt>
      <trkpt lat="32.38699848692535" lon="119.44411380056998">
        <ele>12.837471987120807</ele>
        <time>2025-10-04T02:11:05.900000Z</time>
        <extensions>
          <gpxtpx:TrackPointExtension>
            <gpxtpx:hr>102</gpxtpx:hr>
          </gpxtpx:TrackPointExtension>
        </extensions>
      </trkpt>
      <trkpt lat="32.3869977711841" lon="119.44411355862225">
        <ele>12.81417428702116</ele>
        <time>2025-10-04T02:11:06.900000Z</time>
        <extensions>
          <gpxtpx:TrackPointExtension>
            <gpxtpx:hr>102</gpxtpx:hr>
          </gpxtpx:TrackPointExtension>
        </extensions>
      </trkpt>
      <trkpt lat="32.38699709728097" lon="119.44411329274106">
        <ele>12.791022267192602</ele>
        <time>2025-10-04T02:11:07.900000Z</time>
        <extensions>
          <gpxtpx:TrackPointExtension>
            <gpxtpx:hr>102</gpxtpx:hr>
          </gpxtpx:TrackPointExtension>
        </extensions>
      </trkpt>
      <trkpt lat="32.38699646499161" lon="119.44411300375802">
        <ele>12.767950185574591</ele>
        <time>2025-10-04T02:11:08.900000Z</time>
        <extensions>
          <gpxtpx:TrackPointExtension>
            <gpxtpx:hr>102</gpxtpx:hr>
          </gpxtpx:TrackPointExtension>
        </extensions>
      </trkpt>
      <trkpt lat="32.38699588368512" lon="119.44411270378124">
        <ele>12.745195316150784</ele>
        <time>2025-10-04T02:11:09.900000Z</time>
        <extensions>
          <gpxtpx:TrackPointExtension>
            <gpxtpx:hr>102</gpxtpx:hr>
          </gpxtpx:TrackPointExtension>
        </extensions>
      </trkpt>
      <trkpt lat="32.386995352147814" lon="119.44411239707718">
        <ele>12.722774574533105</ele>
        <time>2025-10-04T02:11:10.900000Z</time>
        <extensions>
          <gpxtpx:TrackPointExtension>
            <gpxtpx:hr>102</gpxtpx:hr>
          </gpxtpx:TrackPointExtension>
        </extensions>
      </trkpt>
      <trkpt lat="32.386994873013556" lon="119.44411209028385">
        <ele>12.700669882819057</ele>
        <time>2025-10-04T02:11:11.900000Z</time>
        <extensions>
          <gpxtpx:TrackPointExtension>
            <gpxtpx:hr>102</gpxtpx:hr>
          </gpxtpx:TrackPointExtension>
        </extensions>
      </trkpt>
      <trkpt lat="32.38699445243621" lon="119.4441117903447">
        <ele>12.678738275542855</ele>
        <time>2025-10-04T02:11:12.900000Z</time>
        <extensions>
          <gpxtpx:TrackPointExtension>
            <gpxtpx:hr>102</gpxtpx:hr>
          </gpxtpx:TrackPointExtension>
        </extensions>
      </trkpt>
      <trkpt lat="32.386994085442666" lon="119.4441114995246">
        <ele>12.657064732164145</ele>
        <time>2025-10-04T02:11:13.900000Z</time>
        <extensions>
          <gpxtpx:TrackPointExtension>
            <gpxtpx:hr>99</gpxtpx:hr>
          </gpxtpx:TrackPointExtension>
        </extensions>
      </trkpt>
      <trkpt lat="32.386993777200786" lon="119.44411122501324">
        <ele>12.635705346241593</ele>
        <time>2025-10-04T02:11:14.900000Z</time>
        <extensions>
          <gpxtpx:TrackPointExtension>
            <gpxtpx:hr>99</gpxtpx:hr>
          </gpxtpx:TrackPointExtension>
        </extensions>
      </trkpt>
      <trkpt lat="32.38699352547454" lon="119.44411096736842">
        <ele>12.614655122160912</ele>
        <time>2025-10-04T02:11:15.900000Z</time>
        <extensions>
          <gpxtpx:TrackPointExtension>
            <gpxtpx:hr>99</gpxtpx:hr>
          </gpxtpx:TrackPointExtension>
        </extensions>
      </trkpt>
      <trkpt lat="32.386993329842845" lon="119.44411072860252">
        <ele>12.593954918906093</ele>
        <time>2025-10-04T02:11:16.900000Z</time>
        <extensions>
          <gpxtpx:TrackPointExtension>
            <gpxtpx:hr>99</gpxtpx:hr>
          </gpxtpx:TrackPointExtension>
        </extensions>
      </trkpt>
      <trkpt lat="32.38699318824376" lon="119.44411050804668">
        <ele>12.573499716818333</ele>
        <time>2025-10-04T02:11:17.900000Z</time>
        <extensions>
          <gpxtpx:TrackPointExtension>
            <gpxtpx:hr>99</gpxtpx:hr>
          </gpxtpx:TrackPointExtension>
        </extensions>
      </trkpt>
      <trkpt lat="32.38699310638296" lon="119.44411030373938">
        <ele>12.553637580014765</ele>
        <time>2025-10-04T02:11:18.900000Z</time>
        <extensions>
          <gpxtpx:TrackPointExtension>
            <gpxtpx:hr>99</gpxtpx:hr>
          </gpxtpx:TrackPointExtension>
        </extensions>
      </trkpt>
      <trkpt lat="32.38699307783618" lon="119.44411012207452">
        <ele>12.534364698454738</ele>
        <time>2025-10-04T02:11:19.900000Z</time>
        <extensions>
          <gpxtpx:TrackPointExtension>
            <gpxtpx:hr>99</gpxtpx:hr>
          </gpxtpx:TrackPointExtension>
        </extensions>
      </trkpt>
      <trkpt lat="32.3869930188497" lon="119.44410991411468">
        <ele>12.515728686004877</ele>
        <time>2025-10-04T02:11:20.900000Z</time>
        <extensions>
          <gpxtpx:TrackPointExtension>
            <gpxtpx:hr>99</gpxtpx:hr>
          </gpxtpx:TrackPointExtension>
        </extensions>
      </trkpt>
      <trkpt lat="32.3869930800947" lon="119.44410976566675">
        <ele>12.497846433892846</ele>
        <time>2025-10-04T02:11:21.900000Z</time>
        <extensions>
          <gpxtpx:TrackPointExtension>
            <gpxtpx:hr>99</gpxtpx:hr>
          </gpxtpx:TrackPointExtension>
        </extensions>
      </trkpt>
      <trkpt lat="32.38699319622749" lon="119.44410964184934">
        <ele>12.480725740082562</ele>
        <time>2025-10-04T02:11:22.900000Z</time>
        <extensions>
          <gpxtpx:TrackPointExtension>
            <gpxtpx:hr>99</gpxtpx:hr>
          </gpxtpx:TrackPointExtension>
        </extensions>
      </trkpt>
      <trkpt lat="32.38699336599697" lon="119.44410954491089">
        <ele>12.46442087367177</ele>
        <time>2025-10-04T02:11:23.900000Z</time>
        <extensions>
          <gpxtpx:TrackPointExtension>
            <gpxtpx:hr>99</gpxtpx:hr>
          </gpxtpx:TrackPointExtension>
        </extensions>
      </trkpt>
      <trkpt lat="32.38699359241356" lon="119.44410948447054">
        <ele>12.44886658526957</ele>
        <time>2025-10-04T02:11:24.900000Z</time>
        <extensions>
          <gpxtpx:TrackPointExtension>
            <gpxtpx:hr>99</gpxtpx:hr>
          </gpxtpx:TrackPointExtension>
        </extensions>
      </trkpt>
      <trkpt lat="32.38699386744726" lon="119.44410945768826">
        <ele>12.43453355692327</ele>
        <time>2025-10-04T02:11:25.900000Z</time>
        <extensions>
          <gpxtpx:TrackPointExtension>
            <gpxtpx:hr>99</gpxtpx:hr>
          </gpxtpx:TrackPointExtension>
        </extensions>
      </trkpt>
      <trkpt lat="32.38699415771201" lon="119.44410944764518">
        <ele>12.421354628168046</ele>
        <time>2025-10-04T02:11:26.900000Z</time>
        <extensions>
          <gpxtpx:TrackPointExtension>
            <gpxtpx:hr>99</gpxtpx:hr>
          </gpxtpx:TrackPointExtension>
        </extensions>
      </trkpt>
      <trkpt lat="32.38699435878151" lon="119.44410943136111">
        <ele>12.408717651851475</ele>
        <time>2025-10-04T02:11:27.900000Z</time>
        <extensions>
          <gpxtpx:TrackPointExtension>
            <gpxtpx:hr>96</gpxtpx:hr>
          </gpxtpx:TrackPointExtension>
        </extensions>
      </trkpt>
      <trkpt lat="32.38699465485076" lon="119.44410947581962">
        <ele>12.396548816934228</ele>
        <time>2025-10-04T02:11:28.900000Z</time>
        <extensions>
          <gpxtpx:TrackPointExtension>
            <gpxtpx:hr>96</gpxtpx:hr>
          </gpxtpx:TrackPointExtension>
        </extensions>
      </trkpt>
      <trkpt lat="32.38699504465523" lon="119.44410956615828">
        <ele>12.385209289379418</ele>
        <time>2025-10-04T02:11:29.900000Z</time>
        <extensions>
          <gpxtpx:TrackPointExtension>
            <gpxtpx:hr>96</gpxtpx:hr>
          </gpxtpx:TrackPointExtension>
        </extensions>
      </trkpt>
      <trkpt lat="32.386995474511664" lon="119.44410969555791">
        <ele>12.374787281267345</ele>
        <time>2025-10-04T02:11:30.900000Z</time>
        <extensions>
          <gpxtpx:TrackPointExtension>
            <gpxtpx:hr>96</gpxtpx:hr>
          </gpxtpx:TrackPointExtension>
        </extensions>
      </trkpt>
      <trkpt lat="32.38699592050853" lon="119.44410985740264">
        <ele>12.364398419857025</ele>
        <time>2025-10-04T02:11:31.900000Z</time>
        <extensions>
          <gpxtpx:TrackPointExtension>
            <gpxtpx:hr>96</gpxtpx:hr>
          </gpxtpx:TrackPointExtension>
        </extensions>
      </trkpt>
      <trkpt lat="32.386996386646366" lon="119.44411005359576">
        <ele>12.354832760058343</ele>
        <time>2025-10-04T02:11:32.900000Z</time>
        <extensions>
          <gpxtpx:TrackPointExtension>
            <gpxtpx:hr>96</gpxtpx:hr>
          </gpxtpx:TrackPointExtension>
        </extensions>
      </trkpt>
      <trkpt lat="32.38699684438922" lon="119.44411027805411">
        <ele>12.34601476881653</ele>
        <time>2025-10-04T02:11:33.900000Z</time>
        <extensions>
          <gpxtpx:TrackPointExtension>
            <gpxtpx:hr>96</gpxtpx:hr>
          </gpxtpx:TrackPointExtension>
        </extensions>
      </trkpt>
      <trkpt lat="32.38699729914783" lon="119.444110526287">
        <ele>12.337964545935392</ele>
        <time>2025-10-04T02:11:34.900000Z</time>
        <extensions>
          <gpxtpx:TrackPointExtension>
            <gpxtpx:hr>96</gpxtpx:hr>
          </gpxtpx:TrackPointExtension>
        </extensions>
      </trkpt>
      <trkpt lat="32.38699776495309" lon="119.44411080409223">
        <ele>12.330450503155589</ele>
        <time>2025-10-04T02:11:35.900000Z</time>
        <extensions>
          <gpxtpx:TrackPointExtension>
            <gpxtpx:hr>96</gpxtpx:hr>
          </gpxtpx:TrackPointExtension>
        </extensions>
      </trkpt>
      <trkpt lat="32.38699821576262" lon="119.44411110137254">
        <ele>12.3236581441015</ele>
        <time>2025-10-04T02:11:36.900000Z</time>
        <extensions>
          <gpxtpx:TrackPointExtension>
            <gpxtpx:hr>96</gpxtpx:hr>
          </gpxtpx:TrackPointExtension>
        </extensions>
      </trkpt>
      <trkpt lat="32.3869986654235" lon="119.44411141315307">
        <ele>12.317781200632453</ele>
        <time>2025-10-04T02:11:37.900000Z</time>
        <extensions>
          <gpxtpx:TrackPointExtension>
            <gpxtpx:hr>100</gpxtpx:hr>
          </gpxtpx:TrackPointExtension>
        </extensions>
      </trkpt>
      <trkpt lat="32.38699913818188" lon="119.44411174557703">
        <ele>12.312765744514763</ele>
        <time>2025-10-04T02:11:38.900000Z</time>
        <extensions>
          <gpxtpx:TrackPointExtension>
            <gpxtpx:hr>100</gpxtpx:hr>
          </gpxtpx:TrackPointExtension>
        </extensions>
      </trkpt>
      <trkpt lat="32.38699956928793" lon="119.44411207799823">
        <ele>12.308563900180161</ele>
        <time>2025-10-04T02:11:39.900000Z</time>
        <extensions>
          <gpxtpx:TrackPointExtension>
            <gpxtpx:hr>100</gpxtpx:hr>
          </gpxtpx:TrackPointExtension>
        </extensions>
      </trkpt>
      <trkpt lat="32.3870000217328" lon="119.44411247192373">
        <ele>12.304969759657979</ele>
        <time>2025-10-04T02:11:40.900000Z</time>
        <extensions>
          <gpxtpx:TrackPointExtension>
            <gpxtpx:hr>100</gpxtpx:hr>
          </gpxtpx:TrackPointExtension>
        </extensions>
      </trkpt>
      <trkpt lat="32.387000491046905" lon="119.4441129075066">
        <ele>12.302062589675188</ele>
        <time>2025-10-04T02:11:41.900000Z</time>
        <extensions>
          <gpxtpx:TrackPointExtension>
            <gpxtpx:hr>100</gpxtpx:hr>
          </gpxtpx:TrackPointExtension>
        </extensions>
      </trkpt>
      <trkpt lat="32.38700096690677" lon="119.444113371196">
        <ele>12.300671095959842</ele>
        <time>2025-10-04T02:11:42.900000Z</time>
        <extensions>
          <gpxtpx:TrackPointExtension>
            <gpxtpx:hr>100</gpxtpx:hr>
          </gpxtpx:TrackPointExtension>
        </extensions>
      </trkpt>
      <trkpt lat="32.38700143245941" lon="119.44411385530677">
        <ele>12.299818090163171</ele>
        <time>2025-10-04T02:11:43.900000Z</time>
        <extensions>
          <gpxtpx:TrackPointExtension>
            <gpxtpx:hr>100</gpxtpx:hr>
          </gpxtpx:TrackPointExtension>
        </extensions>
      </trkpt>
      <trkpt lat="32.38700191886163" lon="119.44411434209019">
        <ele>12.299757779575884</ele>
        <time>2025-10-04T02:11:44.900000Z</time>
        <extensions>
          <gpxtpx:TrackPointExtension>
            <gpxtpx:hr>97</gpxtpx:hr>
          </gpxtpx:TrackPointExtension>
        </extensions>
      </trkpt>
      <trkpt lat="32.38700235979963" lon="119.4441148302098">
        <ele>12.300941034220159</ele>
        <time>2025-10-04T02:11:45.900000Z</time>
        <extensions>
          <gpxtpx:TrackPointExtension>
            <gpxtpx:hr>97</gpxtpx:hr>
          </gpxtpx:TrackPointExtension>
        </extensions>
      </trkpt>
      <trkpt lat="32.387002709436196" lon="119.4441153172679">
        <ele>12.303044790402055</ele>
        <time>2025-10-04T02:11:46.900000Z</time>
        <extensions>
          <gpxtpx:TrackPointExtension>
            <gpxtpx:hr>97</gpxtpx:hr>
          </gpxtpx:TrackPointExtension>
        </extensions>
      </trkpt>
      <trkpt lat="32.38700295313689" lon="119.44411577797793">
        <ele>12.306295632384717</ele>
        <time>2025-10-04T02:11:47.900000Z</time>
        <extensions>
          <gpxtpx:TrackPointExtension>
            <gpxtpx:hr>97</gpxtpx:hr>
          </gpxtpx:TrackPointExtension>
        </extensions>
      </trkpt>
      <trkpt lat="32.38700318226295" lon="119.44411620069138">
        <ele>12.310445575974882</ele>
        <time>2025-10-04T02:11:48.900000Z</time>
        <extensions>
          <gpxtpx:TrackPointExtension>
            <gpxtpx:hr>97</gpxtpx:hr>
          </gpxtpx:TrackPointExtension>
        </extensions>
      </trkpt>
      <trkpt lat="32.387003351021285" lon="119.44411659870022">
        <ele>12.315760526806116</ele>
        <time>2025-10-04T02:11:49.900000Z</time>
        <extensions>
          <gpxtpx:TrackPointExtension>
            <gpxtpx:hr>99</gpxtpx:hr>
          </gpxtpx:TrackPointExtension>
        </extensions>
      </trkpt>
      <trkpt lat="32.38700343772692" lon="119.4441169640019">
        <ele>12.321809131652117</ele>
        <time>2025-10-04T02:11:50.900000Z</time>
        <extensions>
          <gpxtpx:TrackPointExtension>
            <gpxtpx:hr>99</gpxtpx:hr>
          </gpxtpx:TrackPointExtension>
        </extensions>
      </trkpt>
      <trkpt lat="32.3870035033234" lon="119.44411728886296">
        <ele>12.328904205933213</ele>
        <time>2025-10-04T02:11:51.900000Z</time>
        <extensions>
          <gpxtpx:TrackPointExtension>
            <gpxtpx:hr>99</gpxtpx:hr>
          </gpxtpx:TrackPointExtension>
        </extensions>
      </trkpt>
      <trkpt lat="32.38700352303915" lon="119.44411758647976">
        <ele>12.336871999315917</ele>
        <time>2025-10-04T02:11:52.900000Z</time>
        <extensions>
          <gpxtpx:TrackPointExtension>
            <gpxtpx:hr>101</gpxtpx:hr>
          </gpxtpx:TrackPointExtension>
        </extensions>
      </trkpt>
      <trkpt lat="32.38700351164166" lon="119.44411785610343">
        <ele>12.345753846690059</ele>
        <time>2025-10-04T02:11:53.900000Z</time>
        <extensions>
          <gpxtpx:TrackPointExtension>
            <gpxtpx:hr>101</gpxtpx:hr>
          </gpxtpx:TrackPointExtension>
        </extensions>
      </trkpt>
      <trkpt lat="32.38700345932393" lon="119.4441181088471">
        <ele>12.355199037119746</ele>
        <time>2025-10-04T02:11:54.900000Z</time>
        <extensions>
          <gpxtpx:TrackPointExtension>
            <gpxtpx:hr>101</gpxtpx:hr>
          </gpxtpx:TrackPointExtension>
        </extensions>
      </trkpt>
      <trkpt lat="32.387003393238494" lon="119.44411834303553">
        <ele>12.365187638439238</ele>
        <time>2025-10-04T02:11:55.900000Z</time>
        <extensions>
          <gpxtpx:TrackPointExtension>
            <gpxtpx:hr>101</gpxtpx:hr>
          </gpxtpx:TrackPointExtension>
        </extensions>
      </trkpt>
      <trkpt lat="32.387003301756536" lon="119.44411856807406">
        <ele>12.375543463975191</ele>
        <time>2025-10-04T02:11:56.900000Z</time>
        <extensions>
          <gpxtpx:TrackPointExtension>
            <gpxtpx:hr>101</gpxtpx:hr>
          </gpxtpx:TrackPointExtension>
        </extensions>
      </trkpt>
      <trkpt lat="32.38700321603832" lon="119.44411877851198">
        <ele>12.386329255998135</ele>
        <time>2025-10-04T02:11:57.900000Z</time>
        <extensions>
          <gpxtpx:TrackPointExtension>
            <gpxtpx:hr>101</gpxtpx:hr>
          </gpxtpx:TrackPointExtension>
        </extensions>
      </trkpt>
      <trkpt lat="32.38700311578031" lon="119.44411898030083">
        <ele>12.397412457503378</ele>
        <time>2025-10-04T02:11:58.900000Z</time>
        <extensions>
          <gpxtpx:TrackPointExtension>
            <gpxtpx:hr>101</gpxtpx:hr>
          </gpxtpx:TrackPointExtension>
        </extensions>
      </trkpt>
      <trkpt lat="32.387003021350665" lon="119.44411916793487">
        <ele>12.40851819049567</ele>
        <time>2025-10-04T02:11:59.900000Z</time>
        <extensions>
          <gpxtpx:TrackPointExtension>
            <gpxtpx:hr>101</gpxtpx:hr>
          </gpxtpx:TrackPointExtension>
        </extensions>
      </trkpt>
      <trkpt lat="32.38700292636202" lon="119.44411934544259">
        <ele>12.419752346351743</ele>
        <time>2025-10-04T02:12:00.900000Z</time>
        <extensions>
          <gpxtpx:TrackPointExtension>
            <gpxtpx:hr>101</gpxtpx:hr>
          </gpxtpx:TrackPointExtension>
        </extensions>
      </trkpt>
      <trkpt lat="32.387002848399995" lon="119.44411951152718">
        <ele>12.431088738143444</ele>
        <time>2025-10-04T02:12:01.900000Z</time>
        <extensions>
          <gpxtpx:TrackPointExtension>
            <gpxtpx:hr>101</gpxtpx:hr>
          </gpxtpx:TrackPointExtension>
        </extensions>
      </trkpt>
      <trkpt lat="32.387002791821025" lon="119.44411966645634">
        <ele>12.442017241381109</ele>
        <time>2025-10-04T02:12:02.900000Z</time>
        <extensions>
          <gpxtpx:TrackPointExtension>
            <gpxtpx:hr>101</gpxtpx:hr>
          </gpxtpx:TrackPointExtension>
        </extensions>
      </trkpt>
      <trkpt lat="32.387002755353116" lon="119.44411980828546">
        <ele>12.452784352004528</ele>
        <time>2025-10-04T02:12:03.900000Z</time>
        <extensions>
          <gpxtpx:TrackPointExtension>
            <gpxtpx:hr>101</gpxtpx:hr>
          </gpxtpx:TrackPointExtension>
        </extensions>
      </trkpt>
      <trkpt lat="32.387002729098555" lon="119.44411994202328">
        <ele>12.463208180852234</ele>
        <time>2025-10-04T02:12:04.900000Z</time>
        <extensions>
          <gpxtpx:TrackPointExtension>
            <gpxtpx:hr>100</gpxtpx:hr>
          </gpxtpx:TrackPointExtension>
        </extensions>
      </trkpt>
      <trkpt lat="32.38700275129265" lon="119.4441200695652">
        <ele>12.473180115222931</ele>
        <time>2025-10-04T02:12:05.900000Z</time>
        <extensions>
          <gpxtpx:TrackPointExtension>
            <gpxtpx:hr>100</gpxtpx:hr>
          </gpxtpx:TrackPointExtension>
        </extensions>
      </trkpt>
      <trkpt lat="32.38700281907952" lon="119.44412020186861">
        <ele>12.482465666718781</ele>
        <time>2025-10-04T02:12:06.900000Z</time>
        <extensions>
          <gpxtpx:TrackPointExtension>
            <gpxtpx:hr>100</gpxtpx:hr>
          </gpxtpx:TrackPointExtension>
        </extensions>
      </trkpt>
      <trkpt lat="32.387002879493934" lon="119.44412032957253">
        <ele>12.490987055003643</ele>
        <time>2025-10-04T02:12:07.900000Z</time>
        <extensions>
          <gpxtpx:TrackPointExtension>
            <gpxtpx:hr>100</gpxtpx:hr>
          </gpxtpx:TrackPointExtension>
        </extensions>
      </trkpt>
      <trkpt lat="32.387002974369345" lon="119.4441204643654">
        <ele>12.498541560955346</ele>
        <time>2025-10-04T02:12:08.900000Z</time>
        <extensions>
          <gpxtpx:TrackPointExtension>
            <gpxtpx:hr>100</gpxtpx:hr>
          </gpxtpx:TrackPointExtension>
        </extensions>
      </trkpt>
      <trkpt lat="32.38700314689138" lon="119.44412055377438">
        <ele>12.505925591103733</ele>
        <time>2025-10-04T02:12:09.900000Z</time>
        <extensions>
          <gpxtpx:TrackPointExtension>
            <gpxtpx:hr>101</gpxtpx:hr>
          </gpxtpx:TrackPointExtension>
        </extensions>
      </trkpt>
      <trkpt lat="32.38700340316707" lon="119.44412066339602">
        <ele>12.512574832886457</ele>
        <time>2025-10-04T02:12:10.900000Z</time>
        <extensions>
          <gpxtpx:TrackPointExtension>
            <gpxtpx:hr>101</gpxtpx:hr>
          </gpxtpx:TrackPointExtension>
        </extensions>
      </trkpt>
      <trkpt lat="32.38700365243573" lon="119.44412074281777">
        <ele>12.517821999266744</ele>
        <time>2025-10-04T02:12:11.900000Z</time>
        <extensions>
          <gpxtpx:TrackPointExtension>
            <gpxtpx:hr>101</gpxtpx:hr>
          </gpxtpx:TrackPointExtension>
        </extensions>
      </trkpt>
      <trkpt lat="32.38700394119624" lon="119.44412083016188">
        <ele>12.522227144800127</ele>
        <time>2025-10-04T02:12:12.900000Z</time>
        <extensions>
          <gpxtpx:TrackPointExtension>
            <gpxtpx:hr>101</gpxtpx:hr>
          </gpxtpx:TrackPointExtension>
        </extensions>
      </trkpt>
      <trkpt lat="32.38700423547154" lon="119.44412087024432">
        <ele>12.525873452425003</ele>
        <time>2025-10-04T02:12:13.900000Z</time>
        <extensions>
          <gpxtpx:TrackPointExtension>
            <gpxtpx:hr>101</gpxtpx:hr>
          </gpxtpx:TrackPointExtension>
        </extensions>
      </trkpt>
      <trkpt lat="32.3870045799812" lon="119.44412096266765">
        <ele>12.528607785701752</ele>
        <time>2025-10-04T02:12:14.900000Z</time>
        <extensions>
          <gpxtpx:TrackPointExtension>
            <gpxtpx:hr>100</gpxtpx:hr>
          </gpxtpx:TrackPointExtension>
        </extensions>
      </trkpt>
      <trkpt lat="32.38700494499379" lon="119.44412111449284">
        <ele>12.530245276167989</ele>
        <time>2025-10-04T02:12:15.900000Z</time>
        <extensions>
          <gpxtpx:TrackPointExtension>
            <gpxtpx:hr>100</gpxtpx:hr>
          </gpxtpx:TrackPointExtension>
        </extensions>
      </trkpt>
      <trkpt lat="32.387005321237055" lon="119.44412129180614">
        <ele>12.531162956729531</ele>
        <time>2025-10-04T02:12:16.900000Z</time>
        <extensions>
          <gpxtpx:TrackPointExtension>
            <gpxtpx:hr>100</gpxtpx:hr>
          </gpxtpx:TrackPointExtension>
        </extensions>
      </trkpt>
      <trkpt lat="32.387005710355744" lon="119.44412149753101">
        <ele>12.53071194048971</ele>
        <time>2025-10-04T02:12:17.900000Z</time>
        <extensions>
          <gpxtpx:TrackPointExtension>
            <gpxtpx:hr>100</gpxtpx:hr>
          </gpxtpx:TrackPointExtension>
        </extensions>
      </trkpt>
      <trkpt lat="32.38700608113221" lon="119.44412172652109">
        <ele>12.529103172011673</ele>
        <time>2025-10-04T02:12:18.900000Z</time>
        <extensions>
          <gpxtpx:TrackPointExtension>
            <gpxtpx:hr>100</gpxtpx:hr>
          </gpxtpx:TrackPointExtension>
        </extensions>
      </trkpt>
      <trkpt lat="32.38700638418819" lon="119.444121923709">
        <ele>12.52627010922879</ele>
        <time>2025-10-04T02:12:19.900000Z</time>
        <extensions>
          <gpxtpx:TrackPointExtension>
            <gpxtpx:hr>100</gpxtpx:hr>
          </gpxtpx:TrackPointExtension>
        </extensions>
      </trkpt>
      <trkpt lat="32.38700659498569" lon="119.44412210249922">
        <ele>12.521772821433842</ele>
        <time>2025-10-04T02:12:20.900000Z</time>
        <extensions>
          <gpxtpx:TrackPointExtension>
            <gpxtpx:hr>100</gpxtpx:hr>
          </gpxtpx:TrackPointExtension>
        </extensions>
      </trkpt>
      <trkpt lat="32.38700670440921" lon="119.44412231323902">
        <ele>12.515554539859295</ele>
        <time>2025-10-04T02:12:21.900000Z</time>
        <extensions>
          <gpxtpx:TrackPointExtension>
            <gpxtpx:hr>100</gpxtpx:hr>
          </gpxtpx:TrackPointExtension>
        </extensions>
      </trkpt>
      <trkpt lat="32.387006731719225" lon="119.44412258359549">
        <ele>12.507200080901384</ele>
        <time>2025-10-04T02:12:22.900000Z</time>
        <extensions>
          <gpxtpx:TrackPointExtension>
            <gpxtpx:hr>100</gpxtpx:hr>
          </gpxtpx:TrackPointExtension>
        </extensions>
      </trkpt>
      <trkpt lat="32.387006692467985" lon="119.44412291111232">
        <ele>12.49709001276642</ele>
        <time>2025-10-04T02:12:23.900000Z</time>
        <extensions>
          <gpxtpx:TrackPointExtension>
            <gpxtpx:hr>101</gpxtpx:hr>
          </gpxtpx:TrackPointExtension>
        </extensions>
      </trkpt>
      <trkpt lat="32.38700659943626" lon="119.44412326259955">
        <ele>12.484624348580837</ele>
        <time>2025-10-04T02:12:24.900000Z</time>
        <extensions>
          <gpxtpx:TrackPointExtension>
            <gpxtpx:hr>101</gpxtpx:hr>
          </gpxtpx:TrackPointExtension>
        </extensions>
      </trkpt>
      <trkpt lat="32.38700646860714" lon="119.44412367748137">
        <ele>12.470119989477098</ele>
        <time>2025-10-04T02:12:25.900000Z</time>
        <extensions>
          <gpxtpx:TrackPointExtension>
            <gpxtpx:hr>101</gpxtpx:hr>
          </gpxtpx:TrackPointExtension>
        </extensions>
      </trkpt>
      <trkpt lat="32.387006299421834" lon="119.44412414621752">
        <ele>12.45412795804441</ele>
        <time>2025-10-04T02:12:26.900000Z</time>
        <extensions>
          <gpxtpx:TrackPointExtension>
            <gpxtpx:hr>101</gpxtpx:hr>
          </gpxtpx:TrackPointExtension>
        </extensions>
      </trkpt>
      <trkpt lat="32.38700611104521" lon="119.44412466657693">
        <ele>12.436319421976805</ele>
        <time>2025-10-04T02:12:27.900000Z</time>
        <extensions>
          <gpxtpx:TrackPointExtension>
            <gpxtpx:hr>101</gpxtpx:hr>
          </gpxtpx:TrackPointExtension>
        </extensions>
      </trkpt>
      <trkpt lat="32.38700589965736" lon="119.44412524843605">
        <ele>12.41674005240202</ele>
        <time>2025-10-04T02:12:28.900000Z</time>
        <extensions>
          <gpxtpx:TrackPointExtension>
            <gpxtpx:hr>100</gpxtpx:hr>
          </gpxtpx:TrackPointExtension>
        </extensions>
      </trkpt>
      <trkpt lat="32.38700566514855" lon="119.44412589897705">
        <ele>12.395800155587494</ele>
        <time>2025-10-04T02:12:29.900000Z</time>
        <extensions>
          <gpxtpx:TrackPointExtension>
            <gpxtpx:hr>100</gpxtpx:hr>
          </gpxtpx:TrackPointExtension>
        </extensions>
      </trkpt>
      <trkpt lat="32.38700539104372" lon="119.44412661196188">
        <ele>12.373585156165063</ele>
        <time>2025-10-04T02:12:30.900000Z</time>
        <extensions>
          <gpxtpx:TrackPointExtension>
            <gpxtpx:hr>100</gpxtpx:hr>
          </gpxtpx:TrackPointExtension>
        </extensions>
      </trkpt>
      <trkpt lat="32.387005085330586" lon="119.4441273982907">
        <ele>12.349981217645109</ele>
        <time>2025-10-04T02:12:31.900000Z</time>
        <extensions>
          <gpxtpx:TrackPointExtension>
            <gpxtpx:hr>100</gpxtpx:hr>
          </gpxtpx:TrackPointExtension>
        </extensions>
      </trkpt>
      <trkpt lat="32.38700476534183" lon="119.44412824333297">
        <ele>12.325856164097786</ele>
        <time>2025-10-04T02:12:32.900000Z</time>
        <extensions>
          <gpxtpx:TrackPointExtension>
            <gpxtpx:hr>100</gpxtpx:hr>
          </gpxtpx:TrackPointExtension>
        </extensions>
      </trkpt>
      <trkpt lat="32.38700445678876" lon="119.44412919002808">
        <ele>12.301363583654165</ele>
        <time>2025-10-04T02:12:33.900000Z</time>
        <extensions>
          <gpxtpx:TrackPointExtension>
            <gpxtpx:hr>102</gpxtpx:hr>
          </gpxtpx:TrackPointExtension>
        </extensions>
      </trkpt>
      <trkpt lat="32.38700418384842" lon="119.44413026653005">
        <ele>12.276717781089246</ele>
        <time>2025-10-04T02:12:34.900000Z</time>
        <extensions>
          <gpxtpx:TrackPointExtension>
            <gpxtpx:hr>102</gpxtpx:hr>
          </gpxtpx:TrackPointExtension>
        </extensions>
      </trkpt>
      <trkpt lat="32.38700391475492" lon="119.4441314516243">
        <ele>12.251925353892148</ele>
        <time>2025-10-04T02:12:35.900000Z</time>
        <extensions>
          <gpxtpx:TrackPointExtension>
            <gpxtpx:hr>102</gpxtpx:hr>
          </gpxtpx:TrackPointExtension>
        </extensions>
      </trkpt>
      <trkpt lat="32.38700366671047" lon="119.44413280152538">
        <ele>12.227398003451526</ele>
        <time>2025-10-04T02:12:36.900000Z</time>
        <extensions>
          <gpxtpx:TrackPointExtension>
            <gpxtpx:hr>102</gpxtpx:hr>
          </gpxtpx:TrackPointExtension>
        </extensions>
      </trkpt>
      <trkpt lat="32.38700342621418" lon="119.44413424938334">
        <ele>12.202990452758968</ele>
        <time>2025-10-04T02:12:37.900000Z</time>
        <extensions>
          <gpxtpx:TrackPointExtension>
            <gpxtpx:hr>102</gpxtpx:hr>
          </gpxtpx:TrackPointExtension>
        </extensions>
      </trkpt>
      <trkpt lat="32.387003175622525" lon="119.44413585220744">
        <ele>12.179061993025243</ele>
        <time>2025-10-04T02:12:38.900000Z</time>
        <extensions>
          <gpxtpx:TrackPointExtension>
            <gpxtpx:hr>102</gpxtpx:hr>
          </gpxtpx:TrackPointExtension>
        </extensions>
      </trkpt>
      <trkpt lat="32.38700293627694" lon="119.44413762487126">
        <ele>12.155851530842483</ele>
        <time>2025-10-04T02:12:39.900000Z</time>
        <extensions>
          <gpxtpx:TrackPointExtension>
            <gpxtpx:hr>100</gpxtpx:hr>
          </gpxtpx:TrackPointExtension>
        </extensions>
      </trkpt>
      <trkpt lat="32.38700270410323" lon="119.44413957851906">
        <ele>12.133408605121076</ele>
        <time>2025-10-04T02:12:40.900000Z</time>
        <extensions>
          <gpxtpx:TrackPointExtension>
            <gpxtpx:hr>100</gpxtpx:hr>
          </gpxtpx:TrackPointExtension>
        </extensions>
      </trkpt>
      <trkpt lat="32.38700246757607" lon="119.4441417222239">
        <ele>12.11162494495511</ele>
        <time>2025-10-04T02:12:41.900000Z</time>
        <extensions>
          <gpxtpx:TrackPointExtension>
            <gpxtpx:hr>100</gpxtpx:hr>
          </gpxtpx:TrackPointExtension>
        </extensions>
      </trkpt>
      <trkpt lat="32.38700221879805" lon="119.44414407297961">
        <ele>12.09077217336744</ele>
        <time>2025-10-04T02:12:42.900000Z</time>
        <extensions>
          <gpxtpx:TrackPointExtension>
            <gpxtpx:hr>100</gpxtpx:hr>
          </gpxtpx:TrackPointExtension>
        </extensions>
      </trkpt>
      <trkpt lat="32.38700198244051" lon="119.4441466408221">
        <ele>12.070953466929495</ele>
        <time>2025-10-04T02:12:43.900000Z</time>
        <extensions>
          <gpxtpx:TrackPointExtension>
            <gpxtpx:hr>100</gpxtpx:hr>
          </gpxtpx:TrackPointExtension>
        </extensions>
      </trkpt>
      <trkpt lat="32.387001741116464" lon="119.44414945025633">
        <ele>12.052264835685492</ele>
        <time>2025-10-04T02:12:44.900000Z</time>
        <extensions>
          <gpxtpx:TrackPointExtension>
            <gpxtpx:hr>100</gpxtpx:hr>
          </gpxtpx:TrackPointExtension>
        </extensions>
      </trkpt>
      <trkpt lat="32.38700154993983" lon="119.44415250025098">
        <ele>12.034504951909184</ele>
        <time>2025-10-04T02:12:45.900000Z</time>
        <extensions>
          <gpxtpx:TrackPointExtension>
            <gpxtpx:hr>100</gpxtpx:hr>
          </gpxtpx:TrackPointExtension>
        </extensions>
      </trkpt>
      <trkpt lat="32.387001413727134" lon="119.44415581165505">
        <ele>12.017921378836036</ele>
        <time>2025-10-04T02:12:46.900000Z</time>
        <extensions>
          <gpxtpx:TrackPointExtension>
            <gpxtpx:hr>100</gpxtpx:hr>
          </gpxtpx:TrackPointExtension>
        </extensions>
      </trkpt>
      <trkpt lat="32.387001326111225" lon="119.4441594215598">
        <ele>12.002361560240388</ele>
        <time>2025-10-04T02:12:47.900000Z</time>
        <extensions>
          <gpxtpx:TrackPointExtension>
            <gpxtpx:hr>100</gpxtpx:hr>
          </gpxtpx:TrackPointExtension>
        </extensions>
      </trkpt>
      <trkpt lat="32.38700133235693" lon="119.44416331171972">
        <ele>11.988197947852314</ele>
        <time>2025-10-04T02:12:48.900000Z</time>
        <extensions>
          <gpxtpx:TrackPointExtension>
            <gpxtpx:hr>103</gpxtpx:hr>
          </gpxtpx:TrackPointExtension>
        </extensions>
      </trkpt>
      <trkpt lat="32.38700140964378" lon="119.44416752004443">
        <ele>11.974780548363924</ele>
        <time>2025-10-04T02:12:49.900000Z</time>
        <extensions>
          <gpxtpx:TrackPointExtension>
            <gpxtpx:hr>103</gpxtpx:hr>
          </gpxtpx:TrackPointExtension>
        </extensions>
      </trkpt>
      <trkpt lat="32.387001439383454" lon="119.44417199882253">
        <ele>11.962465501390398</ele>
        <time>2025-10-04T02:12:50.900000Z</time>
        <extensions>
          <gpxtpx:TrackPointExtension>
            <gpxtpx:hr>103</gpxtpx:hr>
          </gpxtpx:TrackPointExtension>
        </extensions>
      </trkpt>
      <trkpt lat="32.38700147196059" lon="119.4441767686586">
        <ele>11.951308750547469</ele>
        <time>2025-10-04T02:12:51.900000Z</time>
        <extensions>
          <gpxtpx:TrackPointExtension>
            <gpxtpx:hr>103</gpxtpx:hr>
          </gpxtpx:TrackPointExtension>
        </extensions>
      </trkpt>
      <trkpt lat="32.387001524197956" lon="119.44418184142901">
        <ele>11.941388166509569</ele>
        <time>2025-10-04T02:12:52.900000Z</time>
        <extensions>
          <gpxtpx:TrackPointExtension>
            <gpxtpx:hr>103</gpxtpx:hr>
          </gpxtpx:TrackPointExtension>
        </extensions>
      </trkpt>
      <trkpt lat="32.38700159386045" lon="119.44418722018264">
        <ele>11.932736597955227</ele>
        <time>2025-10-04T02:12:53.900000Z</time>
        <extensions>
          <gpxtpx:TrackPointExtension>
            <gpxtpx:hr>103</gpxtpx:hr>
          </gpxtpx:TrackPointExtension>
        </extensions>
      </trkpt>
      <trkpt lat="32.3870017127215" lon="119.44419289918437">
        <ele>11.92553944978863</ele>
        <time>2025-10-04T02:12:54.900000Z</time>
        <extensions>
          <gpxtpx:TrackPointExtension>
            <gpxtpx:hr>103</gpxtpx:hr>
          </gpxtpx:TrackPointExtension>
        </extensions>
      </trkpt>
      <trkpt lat="32.38700186688696" lon="119.44419887174058">
        <ele>11.919476790353656</ele>
        <time>2025-10-04T02:12:55.900000Z</time>
        <extensions>
          <gpxtpx:TrackPointExtension>
            <gpxtpx:hr>100</gpxtpx:hr>
          </gpxtpx:TrackPointExtension>
        </extensions>
      </trkpt>
      <trkpt lat="32.3870020058338" lon="119.44420515080338">
        <ele>11.914149474352598</ele>
        <time>2025-10-04T02:12:56.900000Z</time>
        <extensions>
          <gpxtpx:TrackPointExtension>
            <gpxtpx:hr>100</gpxtpx:hr>
          </gpxtpx:TrackPointExtension>
        </extensions>
      </trkpt>
      <trkpt lat="32.38700210136564" lon="119.44421169177654">
        <ele>11.910604558885098</ele>
        <time>2025-10-04T02:12:57.900000Z</time>
        <extensions>
          <gpxtpx:TrackPointExtension>
            <gpxtpx:hr>100</gpxtpx:hr>
          </gpxtpx:TrackPointExtension>
        </extensions>
      </trkpt>
      <trkpt lat="32.387002099343285" lon="119.4442184866368">
        <ele>11.908491953276098</ele>
        <time>2025-10-04T02:12:58.900000Z</time>
        <extensions>
          <gpxtpx:TrackPointExtension>
            <gpxtpx:hr>100</gpxtpx:hr>
          </gpxtpx:TrackPointExtension>
        </extensions>
      </trkpt>
      <trkpt lat="32.387001979996604" lon="119.44422554280807">
        <ele>11.907490877434611</ele>
        <time>2025-10-04T02:12:59.900000Z</time>
        <extensions>
          <gpxtpx:TrackPointExtension>
            <gpxtpx:hr>100</gpxtpx:hr>
          </gpxtpx:TrackPointExtension>
        </extensions>
      </trkpt>
      <trkpt lat="32.387001668913605" lon="119.44423286276088">
        <ele>11.9076232817024</ele>
        <time>2025-10-04T02:13:00.900000Z</time>
        <extensions>
          <gpxtpx:TrackPointExtension>
            <gpxtpx:hr>100</gpxtpx:hr>
          </gpxtpx:TrackPointExtension>
        </extensions>
      </trkpt>
      <trkpt lat="32.38700119521665" lon="119.44424040332558">
        <ele>11.90874394774437</ele>
        <time>2025-10-04T02:13:01.900000Z</time>
        <extensions>
          <gpxtpx:TrackPointExtension>
            <gpxtpx:hr>100</gpxtpx:hr>
          </gpxtpx:TrackPointExtension>
        </extensions>
      </trkpt>
      <trkpt lat="32.387000515857444" lon="119.44424812218077">
        <ele>11.911004146561027</ele>
        <time>2025-10-04T02:13:02.900000Z</time>
        <extensions>
          <gpxtpx:TrackPointExtension>
            <gpxtpx:hr>102</gpxtpx:hr>
          </gpxtpx:TrackPointExtension>
        </extensions>
      </trkpt>
      <trkpt lat="32.386999586298714" lon="119.4442559731393">
        <ele>11.914679843001068</ele>
        <time>2025-10-04T02:13:03.900000Z</time>
        <extensions>
          <gpxtpx:TrackPointExtension>
            <gpxtpx:hr>102</gpxtpx:hr>
          </gpxtpx:TrackPointExtension>
        </extensions>
      </trkpt>
      <trkpt lat="32.386998404990074" lon="119.44426390071726">
        <ele>11.919302410446107</ele>
        <time>2025-10-04T02:13:04.900000Z</time>
        <extensions>
          <gpxtpx:TrackPointExtension>
            <gpxtpx:hr>102</gpxtpx:hr>
          </gpxtpx:TrackPointExtension>
        </extensions>
      </trkpt>
      <trkpt lat="32.386996936098704" lon="119.4442718516921">
        <ele>11.924886006861925</ele>
        <time>2025-10-04T02:13:05.900000Z</time>
        <extensions>
          <gpxtpx:TrackPointExtension>
            <gpxtpx:hr>102</gpxtpx:hr>
          </gpxtpx:TrackPointExtension>
        </extensions>
      </trkpt>
      <trkpt lat="32.38699514378789" lon="119.44427980186681">
        <ele>11.93208583816886</ele>
        <time>2025-10-04T02:13:06.900000Z</time>
        <extensions>
          <gpxtpx:TrackPointExtension>
            <gpxtpx:hr>102</gpxtpx:hr>
          </gpxtpx:TrackPointExtension>
        </extensions>
      </trkpt>
      <trkpt lat="32.38699301344695" lon="119.44428768876769">
        <ele>11.939988657832146</ele>
        <time>2025-10-04T02:13:07.900000Z</time>
        <extensions>
          <gpxtpx:TrackPointExtension>
            <gpxtpx:hr>102</gpxtpx:hr>
          </gpxtpx:TrackPointExtension>
        </extensions>
      </trkpt>
      <trkpt lat="32.38699058999126" lon="119.44429551733607">
        <ele>11.949098096229136</ele>
        <time>2025-10-04T02:13:08.900000Z</time>
        <extensions>
          <gpxtpx:TrackPointExtension>
            <gpxtpx:hr>102</gpxtpx:hr>
          </gpxtpx:TrackPointExtension>
        </extensions>
      </trkpt>
      <trkpt lat="32.38698784960571" lon="119.44430326996425">
        <ele>11.95920395385474</ele>
        <time>2025-10-04T02:13:09.900000Z</time>
        <extensions>
          <gpxtpx:TrackPointExtension>
            <gpxtpx:hr>110</gpxtpx:hr>
          </gpxtpx:TrackPointExtension>
        </extensions>
      </trkpt>
      <trkpt lat="32.38698479869913" lon="119.44431090463279">
        <ele>11.970734727568924</ele>
        <time>2025-10-04T02:13:10.900000Z</time>
        <extensions>
          <gpxtpx:TrackPointExtension>
            <gpxtpx:hr>110</gpxtpx:hr>
          </gpxtpx:TrackPointExtension>
        </extensions>
      </trkpt>
      <trkpt lat="32.386981376079525" lon="119.44431835593906">
        <ele>11.983596540056169</ele>
        <time>2025-10-04T02:13:11.900000Z</time>
        <extensions>
          <gpxtpx:TrackPointExtension>
            <gpxtpx:hr>110</gpxtpx:hr>
          </gpxtpx:TrackPointExtension>
        </extensions>
      </trkpt>
      <trkpt lat="32.38697758907067" lon="119.44432556338568">
        <ele>11.99751927703619</ele>
        <time>2025-10-04T02:13:12.900000Z</time>
        <extensions>
          <gpxtpx:TrackPointExtension>
            <gpxtpx:hr>110</gpxtpx:hr>
          </gpxtpx:TrackPointExtension>
        </extensions>
      </trkpt>
      <trkpt lat="32.38697341243827" lon="119.44433250521156">
        <ele>12.01215572655201</ele>
        <time>2025-10-04T02:13:13.900000Z</time>
        <extensions>
          <gpxtpx:TrackPointExtension>
            <gpxtpx:hr>110</gpxtpx:hr>
          </gpxtpx:TrackPointExtension>
        </extensions>
      </trkpt>
      <trkpt lat="32.38696885047041" lon="119.44433917913354">
        <ele>12.027205073274672</ele>
        <time>2025-10-04T02:13:14.900000Z</time>
        <extensions>
          <gpxtpx:TrackPointExtension>
            <gpxtpx:hr>110</gpxtpx:hr>
          </gpxtpx:TrackPointExtension>
        </extensions>
      </trkpt>
      <trkpt lat="32.386963927784926" lon="119.44434558264777">
        <ele>12.042745406739414</ele>
        <time>2025-10-04T02:13:15.900000Z</time>
        <extensions>
          <gpxtpx:TrackPointExtension>
            <gpxtpx:hr>110</gpxtpx:hr>
          </gpxtpx:TrackPointExtension>
        </extensions>
      </trkpt>
      <trkpt lat="32.38695861147068" lon="119.44435167311141">
        <ele>12.058224043808877</ele>
        <time>2025-10-04T02:13:16.900000Z</time>
        <extensions>
          <gpxtpx:TrackPointExtension>
            <gpxtpx:hr>110</gpxtpx:hr>
          </gpxtpx:TrackPointExtension>
        </extensions>
      </trkpt>
      <trkpt lat="32.3869530062391" lon="119.44435746159525">
        <ele>12.073889632709324</ele>
        <time>2025-10-04T02:13:17.900000Z</time>
        <extensions>
          <gpxtpx:TrackPointExtension>
            <gpxtpx:hr>110</gpxtpx:hr>
          </gpxtpx:TrackPointExtension>
        </extensions>
      </trkpt>
      <trkpt lat="32.38694695039876" lon="119.44436292451205">
        <ele>12.089729766361415</ele>
        <time>2025-10-04T02:13:18.900000Z</time>
        <extensions>
          <gpxtpx:TrackPointExtension>
            <gpxtpx:hr>110</gpxtpx:hr>
          </gpxtpx:TrackPointExtension>
        </extensions>
      </trkpt>
      <trkpt lat="32.38694050856441" lon="119.44436806808736">
        <ele>12.105543022044003</ele>
        <time>2025-10-04T02:13:19.900000Z</time>
        <extensions>
          <gpxtpx:TrackPointExtension>
            <gpxtpx:hr>105</gpxtpx:hr>
          </gpxtpx:TrackPointExtension>
        </extensions>
      </trkpt>
      <trkpt lat="32.38693374910098" lon="119.4443728810282">
        <ele>12.121202445589006</ele>
        <time>2025-10-04T02:13:20.900000Z</time>
        <extensions>
          <gpxtpx:TrackPointExtension>
            <gpxtpx:hr>105</gpxtpx:hr>
          </gpxtpx:TrackPointExtension>
        </extensions>
      </trkpt>
      <trkpt lat="32.386926632122716" lon="119.4443773756996">
        <ele>12.136815062724054</ele>
        <time>2025-10-04T02:13:21.900000Z</time>
        <extensions>
          <gpxtpx:TrackPointExtension>
            <gpxtpx:hr>105</gpxtpx:hr>
          </gpxtpx:TrackPointExtension>
        </extensions>
      </trkpt>
      <trkpt lat="32.38691923155611" lon="119.44438156442833">
        <ele>12.152277230285108</ele>
        <time>2025-10-04T02:13:22.900000Z</time>
        <extensions>
          <gpxtpx:TrackPointExtension>
            <gpxtpx:hr>105</gpxtpx:hr>
          </gpxtpx:TrackPointExtension>
        </extensions>
      </trkpt>
      <trkpt lat="32.38691155540172" lon="119.44438545163095">
        <ele>12.167287586256862</ele>
        <time>2025-10-04T02:13:23.900000Z</time>
        <extensions>
          <gpxtpx:TrackPointExtension>
            <gpxtpx:hr>105</gpxtpx:hr>
          </gpxtpx:TrackPointExtension>
        </extensions>
      </trkpt>
      <trkpt lat="32.38690367130513" lon="119.44438903507954">
        <ele>12.18192313797772</ele>
        <time>2025-10-04T02:13:24.900000Z</time>
        <extensions>
          <gpxtpx:TrackPointExtension>
            <gpxtpx:hr>105</gpxtpx:hr>
          </gpxtpx:TrackPointExtension>
        </extensions>
      </trkpt>
      <trkpt lat="32.38689554580696" lon="119.44439233716719">
        <ele>12.195640795864165</ele>
        <time>2025-10-04T02:13:25.900000Z</time>
        <extensions>
          <gpxtpx:TrackPointExtension>
            <gpxtpx:hr>105</gpxtpx:hr>
          </gpxtpx:TrackPointExtension>
        </extensions>
      </trkpt>
      <trkpt lat="32.38688719649592" lon="119.44439537948256">
        <ele>12.209676438011229</ele>
        <time>2025-10-04T02:13:26.900000Z</time>
        <extensions>
          <gpxtpx:TrackPointExtension>
            <gpxtpx:hr>105</gpxtpx:hr>
          </gpxtpx:TrackPointExtension>
        </extensions>
      </trkpt>
      <trkpt lat="32.38687861064247" lon="119.4443981789912">
        <ele>12.222854983061552</ele>
        <time>2025-10-04T02:13:27.900000Z</time>
        <extensions>
          <gpxtpx:TrackPointExtension>
            <gpxtpx:hr>105</gpxtpx:hr>
          </gpxtpx:TrackPointExtension>
        </extensions>
      </trkpt>
      <trkpt lat="32.38686987631204" lon="119.44440075466548">
        <ele>12.235632992349565</ele>
        <time>2025-10-04T02:13:28.900000Z</time>
        <extensions>
          <gpxtpx:TrackPointExtension>
            <gpxtpx:hr>105</gpxtpx:hr>
          </gpxtpx:TrackPointExtension>
        </extensions>
      </trkpt>
      <trkpt lat="32.38686093646355" lon="119.44440316229903">
        <ele>12.247357498854399</ele>
        <time>2025-10-04T02:13:29.900000Z</time>
        <extensions>
          <gpxtpx:TrackPointExtension>
            <gpxtpx:hr>105</gpxtpx:hr>
          </gpxtpx:TrackPointExtension>
        </extensions>
      </trkpt>
      <trkpt lat="32.3868518520925" lon="119.44440538161471">
        <ele>12.25837580487132</ele>
        <time>2025-10-04T02:13:30.900000Z</time>
        <extensions>
          <gpxtpx:TrackPointExtension>
            <gpxtpx:hr>105</gpxtpx:hr>
          </gpxtpx:TrackPointExtension>
        </extensions>
      </trkpt>
      <trkpt lat="32.38684265428412" lon="119.44440743063703">
        <ele>12.268587356433272</ele>
        <time>2025-10-04T02:13:31.900000Z</time>
        <extensions>
          <gpxtpx:TrackPointExtension>
            <gpxtpx:hr>105</gpxtpx:hr>
          </gpxtpx:TrackPointExtension>
        </extensions>
      </trkpt>
      <trkpt lat="32.386833305374466" lon="119.44440931997657">
        <ele>12.278413114137948</ele>
        <time>2025-10-04T02:13:32.900000Z</time>
        <extensions>
          <gpxtpx:TrackPointExtension>
            <gpxtpx:hr>109</gpxtpx:hr>
          </gpxtpx:TrackPointExtension>
        </extensions>
      </trkpt>
      <trkpt lat="32.38682376060429" lon="119.44441106782034">
        <ele>12.287519709207118</ele>
        <time>2025-10-04T02:13:33.900000Z</time>
        <extensions>
          <gpxtpx:TrackPointExtension>
            <gpxtpx:hr>109</gpxtpx:hr>
          </gpxtpx:TrackPointExtension>
        </extensions>
      </trkpt>
      <trkpt lat="32.38681399253028" lon="119.44441266725782">
        <ele>12.295784273184836</ele>
        <time>2025-10-04T02:13:34.900000Z</time>
        <extensions>
          <gpxtpx:TrackPointExtension>
            <gpxtpx:hr>109</gpxtpx:hr>
          </gpxtpx:TrackPointExtension>
        </extensions>
      </trkpt>
      <trkpt lat="32.386804048118094" lon="119.4444141343193">
        <ele>12.30319887213409</ele>
        <time>2025-10-04T02:13:35.900000Z</time>
        <extensions>
          <gpxtpx:TrackPointExtension>
            <gpxtpx:hr>109</gpxtpx:hr>
          </gpxtpx:TrackPointExtension>
        </extensions>
      </trkpt>
      <trkpt lat="32.386793852160885" lon="119.44441547389039">
        <ele>12.310458621010184</ele>
        <time>2025-10-04T02:13:36.900000Z</time>
        <extensions>
          <gpxtpx:TrackPointExtension>
            <gpxtpx:hr>109</gpxtpx:hr>
          </gpxtpx:TrackPointExtension>
        </extensions>
      </trkpt>
      <trkpt lat="32.38678338776387" lon="119.44441661850081">
        <ele>12.316930051892996</ele>
        <time>2025-10-04T02:13:37.900000Z</time>
        <extensions>
          <gpxtpx:TrackPointExtension>
            <gpxtpx:hr>109</gpxtpx:hr>
          </gpxtpx:TrackPointExtension>
        </extensions>
      </trkpt>
      <trkpt lat="32.386772627782165" lon="119.44441759732145">
        <ele>12.32300435937941</ele>
        <time>2025-10-04T02:13:38.900000Z</time>
        <extensions>
          <gpxtpx:TrackPointExtension>
            <gpxtpx:hr>109</gpxtpx:hr>
          </gpxtpx:TrackPointExtension>
        </extensions>
      </trkpt>
      <trkpt lat="32.386761765081864" lon="119.44441847866771">
        <ele>12.328171690925956</ele>
        <time>2025-10-04T02:13:39.900000Z</time>
        <extensions>
          <gpxtpx:TrackPointExtension>
            <gpxtpx:hr>107</gpxtpx:hr>
          </gpxtpx:TrackPointExtension>
        </extensions>
      </trkpt>
      <trkpt lat="32.38675079628667" lon="119.4444192796283">
        <ele>12.332867212593555</ele>
        <time>2025-10-04T02:13:40.900000Z</time>
        <extensions>
          <gpxtpx:TrackPointExtension>
            <gpxtpx:hr>107</gpxtpx:hr>
          </gpxtpx:TrackPointExtension>
        </extensions>
      </trkpt>
      <trkpt lat="32.38673971393401" lon="119.44441999296907">
        <ele>12.336745267733932</ele>
        <time>2025-10-04T02:13:41.900000Z</time>
        <extensions>
          <gpxtpx:TrackPointExtension>
            <gpxtpx:hr>107</gpxtpx:hr>
          </gpxtpx:TrackPointExtension>
        </extensions>
      </trkpt>
      <trkpt lat="32.38672853255743" lon="119.44442061824118">
        <ele>12.33982705604285</ele>
        <time>2025-10-04T02:13:42.900000Z</time>
        <extensions>
          <gpxtpx:TrackPointExtension>
            <gpxtpx:hr>107</gpxtpx:hr>
          </gpxtpx:TrackPointExtension>
        </extensions>
      </trkpt>
      <trkpt lat="32.3867172484454" lon="119.44442116134915">
        <ele>12.341992548666894</ele>
        <time>2025-10-04T02:13:43.900000Z</time>
        <extensions>
          <gpxtpx:TrackPointExtension>
            <gpxtpx:hr>107</gpxtpx:hr>
          </gpxtpx:TrackPointExtension>
        </extensions>
      </trkpt>
      <trkpt lat="32.3867058521406" lon="119.44442162018625">
        <ele>12.343513370491564</ele>
        <time>2025-10-04T02:13:44.900000Z</time>
        <extensions>
          <gpxtpx:TrackPointExtension>
            <gpxtpx:hr>104</gpxtpx:hr>
          </gpxtpx:TrackPointExtension>
        </extensions>
      </trkpt>
      <trkpt lat="32.386694365835154" lon="119.44442204117472">
        <ele>12.344397318549454</ele>
        <time>2025-10-04T02:13:45.900000Z</time>
        <extensions>
          <gpxtpx:TrackPointExtension>
            <gpxtpx:hr>104</gpxtpx:hr>
          </gpxtpx:TrackPointExtension>
        </extensions>
      </trkpt>
      <trkpt lat="32.38668285138248" lon="119.44442239204612">
        <ele>12.344520683400333</ele>
        <time>2025-10-04T02:13:46.900000Z</time>
        <extensions>
          <gpxtpx:TrackPointExtension>
            <gpxtpx:hr>104</gpxtpx:hr>
          </gpxtpx:TrackPointExtension>
        </extensions>
      </trkpt>
      <trkpt lat="32.38667136266767" lon="119.44442268340093">
        <ele>12.343714697286487</ele>
        <time>2025-10-04T02:13:47.900000Z</time>
        <extensions>
          <gpxtpx:TrackPointExtension>
            <gpxtpx:hr>104</gpxtpx:hr>
          </gpxtpx:TrackPointExtension>
        </extensions>
      </trkpt>
      <trkpt lat="32.386659927988674" lon="119.44442293488385">
        <ele>12.342118352651596</ele>
        <time>2025-10-04T02:13:48.900000Z</time>
        <extensions>
          <gpxtpx:TrackPointExtension>
            <gpxtpx:hr>104</gpxtpx:hr>
          </gpxtpx:TrackPointExtension>
        </extensions>
      </trkpt>
      <trkpt lat="32.38664857531644" lon="119.44442315896417">
        <ele>12.339411762543023</ele>
        <time>2025-10-04T02:13:49.900000Z</time>
        <extensions>
          <gpxtpx:TrackPointExtension>
            <gpxtpx:hr>104</gpxtpx:hr>
          </gpxtpx:TrackPointExtension>
        </extensions>
      </trkpt>
      <trkpt lat="32.38663733201931" lon="119.44442334954992">
        <ele>12.335566544905305</ele>
        <time>2025-10-04T02:13:50.900000Z</time>
        <extensions>
          <gpxtpx:TrackPointExtension>
            <gpxtpx:hr>104</gpxtpx:hr>
          </gpxtpx:TrackPointExtension>
        </extensions>
      </trkpt>
      <trkpt lat="32.386626226920846" lon="119.44442351509376">
        <ele>12.331050206907094</ele>
        <time>2025-10-04T02:13:51.900000Z</time>
        <extensions>
          <gpxtpx:TrackPointExtension>
            <gpxtpx:hr>104</gpxtpx:hr>
          </gpxtpx:TrackPointExtension>
        </extensions>
      </trkpt>
      <trkpt lat="32.38661527535312" lon="119.44442367123972">
        <ele>12.325161240063608</ele>
        <time>2025-10-04T02:13:52.900000Z</time>
        <extensions>
          <gpxtpx:TrackPointExtension>
            <gpxtpx:hr>104</gpxtpx:hr>
          </gpxtpx:TrackPointExtension>
        </extensions>
      </trkpt>
      <trkpt lat="32.38660441537765" lon="119.44442380435332">
        <ele>12.317781218327582</ele>
        <time>2025-10-04T02:13:53.900000Z</time>
        <extensions>
          <gpxtpx:TrackPointExtension>
            <gpxtpx:hr>105</gpxtpx:hr>
          </gpxtpx:TrackPointExtension>
        </extensions>
      </trkpt>
      <trkpt lat="32.386593667221184" lon="119.44442391930752">
        <ele>12.30879866797477</ele>
        <time>2025-10-04T02:13:54.900000Z</time>
        <extensions>
          <gpxtpx:TrackPointExtension>
            <gpxtpx:hr>105</gpxtpx:hr>
          </gpxtpx:TrackPointExtension>
        </extensions>
      </trkpt>
      <trkpt lat="32.386583048938014" lon="119.44442403619146">
        <ele>12.29830723721534</ele>
        <time>2025-10-04T02:13:55.900000Z</time>
        <extensions>
          <gpxtpx:TrackPointExtension>
            <gpxtpx:hr>105</gpxtpx:hr>
          </gpxtpx:TrackPointExtension>
        </extensions>
      </trkpt>
      <trkpt lat="32.38657250895771" lon="119.44442416625918">
        <ele>12.28629232570529</ele>
        <time>2025-10-04T02:13:56.900000Z</time>
        <extensions>
          <gpxtpx:TrackPointExtension>
            <gpxtpx:hr>105</gpxtpx:hr>
          </gpxtpx:TrackPointExtension>
        </extensions>
      </trkpt>
      <trkpt lat="32.386562104604685" lon="119.44442434171336">
        <ele>12.272771799005568</ele>
        <time>2025-10-04T02:13:57.900000Z</time>
        <extensions>
          <gpxtpx:TrackPointExtension>
            <gpxtpx:hr>105</gpxtpx:hr>
          </gpxtpx:TrackPointExtension>
        </extensions>
      </trkpt>
      <trkpt lat="32.38655185027014" lon="119.44442456378148">
        <ele>12.257752861827612</ele>
        <time>2025-10-04T02:13:58.900000Z</time>
        <extensions>
          <gpxtpx:TrackPointExtension>
            <gpxtpx:hr>105</gpxtpx:hr>
          </gpxtpx:TrackPointExtension>
        </extensions>
      </trkpt>
      <trkpt lat="32.38654174771919" lon="119.44442482849092">
        <ele>12.241352918557823</ele>
        <time>2025-10-04T02:13:59.900000Z</time>
        <extensions>
          <gpxtpx:TrackPointExtension>
            <gpxtpx:hr>105</gpxtpx:hr>
          </gpxtpx:TrackPointExtension>
        </extensions>
      </trkpt>
      <trkpt lat="32.386531829864154" lon="119.44442517778549">
        <ele>12.223754888400435</ele>
        <time>2025-10-04T02:14:00.900000Z</time>
        <extensions>
          <gpxtpx:TrackPointExtension>
            <gpxtpx:hr>106</gpxtpx:hr>
          </gpxtpx:TrackPointExtension>
        </extensions>
      </trkpt>
      <trkpt lat="32.38652212475828" lon="119.44442558523902">
        <ele>12.205062505789101</ele>
        <time>2025-10-04T02:14:01.900000Z</time>
        <extensions>
          <gpxtpx:TrackPointExtension>
            <gpxtpx:hr>106</gpxtpx:hr>
          </gpxtpx:TrackPointExtension>
        </extensions>
      </trkpt>
      <trkpt lat="32.38651262775595" lon="119.44442608213791">
        <ele>12.185597539879382</ele>
        <time>2025-10-04T02:14:02.900000Z</time>
        <extensions>
          <gpxtpx:TrackPointExtension>
            <gpxtpx:hr>106</gpxtpx:hr>
          </gpxtpx:TrackPointExtension>
        </extensions>
      </trkpt>
      <trkpt lat="32.38650336059345" lon="119.44442665061912">
        <ele>12.164929834194481</ele>
        <time>2025-10-04T02:14:03.900000Z</time>
        <extensions>
          <gpxtpx:TrackPointExtension>
            <gpxtpx:hr>106</gpxtpx:hr>
          </gpxtpx:TrackPointExtension>
        </extensions>
      </trkpt>
      <trkpt lat="32.386494327134756" lon="119.44442728218559">
        <ele>12.143532836809754</ele>
        <time>2025-10-04T02:14:04.900000Z</time>
        <extensions>
          <gpxtpx:TrackPointExtension>
            <gpxtpx:hr>106</gpxtpx:hr>
          </gpxtpx:TrackPointExtension>
        </extensions>
      </trkpt>
      <trkpt lat="32.38648550567593" lon="119.44442796359124">
        <ele>12.121566473506391</ele>
        <time>2025-10-04T02:14:05.900000Z</time>
        <extensions>
          <gpxtpx:TrackPointExtension>
            <gpxtpx:hr>106</gpxtpx:hr>
          </gpxtpx:TrackPointExtension>
        </extensions>
      </trkpt>
      <trkpt lat="32.38647689183006" lon="119.44442868557043">
        <ele>12.098975881934166</ele>
        <time>2025-10-04T02:14:06.900000Z</time>
        <extensions>
          <gpxtpx:TrackPointExtension>
            <gpxtpx:hr>106</gpxtpx:hr>
          </gpxtpx:TrackPointExtension>
        </extensions>
      </trkpt>
      <trkpt lat="32.38646846383267" lon="119.44442944587915">
        <ele>12.075883279554546</ele>
        <time>2025-10-04T02:14:07.900000Z</time>
        <extensions>
          <gpxtpx:TrackPointExtension>
            <gpxtpx:hr>106</gpxtpx:hr>
          </gpxtpx:TrackPointExtension>
        </extensions>
      </trkpt>
      <trkpt lat="32.386460252765914" lon="119.44443022308938">
        <ele>12.052331509068608</ele>
        <time>2025-10-04T02:14:08.900000Z</time>
        <extensions>
          <gpxtpx:TrackPointExtension>
            <gpxtpx:hr>106</gpxtpx:hr>
          </gpxtpx:TrackPointExtension>
        </extensions>
      </trkpt>
      <trkpt lat="32.38645226584576" lon="119.44443101031766">
        <ele>12.028253203257918</ele>
        <time>2025-10-04T02:14:09.900000Z</time>
        <extensions>
          <gpxtpx:TrackPointExtension>
            <gpxtpx:hr>106</gpxtpx:hr>
          </gpxtpx:TrackPointExtension>
        </extensions>
      </trkpt>
      <trkpt lat="32.38644449448108" lon="119.44443178511735">
        <ele>12.004005474969745</ele>
        <time>2025-10-04T02:14:10.900000Z</time>
        <extensions>
          <gpxtpx:TrackPointExtension>
            <gpxtpx:hr>106</gpxtpx:hr>
          </gpxtpx:TrackPointExtension>
        </extensions>
      </trkpt>
      <trkpt lat="32.386436905961475" lon="119.44443255203466">
        <ele>11.979721342213452</ele>
        <time>2025-10-04T02:14:11.900000Z</time>
        <extensions>
          <gpxtpx:TrackPointExtension>
            <gpxtpx:hr>106</gpxtpx:hr>
          </gpxtpx:TrackPointExtension>
        </extensions>
      </trkpt>
      <trkpt lat="32.386429491162936" lon="119.44443330401924">
        <ele>11.955441345460713</ele>
        <time>2025-10-04T02:14:12.900000Z</time>
        <extensions>
          <gpxtpx:TrackPointExtension>
            <gpxtpx:hr>106</gpxtpx:hr>
          </gpxtpx:TrackPointExtension>
        </extensions>
      </trkpt>
      <trkpt lat="32.386422233226305" lon="119.4444340158732">
        <ele>11.931395777501166</ele>
        <time>2025-10-04T02:14:13.900000Z</time>
        <extensions>
          <gpxtpx:TrackPointExtension>
            <gpxtpx:hr>104</gpxtpx:hr>
          </gpxtpx:TrackPointExtension>
        </extensions>
      </trkpt>
      <trkpt lat="32.38641512491132" lon="119.44443470424338">
        <ele>11.907594493590295</ele>
        <time>2025-10-04T02:14:14.900000Z</time>
        <extensions>
          <gpxtpx:TrackPointExtension>
            <gpxtpx:hr>104</gpxtpx:hr>
          </gpxtpx:TrackPointExtension>
        </extensions>
      </trkpt>
      <trkpt lat="32.386408190639855" lon="119.44443534895161">
        <ele>11.884112711064517</ele>
        <time>2025-10-04T02:14:15.900000Z</time>
        <extensions>
          <gpxtpx:TrackPointExtension>
            <gpxtpx:hr>104</gpxtpx:hr>
          </gpxtpx:TrackPointExtension>
        </extensions>
      </trkpt>
      <trkpt lat="32.3864014715474" lon="119.44443594954889">
        <ele>11.860996133647859</ele>
        <time>2025-10-04T02:14:16.900000Z</time>
        <extensions>
          <gpxtpx:TrackPointExtension>
            <gpxtpx:hr>104</gpxtpx:hr>
          </gpxtpx:TrackPointExtension>
        </extensions>
      </trkpt>
      <trkpt lat="32.386394996019405" lon="119.44443651296055">
        <ele>11.83851993829012</ele>
        <time>2025-10-04T02:14:17.900000Z</time>
        <extensions>
          <gpxtpx:TrackPointExtension>
            <gpxtpx:hr>104</gpxtpx:hr>
          </gpxtpx:TrackPointExtension>
        </extensions>
      </trkpt>
      <trkpt lat="32.38638878180485" lon="119.44443704031775">
        <ele>11.816542414948344</ele>
        <time>2025-10-04T02:14:18.900000Z</time>
        <extensions>
          <gpxtpx:TrackPointExtension>
            <gpxtpx:hr>104</gpxtpx:hr>
          </gpxtpx:TrackPointExtension>
        </extensions>
      </trkpt>
      <trkpt lat="32.38638283826313" lon="119.44443751830005">
        <ele>11.795138693414629</ele>
        <time>2025-10-04T02:14:19.900000Z</time>
        <extensions>
          <gpxtpx:TrackPointExtension>
            <gpxtpx:hr>104</gpxtpx:hr>
          </gpxtpx:TrackPointExtension>
        </extensions>
      </trkpt>
      <trkpt lat="32.38637717797414" lon="119.44443794262995">
        <ele>11.774554492905736</ele>
        <time>2025-10-04T02:14:20.900000Z</time>
        <extensions>
          <gpxtpx:TrackPointExtension>
            <gpxtpx:hr>103</gpxtpx:hr>
          </gpxtpx:TrackPointExtension>
        </extensions>
      </trkpt>
      <trkpt lat="32.38637179378753" lon="119.44443833714898">
        <ele>11.754611558280885</ele>
        <time>2025-10-04T02:14:21.900000Z</time>
        <extensions>
          <gpxtpx:TrackPointExtension>
            <gpxtpx:hr>103</gpxtpx:hr>
          </gpxtpx:TrackPointExtension>
        </extensions>
      </trkpt>
      <trkpt lat="32.386366733139084" lon="119.44443867448248">
        <ele>11.735115784220397</ele>
        <time>2025-10-04T02:14:22.900000Z</time>
        <extensions>
          <gpxtpx:TrackPointExtension>
            <gpxtpx:hr>103</gpxtpx:hr>
          </gpxtpx:TrackPointExtension>
        </extensions>
      </trkpt>
      <trkpt lat="32.38636203134627" lon="119.44443896343246">
        <ele>11.716290994547307</ele>
        <time>2025-10-04T02:14:23.900000Z</time>
        <extensions>
          <gpxtpx:TrackPointExtension>
            <gpxtpx:hr>103</gpxtpx:hr>
          </gpxtpx:TrackPointExtension>
        </extensions>
      </trkpt>
      <trkpt lat="32.38635772177548" lon="119.44443920007997">
        <ele>11.698004635982215</ele>
        <time>2025-10-04T02:14:24.900000Z</time>
        <extensions>
          <gpxtpx:TrackPointExtension>
            <gpxtpx:hr>104</gpxtpx:hr>
          </gpxtpx:TrackPointExtension>
        </extensions>
      </trkpt>
      <trkpt lat="32.386353792385364" lon="119.44443940036555">
        <ele>11.680397562682629</ele>
        <time>2025-10-04T02:14:25.900000Z</time>
        <extensions>
          <gpxtpx:TrackPointExtension>
            <gpxtpx:hr>104</gpxtpx:hr>
          </gpxtpx:TrackPointExtension>
        </extensions>
      </trkpt>
      <trkpt lat="32.386350231917035" lon="119.44443956297864">
        <ele>11.663364860229194</ele>
        <time>2025-10-04T02:14:26.900000Z</time>
        <extensions>
          <gpxtpx:TrackPointExtension>
            <gpxtpx:hr>104</gpxtpx:hr>
          </gpxtpx:TrackPointExtension>
        </extensions>
      </trkpt>
      <trkpt lat="32.38634701650651" lon="119.44443969797395">
        <ele>11.647110277786851</ele>
        <time>2025-10-04T02:14:27.900000Z</time>
        <extensions>
          <gpxtpx:TrackPointExtension>
            <gpxtpx:hr>104</gpxtpx:hr>
          </gpxtpx:TrackPointExtension>
        </extensions>
      </trkpt>
      <trkpt lat="32.386344112277285" lon="119.44443979649881">
        <ele>11.63172354735434</ele>
        <time>2025-10-04T02:14:28.900000Z</time>
        <extensions>
          <gpxtpx:TrackPointExtension>
            <gpxtpx:hr>104</gpxtpx:hr>
          </gpxtpx:TrackPointExtension>
        </extensions>
      </trkpt>
      <trkpt lat="32.386341452186144" lon="119.44443982619579">
        <ele>11.617326852865517</ele>
        <time>2025-10-04T02:14:29.900000Z</time>
        <extensions>
          <gpxtpx:TrackPointExtension>
            <gpxtpx:hr>101</gpxtpx:hr>
          </gpxtpx:TrackPointExtension>
        </extensions>
      </trkpt>
      <trkpt lat="32.386338968776805" lon="119.44443977247637">
        <ele>11.604008465074003</ele>
        <time>2025-10-04T02:14:30.900000Z</time>
        <extensions>
          <gpxtpx:TrackPointExtension>
            <gpxtpx:hr>101</gpxtpx:hr>
          </gpxtpx:TrackPointExtension>
        </extensions>
      </trkpt>
      <trkpt lat="32.38633663062747" lon="119.44443963826056">
        <ele>11.59139084070921</ele>
        <time>2025-10-04T02:14:31.900000Z</time>
        <extensions>
          <gpxtpx:TrackPointExtension>
            <gpxtpx:hr>101</gpxtpx:hr>
          </gpxtpx:TrackPointExtension>
        </extensions>
      </trkpt>
      <trkpt lat="32.38633441799853" lon="119.44443941429115">
        <ele>11.579875005409122</ele>
        <time>2025-10-04T02:14:32.900000Z</time>
        <extensions>
          <gpxtpx:TrackPointExtension>
            <gpxtpx:hr>101</gpxtpx:hr>
          </gpxtpx:TrackPointExtension>
        </extensions>
      </trkpt>
      <trkpt lat="32.38633229729296" lon="119.44443912063218">
        <ele>11.56957351602614</ele>
        <time>2025-10-04T02:14:33.900000Z</time>
        <extensions>
          <gpxtpx:TrackPointExtension>
            <gpxtpx:hr>101</gpxtpx:hr>
          </gpxtpx:TrackPointExtension>
        </extensions>
      </trkpt>
      <trkpt lat="32.38633024649391" lon="119.44443873354128">
        <ele>11.560456715524197</ele>
        <time>2025-10-04T02:14:34.900000Z</time>
        <extensions>
          <gpxtpx:TrackPointExtension>
            <gpxtpx:hr>101</gpxtpx:hr>
          </gpxtpx:TrackPointExtension>
        </extensions>
      </trkpt>
      <trkpt lat="32.386328243012336" lon="119.44443827825445">
        <ele>11.552387810312212</ele>
        <time>2025-10-04T02:14:35.900000Z</time>
        <extensions>
          <gpxtpx:TrackPointExtension>
            <gpxtpx:hr>101</gpxtpx:hr>
          </gpxtpx:TrackPointExtension>
        </extensions>
      </trkpt>
      <trkpt lat="32.386326254839325" lon="119.4444377720664">
        <ele>11.545696723274887</ele>
        <time>2025-10-04T02:14:36.900000Z</time>
        <extensions>
          <gpxtpx:TrackPointExtension>
            <gpxtpx:hr>101</gpxtpx:hr>
          </gpxtpx:TrackPointExtension>
        </extensions>
      </trkpt>
      <trkpt lat="32.386324275934264" lon="119.44443721011724">
        <ele>11.540371957235038</ele>
        <time>2025-10-04T02:14:37.900000Z</time>
        <extensions>
          <gpxtpx:TrackPointExtension>
            <gpxtpx:hr>101</gpxtpx:hr>
          </gpxtpx:TrackPointExtension>
        </extensions>
      </trkpt>
      <trkpt lat="32.38632229963443" lon="119.44443659446372">
        <ele>11.536556715145707</ele>
        <time>2025-10-04T02:14:38.900000Z</time>
        <extensions>
          <gpxtpx:TrackPointExtension>
            <gpxtpx:hr>98</gpxtpx:hr>
          </gpxtpx:TrackPointExtension>
        </extensions>
      </trkpt>
      <trkpt lat="32.38632031400591" lon="119.44443593836081">
        <ele>11.534086981788278</ele>
        <time>2025-10-04T02:14:39.900000Z</time>
        <extensions>
          <gpxtpx:TrackPointExtension>
            <gpxtpx:hr>98</gpxtpx:hr>
          </gpxtpx:TrackPointExtension>
        </extensions>
      </trkpt>
      <trkpt lat="32.38631831224436" lon="119.44443524844039">
        <ele>11.533201769925654</ele>
        <time>2025-10-04T02:14:40.900000Z</time>
        <extensions>
          <gpxtpx:TrackPointExtension>
            <gpxtpx:hr>98</gpxtpx:hr>
          </gpxtpx:TrackPointExtension>
        </extensions>
      </trkpt>
      <trkpt lat="32.38631627857605" lon="119.44443454797992">
        <ele>11.533900717273355</ele>
        <time>2025-10-04T02:14:41.900000Z</time>
        <extensions>
          <gpxtpx:TrackPointExtension>
            <gpxtpx:hr>98</gpxtpx:hr>
          </gpxtpx:TrackPointExtension>
        </extensions>
      </trkpt>
      <trkpt lat="32.38631421969885" lon="119.44443384311494">
        <ele>11.536179919727147</ele>
        <time>2025-10-04T02:14:42.900000Z</time>
        <extensions>
          <gpxtpx:TrackPointExtension>
            <gpxtpx:hr>98</gpxtpx:hr>
          </gpxtpx:TrackPointExtension>
        </extensions>
      </trkpt>
      <trkpt lat="32.38631216254817" lon="119.444433157403">
        <ele>11.53981777280569</ele>
        <time>2025-10-04T02:14:43.900000Z</time>
        <extensions>
          <gpxtpx:TrackPointExtension>
            <gpxtpx:hr>103</gpxtpx:hr>
          </gpxtpx:TrackPointExtension>
        </extensions>
      </trkpt>
      <trkpt lat="32.38631015747174" lon="119.4444325006356">
        <ele>11.544861240312457</ele>
        <time>2025-10-04T02:14:44.900000Z</time>
        <extensions>
          <gpxtpx:TrackPointExtension>
            <gpxtpx:hr>103</gpxtpx:hr>
          </gpxtpx:TrackPointExtension>
        </extensions>
      </trkpt>
      <trkpt lat="32.386308255780435" lon="119.44443188834056">
        <ele>11.551248190924525</ele>
        <time>2025-10-04T02:14:45.900000Z</time>
        <extensions>
          <gpxtpx:TrackPointExtension>
            <gpxtpx:hr>103</gpxtpx:hr>
          </gpxtpx:TrackPointExtension>
        </extensions>
      </trkpt>
      <trkpt lat="32.38630650518799" lon="119.44443132429113">
        <ele>11.558747589588165</ele>
        <time>2025-10-04T02:14:46.900000Z</time>
        <extensions>
          <gpxtpx:TrackPointExtension>
            <gpxtpx:hr>103</gpxtpx:hr>
          </gpxtpx:TrackPointExtension>
        </extensions>
      </trkpt>
      <trkpt lat="32.386304919708124" lon="119.44443083659007">
        <ele>11.567593158222735</ele>
        <time>2025-10-04T02:14:47.900000Z</time>
        <extensions>
          <gpxtpx:TrackPointExtension>
            <gpxtpx:hr>103</gpxtpx:hr>
          </gpxtpx:TrackPointExtension>
        </extensions>
      </trkpt>
      <trkpt lat="32.38630349449874" lon="119.44443043013733">
        <ele>11.57709229644388</ele>
        <time>2025-10-04T02:14:48.900000Z</time>
        <extensions>
          <gpxtpx:TrackPointExtension>
            <gpxtpx:hr>103</gpxtpx:hr>
          </gpxtpx:TrackPointExtension>
        </extensions>
      </trkpt>
      <trkpt lat="32.386302216548124" lon="119.4444301170105">
        <ele>11.587056298740208</ele>
        <time>2025-10-04T02:14:49.900000Z</time>
        <extensions>
          <gpxtpx:TrackPointExtension>
            <gpxtpx:hr>97</gpxtpx:hr>
          </gpxtpx:TrackPointExtension>
        </extensions>
      </trkpt>
      <trkpt lat="32.386301086428986" lon="119.44442989273723">
        <ele>11.597117674537003</ele>
        <time>2025-10-04T02:14:50.900000Z</time>
        <extensions>
          <gpxtpx:TrackPointExtension>
            <gpxtpx:hr>97</gpxtpx:hr>
          </gpxtpx:TrackPointExtension>
        </extensions>
      </trkpt>
      <trkpt lat="32.386300082385226" lon="119.44442977028007">
        <ele>11.60719136800617</ele>
        <time>2025-10-04T02:14:51.900000Z</time>
        <extensions>
          <gpxtpx:TrackPointExtension>
            <gpxtpx:hr>97</gpxtpx:hr>
          </gpxtpx:TrackPointExtension>
        </extensions>
      </trkpt>
      <trkpt lat="32.386299191750645" lon="119.44442974866224">
        <ele>11.616862290538847</ele>
        <time>2025-10-04T02:14:52.900000Z</time>
        <extensions>
          <gpxtpx:TrackPointExtension>
            <gpxtpx:hr>97</gpxtpx:hr>
          </gpxtpx:TrackPointExtension>
        </extensions>
      </trkpt>
      <trkpt lat="32.38629840557226" lon="119.44442982795827">
        <ele>11.626214832998812</ele>
        <time>2025-10-04T02:14:53.900000Z</time>
        <extensions>
          <gpxtpx:TrackPointExtension>
            <gpxtpx:hr>97</gpxtpx:hr>
          </gpxtpx:TrackPointExtension>
        </extensions>
      </trkpt>
      <trkpt lat="32.38629771031865" lon="119.44443000717335">
        <ele>11.635205250233412</ele>
        <time>2025-10-04T02:14:54.900000Z</time>
        <extensions>
          <gpxtpx:TrackPointExtension>
            <gpxtpx:hr>97</gpxtpx:hr>
          </gpxtpx:TrackPointExtension>
        </extensions>
      </trkpt>
      <trkpt lat="32.386297093494164" lon="119.44443028136749">
        <ele>11.643673023208976</ele>
        <time>2025-10-04T02:14:55.900000Z</time>
        <extensions>
          <gpxtpx:TrackPointExtension>
            <gpxtpx:hr>97</gpxtpx:hr>
          </gpxtpx:TrackPointExtension>
        </extensions>
      </trkpt>
      <trkpt lat="32.386296545796455" lon="119.44443064815482">
        <ele>11.651584013365209</ele>
        <time>2025-10-04T02:14:56.900000Z</time>
        <extensions>
          <gpxtpx:TrackPointExtension>
            <gpxtpx:hr>97</gpxtpx:hr>
          </gpxtpx:TrackPointExtension>
        </extensions>
      </trkpt>
      <trkpt lat="32.38629606112468" lon="119.44443109067291">
        <ele>11.658609738573432</ele>
        <time>2025-10-04T02:14:57.900000Z</time>
        <extensions>
          <gpxtpx:TrackPointExtension>
            <gpxtpx:hr>97</gpxtpx:hr>
          </gpxtpx:TrackPointExtension>
        </extensions>
      </trkpt>
      <trkpt lat="32.38629562512517" lon="119.44443161805798">
        <ele>11.664975669234991</ele>
        <time>2025-10-04T02:14:58.900000Z</time>
        <extensions>
          <gpxtpx:TrackPointExtension>
            <gpxtpx:hr>97</gpxtpx:hr>
          </gpxtpx:TrackPointExtension>
        </extensions>
      </trkpt>
      <trkpt lat="32.38629523185236" lon="119.44443221892531">
        <ele>11.670638861134648</ele>
        <time>2025-10-04T02:14:59.900000Z</time>
        <extensions>
          <gpxtpx:TrackPointExtension>
            <gpxtpx:hr>98</gpxtpx:hr>
          </gpxtpx:TrackPointExtension>
        </extensions>
      </trkpt>
      <trkpt lat="32.38629487479321" lon="119.44443288442665">
        <ele>11.675573881715536</ele>
        <time>2025-10-04T02:15:00.900000Z</time>
        <extensions>
          <gpxtpx:TrackPointExtension>
            <gpxtpx:hr>98</gpxtpx:hr>
          </gpxtpx:TrackPointExtension>
        </extensions>
      </trkpt>
      <trkpt lat="32.38629454996669" lon="119.44443359657747">
        <ele>11.679826411418617</ele>
        <time>2025-10-04T02:15:01.900000Z</time>
        <extensions>
          <gpxtpx:TrackPointExtension>
            <gpxtpx:hr>98</gpxtpx:hr>
          </gpxtpx:TrackPointExtension>
        </extensions>
      </trkpt>
      <trkpt lat="32.38629425235462" lon="119.44443435383474">
        <ele>11.683264816179872</ele>
        <time>2025-10-04T02:15:02.900000Z</time>
        <extensions>
          <gpxtpx:TrackPointExtension>
            <gpxtpx:hr>97</gpxtpx:hr>
          </gpxtpx:TrackPointExtension>
        </extensions>
      </trkpt>
      <trkpt lat="32.38629396964058" lon="119.44443515479196">
        <ele>11.6860412042588</ele>
        <time>2025-10-04T02:15:03.900000Z</time>
        <extensions>
          <gpxtpx:TrackPointExtension>
            <gpxtpx:hr>97</gpxtpx:hr>
          </gpxtpx:TrackPointExtension>
        </extensions>
      </trkpt>
      <trkpt lat="32.38629370529485" lon="119.44443598557935">
        <ele>11.688161953352392</ele>
        <time>2025-10-04T02:15:04.900000Z</time>
        <extensions>
          <gpxtpx:TrackPointExtension>
            <gpxtpx:hr>97</gpxtpx:hr>
          </gpxtpx:TrackPointExtension>
        </extensions>
      </trkpt>
      <trkpt lat="32.38629346180849" lon="119.44443682098729">
        <ele>11.68968513328582</ele>
        <time>2025-10-04T02:15:05.900000Z</time>
        <extensions>
          <gpxtpx:TrackPointExtension>
            <gpxtpx:hr>97</gpxtpx:hr>
          </gpxtpx:TrackPointExtension>
        </extensions>
      </trkpt>
      <trkpt lat="32.38629328024226" lon="119.44443764902378">
        <ele>11.6907367259264</ele>
        <time>2025-10-04T02:15:06.900000Z</time>
        <extensions>
          <gpxtpx:TrackPointExtension>
            <gpxtpx:hr>97</gpxtpx:hr>
          </gpxtpx:TrackPointExtension>
        </extensions>
      </trkpt>
      <trkpt lat="32.38629308534627" lon="119.44443850322054">
        <ele>11.691726267337799</ele>
        <time>2025-10-04T02:15:07.900000Z</time>
        <extensions>
          <gpxtpx:TrackPointExtension>
            <gpxtpx:hr>97</gpxtpx:hr>
          </gpxtpx:TrackPointExtension>
        </extensions>
      </trkpt>
      <trkpt lat="32.3862929113897" lon="119.44443933732293">
        <ele>11.692376892082393</ele>
        <time>2025-10-04T02:15:08.900000Z</time>
        <extensions>
          <gpxtpx:TrackPointExtension>
            <gpxtpx:hr>99</gpxtpx:hr>
          </gpxtpx:TrackPointExtension>
        </extensions>
      </trkpt>
      <trkpt lat="32.386292739680634" lon="119.4444401599263">
        <ele>11.69273988250643</ele>
        <time>2025-10-04T02:15:09.900000Z</time>
        <extensions>
          <gpxtpx:TrackPointExtension>
            <gpxtpx:hr>99</gpxtpx:hr>
          </gpxtpx:TrackPointExtension>
        </extensions>
      </trkpt>
      <trkpt lat="32.38629258324383" lon="119.44444095526947">
        <ele>11.692695152945817</ele>
        <time>2025-10-04T02:15:10.900000Z</time>
        <extensions>
          <gpxtpx:TrackPointExtension>
            <gpxtpx:hr>99</gpxtpx:hr>
          </gpxtpx:TrackPointExtension>
        </extensions>
      </trkpt>
      <trkpt lat="32.38629242418885" lon="119.444441721024">
        <ele>11.692444544285536</ele>
        <time>2025-10-04T02:15:11.900000Z</time>
        <extensions>
          <gpxtpx:TrackPointExtension>
            <gpxtpx:hr>99</gpxtpx:hr>
          </gpxtpx:TrackPointExtension>
        </extensions>
      </trkpt>
      <trkpt lat="32.38629233247048" lon="119.44444235303651">
        <ele>11.691964059136808</ele>
        <time>2025-10-04T02:15:12.900000Z</time>
        <extensions>
          <gpxtpx:TrackPointExtension>
            <gpxtpx:hr>99</gpxtpx:hr>
          </gpxtpx:TrackPointExtension>
        </extensions>
      </trkpt>
      <trkpt lat="32.38629226005992" lon="119.44444289334733">
        <ele>11.691467315889895</ele>
        <time>2025-10-04T02:15:13.900000Z</time>
        <extensions>
          <gpxtpx:TrackPointExtension>
            <gpxtpx:hr>100</gpxtpx:hr>
          </gpxtpx:TrackPointExtension>
        </extensions>
      </trkpt>
      <trkpt lat="32.38629215786207" lon="119.44444346150034">
        <ele>11.690854203887284</ele>
        <time>2025-10-04T02:15:14.900000Z</time>
        <extensions>
          <gpxtpx:TrackPointExtension>
            <gpxtpx:hr>100</gpxtpx:hr>
          </gpxtpx:TrackPointExtension>
        </extensions>
      </trkpt>
      <trkpt lat="32.38629205743329" lon="119.44444401236295">
        <ele>11.690605043433607</ele>
        <time>2025-10-04T02:15:15.900000Z</time>
        <extensions>
          <gpxtpx:TrackPointExtension>
            <gpxtpx:hr>100</gpxtpx:hr>
          </gpxtpx:TrackPointExtension>
        </extensions>
      </trkpt>
      <trkpt lat="32.38629198593054" lon="119.44444449333504">
        <ele>11.690358068794012</ele>
        <time>2025-10-04T02:15:16.900000Z</time>
        <extensions>
          <gpxtpx:TrackPointExtension>
            <gpxtpx:hr>100</gpxtpx:hr>
          </gpxtpx:TrackPointExtension>
        </extensions>
      </trkpt>
      <trkpt lat="32.38629193025359" lon="119.4444449200563">
        <ele>11.690306931734085</ele>
        <time>2025-10-04T02:15:17.900000Z</time>
        <extensions>
          <gpxtpx:TrackPointExtension>
            <gpxtpx:hr>100</gpxtpx:hr>
          </gpxtpx:TrackPointExtension>
        </extensions>
      </trkpt>
      <trkpt lat="32.38629188659214" lon="119.4444452998501">
        <ele>11.690311356447637</ele>
        <time>2025-10-04T02:15:18.900000Z</time>
        <extensions>
          <gpxtpx:TrackPointExtension>
            <gpxtpx:hr>99</gpxtpx:hr>
          </gpxtpx:TrackPointExtension>
        </extensions>
      </trkpt>
      <trkpt lat="32.386291855333816" lon="119.44444562634666">
        <ele>11.690576636232436</ele>
        <time>2025-10-04T02:15:19.900000Z</time>
        <extensions>
          <gpxtpx:TrackPointExtension>
            <gpxtpx:hr>99</gpxtpx:hr>
          </gpxtpx:TrackPointExtension>
        </extensions>
      </trkpt>
      <trkpt lat="32.38629183058256" lon="119.44444591382039">
        <ele>11.690914112143219</ele>
        <time>2025-10-04T02:15:20.900000Z</time>
        <extensions>
          <gpxtpx:TrackPointExtension>
            <gpxtpx:hr>99</gpxtpx:hr>
          </gpxtpx:TrackPointExtension>
        </extensions>
      </trkpt>
      <trkpt lat="32.386291806509526" lon="119.44444617800268">
        <ele>11.691314891912043</ele>
        <time>2025-10-04T02:15:21.900000Z</time>
        <extensions>
          <gpxtpx:TrackPointExtension>
            <gpxtpx:hr>99</gpxtpx:hr>
          </gpxtpx:TrackPointExtension>
        </extensions>
      </trkpt>
      <trkpt lat="32.38629179194542" lon="119.44444639581347">
        <ele>11.691952061839402</ele>
        <time>2025-10-04T02:15:22.900000Z</time>
        <extensions>
          <gpxtpx:TrackPointExtension>
            <gpxtpx:hr>99</gpxtpx:hr>
          </gpxtpx:TrackPointExtension>
        </extensions>
      </trkpt>
      <trkpt lat="32.38629178604342" lon="119.4444465732133">
        <ele>11.692512264475226</ele>
        <time>2025-10-04T02:15:23.900000Z</time>
        <extensions>
          <gpxtpx:TrackPointExtension>
            <gpxtpx:hr>99</gpxtpx:hr>
          </gpxtpx:TrackPointExtension>
        </extensions>
      </trkpt>
      <trkpt lat="32.38629179485088" lon="119.4444467034224">
        <ele>11.69341620337218</ele>
        <time>2025-10-04T02:15:24.900000Z</time>
        <extensions>
          <gpxtpx:TrackPointExtension>
            <gpxtpx:hr>99</gpxtpx:hr>
          </gpxtpx:TrackPointExtension>
        </extensions>
      </trkpt>
      <trkpt lat="32.38629181401728" lon="119.44444681647468">
        <ele>11.694348736666143</ele>
        <time>2025-10-04T02:15:25.900000Z</time>
        <extensions>
          <gpxtpx:TrackPointExtension>
            <gpxtpx:hr>99</gpxtpx:hr>
          </gpxtpx:TrackPointExtension>
        </extensions>
      </trkpt>
      <trkpt lat="32.386291846761885" lon="119.44444690590147">
        <ele>11.695269068703055</ele>
        <time>2025-10-04T02:15:26.900000Z</time>
        <extensions>
          <gpxtpx:TrackPointExtension>
            <gpxtpx:hr>99</gpxtpx:hr>
          </gpxtpx:TrackPointExtension>
        </extensions>
      </trkpt>
      <trkpt lat="32.386291900019266" lon="119.44444693431012">
        <ele>11.695837249048054</ele>
        <time>2025-10-04T02:15:27.900000Z</time>
        <extensions>
          <gpxtpx:TrackPointExtension>
            <gpxtpx:hr>99</gpxtpx:hr>
          </gpxtpx:TrackPointExtension>
        </extensions>
      </trkpt>
      <trkpt lat="32.38629193021374" lon="119.44444684972747">
        <ele>11.695879134349525</ele>
        <time>2025-10-04T02:15:28.900000Z</time>
        <extensions>
          <gpxtpx:TrackPointExtension>
            <gpxtpx:hr>99</gpxtpx:hr>
          </gpxtpx:TrackPointExtension>
        </extensions>
      </trkpt>
      <trkpt lat="32.38629193079801" lon="119.44444672782122">
        <ele>11.695710557512939</ele>
        <time>2025-10-04T02:15:29.900000Z</time>
        <extensions>
          <gpxtpx:TrackPointExtension>
            <gpxtpx:hr>98</gpxtpx:hr>
          </gpxtpx:TrackPointExtension>
        </extensions>
      </trkpt>
      <trkpt lat="32.3862919698791" lon="119.44444655158051">
        <ele>11.697160757146776</ele>
        <time>2025-10-04T02:15:30.900000Z</time>
        <extensions>
          <gpxtpx:TrackPointExtension>
            <gpxtpx:hr>98</gpxtpx:hr>
          </gpxtpx:TrackPointExtension>
        </extensions>
      </trkpt>
      <trkpt lat="32.38629200862421" lon="119.44444641306512">
        <ele>11.698069075122476</ele>
        <time>2025-10-04T02:15:31.900000Z</time>
        <extensions>
          <gpxtpx:TrackPointExtension>
            <gpxtpx:hr>98</gpxtpx:hr>
          </gpxtpx:TrackPointExtension>
        </extensions>
      </trkpt>
      <trkpt lat="32.38629202879311" lon="119.44444632027987">
        <ele>11.698755978606641</ele>
        <time>2025-10-04T02:15:32.900000Z</time>
        <extensions>
          <gpxtpx:TrackPointExtension>
            <gpxtpx:hr>98</gpxtpx:hr>
          </gpxtpx:TrackPointExtension>
        </extensions>
      </trkpt>
      <trkpt lat="32.38629200581792" lon="119.44444626280774">
        <ele>11.699710751883686</ele>
        <time>2025-10-04T02:15:33.900000Z</time>
        <extensions>
          <gpxtpx:TrackPointExtension>
            <gpxtpx:hr>97</gpxtpx:hr>
          </gpxtpx:TrackPointExtension>
        </extensions>
      </trkpt>
      <trkpt lat="32.386291922579055" lon="119.4444462447713">
        <ele>11.700977090746164</ele>
        <time>2025-10-04T02:15:34.900000Z</time>
        <extensions>
          <gpxtpx:TrackPointExtension>
            <gpxtpx:hr>97</gpxtpx:hr>
          </gpxtpx:TrackPointExtension>
        </extensions>
      </trkpt>
      <trkpt lat="32.386291794711546" lon="119.4444462900557">
        <ele>11.702584005892277</ele>
        <time>2025-10-04T02:15:35.900000Z</time>
        <extensions>
          <gpxtpx:TrackPointExtension>
            <gpxtpx:hr>97</gpxtpx:hr>
          </gpxtpx:TrackPointExtension>
        </extensions>
      </trkpt>
      <trkpt lat="32.38629165624717" lon="119.44444641445979">
        <ele>11.704447929747403</ele>
        <time>2025-10-04T02:15:36.900000Z</time>
        <extensions>
          <gpxtpx:TrackPointExtension>
            <gpxtpx:hr>97</gpxtpx:hr>
          </gpxtpx:TrackPointExtension>
        </extensions>
      </trkpt>
      <trkpt lat="32.38629153802408" lon="119.44444659722939">
        <ele>11.706676935777068</ele>
        <time>2025-10-04T02:15:37.900000Z</time>
        <extensions>
          <gpxtpx:TrackPointExtension>
            <gpxtpx:hr>97</gpxtpx:hr>
          </gpxtpx:TrackPointExtension>
        </extensions>
      </trkpt>
      <trkpt lat="32.3862914063696" lon="119.44444685581838">
        <ele>11.70932421926409</ele>
        <time>2025-10-04T02:15:38.900000Z</time>
        <extensions>
          <gpxtpx:TrackPointExtension>
            <gpxtpx:hr>97</gpxtpx:hr>
          </gpxtpx:TrackPointExtension>
        </extensions>
      </trkpt>
      <trkpt lat="32.38629122356441" lon="119.4444471594607">
        <ele>11.712535601109266</ele>
        <time>2025-10-04T02:15:39.900000Z</time>
        <extensions>
          <gpxtpx:TrackPointExtension>
            <gpxtpx:hr>97</gpxtpx:hr>
          </gpxtpx:TrackPointExtension>
        </extensions>
      </trkpt>
      <trkpt lat="32.38629103063198" lon="119.44444755821667">
        <ele>11.71633595507592</ele>
        <time>2025-10-04T02:15:40.900000Z</time>
        <extensions>
          <gpxtpx:TrackPointExtension>
            <gpxtpx:hr>97</gpxtpx:hr>
          </gpxtpx:TrackPointExtension>
        </extensions>
      </trkpt>
      <trkpt lat="32.38629080000717" lon="119.44444804282848">
        <ele>11.720466170459986</ele>
        <time>2025-10-04T02:15:41.900000Z</time>
        <extensions>
          <gpxtpx:TrackPointExtension>
            <gpxtpx:hr>97</gpxtpx:hr>
          </gpxtpx:TrackPointExtension>
        </extensions>
      </trkpt>
      <trkpt lat="32.386290543772645" lon="119.44444862530258">
        <ele>11.725258437916636</ele>
        <time>2025-10-04T02:15:42.900000Z</time>
        <extensions>
          <gpxtpx:TrackPointExtension>
            <gpxtpx:hr>97</gpxtpx:hr>
          </gpxtpx:TrackPointExtension>
        </extensions>
      </trkpt>
      <trkpt lat="32.3862902564883" lon="119.44444932779106">
        <ele>11.730627741664648</ele>
        <time>2025-10-04T02:15:43.900000Z</time>
        <extensions>
          <gpxtpx:TrackPointExtension>
            <gpxtpx:hr>98</gpxtpx:hr>
          </gpxtpx:TrackPointExtension>
        </extensions>
      </trkpt>
      <trkpt lat="32.38628992046251" lon="119.44445014564896">
        <ele>11.736617234535515</ele>
        <time>2025-10-04T02:15:44.900000Z</time>
        <extensions>
          <gpxtpx:TrackPointExtension>
            <gpxtpx:hr>98</gpxtpx:hr>
          </gpxtpx:TrackPointExtension>
        </extensions>
      </trkpt>
      <trkpt lat="32.38628953588562" lon="119.44445109525482">
        <ele>11.742999331094325</ele>
        <time>2025-10-04T02:15:45.900000Z</time>
        <extensions>
          <gpxtpx:TrackPointExtension>
            <gpxtpx:hr>98</gpxtpx:hr>
          </gpxtpx:TrackPointExtension>
        </extensions>
      </trkpt>
      <trkpt lat="32.38628909982042" lon="119.44445218683342">
        <ele>11.74966198951006</ele>
        <time>2025-10-04T02:15:46.900000Z</time>
        <extensions>
          <gpxtpx:TrackPointExtension>
            <gpxtpx:hr>98</gpxtpx:hr>
          </gpxtpx:TrackPointExtension>
        </extensions>
      </trkpt>
      <trkpt lat="32.38628860956892" lon="119.44445343067419">
        <ele>11.75648463703692</ele>
        <time>2025-10-04T02:15:47.900000Z</time>
        <extensions>
          <gpxtpx:TrackPointExtension>
            <gpxtpx:hr>98</gpxtpx:hr>
          </gpxtpx:TrackPointExtension>
        </extensions>
      </trkpt>
      <trkpt lat="32.38628806363564" lon="119.44445483548454">
        <ele>11.763343906030059</ele>
        <time>2025-10-04T02:15:48.900000Z</time>
        <extensions>
          <gpxtpx:TrackPointExtension>
            <gpxtpx:hr>98</gpxtpx:hr>
          </gpxtpx:TrackPointExtension>
        </extensions>
      </trkpt>
      <trkpt lat="32.38628746143949" lon="119.44445641068782">
        <ele>11.77012488618493</ele>
        <time>2025-10-04T02:15:49.900000Z</time>
        <extensions>
          <gpxtpx:TrackPointExtension>
            <gpxtpx:hr>98</gpxtpx:hr>
          </gpxtpx:TrackPointExtension>
        </extensions>
      </trkpt>
      <trkpt lat="32.38628680163825" lon="119.4444581674339">
        <ele>11.77672578021884</ele>
        <time>2025-10-04T02:15:50.900000Z</time>
        <extensions>
          <gpxtpx:TrackPointExtension>
            <gpxtpx:hr>98</gpxtpx:hr>
          </gpxtpx:TrackPointExtension>
        </extensions>
      </trkpt>
      <trkpt lat="32.38628608335916" lon="119.44446011685118">
        <ele>11.783056234940886</ele>
        <time>2025-10-04T02:15:51.900000Z</time>
        <extensions>
          <gpxtpx:TrackPointExtension>
            <gpxtpx:hr>98</gpxtpx:hr>
          </gpxtpx:TrackPointExtension>
        </extensions>
      </trkpt>
      <trkpt lat="32.38628528606823" lon="119.44446226067124">
        <ele>11.789181720465422</ele>
        <time>2025-10-04T02:15:52.900000Z</time>
        <extensions>
          <gpxtpx:TrackPointExtension>
            <gpxtpx:hr>98</gpxtpx:hr>
          </gpxtpx:TrackPointExtension>
        </extensions>
      </trkpt>
      <trkpt lat="32.38628443860356" lon="119.44446462012813">
        <ele>11.794867756776512</ele>
        <time>2025-10-04T02:15:53.900000Z</time>
        <extensions>
          <gpxtpx:TrackPointExtension>
            <gpxtpx:hr>98</gpxtpx:hr>
          </gpxtpx:TrackPointExtension>
        </extensions>
      </trkpt>
      <trkpt lat="32.38628352852438" lon="119.44446719697162">
        <ele>11.800023201853037</ele>
        <time>2025-10-04T02:15:54.900000Z</time>
        <extensions>
          <gpxtpx:TrackPointExtension>
            <gpxtpx:hr>98</gpxtpx:hr>
          </gpxtpx:TrackPointExtension>
        </extensions>
      </trkpt>
      <trkpt lat="32.38628256848746" lon="119.44447000308931">
        <ele>11.80462227575481</ele>
        <time>2025-10-04T02:15:55.900000Z</time>
        <extensions>
          <gpxtpx:TrackPointExtension>
            <gpxtpx:hr>97</gpxtpx:hr>
          </gpxtpx:TrackPointExtension>
        </extensions>
      </trkpt>
      <trkpt lat="32.386281576725644" lon="119.44447304183332">
        <ele>11.808562561869621</ele>
        <time>2025-10-04T02:15:56.900000Z</time>
        <extensions>
          <gpxtpx:TrackPointExtension>
            <gpxtpx:hr>97</gpxtpx:hr>
          </gpxtpx:TrackPointExtension>
        </extensions>
      </trkpt>
      <trkpt lat="32.386280577594256" lon="119.44447629678103">
        <ele>11.811936726793647</ele>
        <time>2025-10-04T02:15:57.900000Z</time>
        <extensions>
          <gpxtpx:TrackPointExtension>
            <gpxtpx:hr>97</gpxtpx:hr>
          </gpxtpx:TrackPointExtension>
        </extensions>
      </trkpt>
      <trkpt lat="32.38627959365264" lon="119.44447974781171">
        <ele>11.81476500350982</ele>
        <time>2025-10-04T02:15:58.900000Z</time>
        <extensions>
          <gpxtpx:TrackPointExtension>
            <gpxtpx:hr>97</gpxtpx:hr>
          </gpxtpx:TrackPointExtension>
        </extensions>
      </trkpt>
      <trkpt lat="32.38627865855973" lon="119.44448339024">
        <ele>11.816969051025808</ele>
        <time>2025-10-04T02:15:59.900000Z</time>
        <extensions>
          <gpxtpx:TrackPointExtension>
            <gpxtpx:hr>98</gpxtpx:hr>
          </gpxtpx:TrackPointExtension>
        </extensions>
      </trkpt>
      <trkpt lat="32.38627779972519" lon="119.44448721823409">
        <ele>11.818506974726915</ele>
        <time>2025-10-04T02:16:00.900000Z</time>
        <extensions>
          <gpxtpx:TrackPointExtension>
            <gpxtpx:hr>98</gpxtpx:hr>
          </gpxtpx:TrackPointExtension>
        </extensions>
      </trkpt>
      <trkpt lat="32.38627702275595" lon="119.44449121894239">
        <ele>11.819382802583277</ele>
        <time>2025-10-04T02:16:01.900000Z</time>
        <extensions>
          <gpxtpx:TrackPointExtension>
            <gpxtpx:hr>98</gpxtpx:hr>
          </gpxtpx:TrackPointExtension>
        </extensions>
      </trkpt>
      <trkpt lat="32.38627634923937" lon="119.44449539236928">
        <ele>11.819359753280878</ele>
        <time>2025-10-04T02:16:02.900000Z</time>
        <extensions>
          <gpxtpx:TrackPointExtension>
            <gpxtpx:hr>98</gpxtpx:hr>
          </gpxtpx:TrackPointExtension>
        </extensions>
      </trkpt>
      <trkpt lat="32.38627580375243" lon="119.44449971559136">
        <ele>11.818716221489012</ele>
        <time>2025-10-04T02:16:03.900000Z</time>
        <extensions>
          <gpxtpx:TrackPointExtension>
            <gpxtpx:hr>100</gpxtpx:hr>
          </gpxtpx:TrackPointExtension>
        </extensions>
      </trkpt>
      <trkpt lat="32.386275410014505" lon="119.44450413486679">
        <ele>11.816883253864944</ele>
        <time>2025-10-04T02:16:04.900000Z</time>
        <extensions>
          <gpxtpx:TrackPointExtension>
            <gpxtpx:hr>100</gpxtpx:hr>
          </gpxtpx:TrackPointExtension>
        </extensions>
      </trkpt>
      <trkpt lat="32.38627519862283" lon="119.44450861719939">
        <ele>11.81408501137048</ele>
        <time>2025-10-04T02:16:05.900000Z</time>
        <extensions>
          <gpxtpx:TrackPointExtension>
            <gpxtpx:hr>100</gpxtpx:hr>
          </gpxtpx:TrackPointExtension>
        </extensions>
      </trkpt>
      <trkpt lat="32.38627516556826" lon="119.44451314045844">
        <ele>11.810754851438105</ele>
        <time>2025-10-04T02:16:06.900000Z</time>
        <extensions>
          <gpxtpx:TrackPointExtension>
            <gpxtpx:hr>100</gpxtpx:hr>
          </gpxtpx:TrackPointExtension>
        </extensions>
      </trkpt>
      <trkpt lat="32.38627531490818" lon="119.44451771384628">
        <ele>11.807007636874914</ele>
        <time>2025-10-04T02:16:07.900000Z</time>
        <extensions>
          <gpxtpx:TrackPointExtension>
            <gpxtpx:hr>100</gpxtpx:hr>
          </gpxtpx:TrackPointExtension>
        </extensions>
      </trkpt>
      <trkpt lat="32.38627566191546" lon="119.44452233009119">
        <ele>11.802604844793677</ele>
        <time>2025-10-04T02:16:08.900000Z</time>
        <extensions>
          <gpxtpx:TrackPointExtension>
            <gpxtpx:hr>100</gpxtpx:hr>
          </gpxtpx:TrackPointExtension>
        </extensions>
      </trkpt>
      <trkpt lat="32.38627619514592" lon="119.44452698240613">
        <ele>11.79733121022582</ele>
        <time>2025-10-04T02:16:09.900000Z</time>
        <extensions>
          <gpxtpx:TrackPointExtension>
            <gpxtpx:hr>100</gpxtpx:hr>
          </gpxtpx:TrackPointExtension>
        </extensions>
      </trkpt>
      <trkpt lat="32.38627691713786" lon="119.44453166112196">
        <ele>11.791419255547225</ele>
        <time>2025-10-04T02:16:10.900000Z</time>
        <extensions>
          <gpxtpx:TrackPointExtension>
            <gpxtpx:hr>100</gpxtpx:hr>
          </gpxtpx:TrackPointExtension>
        </extensions>
      </trkpt>
      <trkpt lat="32.38627780282158" lon="119.44453635875968">
        <ele>11.78515193797648</ele>
        <time>2025-10-04T02:16:11.900000Z</time>
        <extensions>
          <gpxtpx:TrackPointExtension>
            <gpxtpx:hr>100</gpxtpx:hr>
          </gpxtpx:TrackPointExtension>
        </extensions>
      </trkpt>
      <trkpt lat="32.386278887555314" lon="119.44454108313218">
        <ele>11.778590115718544</ele>
        <time>2025-10-04T02:16:12.900000Z</time>
        <extensions>
          <gpxtpx:TrackPointExtension>
            <gpxtpx:hr>100</gpxtpx:hr>
          </gpxtpx:TrackPointExtension>
        </extensions>
      </trkpt>
      <trkpt lat="32.386280162413875" lon="119.44454584525997">
        <ele>11.771635813638568</ele>
        <time>2025-10-04T02:16:13.900000Z</time>
        <extensions>
          <gpxtpx:TrackPointExtension>
            <gpxtpx:hr>98</gpxtpx:hr>
          </gpxtpx:TrackPointExtension>
        </extensions>
      </trkpt>
      <trkpt lat="32.38628160139901" lon="119.4445506310061">
        <ele>11.764780197292566</ele>
        <time>2025-10-04T02:16:14.900000Z</time>
        <extensions>
          <gpxtpx:TrackPointExtension>
            <gpxtpx:hr>98</gpxtpx:hr>
          </gpxtpx:TrackPointExtension>
        </extensions>
      </trkpt>
      <trkpt lat="32.38628323233857" lon="119.44455546429067">
        <ele>11.757108946330845</ele>
        <time>2025-10-04T02:16:15.900000Z</time>
        <extensions>
          <gpxtpx:TrackPointExtension>
            <gpxtpx:hr>98</gpxtpx:hr>
          </gpxtpx:TrackPointExtension>
        </extensions>
      </trkpt>
      <trkpt lat="32.38628503998459" lon="119.44456031914433">
        <ele>11.749515480361879</ele>
        <time>2025-10-04T02:16:16.900000Z</time>
        <extensions>
          <gpxtpx:TrackPointExtension>
            <gpxtpx:hr>98</gpxtpx:hr>
          </gpxtpx:TrackPointExtension>
        </extensions>
      </trkpt>
      <trkpt lat="32.38628701968243" lon="119.44456520042496">
        <ele>11.742399521172047</ele>
        <time>2025-10-04T02:16:17.900000Z</time>
        <extensions>
          <gpxtpx:TrackPointExtension>
            <gpxtpx:hr>98</gpxtpx:hr>
          </gpxtpx:TrackPointExtension>
        </extensions>
      </trkpt>
      <trkpt lat="32.386289164281045" lon="119.44457010421675">
        <ele>11.735396380536258</ele>
        <time>2025-10-04T02:16:18.900000Z</time>
        <extensions>
          <gpxtpx:TrackPointExtension>
            <gpxtpx:hr>98</gpxtpx:hr>
          </gpxtpx:TrackPointExtension>
        </extensions>
      </trkpt>
      <trkpt lat="32.38629147222312" lon="119.44457498968445">
        <ele>11.728922599926591</ele>
        <time>2025-10-04T02:16:19.900000Z</time>
        <extensions>
          <gpxtpx:TrackPointExtension>
            <gpxtpx:hr>98</gpxtpx:hr>
          </gpxtpx:TrackPointExtension>
        </extensions>
      </trkpt>
      <trkpt lat="32.38629391978372" lon="119.4445797956201">
        <ele>11.723022465594113</ele>
        <time>2025-10-04T02:16:20.900000Z</time>
        <extensions>
          <gpxtpx:TrackPointExtension>
            <gpxtpx:hr>98</gpxtpx:hr>
          </gpxtpx:TrackPointExtension>
        </extensions>
      </trkpt>
      <trkpt lat="32.38629648921855" lon="119.44458445363468">
        <ele>11.717928462661803</ele>
        <time>2025-10-04T02:16:21.900000Z</time>
        <extensions>
          <gpxtpx:TrackPointExtension>
            <gpxtpx:hr>98</gpxtpx:hr>
          </gpxtpx:TrackPointExtension>
        </extensions>
      </trkpt>
      <trkpt lat="32.38629915722902" lon="119.44458890854534">
        <ele>11.713340183719993</ele>
        <time>2025-10-04T02:16:22.900000Z</time>
        <extensions>
          <gpxtpx:TrackPointExtension>
            <gpxtpx:hr>98</gpxtpx:hr>
          </gpxtpx:TrackPointExtension>
        </extensions>
      </trkpt>
      <trkpt lat="32.38630191648777" lon="119.4445931434917">
        <ele>11.709431568160653</ele>
        <time>2025-10-04T02:16:23.900000Z</time>
        <extensions>
          <gpxtpx:TrackPointExtension>
            <gpxtpx:hr>97</gpxtpx:hr>
          </gpxtpx:TrackPointExtension>
        </extensions>
      </trkpt>
      <trkpt lat="32.38630474872057" lon="119.44459714634222">
        <ele>11.706160519272089</ele>
        <time>2025-10-04T02:16:24.900000Z</time>
        <extensions>
          <gpxtpx:TrackPointExtension>
            <gpxtpx:hr>97</gpxtpx:hr>
          </gpxtpx:TrackPointExtension>
        </extensions>
      </trkpt>
      <trkpt lat="32.38630760637636" lon="119.44460090791362">
        <ele>11.703519891947508</ele>
        <time>2025-10-04T02:16:25.900000Z</time>
        <extensions>
          <gpxtpx:TrackPointExtension>
            <gpxtpx:hr>97</gpxtpx:hr>
          </gpxtpx:TrackPointExtension>
        </extensions>
      </trkpt>
      <trkpt lat="32.3863104439062" lon="119.44460442140263">
        <ele>11.701370628550649</ele>
        <time>2025-10-04T02:16:26.900000Z</time>
        <extensions>
          <gpxtpx:TrackPointExtension>
            <gpxtpx:hr>97</gpxtpx:hr>
          </gpxtpx:TrackPointExtension>
        </extensions>
      </trkpt>
      <trkpt lat="32.38631322997082" lon="119.44460769533177">
        <ele>11.69979408942163</ele>
        <time>2025-10-04T02:16:27.900000Z</time>
        <extensions>
          <gpxtpx:TrackPointExtension>
            <gpxtpx:hr>97</gpxtpx:hr>
          </gpxtpx:TrackPointExtension>
        </extensions>
      </trkpt>
      <trkpt lat="32.386315929221205" lon="119.44461073626658">
        <ele>11.698644578456879</ele>
        <time>2025-10-04T02:16:28.900000Z</time>
        <extensions>
          <gpxtpx:TrackPointExtension>
            <gpxtpx:hr>97</gpxtpx:hr>
          </gpxtpx:TrackPointExtension>
        </extensions>
      </trkpt>
      <trkpt lat="32.38631852929838" lon="119.44461354918379">
        <ele>11.697840171866119</ele>
        <time>2025-10-04T02:16:29.900000Z</time>
        <extensions>
          <gpxtpx:TrackPointExtension>
            <gpxtpx:hr>97</gpxtpx:hr>
          </gpxtpx:TrackPointExtension>
        </extensions>
      </trkpt>
      <trkpt lat="32.38632102133423" lon="119.4446161467891">
        <ele>11.697278715670109</ele>
        <time>2025-10-04T02:16:30.900000Z</time>
        <extensions>
          <gpxtpx:TrackPointExtension>
            <gpxtpx:hr>100</gpxtpx:hr>
          </gpxtpx:TrackPointExtension>
        </extensions>
      </trkpt>
      <trkpt lat="32.38632339654778" lon="119.44461853787978">
        <ele>11.696842473000288</ele>
        <time>2025-10-04T02:16:31.900000Z</time>
        <extensions>
          <gpxtpx:TrackPointExtension>
            <gpxtpx:hr>100</gpxtpx:hr>
          </gpxtpx:TrackPointExtension>
        </extensions>
      </trkpt>
      <trkpt lat="32.38632565232013" lon="119.4446207343716">
        <ele>11.69640970788896</ele>
        <time>2025-10-04T02:16:32.900000Z</time>
        <extensions>
          <gpxtpx:TrackPointExtension>
            <gpxtpx:hr>100</gpxtpx:hr>
          </gpxtpx:TrackPointExtension>
        </extensions>
      </trkpt>
      <trkpt lat="32.38632778799849" lon="119.44462274853295">
        <ele>11.695872478187084</ele>
        <time>2025-10-04T02:16:33.900000Z</time>
        <extensions>
          <gpxtpx:TrackPointExtension>
            <gpxtpx:hr>100</gpxtpx:hr>
          </gpxtpx:TrackPointExtension>
        </extensions>
      </trkpt>
      <trkpt lat="32.38632980007011" lon="119.44462458600219">
        <ele>11.695355488918722</ele>
        <time>2025-10-04T02:16:34.900000Z</time>
        <extensions>
          <gpxtpx:TrackPointExtension>
            <gpxtpx:hr>100</gpxtpx:hr>
          </gpxtpx:TrackPointExtension>
        </extensions>
      </trkpt>
      <trkpt lat="32.38633170542435" lon="119.44462626906707">
        <ele>11.694578222930431</ele>
        <time>2025-10-04T02:16:35.900000Z</time>
        <extensions>
          <gpxtpx:TrackPointExtension>
            <gpxtpx:hr>100</gpxtpx:hr>
          </gpxtpx:TrackPointExtension>
        </extensions>
      </trkpt>
      <trkpt lat="32.38633350721508" lon="119.44462781362255">
        <ele>11.69338211324066</ele>
        <time>2025-10-04T02:16:36.900000Z</time>
        <extensions>
          <gpxtpx:TrackPointExtension>
            <gpxtpx:hr>100</gpxtpx:hr>
          </gpxtpx:TrackPointExtension>
        </extensions>
      </trkpt>
      <trkpt lat="32.38633521081243" lon="119.44462923464239">
        <ele>11.691642020829022</ele>
        <time>2025-10-04T02:16:37.900000Z</time>
        <extensions>
          <gpxtpx:TrackPointExtension>
            <gpxtpx:hr>100</gpxtpx:hr>
          </gpxtpx:TrackPointExtension>
        </extensions>
      </trkpt>
      <trkpt lat="32.386336823945385" lon="119.44463054279299">
        <ele>11.689471363089979</ele>
        <time>2025-10-04T02:16:38.900000Z</time>
        <extensions>
          <gpxtpx:TrackPointExtension>
            <gpxtpx:hr>100</gpxtpx:hr>
          </gpxtpx:TrackPointExtension>
        </extensions>
      </trkpt>
      <trkpt lat="32.386338349561726" lon="119.44463174482956">
        <ele>11.687013517133892</ele>
        <time>2025-10-04T02:16:39.900000Z</time>
        <extensions>
          <gpxtpx:TrackPointExtension>
            <gpxtpx:hr>102</gpxtpx:hr>
          </gpxtpx:TrackPointExtension>
        </extensions>
      </trkpt>
      <trkpt lat="32.38633979839155" lon="119.44463285585853">
        <ele>11.684277760796249</ele>
        <time>2025-10-04T02:16:40.900000Z</time>
        <extensions>
          <gpxtpx:TrackPointExtension>
            <gpxtpx:hr>102</gpxtpx:hr>
          </gpxtpx:TrackPointExtension>
        </extensions>
      </trkpt>
      <trkpt lat="32.38634116408347" lon="119.44463388499763">
        <ele>11.680829552933574</ele>
        <time>2025-10-04T02:16:41.900000Z</time>
        <extensions>
          <gpxtpx:TrackPointExtension>
            <gpxtpx:hr>102</gpxtpx:hr>
          </gpxtpx:TrackPointExtension>
        </extensions>
      </trkpt>
      <trkpt lat="32.38634238221142" lon="119.444634856863">
        <ele>11.67672719527036</ele>
        <time>2025-10-04T02:16:42.900000Z</time>
        <extensions>
          <gpxtpx:TrackPointExtension>
            <gpxtpx:hr>102</gpxtpx:hr>
          </gpxtpx:TrackPointExtension>
        </extensions>
      </trkpt>
      <trkpt lat="32.38634345998641" lon="119.44463576778459">
        <ele>11.672486026771367</ele>
        <time>2025-10-04T02:16:43.900000Z</time>
        <extensions>
          <gpxtpx:TrackPointExtension>
            <gpxtpx:hr>102</gpxtpx:hr>
          </gpxtpx:TrackPointExtension>
        </extensions>
      </trkpt>
      <trkpt lat="32.38634444701827" lon="119.44463663681222">
        <ele>11.668348248116672</ele>
        <time>2025-10-04T02:16:44.900000Z</time>
        <extensions>
          <gpxtpx:TrackPointExtension>
            <gpxtpx:hr>102</gpxtpx:hr>
          </gpxtpx:TrackPointExtension>
        </extensions>
      </trkpt>
      <trkpt lat="32.386345361326164" lon="119.44463746034073">
        <ele>11.663981390185654</ele>
        <time>2025-10-04T02:16:45.900000Z</time>
        <extensions>
          <gpxtpx:TrackPointExtension>
            <gpxtpx:hr>97</gpxtpx:hr>
          </gpxtpx:TrackPointExtension>
        </extensions>
      </trkpt>
      <trkpt lat="32.38634621745113" lon="119.44463822729492">
        <ele>11.659316782839596</ele>
        <time>2025-10-04T02:16:46.900000Z</time>
        <extensions>
          <gpxtpx:TrackPointExtension>
            <gpxtpx:hr>97</gpxtpx:hr>
          </gpxtpx:TrackPointExtension>
        </extensions>
      </trkpt>
      <trkpt lat="32.38634699260583" lon="119.44463896114435">
        <ele>11.654515316709876</ele>
        <time>2025-10-04T02:16:47.900000Z</time>
        <extensions>
          <gpxtpx:TrackPointExtension>
            <gpxtpx:hr>97</gpxtpx:hr>
          </gpxtpx:TrackPointExtension>
        </extensions>
      </trkpt>
      <trkpt lat="32.386347726390284" lon="119.44463967500998">
        <ele>11.649406700395048</ele>
        <time>2025-10-04T02:16:48.900000Z</time>
        <extensions>
          <gpxtpx:TrackPointExtension>
            <gpxtpx:hr>97</gpxtpx:hr>
          </gpxtpx:TrackPointExtension>
        </extensions>
      </trkpt>
      <trkpt lat="32.386348448057326" lon="119.44464037432112">
        <ele>11.64403720665723</ele>
        <time>2025-10-04T02:16:49.900000Z</time>
        <extensions>
          <gpxtpx:TrackPointExtension>
            <gpxtpx:hr>97</gpxtpx:hr>
          </gpxtpx:TrackPointExtension>
        </extensions>
      </trkpt>
      <trkpt lat="32.38634913808728" lon="119.44464106416245">
        <ele>11.638692653737962</ele>
        <time>2025-10-04T02:16:50.900000Z</time>
        <extensions>
          <gpxtpx:TrackPointExtension>
            <gpxtpx:hr>95</gpxtpx:hr>
          </gpxtpx:TrackPointExtension>
        </extensions>
      </trkpt>
      <trkpt lat="32.38634980511085" lon="119.44464175183687">
        <ele>11.633377104997635</ele>
        <time>2025-10-04T02:16:51.900000Z</time>
        <extensions>
          <gpxtpx:TrackPointExtension>
            <gpxtpx:hr>95</gpxtpx:hr>
          </gpxtpx:TrackPointExtension>
        </extensions>
      </trkpt>
      <trkpt lat="32.386350459551245" lon="119.4446424349725">
        <ele>11.628140115179121</ele>
        <time>2025-10-04T02:16:52.900000Z</time>
        <extensions>
          <gpxtpx:TrackPointExtension>
            <gpxtpx:hr>95</gpxtpx:hr>
          </gpxtpx:TrackPointExtension>
        </extensions>
      </trkpt>
      <trkpt lat="32.38635105715935" lon="119.44464312322224">
        <ele>11.622940030880272</ele>
        <time>2025-10-04T02:16:53.900000Z</time>
        <extensions>
          <gpxtpx:TrackPointExtension>
            <gpxtpx:hr>95</gpxtpx:hr>
          </gpxtpx:TrackPointExtension>
        </extensions>
      </trkpt>
      <trkpt lat="32.38635161159089" lon="119.44464382102277">
        <ele>11.61802367772907</ele>
        <time>2025-10-04T02:16:54.900000Z</time>
        <extensions>
          <gpxtpx:TrackPointExtension>
            <gpxtpx:hr>95</gpxtpx:hr>
          </gpxtpx:TrackPointExtension>
        </extensions>
      </trkpt>
      <trkpt lat="32.38635215617094" lon="119.4446445269614">
        <ele>11.613307517953217</ele>
        <time>2025-10-04T02:16:55.900000Z</time>
        <extensions>
          <gpxtpx:TrackPointExtension>
            <gpxtpx:hr>95</gpxtpx:hr>
          </gpxtpx:TrackPointExtension>
        </extensions>
      </trkpt>
      <trkpt lat="32.3863526557641" lon="119.44464523553607">
        <ele>11.608792264945805</ele>
        <time>2025-10-04T02:16:56.900000Z</time>
        <extensions>
          <gpxtpx:TrackPointExtension>
            <gpxtpx:hr>95</gpxtpx:hr>
          </gpxtpx:TrackPointExtension>
        </extensions>
      </trkpt>
      <trkpt lat="32.38635315676353" lon="119.44464594066118">
        <ele>11.604699564166367</ele>
        <time>2025-10-04T02:16:57.900000Z</time>
        <extensions>
          <gpxtpx:TrackPointExtension>
            <gpxtpx:hr>97</gpxtpx:hr>
          </gpxtpx:TrackPointExtension>
        </extensions>
      </trkpt>
      <trkpt lat="32.38635359923532" lon="119.44464663685642">
        <ele>11.601094579324126</ele>
        <time>2025-10-04T02:16:58.900000Z</time>
        <extensions>
          <gpxtpx:TrackPointExtension>
            <gpxtpx:hr>97</gpxtpx:hr>
          </gpxtpx:TrackPointExtension>
        </extensions>
      </trkpt>
      <trkpt lat="32.38635399984086" lon="119.44464728592199">
        <ele>11.59746146760881</ele>
        <time>2025-10-04T02:16:59.900000Z</time>
        <extensions>
          <gpxtpx:TrackPointExtension>
            <gpxtpx:hr>97</gpxtpx:hr>
          </gpxtpx:TrackPointExtension>
        </extensions>
      </trkpt>
      <trkpt lat="32.386354489365864" lon="119.4446479786743">
        <ele>11.594081363640726</ele>
        <time>2025-10-04T02:17:00.900000Z</time>
        <extensions>
          <gpxtpx:TrackPointExtension>
            <gpxtpx:hr>97</gpxtpx:hr>
          </gpxtpx:TrackPointExtension>
        </extensions>
      </trkpt>
      <trkpt lat="32.38635485362163" lon="119.444648666897">
        <ele>11.591463438235223</ele>
        <time>2025-10-04T02:17:01.900000Z</time>
        <extensions>
          <gpxtpx:TrackPointExtension>
            <gpxtpx:hr>97</gpxtpx:hr>
          </gpxtpx:TrackPointExtension>
        </extensions>
      </trkpt>
      <trkpt lat="32.38635522191431" lon="119.4446493472839">
        <ele>11.589288271963596</ele>
        <time>2025-10-04T02:17:02.900000Z</time>
        <extensions>
          <gpxtpx:TrackPointExtension>
            <gpxtpx:hr>97</gpxtpx:hr>
          </gpxtpx:TrackPointExtension>
        </extensions>
      </trkpt>
      <trkpt lat="32.38635558794203" lon="119.44465001876993">
        <ele>11.587601074017584</ele>
        <time>2025-10-04T02:17:03.900000Z</time>
        <extensions>
          <gpxtpx:TrackPointExtension>
            <gpxtpx:hr>97</gpxtpx:hr>
          </gpxtpx:TrackPointExtension>
        </extensions>
      </trkpt>
      <trkpt lat="32.38635594153477" lon="119.4446506780778">
        <ele>11.586092170327902</ele>
        <time>2025-10-04T02:17:04.900000Z</time>
        <extensions>
          <gpxtpx:TrackPointExtension>
            <gpxtpx:hr>96</gpxtpx:hr>
          </gpxtpx:TrackPointExtension>
        </extensions>
      </trkpt>
      <trkpt lat="32.386356297435576" lon="119.44465132157995">
        <ele>11.584556402638555</ele>
        <time>2025-10-04T02:17:05.900000Z</time>
        <extensions>
          <gpxtpx:TrackPointExtension>
            <gpxtpx:hr>96</gpxtpx:hr>
          </gpxtpx:TrackPointExtension>
        </extensions>
      </trkpt>
      <trkpt lat="32.38635668006762" lon="119.44465194508139">
        <ele>11.58285404741764</ele>
        <time>2025-10-04T02:17:06.900000Z</time>
        <extensions>
          <gpxtpx:TrackPointExtension>
            <gpxtpx:hr>96</gpxtpx:hr>
          </gpxtpx:TrackPointExtension>
        </extensions>
      </trkpt>
      <trkpt lat="32.38635707015147" lon="119.44465254836263">
        <ele>11.580600444227457</ele>
        <time>2025-10-04T02:17:07.900000Z</time>
        <extensions>
          <gpxtpx:TrackPointExtension>
            <gpxtpx:hr>96</gpxtpx:hr>
          </gpxtpx:TrackPointExtension>
        </extensions>
      </trkpt>
      <trkpt lat="32.38635747690284" lon="119.44465312791057">
        <ele>11.577724129892886</ele>
        <time>2025-10-04T02:17:08.900000Z</time>
        <extensions>
          <gpxtpx:TrackPointExtension>
            <gpxtpx:hr>96</gpxtpx:hr>
          </gpxtpx:TrackPointExtension>
        </extensions>
      </trkpt>
      <trkpt lat="32.386357895542766" lon="119.44465368495496">
        <ele>11.574086368083954</ele>
        <time>2025-10-04T02:17:09.900000Z</time>
        <extensions>
          <gpxtpx:TrackPointExtension>
            <gpxtpx:hr>96</gpxtpx:hr>
          </gpxtpx:TrackPointExtension>
        </extensions>
      </trkpt>
      <trkpt lat="32.386358348734575" lon="119.44465421926768">
        <ele>11.569643530063331</ele>
        <time>2025-10-04T02:17:10.900000Z</time>
        <extensions>
          <gpxtpx:TrackPointExtension>
            <gpxtpx:hr>97</gpxtpx:hr>
          </gpxtpx:TrackPointExtension>
        </extensions>
      </trkpt>
      <trkpt lat="32.386358844108216" lon="119.44465473218028">
        <ele>11.564414490945637</ele>
        <time>2025-10-04T02:17:11.900000Z</time>
        <extensions>
          <gpxtpx:TrackPointExtension>
            <gpxtpx:hr>97</gpxtpx:hr>
          </gpxtpx:TrackPointExtension>
        </extensions>
      </trkpt>
      <trkpt lat="32.386359394925286" lon="119.4446552245996">
        <ele>11.558463872410357</ele>
        <time>2025-10-04T02:17:12.900000Z</time>
        <extensions>
          <gpxtpx:TrackPointExtension>
            <gpxtpx:hr>97</gpxtpx:hr>
          </gpxtpx:TrackPointExtension>
        </extensions>
      </trkpt>
      <trkpt lat="32.38636001114706" lon="119.44465569623895">
        <ele>11.551884267479181</ele>
        <time>2025-10-04T02:17:13.900000Z</time>
        <extensions>
          <gpxtpx:TrackPointExtension>
            <gpxtpx:hr>97</gpxtpx:hr>
          </gpxtpx:TrackPointExtension>
        </extensions>
      </trkpt>
      <trkpt lat="32.3863607099681" lon="119.44465615666167">
        <ele>11.544968293979764</ele>
        <time>2025-10-04T02:17:14.900000Z</time>
        <extensions>
          <gpxtpx:TrackPointExtension>
            <gpxtpx:hr>92</gpxtpx:hr>
          </gpxtpx:TrackPointExtension>
        </extensions>
      </trkpt>
      <trkpt lat="32.38636149073049" lon="119.44465659616446">
        <ele>11.537629982456565</ele>
        <time>2025-10-04T02:17:15.900000Z</time>
        <extensions>
          <gpxtpx:TrackPointExtension>
            <gpxtpx:hr>92</gpxtpx:hr>
          </gpxtpx:TrackPointExtension>
        </extensions>
      </trkpt>
      <trkpt lat="32.38636237017686" lon="119.44465701687658">
        <ele>11.529999418184161</ele>
        <time>2025-10-04T02:17:16.900000Z</time>
        <extensions>
          <gpxtpx:TrackPointExtension>
            <gpxtpx:hr>92</gpxtpx:hr>
          </gpxtpx:TrackPointExtension>
        </extensions>
      </trkpt>
      <trkpt lat="32.386363353386336" lon="119.44465741294309">
        <ele>11.522173393517733</ele>
        <time>2025-10-04T02:17:17.900000Z</time>
        <extensions>
          <gpxtpx:TrackPointExtension>
            <gpxtpx:hr>92</gpxtpx:hr>
          </gpxtpx:TrackPointExtension>
        </extensions>
      </trkpt>
      <trkpt lat="32.38636445438209" lon="119.44465778467517">
        <ele>11.514254386536777</ele>
        <time>2025-10-04T02:17:18.900000Z</time>
        <extensions>
          <gpxtpx:TrackPointExtension>
            <gpxtpx:hr>93</gpxtpx:hr>
          </gpxtpx:TrackPointExtension>
        </extensions>
      </trkpt>
      <trkpt lat="32.386365700808845" lon="119.44465813850668">
        <ele>11.50645191874355</ele>
        <time>2025-10-04T02:17:19.900000Z</time>
        <extensions>
          <gpxtpx:TrackPointExtension>
            <gpxtpx:hr>93</gpxtpx:hr>
          </gpxtpx:TrackPointExtension>
        </extensions>
      </trkpt>
      <trkpt lat="32.386367114995814" lon="119.4446584715451">
        <ele>11.498726084828377</ele>
        <time>2025-10-04T02:17:20.900000Z</time>
        <extensions>
          <gpxtpx:TrackPointExtension>
            <gpxtpx:hr>93</gpxtpx:hr>
          </gpxtpx:TrackPointExtension>
        </extensions>
      </trkpt>
      <trkpt lat="32.38636871813913" lon="119.44465878421694">
        <ele>11.491250817663968</ele>
        <time>2025-10-04T02:17:21.900000Z</time>
        <extensions>
          <gpxtpx:TrackPointExtension>
            <gpxtpx:hr>93</gpxtpx:hr>
          </gpxtpx:TrackPointExtension>
        </extensions>
      </trkpt>
      <trkpt lat="32.386370528761404" lon="119.44465907259638">
        <ele>11.484065351076424</ele>
        <time>2025-10-04T02:17:22.900000Z</time>
        <extensions>
          <gpxtpx:TrackPointExtension>
            <gpxtpx:hr>101</gpxtpx:hr>
          </gpxtpx:TrackPointExtension>
        </extensions>
      </trkpt>
      <trkpt lat="32.386372565682805" lon="119.44465933668367">
        <ele>11.476966642774642</ele>
        <time>2025-10-04T02:17:23.900000Z</time>
        <extensions>
          <gpxtpx:TrackPointExtension>
            <gpxtpx:hr>101</gpxtpx:hr>
          </gpxtpx:TrackPointExtension>
        </extensions>
      </trkpt>
      <trkpt lat="32.38637485030186" lon="119.4446595739993">
        <ele>11.47011255659163</ele>
        <time>2025-10-04T02:17:24.900000Z</time>
        <extensions>
          <gpxtpx:TrackPointExtension>
            <gpxtpx:hr>101</gpxtpx:hr>
          </gpxtpx:TrackPointExtension>
        </extensions>
      </trkpt>
      <trkpt lat="32.38637740194391" lon="119.44465977963347">
        <ele>11.46364971715957</ele>
        <time>2025-10-04T02:17:25.900000Z</time>
        <extensions>
          <gpxtpx:TrackPointExtension>
            <gpxtpx:hr>101</gpxtpx:hr>
          </gpxtpx:TrackPointExtension>
        </extensions>
      </trkpt>
      <trkpt lat="32.38638023887097" lon="119.44465994986878">
        <ele>11.457562550902367</ele>
        <time>2025-10-04T02:17:26.900000Z</time>
        <extensions>
          <gpxtpx:TrackPointExtension>
            <gpxtpx:hr>101</gpxtpx:hr>
          </gpxtpx:TrackPointExtension>
        </extensions>
      </trkpt>
      <trkpt lat="32.386383372519866" lon="119.44466008087352">
        <ele>11.451851043850183</ele>
        <time>2025-10-04T02:17:27.900000Z</time>
        <extensions>
          <gpxtpx:TrackPointExtension>
            <gpxtpx:hr>101</gpxtpx:hr>
          </gpxtpx:TrackPointExtension>
        </extensions>
      </trkpt>
      <trkpt lat="32.38638680611697" lon="119.44466016986185">
        <ele>11.446500615216792</ele>
        <time>2025-10-04T02:17:28.900000Z</time>
        <extensions>
          <gpxtpx:TrackPointExtension>
            <gpxtpx:hr>101</gpxtpx:hr>
          </gpxtpx:TrackPointExtension>
        </extensions>
      </trkpt>
      <trkpt lat="32.38639055323273" lon="119.44466022156165">
        <ele>11.441392782144248</ele>
        <time>2025-10-04T02:17:29.900000Z</time>
        <extensions>
          <gpxtpx:TrackPointExtension>
            <gpxtpx:hr>102</gpxtpx:hr>
          </gpxtpx:TrackPointExtension>
        </extensions>
      </trkpt>
      <trkpt lat="32.38639460347051" lon="119.44466022416867">
        <ele>11.436652165837586</ele>
        <time>2025-10-04T02:17:30.900000Z</time>
        <extensions>
          <gpxtpx:TrackPointExtension>
            <gpxtpx:hr>102</gpxtpx:hr>
          </gpxtpx:TrackPointExtension>
        </extensions>
      </trkpt>
      <trkpt lat="32.38639895973145" lon="119.44466017688376">
        <ele>11.432206369005144</ele>
        <time>2025-10-04T02:17:31.900000Z</time>
        <extensions>
          <gpxtpx:TrackPointExtension>
            <gpxtpx:hr>102</gpxtpx:hr>
          </gpxtpx:TrackPointExtension>
        </extensions>
      </trkpt>
      <trkpt lat="32.386403610992325" lon="119.44466007706274">
        <ele>11.42800310999155</ele>
        <time>2025-10-04T02:17:32.900000Z</time>
        <extensions>
          <gpxtpx:TrackPointExtension>
            <gpxtpx:hr>102</gpxtpx:hr>
          </gpxtpx:TrackPointExtension>
        </extensions>
      </trkpt>
      <trkpt lat="32.386408521655" lon="119.44465992585427">
        <ele>11.424176064319909</ele>
        <time>2025-10-04T02:17:33.900000Z</time>
        <extensions>
          <gpxtpx:TrackPointExtension>
            <gpxtpx:hr>102</gpxtpx:hr>
          </gpxtpx:TrackPointExtension>
        </extensions>
      </trkpt>
      <trkpt lat="32.38641361768101" lon="119.44465973360039">
        <ele>11.420650288462639</ele>
        <time>2025-10-04T02:17:34.900000Z</time>
        <extensions>
          <gpxtpx:TrackPointExtension>
            <gpxtpx:hr>102</gpxtpx:hr>
          </gpxtpx:TrackPointExtension>
        </extensions>
      </trkpt>
      <trkpt lat="32.38641879867549" lon="119.44465950624318">
        <ele>11.417538416571915</ele>
        <time>2025-10-04T02:17:35.900000Z</time>
        <extensions>
          <gpxtpx:TrackPointExtension>
            <gpxtpx:hr>102</gpxtpx:hr>
          </gpxtpx:TrackPointExtension>
        </extensions>
      </trkpt>
      <trkpt lat="32.38642396601274" lon="119.4446592559312">
        <ele>11.414752299897373</ele>
        <time>2025-10-04T02:17:36.900000Z</time>
        <extensions>
          <gpxtpx:TrackPointExtension>
            <gpxtpx:hr>102</gpxtpx:hr>
          </gpxtpx:TrackPointExtension>
        </extensions>
      </trkpt>
      <trkpt lat="32.38642903200747" lon="119.44465898590359">
        <ele>11.412215273827314</ele>
        <time>2025-10-04T02:17:37.900000Z</time>
        <extensions>
          <gpxtpx:TrackPointExtension>
            <gpxtpx:hr>102</gpxtpx:hr>
          </gpxtpx:TrackPointExtension>
        </extensions>
      </trkpt>
      <trkpt lat="32.386433909699186" lon="119.44465868651466">
        <ele>11.410539770498872</ele>
        <time>2025-10-04T02:17:38.900000Z</time>
        <extensions>
          <gpxtpx:TrackPointExtension>
            <gpxtpx:hr>102</gpxtpx:hr>
          </gpxtpx:TrackPointExtension>
        </extensions>
      </trkpt>
      <trkpt lat="32.386438530311" lon="119.4446583592259">
        <ele>11.409553646109998</ele>
        <time>2025-10-04T02:17:39.900000Z</time>
        <extensions>
          <gpxtpx:TrackPointExtension>
            <gpxtpx:hr>100</gpxtpx:hr>
          </gpxtpx:TrackPointExtension>
        </extensions>
      </trkpt>
      <trkpt lat="32.38644284729891" lon="119.44465799716029">
        <ele>11.409627352841198</ele>
        <time>2025-10-04T02:17:40.900000Z</time>
        <extensions>
          <gpxtpx:TrackPointExtension>
            <gpxtpx:hr>100</gpxtpx:hr>
          </gpxtpx:TrackPointExtension>
        </extensions>
      </trkpt>
      <trkpt lat="32.386446839029254" lon="119.44465760066562">
        <ele>11.410515532828867</ele>
        <time>2025-10-04T02:17:41.900000Z</time>
        <extensions>
          <gpxtpx:TrackPointExtension>
            <gpxtpx:hr>100</gpxtpx:hr>
          </gpxtpx:TrackPointExtension>
        </extensions>
      </trkpt>
      <trkpt lat="32.3864505096737" lon="119.44465718151345">
        <ele>11.41185987368226</ele>
        <time>2025-10-04T02:17:42.900000Z</time>
        <extensions>
          <gpxtpx:TrackPointExtension>
            <gpxtpx:hr>98</gpxtpx:hr>
          </gpxtpx:TrackPointExtension>
        </extensions>
      </trkpt>
      <trkpt lat="32.38645387329788" lon="119.44465673574241">
        <ele>11.41435507684946</ele>
        <time>2025-10-04T02:17:43.900000Z</time>
        <extensions>
          <gpxtpx:TrackPointExtension>
            <gpxtpx:hr>98</gpxtpx:hr>
          </gpxtpx:TrackPointExtension>
        </extensions>
      </trkpt>
      <trkpt lat="32.38645694529081" lon="119.44465626475885">
        <ele>11.417420042678714</ele>
        <time>2025-10-04T02:17:44.900000Z</time>
        <extensions>
          <gpxtpx:TrackPointExtension>
            <gpxtpx:hr>98</gpxtpx:hr>
          </gpxtpx:TrackPointExtension>
        </extensions>
      </trkpt>
      <trkpt lat="32.3864597260049" lon="119.44465577374683">
        <ele>11.42117923218757</ele>
        <time>2025-10-04T02:17:45.900000Z</time>
        <extensions>
          <gpxtpx:TrackPointExtension>
            <gpxtpx:hr>98</gpxtpx:hr>
          </gpxtpx:TrackPointExtension>
        </extensions>
      </trkpt>
      <trkpt lat="32.38646221425168" lon="119.44465526950223">
        <ele>11.425581739284098</ele>
        <time>2025-10-04T02:17:46.900000Z</time>
        <extensions>
          <gpxtpx:TrackPointExtension>
            <gpxtpx:hr>98</gpxtpx:hr>
          </gpxtpx:TrackPointExtension>
        </extensions>
      </trkpt>
      <trkpt lat="32.386464421615635" lon="119.44465475137704">
        <ele>11.430591089650989</ele>
        <time>2025-10-04T02:17:47.900000Z</time>
        <extensions>
          <gpxtpx:TrackPointExtension>
            <gpxtpx:hr>98</gpxtpx:hr>
          </gpxtpx:TrackPointExtension>
        </extensions>
      </trkpt>
      <trkpt lat="32.386466361729674" lon="119.44465422380428">
        <ele>11.436081234365702</ele>
        <time>2025-10-04T02:17:48.900000Z</time>
        <extensions>
          <gpxtpx:TrackPointExtension>
            <gpxtpx:hr>98</gpxtpx:hr>
          </gpxtpx:TrackPointExtension>
        </extensions>
      </trkpt>
      <trkpt lat="32.38646804626851" lon="119.44465367852885">
        <ele>11.441608613356948</ele>
        <time>2025-10-04T02:17:50Z</time>
        <extensions>
          <gpxtpx:TrackPointExtension>
            <gpxtpx:hr>96</gpxtpx:hr>
          </gpxtpx:TrackPointExtension>
        </extensions>
      </trkpt>
      <trkpt lat="32.38646944709486" lon="119.44465311348704">
        <ele>11.447526236996055</ele>
        <time>2025-10-04T02:17:50.900000Z</time>
        <extensions>
          <gpxtpx:TrackPointExtension>
            <gpxtpx:hr>96</gpxtpx:hr>
          </gpxtpx:TrackPointExtension>
        </extensions>
      </trkpt>
      <trkpt lat="32.38647059926742" lon="119.44465250682164">
        <ele>11.453267203643918</ele>
        <time>2025-10-04T02:17:51.900000Z</time>
        <extensions>
          <gpxtpx:TrackPointExtension>
            <gpxtpx:hr>96</gpxtpx:hr>
          </gpxtpx:TrackPointExtension>
        </extensions>
      </trkpt>
      <trkpt lat="32.386471523532606" lon="119.44465186475851">
        <ele>11.458415998145938</ele>
        <time>2025-10-04T02:17:52.900000Z</time>
        <extensions>
          <gpxtpx:TrackPointExtension>
            <gpxtpx:hr>96</gpxtpx:hr>
          </gpxtpx:TrackPointExtension>
        </extensions>
      </trkpt>
      <trkpt lat="32.38647222997746" lon="119.44465118449295">
        <ele>11.46338599268347</ele>
        <time>2025-10-04T02:17:53.900000Z</time>
        <extensions>
          <gpxtpx:TrackPointExtension>
            <gpxtpx:hr>97</gpxtpx:hr>
          </gpxtpx:TrackPointExtension>
        </extensions>
      </trkpt>
      <trkpt lat="32.386472735717014" lon="119.44465047037392">
        <ele>11.46815611794591</ele>
        <time>2025-10-04T02:17:54.900000Z</time>
        <extensions>
          <gpxtpx:TrackPointExtension>
            <gpxtpx:hr>97</gpxtpx:hr>
          </gpxtpx:TrackPointExtension>
        </extensions>
      </trkpt>
      <trkpt lat="32.386473060437375" lon="119.44464972756148">
        <ele>11.472497187554836</ele>
        <time>2025-10-04T02:17:55.900000Z</time>
        <extensions>
          <gpxtpx:TrackPointExtension>
            <gpxtpx:hr>97</gpxtpx:hr>
          </gpxtpx:TrackPointExtension>
        </extensions>
      </trkpt>
      <trkpt lat="32.38647321909915" lon="119.4446489606324">
        <ele>11.476454317569733</ele>
        <time>2025-10-04T02:17:56.900000Z</time>
        <extensions>
          <gpxtpx:TrackPointExtension>
            <gpxtpx:hr>97</gpxtpx:hr>
          </gpxtpx:TrackPointExtension>
        </extensions>
      </trkpt>
      <trkpt lat="32.386473228746915" lon="119.44464817500398">
        <ele>11.479859648272395</ele>
        <time>2025-10-04T02:17:57.900000Z</time>
        <extensions>
          <gpxtpx:TrackPointExtension>
            <gpxtpx:hr>102</gpxtpx:hr>
          </gpxtpx:TrackPointExtension>
        </extensions>
      </trkpt>
      <trkpt lat="32.38647310568106" lon="119.4446473723335">
        <ele>11.482709762640297</ele>
        <time>2025-10-04T02:17:58.900000Z</time>
        <extensions>
          <gpxtpx:TrackPointExtension>
            <gpxtpx:hr>102</gpxtpx:hr>
          </gpxtpx:TrackPointExtension>
        </extensions>
      </trkpt>
      <trkpt lat="32.38647286059432" lon="119.44464655028115">
        <ele>11.484966782853007</ele>
        <time>2025-10-04T02:17:59.900000Z</time>
        <extensions>
          <gpxtpx:TrackPointExtension>
            <gpxtpx:hr>102</gpxtpx:hr>
          </gpxtpx:TrackPointExtension>
        </extensions>
      </trkpt>
      <trkpt lat="32.3864725079229" lon="119.44464571347194">
        <ele>11.48670351319015</ele>
        <time>2025-10-04T02:18:00.900000Z</time>
        <extensions>
          <gpxtpx:TrackPointExtension>
            <gpxtpx:hr>102</gpxtpx:hr>
          </gpxtpx:TrackPointExtension>
        </extensions>
      </trkpt>
      <trkpt lat="32.38647205658087" lon="119.44464485647981">
        <ele>11.488036579452455</ele>
        <time>2025-10-04T02:18:01.900000Z</time>
        <extensions>
          <gpxtpx:TrackPointExtension>
            <gpxtpx:hr>102</gpxtpx:hr>
          </gpxtpx:TrackPointExtension>
        </extensions>
      </trkpt>
      <trkpt lat="32.38647151815128" lon="119.4446439933138">
        <ele>11.489012831822038</ele>
        <time>2025-10-04T02:18:02.900000Z</time>
        <extensions>
          <gpxtpx:TrackPointExtension>
            <gpxtpx:hr>102</gpxtpx:hr>
          </gpxtpx:TrackPointExtension>
        </extensions>
      </trkpt>
      <trkpt lat="32.38647090366481" lon="119.44464312845972">
        <ele>11.489618929103017</ele>
        <time>2025-10-04T02:18:03.900000Z</time>
        <extensions>
          <gpxtpx:TrackPointExtension>
            <gpxtpx:hr>103</gpxtpx:hr>
          </gpxtpx:TrackPointExtension>
        </extensions>
      </trkpt>
      <trkpt lat="32.38647022025333" lon="119.44464226702335">
        <ele>11.489996370859444</ele>
        <time>2025-10-04T02:18:04.900000Z</time>
        <extensions>
          <gpxtpx:TrackPointExtension>
            <gpxtpx:hr>103</gpxtpx:hr>
          </gpxtpx:TrackPointExtension>
        </extensions>
      </trkpt>
      <trkpt lat="32.38646947623467" lon="119.44464141258851">
        <ele>11.490160362794995</ele>
        <time>2025-10-04T02:18:05.900000Z</time>
        <extensions>
          <gpxtpx:TrackPointExtension>
            <gpxtpx:hr>103</gpxtpx:hr>
          </gpxtpx:TrackPointExtension>
        </extensions>
      </trkpt>
      <trkpt lat="32.38646868106796" lon="119.44464056710359">
        <ele>11.490165013819933</ele>
        <time>2025-10-04T02:18:06.900000Z</time>
        <extensions>
          <gpxtpx:TrackPointExtension>
            <gpxtpx:hr>103</gpxtpx:hr>
          </gpxtpx:TrackPointExtension>
        </extensions>
      </trkpt>
      <trkpt lat="32.3864678423029" lon="119.44463973723333">
        <ele>11.49023650586605</ele>
        <time>2025-10-04T02:18:07.900000Z</time>
        <extensions>
          <gpxtpx:TrackPointExtension>
            <gpxtpx:hr>106</gpxtpx:hr>
          </gpxtpx:TrackPointExtension>
        </extensions>
      </trkpt>
      <trkpt lat="32.386466967383136" lon="119.44463892786743">
        <ele>11.49038931261748</ele>
        <time>2025-10-04T02:18:08.900000Z</time>
        <extensions>
          <gpxtpx:TrackPointExtension>
            <gpxtpx:hr>106</gpxtpx:hr>
          </gpxtpx:TrackPointExtension>
        </extensions>
      </trkpt>
      <trkpt lat="32.38646606338405" lon="119.44463814379061">
        <ele>11.49074294604361</ele>
        <time>2025-10-04T02:18:09.900000Z</time>
        <extensions>
          <gpxtpx:TrackPointExtension>
            <gpxtpx:hr>106</gpxtpx:hr>
          </gpxtpx:TrackPointExtension>
        </extensions>
      </trkpt>
      <trkpt lat="32.38646513541004" lon="119.44463738746289">
        <ele>11.491406414657831</ele>
        <time>2025-10-04T02:18:10.900000Z</time>
        <extensions>
          <gpxtpx:TrackPointExtension>
            <gpxtpx:hr>106</gpxtpx:hr>
          </gpxtpx:TrackPointExtension>
        </extensions>
      </trkpt>
      <trkpt lat="32.386464189084236" lon="119.44463666284871">
        <ele>11.492466671392322</ele>
        <time>2025-10-04T02:18:11.900000Z</time>
        <extensions>
          <gpxtpx:TrackPointExtension>
            <gpxtpx:hr>106</gpxtpx:hr>
          </gpxtpx:TrackPointExtension>
        </extensions>
      </trkpt>
      <trkpt lat="32.38646323134889" lon="119.44463597734757">
        <ele>11.493943113833666</ele>
        <time>2025-10-04T02:18:12.900000Z</time>
        <extensions>
          <gpxtpx:TrackPointExtension>
            <gpxtpx:hr>106</gpxtpx:hr>
          </gpxtpx:TrackPointExtension>
        </extensions>
      </trkpt>
      <trkpt lat="32.38646226444815" lon="119.44463532954617">
        <ele>11.496007120236754</ele>
        <time>2025-10-04T02:18:13.900000Z</time>
        <extensions>
          <gpxtpx:TrackPointExtension>
            <gpxtpx:hr>98</gpxtpx:hr>
          </gpxtpx:TrackPointExtension>
        </extensions>
      </trkpt>
      <trkpt lat="32.386461292811674" lon="119.44463472502406">
        <ele>11.498670982196927</ele>
        <time>2025-10-04T02:18:14.900000Z</time>
        <extensions>
          <gpxtpx:TrackPointExtension>
            <gpxtpx:hr>98</gpxtpx:hr>
          </gpxtpx:TrackPointExtension>
        </extensions>
      </trkpt>
      <trkpt lat="32.38646032046978" lon="119.44463416490932">
        <ele>11.501913636922836</ele>
        <time>2025-10-04T02:18:15.900000Z</time>
        <extensions>
          <gpxtpx:TrackPointExtension>
            <gpxtpx:hr>98</gpxtpx:hr>
          </gpxtpx:TrackPointExtension>
        </extensions>
      </trkpt>
      <trkpt lat="32.38645935202468" lon="119.44463365595631">
        <ele>11.505723976530135</ele>
        <time>2025-10-04T02:18:16.900000Z</time>
        <extensions>
          <gpxtpx:TrackPointExtension>
            <gpxtpx:hr>98</gpxtpx:hr>
          </gpxtpx:TrackPointExtension>
        </extensions>
      </trkpt>
      <trkpt lat="32.38645839075867" lon="119.44463319461188">
        <ele>11.510019270703197</ele>
        <time>2025-10-04T02:18:17.900000Z</time>
        <extensions>
          <gpxtpx:TrackPointExtension>
            <gpxtpx:hr>98</gpxtpx:hr>
          </gpxtpx:TrackPointExtension>
        </extensions>
      </trkpt>
      <trkpt lat="32.38645743878463" lon="119.44463278501394">
        <ele>11.514896370470524</ele>
        <time>2025-10-04T02:18:18.900000Z</time>
        <extensions>
          <gpxtpx:TrackPointExtension>
            <gpxtpx:hr>98</gpxtpx:hr>
          </gpxtpx:TrackPointExtension>
        </extensions>
      </trkpt>
      <trkpt lat="32.386456498199344" lon="119.44463242919527">
        <ele>11.520299228839576</ele>
        <time>2025-10-04T02:18:19.900000Z</time>
        <extensions>
          <gpxtpx:TrackPointExtension>
            <gpxtpx:hr>97</gpxtpx:hr>
          </gpxtpx:TrackPointExtension>
        </extensions>
      </trkpt>
      <trkpt lat="32.386455571972355" lon="119.44463212670149">
        <ele>11.52603664342314</ele>
        <time>2025-10-04T02:18:20.900000Z</time>
        <extensions>
          <gpxtpx:TrackPointExtension>
            <gpxtpx:hr>97</gpxtpx:hr>
          </gpxtpx:TrackPointExtension>
        </extensions>
      </trkpt>
      <trkpt lat="32.386454663690586" lon="119.44463188162808">
        <ele>11.532218567095697</ele>
        <time>2025-10-04T02:18:21.900000Z</time>
        <extensions>
          <gpxtpx:TrackPointExtension>
            <gpxtpx:hr>97</gpxtpx:hr>
          </gpxtpx:TrackPointExtension>
        </extensions>
      </trkpt>
      <trkpt lat="32.38645377616367" lon="119.44463169742862">
        <ele>11.538765023462474</ele>
        <time>2025-10-04T02:18:22.900000Z</time>
        <extensions>
          <gpxtpx:TrackPointExtension>
            <gpxtpx:hr>97</gpxtpx:hr>
          </gpxtpx:TrackPointExtension>
        </extensions>
      </trkpt>
      <trkpt lat="32.38645291198125" lon="119.4446315756971">
        <ele>11.545602734200656</ele>
        <time>2025-10-04T02:18:23.900000Z</time>
        <extensions>
          <gpxtpx:TrackPointExtension>
            <gpxtpx:hr>102</gpxtpx:hr>
          </gpxtpx:TrackPointExtension>
        </extensions>
      </trkpt>
      <trkpt lat="32.386452073052354" lon="119.44463151748923">
        <ele>11.552654458209872</ele>
        <time>2025-10-04T02:18:24.900000Z</time>
        <extensions>
          <gpxtpx:TrackPointExtension>
            <gpxtpx:hr>102</gpxtpx:hr>
          </gpxtpx:TrackPointExtension>
        </extensions>
      </trkpt>
      <trkpt lat="32.386451260843494" lon="119.44463152339362">
        <ele>11.55983822979033</ele>
        <time>2025-10-04T02:18:25.900000Z</time>
        <extensions>
          <gpxtpx:TrackPointExtension>
            <gpxtpx:hr>102</gpxtpx:hr>
          </gpxtpx:TrackPointExtension>
        </extensions>
      </trkpt>
      <trkpt lat="32.38645047695365" lon="119.44463159148903">
        <ele>11.566817790269852</ele>
        <time>2025-10-04T02:18:26.900000Z</time>
        <extensions>
          <gpxtpx:TrackPointExtension>
            <gpxtpx:hr>102</gpxtpx:hr>
          </gpxtpx:TrackPointExtension>
        </extensions>
      </trkpt>
      <trkpt lat="32.38644972102759" lon="119.444631722827">
        <ele>11.573691423982382</ele>
        <time>2025-10-04T02:18:27.900000Z</time>
        <extensions>
          <gpxtpx:TrackPointExtension>
            <gpxtpx:hr>102</gpxtpx:hr>
          </gpxtpx:TrackPointExtension>
        </extensions>
      </trkpt>
      <trkpt lat="32.38644899432846" lon="119.44463191305033">
        <ele>11.580478332005441</ele>
        <time>2025-10-04T02:18:28.900000Z</time>
        <extensions>
          <gpxtpx:TrackPointExtension>
            <gpxtpx:hr>102</gpxtpx:hr>
          </gpxtpx:TrackPointExtension>
        </extensions>
      </trkpt>
      <trkpt lat="32.38644829722214" lon="119.44463216192649">
        <ele>11.587276733480394</ele>
        <time>2025-10-04T02:18:29.900000Z</time>
        <extensions>
          <gpxtpx:TrackPointExtension>
            <gpxtpx:hr>102</gpxtpx:hr>
          </gpxtpx:TrackPointExtension>
        </extensions>
      </trkpt>
      <trkpt lat="32.38644763069551" lon="119.444632464035">
        <ele>11.593821968883276</ele>
        <time>2025-10-04T02:18:30.900000Z</time>
        <extensions>
          <gpxtpx:TrackPointExtension>
            <gpxtpx:hr>102</gpxtpx:hr>
          </gpxtpx:TrackPointExtension>
        </extensions>
      </trkpt>
      <trkpt lat="32.38644699523325" lon="119.4446328174247">
        <ele>11.600297910161316</ele>
        <time>2025-10-04T02:18:31.900000Z</time>
        <extensions>
          <gpxtpx:TrackPointExtension>
            <gpxtpx:hr>102</gpxtpx:hr>
          </gpxtpx:TrackPointExtension>
        </extensions>
      </trkpt>
      <trkpt lat="32.38644639116654" lon="119.44463321549571">
        <ele>11.606511451303959</ele>
        <time>2025-10-04T02:18:32.900000Z</time>
        <extensions>
          <gpxtpx:TrackPointExtension>
            <gpxtpx:hr>102</gpxtpx:hr>
          </gpxtpx:TrackPointExtension>
        </extensions>
      </trkpt>
      <trkpt lat="32.3864458204068" lon="119.44463365658348">
        <ele>11.612670005299151</ele>
        <time>2025-10-04T02:18:33.900000Z</time>
        <extensions>
          <gpxtpx:TrackPointExtension>
            <gpxtpx:hr>102</gpxtpx:hr>
          </gpxtpx:TrackPointExtension>
        </extensions>
      </trkpt>
      <trkpt lat="32.38644528511114" lon="119.4446341359686">
        <ele>11.618569510057569</ele>
        <time>2025-10-04T02:18:34.900000Z</time>
        <extensions>
          <gpxtpx:TrackPointExtension>
            <gpxtpx:hr>102</gpxtpx:hr>
          </gpxtpx:TrackPointExtension>
        </extensions>
      </trkpt>
      <trkpt lat="32.38644478687997" lon="119.44463464260672">
        <ele>11.624422402121127</ele>
        <time>2025-10-04T02:18:35.900000Z</time>
        <extensions>
          <gpxtpx:TrackPointExtension>
            <gpxtpx:hr>102</gpxtpx:hr>
          </gpxtpx:TrackPointExtension>
        </extensions>
      </trkpt>
      <trkpt lat="32.38644432591221" lon="119.44463517710194">
        <ele>11.630151158198714</ele>
        <time>2025-10-04T02:18:36.900000Z</time>
        <extensions>
          <gpxtpx:TrackPointExtension>
            <gpxtpx:hr>102</gpxtpx:hr>
          </gpxtpx:TrackPointExtension>
        </extensions>
      </trkpt>
      <trkpt lat="32.386443902129265" lon="119.44463573251437">
        <ele>11.635962046682835</ele>
        <time>2025-10-04T02:18:37.900000Z</time>
        <extensions>
          <gpxtpx:TrackPointExtension>
            <gpxtpx:hr>102</gpxtpx:hr>
          </gpxtpx:TrackPointExtension>
        </extensions>
      </trkpt>
      <trkpt lat="32.38644351744624" lon="119.44463630249693">
        <ele>11.641651510261</ele>
        <time>2025-10-04T02:18:38.900000Z</time>
        <extensions>
          <gpxtpx:TrackPointExtension>
            <gpxtpx:hr>100</gpxtpx:hr>
          </gpxtpx:TrackPointExtension>
        </extensions>
      </trkpt>
      <trkpt lat="32.38644317185919" lon="119.44463688553283">
        <ele>11.647236609831452</ele>
        <time>2025-10-04T02:18:39.900000Z</time>
        <extensions>
          <gpxtpx:TrackPointExtension>
            <gpxtpx:hr>100</gpxtpx:hr>
          </gpxtpx:TrackPointExtension>
        </extensions>
      </trkpt>
      <trkpt lat="32.38644286608759" lon="119.44463747715814">
        <ele>11.652517491951585</ele>
        <time>2025-10-04T02:18:40.900000Z</time>
        <extensions>
          <gpxtpx:TrackPointExtension>
            <gpxtpx:hr>100</gpxtpx:hr>
          </gpxtpx:TrackPointExtension>
        </extensions>
      </trkpt>
      <trkpt lat="32.38644259906547" lon="119.44463807469695">
        <ele>11.657454368658364</ele>
        <time>2025-10-04T02:18:41.900000Z</time>
        <extensions>
          <gpxtpx:TrackPointExtension>
            <gpxtpx:hr>100</gpxtpx:hr>
          </gpxtpx:TrackPointExtension>
        </extensions>
      </trkpt>
      <trkpt lat="32.38644236833119" lon="119.44463867382218">
        <ele>11.662160485982895</ele>
        <time>2025-10-04T02:18:42.900000Z</time>
        <extensions>
          <gpxtpx:TrackPointExtension>
            <gpxtpx:hr>100</gpxtpx:hr>
          </gpxtpx:TrackPointExtension>
        </extensions>
      </trkpt>
      <trkpt lat="32.3864421745396" lon="119.44463927246652">
        <ele>11.666440639644861</ele>
        <time>2025-10-04T02:18:43.900000Z</time>
        <extensions>
          <gpxtpx:TrackPointExtension>
            <gpxtpx:hr>100</gpxtpx:hr>
          </gpxtpx:TrackPointExtension>
        </extensions>
      </trkpt>
      <trkpt lat="32.38644201611114" lon="119.44463986613515">
        <ele>11.67030484508723</ele>
        <time>2025-10-04T02:18:44.900000Z</time>
        <extensions>
          <gpxtpx:TrackPointExtension>
            <gpxtpx:hr>100</gpxtpx:hr>
          </gpxtpx:TrackPointExtension>
        </extensions>
      </trkpt>
      <trkpt lat="32.38644189126718" lon="119.44464045045918">
        <ele>11.673793200403452</ele>
        <time>2025-10-04T02:18:45.900000Z</time>
        <extensions>
          <gpxtpx:TrackPointExtension>
            <gpxtpx:hr>100</gpxtpx:hr>
          </gpxtpx:TrackPointExtension>
        </extensions>
      </trkpt>
      <trkpt lat="32.38644179459867" lon="119.4446410160777">
        <ele>11.67698549758643</ele>
        <time>2025-10-04T02:18:46.900000Z</time>
        <extensions>
          <gpxtpx:TrackPointExtension>
            <gpxtpx:hr>100</gpxtpx:hr>
          </gpxtpx:TrackPointExtension>
        </extensions>
      </trkpt>
      <trkpt lat="32.38644172794647" lon="119.4446415624507">
        <ele>11.679865526035428</ele>
        <time>2025-10-04T02:18:47.900000Z</time>
        <extensions>
          <gpxtpx:TrackPointExtension>
            <gpxtpx:hr>101</gpxtpx:hr>
          </gpxtpx:TrackPointExtension>
        </extensions>
      </trkpt>
      <trkpt lat="32.38644168722457" lon="119.44464208806936">
        <ele>11.682730455882847</ele>
        <time>2025-10-04T02:18:48.900000Z</time>
        <extensions>
          <gpxtpx:TrackPointExtension>
            <gpxtpx:hr>101</gpxtpx:hr>
          </gpxtpx:TrackPointExtension>
        </extensions>
      </trkpt>
      <trkpt lat="32.386441670222084" lon="119.44464259178206">
        <ele>11.685501590371132</ele>
        <time>2025-10-04T02:18:49.900000Z</time>
        <extensions>
          <gpxtpx:TrackPointExtension>
            <gpxtpx:hr>101</gpxtpx:hr>
          </gpxtpx:TrackPointExtension>
        </extensions>
      </trkpt>
      <trkpt lat="32.38644167394607" lon="119.44464307175924">
        <ele>11.688264060765505</ele>
        <time>2025-10-04T02:18:50.900000Z</time>
        <extensions>
          <gpxtpx:TrackPointExtension>
            <gpxtpx:hr>101</gpxtpx:hr>
          </gpxtpx:TrackPointExtension>
        </extensions>
      </trkpt>
      <trkpt lat="32.38644169550171" lon="119.44464352728747">
        <ele>11.691109652630985</ele>
        <time>2025-10-04T02:18:51.900000Z</time>
        <extensions>
          <gpxtpx:TrackPointExtension>
            <gpxtpx:hr>101</gpxtpx:hr>
          </gpxtpx:TrackPointExtension>
        </extensions>
      </trkpt>
      <trkpt lat="32.386441731657555" lon="119.44464395639406">
        <ele>11.694136415608227</ele>
        <time>2025-10-04T02:18:52.900000Z</time>
        <extensions>
          <gpxtpx:TrackPointExtension>
            <gpxtpx:hr>99</gpxtpx:hr>
          </gpxtpx:TrackPointExtension>
        </extensions>
      </trkpt>
      <trkpt lat="32.386441779632975" lon="119.44464435045869">
        <ele>11.697339585982263</ele>
        <time>2025-10-04T02:18:53.900000Z</time>
        <extensions>
          <gpxtpx:TrackPointExtension>
            <gpxtpx:hr>99</gpxtpx:hr>
          </gpxtpx:TrackPointExtension>
        </extensions>
      </trkpt>
      <trkpt lat="32.38644183696097" lon="119.44464471495371">
        <ele>11.70085676573217</ele>
        <time>2025-10-04T02:18:54.900000Z</time>
        <extensions>
          <gpxtpx:TrackPointExtension>
            <gpxtpx:hr>99</gpxtpx:hr>
          </gpxtpx:TrackPointExtension>
        </extensions>
      </trkpt>
      <trkpt lat="32.38644190125785" lon="119.44464504825244">
        <ele>11.704783315770328</ele>
        <time>2025-10-04T02:18:55.900000Z</time>
        <extensions>
          <gpxtpx:TrackPointExtension>
            <gpxtpx:hr>99</gpxtpx:hr>
          </gpxtpx:TrackPointExtension>
        </extensions>
      </trkpt>
      <trkpt lat="32.38644196908497" lon="119.44464535462883">
        <ele>11.709314406849444</ele>
        <time>2025-10-04T02:18:56.900000Z</time>
        <extensions>
          <gpxtpx:TrackPointExtension>
            <gpxtpx:hr>99</gpxtpx:hr>
          </gpxtpx:TrackPointExtension>
        </extensions>
      </trkpt>
      <trkpt lat="32.38644203961799" lon="119.4446456366477">
        <ele>11.714470523409545</ele>
        <time>2025-10-04T02:18:57.900000Z</time>
        <extensions>
          <gpxtpx:TrackPointExtension>
            <gpxtpx:hr>99</gpxtpx:hr>
          </gpxtpx:TrackPointExtension>
        </extensions>
      </trkpt>
      <trkpt lat="32.38644211156858" lon="119.44464589629902">
        <ele>11.720308559015393</ele>
        <time>2025-10-04T02:18:58.900000Z</time>
        <extensions>
          <gpxtpx:TrackPointExtension>
            <gpxtpx:hr>99</gpxtpx:hr>
          </gpxtpx:TrackPointExtension>
        </extensions>
      </trkpt>
      <trkpt lat="32.38644218401388" lon="119.44464613617167">
        <ele>11.72687537316233</ele>
        <time>2025-10-04T02:18:59.900000Z</time>
        <extensions>
          <gpxtpx:TrackPointExtension>
            <gpxtpx:hr>99</gpxtpx:hr>
          </gpxtpx:TrackPointExtension>
        </extensions>
      </trkpt>
      <trkpt lat="32.38644225498734" lon="119.44464635166254">
        <ele>11.734128107316792</ele>
        <time>2025-10-04T02:19:00.900000Z</time>
        <extensions>
          <gpxtpx:TrackPointExtension>
            <gpxtpx:hr>99</gpxtpx:hr>
          </gpxtpx:TrackPointExtension>
        </extensions>
      </trkpt>
      <trkpt lat="32.386442325084865" lon="119.44464655124342">
        <ele>11.742287307046354</ele>
        <time>2025-10-04T02:19:01.900000Z</time>
        <extensions>
          <gpxtpx:TrackPointExtension>
            <gpxtpx:hr>99</gpxtpx:hr>
          </gpxtpx:TrackPointExtension>
        </extensions>
      </trkpt>
      <trkpt lat="32.38644239476322" lon="119.4446467386169">
        <ele>11.751385796815157</ele>
        <time>2025-10-04T02:19:02.900000Z</time>
        <extensions>
          <gpxtpx:TrackPointExtension>
            <gpxtpx:hr>99</gpxtpx:hr>
          </gpxtpx:TrackPointExtension>
        </extensions>
      </trkpt>
      <trkpt lat="32.38644246347141" lon="119.44464692095471">
        <ele>11.761251392774284</ele>
        <time>2025-10-04T02:19:03.900000Z</time>
        <extensions>
          <gpxtpx:TrackPointExtension>
            <gpxtpx:hr>103</gpxtpx:hr>
          </gpxtpx:TrackPointExtension>
        </extensions>
      </trkpt>
      <trkpt lat="32.38644253061002" lon="119.44464709353264">
        <ele>11.771807016804814</ele>
        <time>2025-10-04T02:19:04.900000Z</time>
        <extensions>
          <gpxtpx:TrackPointExtension>
            <gpxtpx:hr>103</gpxtpx:hr>
          </gpxtpx:TrackPointExtension>
        </extensions>
      </trkpt>
      <trkpt lat="32.38644259693028" lon="119.44464726751514">
        <ele>11.783234470523894</ele>
        <time>2025-10-04T02:19:05.900000Z</time>
        <extensions>
          <gpxtpx:TrackPointExtension>
            <gpxtpx:hr>103</gpxtpx:hr>
          </gpxtpx:TrackPointExtension>
        </extensions>
      </trkpt>
      <trkpt lat="32.386442660727354" lon="119.44464743883212">
        <ele>11.79545199405402</ele>
        <time>2025-10-04T02:19:06.900000Z</time>
        <extensions>
          <gpxtpx:TrackPointExtension>
            <gpxtpx:hr>103</gpxtpx:hr>
          </gpxtpx:TrackPointExtension>
        </extensions>
      </trkpt>
      <trkpt lat="32.386442724200315" lon="119.44464761373357">
        <ele>11.808300169184804</ele>
        <time>2025-10-04T02:19:07.900000Z</time>
        <extensions>
          <gpxtpx:TrackPointExtension>
            <gpxtpx:hr>103</gpxtpx:hr>
          </gpxtpx:TrackPointExtension>
        </extensions>
      </trkpt>
      <trkpt lat="32.38644278652728" lon="119.44464779477669">
        <ele>11.821812452748418</ele>
        <time>2025-10-04T02:19:08.900000Z</time>
        <extensions>
          <gpxtpx:TrackPointExtension>
            <gpxtpx:hr>103</gpxtpx:hr>
          </gpxtpx:TrackPointExtension>
        </extensions>
      </trkpt>
      <trkpt lat="32.38644285099448" lon="119.44464798608072">
        <ele>11.83590517938137</ele>
        <time>2025-10-04T02:19:09.900000Z</time>
        <extensions>
          <gpxtpx:TrackPointExtension>
            <gpxtpx:hr>103</gpxtpx:hr>
          </gpxtpx:TrackPointExtension>
        </extensions>
      </trkpt>
      <trkpt lat="32.386442911781934" lon="119.44464818487155">
        <ele>11.8505621207878</ele>
        <time>2025-10-04T02:19:10.900000Z</time>
        <extensions>
          <gpxtpx:TrackPointExtension>
            <gpxtpx:hr>103</gpxtpx:hr>
          </gpxtpx:TrackPointExtension>
        </extensions>
      </trkpt>
      <trkpt lat="32.38644297335582" lon="119.44464839760309">
        <ele>11.865957651287317</ele>
        <time>2025-10-04T02:19:11.900000Z</time>
        <extensions>
          <gpxtpx:TrackPointExtension>
            <gpxtpx:hr>103</gpxtpx:hr>
          </gpxtpx:TrackPointExtension>
        </extensions>
      </trkpt>
      <trkpt lat="32.386443036435324" lon="119.44464863502436">
        <ele>11.88120822608471</ele>
        <time>2025-10-04T02:19:12.900000Z</time>
        <extensions>
          <gpxtpx:TrackPointExtension>
            <gpxtpx:hr>101</gpxtpx:hr>
          </gpxtpx:TrackPointExtension>
        </extensions>
      </trkpt>
      <trkpt lat="32.386443105340014" lon="119.44464888695211">
        <ele>11.897084478288889</ele>
        <time>2025-10-04T02:19:13.900000Z</time>
        <extensions>
          <gpxtpx:TrackPointExtension>
            <gpxtpx:hr>101</gpxtpx:hr>
          </gpxtpx:TrackPointExtension>
        </extensions>
      </trkpt>
      <trkpt lat="32.386443174901366" lon="119.4446491585673">
        <ele>11.913282461464405</ele>
        <time>2025-10-04T02:19:14.900000Z</time>
        <extensions>
          <gpxtpx:TrackPointExtension>
            <gpxtpx:hr>101</gpxtpx:hr>
          </gpxtpx:TrackPointExtension>
        </extensions>
      </trkpt>
      <trkpt lat="32.386443246596464" lon="119.44464944993825">
        <ele>11.929436881095171</ele>
        <time>2025-10-04T02:19:15.900000Z</time>
        <extensions>
          <gpxtpx:TrackPointExtension>
            <gpxtpx:hr>101</gpxtpx:hr>
          </gpxtpx:TrackPointExtension>
        </extensions>
      </trkpt>
      <trkpt lat="32.38644331710128" lon="119.44464976770047">
        <ele>11.945494236424565</ele>
        <time>2025-10-04T02:19:16.900000Z</time>
        <extensions>
          <gpxtpx:TrackPointExtension>
            <gpxtpx:hr>101</gpxtpx:hr>
          </gpxtpx:TrackPointExtension>
        </extensions>
      </trkpt>
      <trkpt lat="32.38644339138011" lon="119.44465010841037">
        <ele>11.961273496970534</ele>
        <time>2025-10-04T02:19:17.900000Z</time>
        <extensions>
          <gpxtpx:TrackPointExtension>
            <gpxtpx:hr>101</gpxtpx:hr>
          </gpxtpx:TrackPointExtension>
        </extensions>
      </trkpt>
      <trkpt lat="32.386443475762874" lon="119.44465047533737">
        <ele>11.976475894451141</ele>
        <time>2025-10-04T02:19:18.900000Z</time>
        <extensions>
          <gpxtpx:TrackPointExtension>
            <gpxtpx:hr>101</gpxtpx:hr>
          </gpxtpx:TrackPointExtension>
        </extensions>
      </trkpt>
      <trkpt lat="32.38644356061664" lon="119.44465086562496">
        <ele>11.990977605804801</ele>
        <time>2025-10-04T02:19:19.900000Z</time>
        <extensions>
          <gpxtpx:TrackPointExtension>
            <gpxtpx:hr>101</gpxtpx:hr>
          </gpxtpx:TrackPointExtension>
        </extensions>
      </trkpt>
      <trkpt lat="32.38644364849882" lon="119.44465127487425">
        <ele>12.00503192935139</ele>
        <time>2025-10-04T02:19:20.900000Z</time>
        <extensions>
          <gpxtpx:TrackPointExtension>
            <gpxtpx:hr>101</gpxtpx:hr>
          </gpxtpx:TrackPointExtension>
        </extensions>
      </trkpt>
      <trkpt lat="32.3864437384813" lon="119.44465170526297">
        <ele>12.018420459702611</ele>
        <time>2025-10-04T02:19:21.900000Z</time>
        <extensions>
          <gpxtpx:TrackPointExtension>
            <gpxtpx:hr>101</gpxtpx:hr>
          </gpxtpx:TrackPointExtension>
        </extensions>
      </trkpt>
      <trkpt lat="32.38644383433966" lon="119.44465215820752">
        <ele>12.030722958035767</ele>
        <time>2025-10-04T02:19:22.900000Z</time>
        <extensions>
          <gpxtpx:TrackPointExtension>
            <gpxtpx:hr>96</gpxtpx:hr>
          </gpxtpx:TrackPointExtension>
        </extensions>
      </trkpt>
      <trkpt lat="32.38644393556139" lon="119.4446526338601">
        <ele>12.041917947120965</ele>
        <time>2025-10-04T02:19:23.900000Z</time>
        <extensions>
          <gpxtpx:TrackPointExtension>
            <gpxtpx:hr>96</gpxtpx:hr>
          </gpxtpx:TrackPointExtension>
        </extensions>
      </trkpt>
      <trkpt lat="32.38644404192706" lon="119.44465313204779">
        <ele>12.0519462749362</ele>
        <time>2025-10-04T02:19:24.900000Z</time>
        <extensions>
          <gpxtpx:TrackPointExtension>
            <gpxtpx:hr>96</gpxtpx:hr>
          </gpxtpx:TrackPointExtension>
        </extensions>
      </trkpt>
      <trkpt lat="32.38644415315766" lon="119.44465365127319">
        <ele>12.0606897668913</ele>
        <time>2025-10-04T02:19:25.900000Z</time>
        <extensions>
          <gpxtpx:TrackPointExtension>
            <gpxtpx:hr>96</gpxtpx:hr>
          </gpxtpx:TrackPointExtension>
        </extensions>
      </trkpt>
      <trkpt lat="32.386444269099606" lon="119.44465419359025">
        <ele>12.068110212683678</ele>
        <time>2025-10-04T02:19:26.900000Z</time>
        <extensions>
          <gpxtpx:TrackPointExtension>
            <gpxtpx:hr>96</gpxtpx:hr>
          </gpxtpx:TrackPointExtension>
        </extensions>
      </trkpt>
      <trkpt lat="32.386444388492414" lon="119.44465475674944">
        <ele>12.074353943578899</ele>
        <time>2025-10-04T02:19:27.900000Z</time>
        <extensions>
          <gpxtpx:TrackPointExtension>
            <gpxtpx:hr>97</gpxtpx:hr>
          </gpxtpx:TrackPointExtension>
        </extensions>
      </trkpt>
      <trkpt lat="32.38644451113345" lon="119.44465534107881">
        <ele>12.079450643621385</ele>
        <time>2025-10-04T02:19:28.900000Z</time>
        <extensions>
          <gpxtpx:TrackPointExtension>
            <gpxtpx:hr>97</gpxtpx:hr>
          </gpxtpx:TrackPointExtension>
        </extensions>
      </trkpt>
      <trkpt lat="32.38644463701338" lon="119.44465594569787">
        <ele>12.083410637453198</ele>
        <time>2025-10-04T02:19:29.900000Z</time>
        <extensions>
          <gpxtpx:TrackPointExtension>
            <gpxtpx:hr>97</gpxtpx:hr>
          </gpxtpx:TrackPointExtension>
        </extensions>
      </trkpt>
      <trkpt lat="32.386444764986024" lon="119.44465657061626">
        <ele>12.086302911862731</ele>
        <time>2025-10-04T02:19:30.900000Z</time>
        <extensions>
          <gpxtpx:TrackPointExtension>
            <gpxtpx:hr>97</gpxtpx:hr>
          </gpxtpx:TrackPointExtension>
        </extensions>
      </trkpt>
      <trkpt lat="32.386444894566026" lon="119.44465721502563">
        <ele>12.08824993763119</ele>
        <time>2025-10-04T02:19:31.900000Z</time>
        <extensions>
          <gpxtpx:TrackPointExtension>
            <gpxtpx:hr>97</gpxtpx:hr>
          </gpxtpx:TrackPointExtension>
        </extensions>
      </trkpt>
      <trkpt lat="32.38644502527753" lon="119.44465787779431">
        <ele>12.089320569299161</ele>
        <time>2025-10-04T02:19:32.900000Z</time>
        <extensions>
          <gpxtpx:TrackPointExtension>
            <gpxtpx:hr>97</gpxtpx:hr>
          </gpxtpx:TrackPointExtension>
        </extensions>
      </trkpt>
      <trkpt lat="32.38644515648044" lon="119.44465855812523">
        <ele>12.089605897665024</ele>
        <time>2025-10-04T02:19:33.900000Z</time>
        <extensions>
          <gpxtpx:TrackPointExtension>
            <gpxtpx:hr>97</gpxtpx:hr>
          </gpxtpx:TrackPointExtension>
        </extensions>
      </trkpt>
      <trkpt lat="32.38644528791732" lon="119.44465925274385">
        <ele>12.08929614815861</ele>
        <time>2025-10-04T02:19:34.900000Z</time>
        <extensions>
          <gpxtpx:TrackPointExtension>
            <gpxtpx:hr>99</gpxtpx:hr>
          </gpxtpx:TrackPointExtension>
        </extensions>
      </trkpt>
      <trkpt lat="32.38644541901516" lon="119.44465996192646">
        <ele>12.088286435231566</ele>
        <time>2025-10-04T02:19:35.900000Z</time>
        <extensions>
          <gpxtpx:TrackPointExtension>
            <gpxtpx:hr>99</gpxtpx:hr>
          </gpxtpx:TrackPointExtension>
        </extensions>
      </trkpt>
      <trkpt lat="32.38644555010494" lon="119.44466068500468">
        <ele>12.086703045293689</ele>
        <time>2025-10-04T02:19:36.900000Z</time>
        <extensions>
          <gpxtpx:TrackPointExtension>
            <gpxtpx:hr>99</gpxtpx:hr>
          </gpxtpx:TrackPointExtension>
        </extensions>
      </trkpt>
      <trkpt lat="32.38644567960385" lon="119.44466142241791">
        <ele>12.084609244950116</ele>
        <time>2025-10-04T02:19:37.900000Z</time>
        <extensions>
          <gpxtpx:TrackPointExtension>
            <gpxtpx:hr>99</gpxtpx:hr>
          </gpxtpx:TrackPointExtension>
        </extensions>
      </trkpt>
      <trkpt lat="32.38644580676621" lon="119.44466217162177">
        <ele>12.082017821259797</ele>
        <time>2025-10-04T02:19:38.900000Z</time>
        <extensions>
          <gpxtpx:TrackPointExtension>
            <gpxtpx:hr>99</gpxtpx:hr>
          </gpxtpx:TrackPointExtension>
        </extensions>
      </trkpt>
      <trkpt lat="32.38644593259764" lon="119.44466292575166">
        <ele>12.078804339282215</ele>
        <time>2025-10-04T02:19:39.900000Z</time>
        <extensions>
          <gpxtpx:TrackPointExtension>
            <gpxtpx:hr>99</gpxtpx:hr>
          </gpxtpx:TrackPointExtension>
        </extensions>
      </trkpt>
      <trkpt lat="32.38644605630087" lon="119.44466368668242">
        <ele>12.075011211447418</ele>
        <time>2025-10-04T02:19:40.900000Z</time>
        <extensions>
          <gpxtpx:TrackPointExtension>
            <gpxtpx:hr>98</gpxtpx:hr>
          </gpxtpx:TrackPointExtension>
        </extensions>
      </trkpt>
      <trkpt lat="32.386446176539074" lon="119.44466445386674">
        <ele>12.070794008672237</ele>
        <time>2025-10-04T02:19:41.900000Z</time>
        <extensions>
          <gpxtpx:TrackPointExtension>
            <gpxtpx:hr>98</gpxtpx:hr>
          </gpxtpx:TrackPointExtension>
        </extensions>
      </trkpt>
      <trkpt lat="32.386446294920034" lon="119.44466522654143">
        <ele>12.066167485900223</ele>
        <time>2025-10-04T02:19:42.900000Z</time>
        <extensions>
          <gpxtpx:TrackPointExtension>
            <gpxtpx:hr>98</gpxtpx:hr>
          </gpxtpx:TrackPointExtension>
        </extensions>
      </trkpt>
      <trkpt lat="32.386446409556605" lon="119.44466600240806">
        <ele>12.061078558675945</ele>
        <time>2025-10-04T02:19:43.900000Z</time>
        <extensions>
          <gpxtpx:TrackPointExtension>
            <gpxtpx:hr>98</gpxtpx:hr>
          </gpxtpx:TrackPointExtension>
        </extensions>
      </trkpt>
      <trkpt lat="32.386446520128864" lon="119.44466677893102">
        <ele>12.055445003323257</ele>
        <time>2025-10-04T02:19:44.900000Z</time>
        <extensions>
          <gpxtpx:TrackPointExtension>
            <gpxtpx:hr>98</gpxtpx:hr>
          </gpxtpx:TrackPointExtension>
        </extensions>
      </trkpt>
      <trkpt lat="32.38644662290183" lon="119.44466754927916">
        <ele>12.049300444312394</ele>
        <time>2025-10-04T02:19:45.900000Z</time>
        <extensions>
          <gpxtpx:TrackPointExtension>
            <gpxtpx:hr>96</gpxtpx:hr>
          </gpxtpx:TrackPointExtension>
        </extensions>
      </trkpt>
      <trkpt lat="32.386446721183724" lon="119.44466831040896">
        <ele>12.042257881723344</ele>
        <time>2025-10-04T02:19:46.900000Z</time>
        <extensions>
          <gpxtpx:TrackPointExtension>
            <gpxtpx:hr>96</gpxtpx:hr>
          </gpxtpx:TrackPointExtension>
        </extensions>
      </trkpt>
      <trkpt lat="32.38644681471958" lon="119.44466906273077">
        <ele>12.034653654322028</ele>
        <time>2025-10-04T02:19:47.900000Z</time>
        <extensions>
          <gpxtpx:TrackPointExtension>
            <gpxtpx:hr>96</gpxtpx:hr>
          </gpxtpx:TrackPointExtension>
        </extensions>
      </trkpt>
      <trkpt lat="32.38644690436785" lon="119.44466980011154">
        <ele>12.02616604231298</ele>
        <time>2025-10-04T02:19:48.900000Z</time>
        <extensions>
          <gpxtpx:TrackPointExtension>
            <gpxtpx:hr>96</gpxtpx:hr>
          </gpxtpx:TrackPointExtension>
        </extensions>
      </trkpt>
      <trkpt lat="32.38644698842929" lon="119.44467052330208">
        <ele>12.016892434097826</ele>
        <time>2025-10-04T02:19:49.900000Z</time>
        <extensions>
          <gpxtpx:TrackPointExtension>
            <gpxtpx:hr>96</gpxtpx:hr>
          </gpxtpx:TrackPointExtension>
        </extensions>
      </trkpt>
      <trkpt lat="32.38644706759992" lon="119.44467122853162">
        <ele>12.006828595884144</ele>
        <time>2025-10-04T02:19:50.900000Z</time>
        <extensions>
          <gpxtpx:TrackPointExtension>
            <gpxtpx:hr>96</gpxtpx:hr>
          </gpxtpx:TrackPointExtension>
        </extensions>
      </trkpt>
      <trkpt lat="32.386447140079916" lon="119.44467191248017">
        <ele>11.99596770759672</ele>
        <time>2025-10-04T02:19:51.900000Z</time>
        <extensions>
          <gpxtpx:TrackPointExtension>
            <gpxtpx:hr>96</gpxtpx:hr>
          </gpxtpx:TrackPointExtension>
        </extensions>
      </trkpt>
      <trkpt lat="32.38644720570113" lon="119.44467257243303">
        <ele>11.984042801894248</ele>
        <time>2025-10-04T02:19:52.900000Z</time>
        <extensions>
          <gpxtpx:TrackPointExtension>
            <gpxtpx:hr>96</gpxtpx:hr>
          </gpxtpx:TrackPointExtension>
        </extensions>
      </trkpt>
      <trkpt lat="32.38644726473505" lon="119.4446732063809">
        <ele>11.971164437010884</ele>
        <time>2025-10-04T02:19:53.900000Z</time>
        <extensions>
          <gpxtpx:TrackPointExtension>
            <gpxtpx:hr>96</gpxtpx:hr>
          </gpxtpx:TrackPointExtension>
        </extensions>
      </trkpt>
      <trkpt lat="32.386447316642965" lon="119.44467381419818">
        <ele>11.957384412176907</ele>
        <time>2025-10-04T02:19:54.900000Z</time>
        <extensions>
          <gpxtpx:TrackPointExtension>
            <gpxtpx:hr>94</gpxtpx:hr>
          </gpxtpx:TrackPointExtension>
        </extensions>
      </trkpt>
      <trkpt lat="32.3864473600588" lon="119.44467439059271">
        <ele>11.942935195751488</ele>
        <time>2025-10-04T02:19:55.900000Z</time>
        <extensions>
          <gpxtpx:TrackPointExtension>
            <gpxtpx:hr>94</gpxtpx:hr>
          </gpxtpx:TrackPointExtension>
        </extensions>
      </trkpt>
      <trkpt lat="32.386447394999905" lon="119.44467494219357">
        <ele>11.927594470791519</ele>
        <time>2025-10-04T02:19:56.900000Z</time>
        <extensions>
          <gpxtpx:TrackPointExtension>
            <gpxtpx:hr>94</gpxtpx:hr>
          </gpxtpx:TrackPointExtension>
        </extensions>
      </trkpt>
      <trkpt lat="32.38644742205161" lon="119.44467546666534">
        <ele>11.911267372779548</ele>
        <time>2025-10-04T02:19:57.900000Z</time>
        <extensions>
          <gpxtpx:TrackPointExtension>
            <gpxtpx:hr>92</gpxtpx:hr>
          </gpxtpx:TrackPointExtension>
        </extensions>
      </trkpt>
      <trkpt lat="32.38644744084437" lon="119.44467596312688">
        <ele>11.893956736661494</ele>
        <time>2025-10-04T02:19:58.900000Z</time>
        <extensions>
          <gpxtpx:TrackPointExtension>
            <gpxtpx:hr>92</gpxtpx:hr>
          </gpxtpx:TrackPointExtension>
        </extensions>
      </trkpt>
      <trkpt lat="32.386447451098654" lon="119.44467643117785">
        <ele>11.875679531134665</ele>
        <time>2025-10-04T02:19:59.900000Z</time>
        <extensions>
          <gpxtpx:TrackPointExtension>
            <gpxtpx:hr>92</gpxtpx:hr>
          </gpxtpx:TrackPointExtension>
        </extensions>
      </trkpt>
      <trkpt lat="32.38644745260144" lon="119.44467687095458">
        <ele>11.856473285704851</ele>
        <time>2025-10-04T02:20:00.900000Z</time>
        <extensions>
          <gpxtpx:TrackPointExtension>
            <gpxtpx:hr>92</gpxtpx:hr>
          </gpxtpx:TrackPointExtension>
        </extensions>
      </trkpt>
      <trkpt lat="32.38644744521509" lon="119.4446772833806">
        <ele>11.836399545893073</ele>
        <time>2025-10-04T02:20:01.900000Z</time>
        <extensions>
          <gpxtpx:TrackPointExtension>
            <gpxtpx:hr>92</gpxtpx:hr>
          </gpxtpx:TrackPointExtension>
        </extensions>
      </trkpt>
      <trkpt lat="32.38644742895116" lon="119.44467767005553">
        <ele>11.81553856190294</ele>
        <time>2025-10-04T02:20:02.900000Z</time>
        <extensions>
          <gpxtpx:TrackPointExtension>
            <gpxtpx:hr>92</gpxtpx:hr>
          </gpxtpx:TrackPointExtension>
        </extensions>
      </trkpt>
      <trkpt lat="32.38644740404576" lon="119.44467803335331">
        <ele>11.793988544493914</ele>
        <time>2025-10-04T02:20:03.900000Z</time>
        <extensions>
          <gpxtpx:TrackPointExtension>
            <gpxtpx:hr>95</gpxtpx:hr>
          </gpxtpx:TrackPointExtension>
        </extensions>
      </trkpt>
      <trkpt lat="32.38644737389223" lon="119.44467838769312">
        <ele>11.771588243544102</ele>
        <time>2025-10-04T02:20:04.900000Z</time>
        <extensions>
          <gpxtpx:TrackPointExtension>
            <gpxtpx:hr>95</gpxtpx:hr>
          </gpxtpx:TrackPointExtension>
        </extensions>
      </trkpt>
      <trkpt lat="32.38644733491771" lon="119.44467872352256">
        <ele>11.74886835925281</ele>
        <time>2025-10-04T02:20:05.900000Z</time>
        <extensions>
          <gpxtpx:TrackPointExtension>
            <gpxtpx:hr>95</gpxtpx:hr>
          </gpxtpx:TrackPointExtension>
        </extensions>
      </trkpt>
      <trkpt lat="32.3864472882325" lon="119.44467904522931">
        <ele>11.726027965545654</ele>
        <time>2025-10-04T02:20:06.900000Z</time>
        <extensions>
          <gpxtpx:TrackPointExtension>
            <gpxtpx:hr>95</gpxtpx:hr>
          </gpxtpx:TrackPointExtension>
        </extensions>
      </trkpt>
      <trkpt lat="32.38644723385876" lon="119.44467935397292">
        <ele>11.70306321233511</ele>
        <time>2025-10-04T02:20:07.900000Z</time>
        <extensions>
          <gpxtpx:TrackPointExtension>
            <gpxtpx:hr>95</gpxtpx:hr>
          </gpxtpx:TrackPointExtension>
        </extensions>
      </trkpt>
      <trkpt lat="32.386447172267644" lon="119.44467965310939">
        <ele>11.680110432207584</ele>
        <time>2025-10-04T02:20:08.900000Z</time>
        <extensions>
          <gpxtpx:TrackPointExtension>
            <gpxtpx:hr>95</gpxtpx:hr>
          </gpxtpx:TrackPointExtension>
        </extensions>
      </trkpt>
      <trkpt lat="32.38644710405495" lon="119.44467994570665">
        <ele>11.657301711849868</ele>
        <time>2025-10-04T02:20:09.900000Z</time>
        <extensions>
          <gpxtpx:TrackPointExtension>
            <gpxtpx:hr>95</gpxtpx:hr>
          </gpxtpx:TrackPointExtension>
        </extensions>
      </trkpt>
      <trkpt lat="32.386447029777244" lon="119.44468023434386">
        <ele>11.634772922843695</ele>
        <time>2025-10-04T02:20:10.900000Z</time>
        <extensions>
          <gpxtpx:TrackPointExtension>
            <gpxtpx:hr>100</gpxtpx:hr>
          </gpxtpx:TrackPointExtension>
        </extensions>
      </trkpt>
      <trkpt lat="32.38644694995741" lon="119.44468052108557">
        <ele>11.6126663768664</ele>
        <time>2025-10-04T02:20:11.900000Z</time>
        <extensions>
          <gpxtpx:TrackPointExtension>
            <gpxtpx:hr>100</gpxtpx:hr>
          </gpxtpx:TrackPointExtension>
        </extensions>
      </trkpt>
      <trkpt lat="32.3864468651726" lon="119.44468080824318">
        <ele>11.591117066331208</ele>
        <time>2025-10-04T02:20:12.900000Z</time>
        <extensions>
          <gpxtpx:TrackPointExtension>
            <gpxtpx:hr>100</gpxtpx:hr>
          </gpxtpx:TrackPointExtension>
        </extensions>
      </trkpt>
      <trkpt lat="32.386446775973305" lon="119.44468109760204">
        <ele>11.570239797234535</ele>
        <time>2025-10-04T02:20:13.900000Z</time>
        <extensions>
          <gpxtpx:TrackPointExtension>
            <gpxtpx:hr>100</gpxtpx:hr>
          </gpxtpx:TrackPointExtension>
        </extensions>
      </trkpt>
      <trkpt lat="32.386446656785985" lon="119.4446813861125">
        <ele>11.549433638341725</ele>
        <time>2025-10-04T02:20:14.900000Z</time>
        <extensions>
          <gpxtpx:TrackPointExtension>
            <gpxtpx:hr>100</gpxtpx:hr>
          </gpxtpx:TrackPointExtension>
        </extensions>
      </trkpt>
      <trkpt lat="32.38644655291393" lon="119.44468168419192">
        <ele>11.529723686166108</ele>
        <time>2025-10-04T02:20:15.900000Z</time>
        <extensions>
          <gpxtpx:TrackPointExtension>
            <gpxtpx:hr>100</gpxtpx:hr>
          </gpxtpx:TrackPointExtension>
        </extensions>
      </trkpt>
      <trkpt lat="32.386446446874295" lon="119.44468198944354">
        <ele>11.510994829237461</ele>
        <time>2025-10-04T02:20:16.900000Z</time>
        <extensions>
          <gpxtpx:TrackPointExtension>
            <gpxtpx:hr>100</gpxtpx:hr>
          </gpxtpx:TrackPointExtension>
        </extensions>
      </trkpt>
      <trkpt lat="32.386446339799484" lon="119.44468230232991">
        <ele>11.493303147144616</ele>
        <time>2025-10-04T02:20:17.900000Z</time>
        <extensions>
          <gpxtpx:TrackPointExtension>
            <gpxtpx:hr>100</gpxtpx:hr>
          </gpxtpx:TrackPointExtension>
        </extensions>
      </trkpt>
      <trkpt lat="32.386446245829774" lon="119.44468262472789">
        <ele>11.476905190385878</ele>
        <time>2025-10-04T02:20:18.900000Z</time>
        <extensions>
          <gpxtpx:TrackPointExtension>
            <gpxtpx:hr>100</gpxtpx:hr>
          </gpxtpx:TrackPointExtension>
        </extensions>
      </trkpt>
      <trkpt lat="32.38644615233784" lon="119.44468295573624">
        <ele>11.461618779227138</ele>
        <time>2025-10-04T02:20:19.900000Z</time>
        <extensions>
          <gpxtpx:TrackPointExtension>
            <gpxtpx:hr>100</gpxtpx:hr>
          </gpxtpx:TrackPointExtension>
        </extensions>
      </trkpt>
      <trkpt lat="32.386446058097384" lon="119.44468329515163">
        <ele>11.44746789522469</ele>
        <time>2025-10-04T02:20:20.900000Z</time>
        <extensions>
          <gpxtpx:TrackPointExtension>
            <gpxtpx:hr>100</gpxtpx:hr>
          </gpxtpx:TrackPointExtension>
        </extensions>
      </trkpt>
      <trkpt lat="32.38644596090317" lon="119.44468363273991">
        <ele>11.434526183642447</ele>
        <time>2025-10-04T02:20:21.900000Z</time>
        <extensions>
          <gpxtpx:TrackPointExtension>
            <gpxtpx:hr>100</gpxtpx:hr>
          </gpxtpx:TrackPointExtension>
        </extensions>
      </trkpt>
      <trkpt lat="32.386445858323334" lon="119.44468398067684">
        <ele>11.422817753627896</ele>
        <time>2025-10-04T02:20:22.900000Z</time>
        <extensions>
          <gpxtpx:TrackPointExtension>
            <gpxtpx:hr>103</gpxtpx:hr>
          </gpxtpx:TrackPointExtension>
        </extensions>
      </trkpt>
      <trkpt lat="32.386445757327394" lon="119.44468434130975">
        <ele>11.41218931041658</ele>
        <time>2025-10-04T02:20:23.900000Z</time>
        <extensions>
          <gpxtpx:TrackPointExtension>
            <gpxtpx:hr>103</gpxtpx:hr>
          </gpxtpx:TrackPointExtension>
        </extensions>
      </trkpt>
      <trkpt lat="32.386445653689094" lon="119.44468470502343">
        <ele>11.40306265372783</ele>
        <time>2025-10-04T02:20:24.900000Z</time>
        <extensions>
          <gpxtpx:TrackPointExtension>
            <gpxtpx:hr>103</gpxtpx:hr>
          </gpxtpx:TrackPointExtension>
        </extensions>
      </trkpt>
      <trkpt lat="32.386445556168724" lon="119.44468508329854">
        <ele>11.394919019192457</ele>
        <time>2025-10-04T02:20:25.900000Z</time>
        <extensions>
          <gpxtpx:TrackPointExtension>
            <gpxtpx:hr>103</gpxtpx:hr>
          </gpxtpx:TrackPointExtension>
        </extensions>
      </trkpt>
      <trkpt lat="32.386445466389716" lon="119.44468547338614">
        <ele>11.387925680726767</ele>
        <time>2025-10-04T02:20:26.900000Z</time>
        <extensions>
          <gpxtpx:TrackPointExtension>
            <gpxtpx:hr>103</gpxtpx:hr>
          </gpxtpx:TrackPointExtension>
        </extensions>
      </trkpt>
      <trkpt lat="32.3864453773936" lon="119.44468586119355">
        <ele>11.381955470889807</ele>
        <time>2025-10-04T02:20:27.900000Z</time>
        <extensions>
          <gpxtpx:TrackPointExtension>
            <gpxtpx:hr>103</gpxtpx:hr>
          </gpxtpx:TrackPointExtension>
        </extensions>
      </trkpt>
      <trkpt lat="32.38644529911508" lon="119.44468624859485">
        <ele>11.376802546903491</ele>
        <time>2025-10-04T02:20:28.900000Z</time>
        <extensions>
          <gpxtpx:TrackPointExtension>
            <gpxtpx:hr>101</gpxtpx:hr>
          </gpxtpx:TrackPointExtension>
        </extensions>
      </trkpt>
      <trkpt lat="32.38644528122972" lon="119.44468663239346">
        <ele>11.372269742190838</ele>
        <time>2025-10-04T02:20:29.900000Z</time>
        <extensions>
          <gpxtpx:TrackPointExtension>
            <gpxtpx:hr>101</gpxtpx:hr>
          </gpxtpx:TrackPointExtension>
        </extensions>
      </trkpt>
      <trkpt lat="32.38644533318181" lon="119.44468703711021">
        <ele>11.368435794487596</ele>
        <time>2025-10-04T02:20:30.900000Z</time>
        <extensions>
          <gpxtpx:TrackPointExtension>
            <gpxtpx:hr>101</gpxtpx:hr>
          </gpxtpx:TrackPointExtension>
        </extensions>
      </trkpt>
      <trkpt lat="32.3864454240394" lon="119.44468743667608">
        <ele>11.365610437467694</ele>
        <time>2025-10-04T02:20:31.900000Z</time>
        <extensions>
          <gpxtpx:TrackPointExtension>
            <gpxtpx:hr>101</gpxtpx:hr>
          </gpxtpx:TrackPointExtension>
        </extensions>
      </trkpt>
      <trkpt lat="32.386445545963795" lon="119.44468783794116">
        <ele>11.363976762630045</ele>
        <time>2025-10-04T02:20:32.900000Z</time>
        <extensions>
          <gpxtpx:TrackPointExtension>
            <gpxtpx:hr>101</gpxtpx:hr>
          </gpxtpx:TrackPointExtension>
        </extensions>
      </trkpt>
      <trkpt lat="32.38644568507118" lon="119.44468822938299">
        <ele>11.361976305954158</ele>
        <time>2025-10-04T02:20:33.900000Z</time>
        <extensions>
          <gpxtpx:TrackPointExtension>
            <gpxtpx:hr>101</gpxtpx:hr>
          </gpxtpx:TrackPointExtension>
        </extensions>
      </trkpt>
      <trkpt lat="32.38644584222902" lon="119.44468863444772">
        <ele>11.360544356517494</ele>
        <time>2025-10-04T02:20:34.900000Z</time>
        <extensions>
          <gpxtpx:TrackPointExtension>
            <gpxtpx:hr>102</gpxtpx:hr>
          </gpxtpx:TrackPointExtension>
        </extensions>
      </trkpt>
      <trkpt lat="32.38644601324976" lon="119.44468902329686">
        <ele>11.35951170977205</ele>
        <time>2025-10-04T02:20:35.900000Z</time>
        <extensions>
          <gpxtpx:TrackPointExtension>
            <gpxtpx:hr>102</gpxtpx:hr>
          </gpxtpx:TrackPointExtension>
        </extensions>
      </trkpt>
      <trkpt lat="32.3864462463835" lon="119.44468938615437">
        <ele>11.358546529896557</ele>
        <time>2025-10-04T02:20:36.900000Z</time>
        <extensions>
          <gpxtpx:TrackPointExtension>
            <gpxtpx:hr>102</gpxtpx:hr>
          </gpxtpx:TrackPointExtension>
        </extensions>
      </trkpt>
      <trkpt lat="32.386446490027915" lon="119.44468971909438">
        <ele>11.357954317703843</ele>
        <time>2025-10-04T02:20:37.900000Z</time>
        <extensions>
          <gpxtpx:TrackPointExtension>
            <gpxtpx:hr>102</gpxtpx:hr>
          </gpxtpx:TrackPointExtension>
        </extensions>
      </trkpt>
      <trkpt lat="32.386446720131914" lon="119.44469003647406">
        <ele>11.357413203455508</ele>
        <time>2025-10-04T02:20:38.900000Z</time>
        <extensions>
          <gpxtpx:TrackPointExtension>
            <gpxtpx:hr>102</gpxtpx:hr>
          </gpxtpx:TrackPointExtension>
        </extensions>
      </trkpt>
      <trkpt lat="32.38644696215968" lon="119.44469032200145">
        <ele>11.356923185288906</ele>
        <time>2025-10-04T02:20:39.900000Z</time>
        <extensions>
          <gpxtpx:TrackPointExtension>
            <gpxtpx:hr>102</gpxtpx:hr>
          </gpxtpx:TrackPointExtension>
        </extensions>
      </trkpt>
      <trkpt lat="32.38644717773694" lon="119.44469058460277">
        <ele>11.356963347643614</ele>
        <time>2025-10-04T02:20:40.900000Z</time>
        <extensions>
          <gpxtpx:TrackPointExtension>
            <gpxtpx:hr>102</gpxtpx:hr>
          </gpxtpx:TrackPointExtension>
        </extensions>
      </trkpt>
      <trkpt lat="32.38644743433939" lon="119.4446908142009">
        <ele>11.356911445967853</ele>
        <time>2025-10-04T02:20:41.900000Z</time>
        <extensions>
          <gpxtpx:TrackPointExtension>
            <gpxtpx:hr>102</gpxtpx:hr>
          </gpxtpx:TrackPointExtension>
        </extensions>
      </trkpt>
      <trkpt lat="32.38644765474859" lon="119.44469101008968">
        <ele>11.357332336716354</ele>
        <time>2025-10-04T02:20:42.900000Z</time>
        <extensions>
          <gpxtpx:TrackPointExtension>
            <gpxtpx:hr>102</gpxtpx:hr>
          </gpxtpx:TrackPointExtension>
        </extensions>
      </trkpt>
      <trkpt lat="32.38644794045738" lon="119.44469111788992">
        <ele>11.357749252580106</ele>
        <time>2025-10-04T02:20:43.900000Z</time>
        <extensions>
          <gpxtpx:TrackPointExtension>
            <gpxtpx:hr>102</gpxtpx:hr>
          </gpxtpx:TrackPointExtension>
        </extensions>
      </trkpt>
      <trkpt lat="32.38644823561749" lon="119.44469112420704">
        <ele>11.358597975224257</ele>
        <time>2025-10-04T02:20:44.900000Z</time>
        <extensions>
          <gpxtpx:TrackPointExtension>
            <gpxtpx:hr>103</gpxtpx:hr>
          </gpxtpx:TrackPointExtension>
        </extensions>
      </trkpt>
      <trkpt lat="32.38644846962869" lon="119.44469116345505">
        <ele>11.359200821258128</ele>
        <time>2025-10-04T02:20:45.900000Z</time>
        <extensions>
          <gpxtpx:TrackPointExtension>
            <gpxtpx:hr>103</gpxtpx:hr>
          </gpxtpx:TrackPointExtension>
        </extensions>
      </trkpt>
      <trkpt lat="32.38644871216153" lon="119.44469119641347">
        <ele>11.359643707051873</ele>
        <time>2025-10-04T02:20:46.900000Z</time>
        <extensions>
          <gpxtpx:TrackPointExtension>
            <gpxtpx:hr>103</gpxtpx:hr>
          </gpxtpx:TrackPointExtension>
        </extensions>
      </trkpt>
      <trkpt lat="32.38644899970743" lon="119.44469121203292">
        <ele>11.360552133992314</ele>
        <time>2025-10-04T02:20:47.900000Z</time>
        <extensions>
          <gpxtpx:TrackPointExtension>
            <gpxtpx:hr>103</gpxtpx:hr>
          </gpxtpx:TrackPointExtension>
        </extensions>
      </trkpt>
      <trkpt lat="32.386449216780996" lon="119.44469116501638">
        <ele>11.361761892214417</ele>
        <time>2025-10-04T02:20:48.900000Z</time>
        <extensions>
          <gpxtpx:TrackPointExtension>
            <gpxtpx:hr>103</gpxtpx:hr>
          </gpxtpx:TrackPointExtension>
        </extensions>
      </trkpt>
      <trkpt lat="32.386449469431376" lon="119.44469098988068">
        <ele>11.362932074815035</ele>
        <time>2025-10-04T02:20:49.900000Z</time>
        <extensions>
          <gpxtpx:TrackPointExtension>
            <gpxtpx:hr>103</gpxtpx:hr>
          </gpxtpx:TrackPointExtension>
        </extensions>
      </trkpt>
      <trkpt lat="32.3864496271281" lon="119.44469079909196">
        <ele>11.364387658424675</ele>
        <time>2025-10-04T02:20:50.900000Z</time>
        <extensions>
          <gpxtpx:TrackPointExtension>
            <gpxtpx:hr>103</gpxtpx:hr>
          </gpxtpx:TrackPointExtension>
        </extensions>
      </trkpt>
      <trkpt lat="32.38644974842121" lon="119.44469060843697">
        <ele>11.366155322641134</ele>
        <time>2025-10-04T02:20:51.900000Z</time>
        <extensions>
          <gpxtpx:TrackPointExtension>
            <gpxtpx:hr>103</gpxtpx:hr>
          </gpxtpx:TrackPointExtension>
        </extensions>
      </trkpt>
      <trkpt lat="32.38644984651502" lon="119.44469041531511">
        <ele>11.367912841960788</ele>
        <time>2025-10-04T02:20:52.900000Z</time>
        <extensions>
          <gpxtpx:TrackPointExtension>
            <gpxtpx:hr>103</gpxtpx:hr>
          </gpxtpx:TrackPointExtension>
        </extensions>
      </trkpt>
      <trkpt lat="32.38644996614847" lon="119.44469018876698">
        <ele>11.369411499239504</ele>
        <time>2025-10-04T02:20:53.900000Z</time>
        <extensions>
          <gpxtpx:TrackPointExtension>
            <gpxtpx:hr>103</gpxtpx:hr>
          </gpxtpx:TrackPointExtension>
        </extensions>
      </trkpt>
      <trkpt lat="32.38645000651447" lon="119.44468999461888">
        <ele>11.371103882789612</ele>
        <time>2025-10-04T02:20:54.900000Z</time>
        <extensions>
          <gpxtpx:TrackPointExtension>
            <gpxtpx:hr>105</gpxtpx:hr>
          </gpxtpx:TrackPointExtension>
        </extensions>
      </trkpt>
      <trkpt lat="32.38644992649473" lon="119.44468973158874">
        <ele>11.372905135154724</ele>
        <time>2025-10-04T02:20:55.900000Z</time>
        <extensions>
          <gpxtpx:TrackPointExtension>
            <gpxtpx:hr>105</gpxtpx:hr>
          </gpxtpx:TrackPointExtension>
        </extensions>
      </trkpt>
      <trkpt lat="32.38644973400034" lon="119.44468944099955">
        <ele>11.374444770626724</ele>
        <time>2025-10-04T02:20:56.900000Z</time>
        <extensions>
          <gpxtpx:TrackPointExtension>
            <gpxtpx:hr>105</gpxtpx:hr>
          </gpxtpx:TrackPointExtension>
        </extensions>
      </trkpt>
      <trkpt lat="32.38644951268368" lon="119.44468911511294">
        <ele>11.375925233587623</ele>
        <time>2025-10-04T02:20:57.900000Z</time>
        <extensions>
          <gpxtpx:TrackPointExtension>
            <gpxtpx:hr>105</gpxtpx:hr>
          </gpxtpx:TrackPointExtension>
        </extensions>
      </trkpt>
      <trkpt lat="32.38644919754478" lon="119.44468873486358">
        <ele>11.377033012919128</ele>
        <time>2025-10-04T02:20:58.900000Z</time>
        <extensions>
          <gpxtpx:TrackPointExtension>
            <gpxtpx:hr>104</gpxtpx:hr>
          </gpxtpx:TrackPointExtension>
        </extensions>
      </trkpt>
      <trkpt lat="32.38644874358577" lon="119.44468832732703">
        <ele>11.3770966315642</ele>
        <time>2025-10-04T02:20:59.900000Z</time>
        <extensions>
          <gpxtpx:TrackPointExtension>
            <gpxtpx:hr>104</gpxtpx:hr>
          </gpxtpx:TrackPointExtension>
        </extensions>
      </trkpt>
      <trkpt lat="32.38644813309424" lon="119.44468793586155">
        <ele>11.376904641278088</ele>
        <time>2025-10-04T02:21:00.900000Z</time>
        <extensions>
          <gpxtpx:TrackPointExtension>
            <gpxtpx:hr>104</gpxtpx:hr>
          </gpxtpx:TrackPointExtension>
        </extensions>
      </trkpt>
      <trkpt lat="32.38644744686428" lon="119.44468748925141">
        <ele>11.376382250338793</ele>
        <time>2025-10-04T02:21:01.900000Z</time>
        <extensions>
          <gpxtpx:TrackPointExtension>
            <gpxtpx:hr>104</gpxtpx:hr>
          </gpxtpx:TrackPointExtension>
        </extensions>
      </trkpt>
      <trkpt lat="32.38644661860028" lon="119.44468699859257">
        <ele>11.37582310475409</ele>
        <time>2025-10-04T02:21:02.900000Z</time>
        <extensions>
          <gpxtpx:TrackPointExtension>
            <gpxtpx:hr>105</gpxtpx:hr>
          </gpxtpx:TrackPointExtension>
        </extensions>
      </trkpt>
      <trkpt lat="32.386445569772235" lon="119.44468653867409">
        <ele>11.373949382454157</ele>
        <time>2025-10-04T02:21:03.900000Z</time>
        <extensions>
          <gpxtpx:TrackPointExtension>
            <gpxtpx:hr>105</gpxtpx:hr>
          </gpxtpx:TrackPointExtension>
        </extensions>
      </trkpt>
      <trkpt lat="32.38644427977708" lon="119.44468607417019">
        <ele>11.371711112558842</ele>
        <time>2025-10-04T02:21:04.900000Z</time>
        <extensions>
          <gpxtpx:TrackPointExtension>
            <gpxtpx:hr>105</gpxtpx:hr>
          </gpxtpx:TrackPointExtension>
        </extensions>
      </trkpt>
      <trkpt lat="32.38644274853261" lon="119.4446855806526">
        <ele>11.368378545157611</ele>
        <time>2025-10-04T02:21:05.900000Z</time>
        <extensions>
          <gpxtpx:TrackPointExtension>
            <gpxtpx:hr>105</gpxtpx:hr>
          </gpxtpx:TrackPointExtension>
        </extensions>
      </trkpt>
      <trkpt lat="32.386440967044024" lon="119.44468501976026">
        <ele>11.364057545550168</ele>
        <time>2025-10-04T02:21:06.900000Z</time>
        <extensions>
          <gpxtpx:TrackPointExtension>
            <gpxtpx:hr>102</gpxtpx:hr>
          </gpxtpx:TrackPointExtension>
        </extensions>
      </trkpt>
      <trkpt lat="32.38643885675081" lon="119.4446844760634">
        <ele>11.357853914611042</ele>
        <time>2025-10-04T02:21:07.900000Z</time>
        <extensions>
          <gpxtpx:TrackPointExtension>
            <gpxtpx:hr>102</gpxtpx:hr>
          </gpxtpx:TrackPointExtension>
        </extensions>
      </trkpt>
      <trkpt lat="32.386436446021925" lon="119.4446838591122">
        <ele>11.35078872460872</ele>
        <time>2025-10-04T02:21:08.900000Z</time>
        <extensions>
          <gpxtpx:TrackPointExtension>
            <gpxtpx:hr>102</gpxtpx:hr>
          </gpxtpx:TrackPointExtension>
        </extensions>
      </trkpt>
      <trkpt lat="32.38643367564092" lon="119.444683200671">
        <ele>11.342553108930588</ele>
        <time>2025-10-04T02:21:09.900000Z</time>
        <extensions>
          <gpxtpx:TrackPointExtension>
            <gpxtpx:hr>102</gpxtpx:hr>
          </gpxtpx:TrackPointExtension>
        </extensions>
      </trkpt>
      <trkpt lat="32.38643051147212" lon="119.4446826524202">
        <ele>11.3333332920447</ele>
        <time>2025-10-04T02:21:10.900000Z</time>
        <extensions>
          <gpxtpx:TrackPointExtension>
            <gpxtpx:hr>102</gpxtpx:hr>
          </gpxtpx:TrackPointExtension>
        </extensions>
      </trkpt>
      <trkpt lat="32.386426962444794" lon="119.44468219078104">
        <ele>11.323733372613788</ele>
        <time>2025-10-04T02:21:11.900000Z</time>
        <extensions>
          <gpxtpx:TrackPointExtension>
            <gpxtpx:hr>102</gpxtpx:hr>
          </gpxtpx:TrackPointExtension>
        </extensions>
      </trkpt>
      <trkpt lat="32.38642318478763" lon="119.44468166645348">
        <ele>11.313145517371595</ele>
        <time>2025-10-04T02:21:12.900000Z</time>
        <extensions>
          <gpxtpx:TrackPointExtension>
            <gpxtpx:hr>102</gpxtpx:hr>
          </gpxtpx:TrackPointExtension>
        </extensions>
      </trkpt>
      <trkpt lat="32.38641919899319" lon="119.44468111134893">
        <ele>11.301098067313433</ele>
        <time>2025-10-04T02:21:13.900000Z</time>
        <extensions>
          <gpxtpx:TrackPointExtension>
            <gpxtpx:hr>102</gpxtpx:hr>
          </gpxtpx:TrackPointExtension>
        </extensions>
      </trkpt>
      <trkpt lat="32.386414851897705" lon="119.44468048451364">
        <ele>11.288466596975923</ele>
        <time>2025-10-04T02:21:14.900000Z</time>
        <extensions>
          <gpxtpx:TrackPointExtension>
            <gpxtpx:hr>102</gpxtpx:hr>
          </gpxtpx:TrackPointExtension>
        </extensions>
      </trkpt>
      <trkpt lat="32.38641009502807" lon="119.44467978617672">
        <ele>11.27530056796968</ele>
        <time>2025-10-04T02:21:15.900000Z</time>
        <extensions>
          <gpxtpx:TrackPointExtension>
            <gpxtpx:hr>102</gpxtpx:hr>
          </gpxtpx:TrackPointExtension>
        </extensions>
      </trkpt>
      <trkpt lat="32.38640493325552" lon="119.44467910675473">
        <ele>11.26139731798321</ele>
        <time>2025-10-04T02:21:16.900000Z</time>
        <extensions>
          <gpxtpx:TrackPointExtension>
            <gpxtpx:hr>102</gpxtpx:hr>
          </gpxtpx:TrackPointExtension>
        </extensions>
      </trkpt>
      <trkpt lat="32.386399221221254" lon="119.4446783390029">
        <ele>11.247092043980956</ele>
        <time>2025-10-04T02:21:17.900000Z</time>
        <extensions>
          <gpxtpx:TrackPointExtension>
            <gpxtpx:hr>102</gpxtpx:hr>
          </gpxtpx:TrackPointExtension>
        </extensions>
      </trkpt>
      <trkpt lat="32.38639291884637" lon="119.44467756207476">
        <ele>11.232460062019527</ele>
        <time>2025-10-04T02:21:18.900000Z</time>
        <extensions>
          <gpxtpx:TrackPointExtension>
            <gpxtpx:hr>102</gpxtpx:hr>
          </gpxtpx:TrackPointExtension>
        </extensions>
      </trkpt>
      <trkpt lat="32.38638598659514" lon="119.44467684450235">
        <ele>11.217427836731076</ele>
        <time>2025-10-04T02:21:19.900000Z</time>
        <extensions>
          <gpxtpx:TrackPointExtension>
            <gpxtpx:hr>102</gpxtpx:hr>
          </gpxtpx:TrackPointExtension>
        </extensions>
      </trkpt>
      <trkpt lat="32.38637844153118" lon="119.44467612776192">
        <ele>11.202398055233061</ele>
        <time>2025-10-04T02:21:20.900000Z</time>
        <extensions>
          <gpxtpx:TrackPointExtension>
            <gpxtpx:hr>102</gpxtpx:hr>
          </gpxtpx:TrackPointExtension>
        </extensions>
      </trkpt>
      <trkpt lat="32.386370277233446" lon="119.44467549358185">
        <ele>11.187437783926725</ele>
        <time>2025-10-04T02:21:21.900000Z</time>
        <extensions>
          <gpxtpx:TrackPointExtension>
            <gpxtpx:hr>102</gpxtpx:hr>
          </gpxtpx:TrackPointExtension>
        </extensions>
      </trkpt>
      <trkpt lat="32.38636156532343" lon="119.44467502212238">
        <ele>11.172843385487795</ele>
        <time>2025-10-04T02:21:22.900000Z</time>
        <extensions>
          <gpxtpx:TrackPointExtension>
            <gpxtpx:hr>94</gpxtpx:hr>
          </gpxtpx:TrackPointExtension>
        </extensions>
      </trkpt>
      <trkpt lat="32.38635232083968" lon="119.44467469506974">
        <ele>11.158756551332772</ele>
        <time>2025-10-04T02:21:23.900000Z</time>
        <extensions>
          <gpxtpx:TrackPointExtension>
            <gpxtpx:hr>94</gpxtpx:hr>
          </gpxtpx:TrackPointExtension>
        </extensions>
      </trkpt>
      <trkpt lat="32.38634249490933" lon="119.44467451740654">
        <ele>11.145018504932523</ele>
        <time>2025-10-04T02:21:24.900000Z</time>
        <extensions>
          <gpxtpx:TrackPointExtension>
            <gpxtpx:hr>94</gpxtpx:hr>
          </gpxtpx:TrackPointExtension>
        </extensions>
      </trkpt>
      <trkpt lat="32.38633209624624" lon="119.44467441517553">
        <ele>11.131923604756594</ele>
        <time>2025-10-04T02:21:25.900000Z</time>
        <extensions>
          <gpxtpx:TrackPointExtension>
            <gpxtpx:hr>94</gpxtpx:hr>
          </gpxtpx:TrackPointExtension>
        </extensions>
      </trkpt>
      <trkpt lat="32.38632129366429" lon="119.44467446561637">
        <ele>11.119499099440873</ele>
        <time>2025-10-04T02:21:26.900000Z</time>
        <extensions>
          <gpxtpx:TrackPointExtension>
            <gpxtpx:hr>94</gpxtpx:hr>
          </gpxtpx:TrackPointExtension>
        </extensions>
      </trkpt>
      <trkpt lat="32.386310163065026" lon="119.44467461477088">
        <ele>11.108050050213933</ele>
        <time>2025-10-04T02:21:27.900000Z</time>
        <extensions>
          <gpxtpx:TrackPointExtension>
            <gpxtpx:hr>94</gpxtpx:hr>
          </gpxtpx:TrackPointExtension>
        </extensions>
      </trkpt>
      <trkpt lat="32.38629863705091" lon="119.44467493244986">
        <ele>11.09735933225602</ele>
        <time>2025-10-04T02:21:28.900000Z</time>
        <extensions>
          <gpxtpx:TrackPointExtension>
            <gpxtpx:hr>94</gpxtpx:hr>
          </gpxtpx:TrackPointExtension>
        </extensions>
      </trkpt>
      <trkpt lat="32.386286796137156" lon="119.44467545716593">
        <ele>11.08789443783462</ele>
        <time>2025-10-04T02:21:29.900000Z</time>
        <extensions>
          <gpxtpx:TrackPointExtension>
            <gpxtpx:hr>96</gpxtpx:hr>
          </gpxtpx:TrackPointExtension>
        </extensions>
      </trkpt>
      <trkpt lat="32.3862746545672" lon="119.44467611210929">
        <ele>11.079803500324488</ele>
        <time>2025-10-04T02:21:30.900000Z</time>
        <extensions>
          <gpxtpx:TrackPointExtension>
            <gpxtpx:hr>96</gpxtpx:hr>
          </gpxtpx:TrackPointExtension>
        </extensions>
      </trkpt>
      <trkpt lat="32.38626226461367" lon="119.4446769304425">
        <ele>11.072985804639757</ele>
        <time>2025-10-04T02:21:31.900000Z</time>
        <extensions>
          <gpxtpx:TrackPointExtension>
            <gpxtpx:hr>96</gpxtpx:hr>
          </gpxtpx:TrackPointExtension>
        </extensions>
      </trkpt>
      <trkpt lat="32.386249576135704" lon="119.44467775510601">
        <ele>11.067713802680373</ele>
        <time>2025-10-04T02:21:32.900000Z</time>
        <extensions>
          <gpxtpx:TrackPointExtension>
            <gpxtpx:hr>96</gpxtpx:hr>
          </gpxtpx:TrackPointExtension>
        </extensions>
      </trkpt>
      <trkpt lat="32.38623669220337" lon="119.44467867316293">
        <ele>11.064074449241161</ele>
        <time>2025-10-04T02:21:33.900000Z</time>
        <extensions>
          <gpxtpx:TrackPointExtension>
            <gpxtpx:hr>96</gpxtpx:hr>
          </gpxtpx:TrackPointExtension>
        </extensions>
      </trkpt>
      <trkpt lat="32.38622357457671" lon="119.4446797591793">
        <ele>11.06188887450844</ele>
        <time>2025-10-04T02:21:34.900000Z</time>
        <extensions>
          <gpxtpx:TrackPointExtension>
            <gpxtpx:hr>96</gpxtpx:hr>
          </gpxtpx:TrackPointExtension>
        </extensions>
      </trkpt>
      <trkpt lat="32.38621032473537" lon="119.44468097577735">
        <ele>11.062008375301957</ele>
        <time>2025-10-04T02:21:35.900000Z</time>
        <extensions>
          <gpxtpx:TrackPointExtension>
            <gpxtpx:hr>100</gpxtpx:hr>
          </gpxtpx:TrackPointExtension>
        </extensions>
      </trkpt>
      <trkpt lat="32.38619684787281" lon="119.44468235385423">
        <ele>11.064141393639147</ele>
        <time>2025-10-04T02:21:36.900000Z</time>
        <extensions>
          <gpxtpx:TrackPointExtension>
            <gpxtpx:hr>100</gpxtpx:hr>
          </gpxtpx:TrackPointExtension>
        </extensions>
      </trkpt>
      <trkpt lat="32.386183171078656" lon="119.44468384128496">
        <ele>11.06864077039063</ele>
        <time>2025-10-04T02:21:37.900000Z</time>
        <extensions>
          <gpxtpx:TrackPointExtension>
            <gpxtpx:hr>100</gpxtpx:hr>
          </gpxtpx:TrackPointExtension>
        </extensions>
      </trkpt>
      <trkpt lat="32.3861694807875" lon="119.4446854388174">
        <ele>11.075642810203135</ele>
        <time>2025-10-04T02:21:38.900000Z</time>
        <extensions>
          <gpxtpx:TrackPointExtension>
            <gpxtpx:hr>100</gpxtpx:hr>
          </gpxtpx:TrackPointExtension>
        </extensions>
      </trkpt>
      <trkpt lat="32.38615566371228" lon="119.4446870945489">
        <ele>11.084828713908792</ele>
        <time>2025-10-04T02:21:39.900000Z</time>
        <extensions>
          <gpxtpx:TrackPointExtension>
            <gpxtpx:hr>99</gpxtpx:hr>
          </gpxtpx:TrackPointExtension>
        </extensions>
      </trkpt>
      <trkpt lat="32.3861417293304" lon="119.44468861488035">
        <ele>11.096452205441892</ele>
        <time>2025-10-04T02:21:40.900000Z</time>
        <extensions>
          <gpxtpx:TrackPointExtension>
            <gpxtpx:hr>99</gpxtpx:hr>
          </gpxtpx:TrackPointExtension>
        </extensions>
      </trkpt>
      <trkpt lat="32.386127739789096" lon="119.44468984105549">
        <ele>11.1106957513839</ele>
        <time>2025-10-04T02:21:41.900000Z</time>
        <extensions>
          <gpxtpx:TrackPointExtension>
            <gpxtpx:hr>99</gpxtpx:hr>
          </gpxtpx:TrackPointExtension>
        </extensions>
      </trkpt>
      <trkpt lat="32.38611363508485" lon="119.44469070629168">
        <ele>11.12751260586083</ele>
        <time>2025-10-04T02:21:42.900000Z</time>
        <extensions>
          <gpxtpx:TrackPointExtension>
            <gpxtpx:hr>98</gpxtpx:hr>
          </gpxtpx:TrackPointExtension>
        </extensions>
      </trkpt>
      <trkpt lat="32.38609941048899" lon="119.44469119149342">
        <ele>11.146713074296713</ele>
        <time>2025-10-04T02:21:43.900000Z</time>
        <extensions>
          <gpxtpx:TrackPointExtension>
            <gpxtpx:hr>98</gpxtpx:hr>
          </gpxtpx:TrackPointExtension>
        </extensions>
      </trkpt>
      <trkpt lat="32.38608510019919" lon="119.44469122712145">
        <ele>11.168258626013994</ele>
        <time>2025-10-04T02:21:44.900000Z</time>
        <extensions>
          <gpxtpx:TrackPointExtension>
            <gpxtpx:hr>98</gpxtpx:hr>
          </gpxtpx:TrackPointExtension>
        </extensions>
      </trkpt>
      <trkpt lat="32.38607080483096" lon="119.44469089318078">
        <ele>11.192147576250136</ele>
        <time>2025-10-04T02:21:45.900000Z</time>
        <extensions>
          <gpxtpx:TrackPointExtension>
            <gpxtpx:hr>98</gpxtpx:hr>
          </gpxtpx:TrackPointExtension>
        </extensions>
      </trkpt>
      <trkpt lat="32.38605642436296" lon="119.44469007649009">
        <ele>11.217742930166423</ele>
        <time>2025-10-04T02:21:46.900000Z</time>
        <extensions>
          <gpxtpx:TrackPointExtension>
            <gpxtpx:hr>98</gpxtpx:hr>
          </gpxtpx:TrackPointExtension>
        </extensions>
      </trkpt>
      <trkpt lat="32.386041925100514" lon="119.44468885494958">
        <ele>11.24540499318391</ele>
        <time>2025-10-04T02:21:47.900000Z</time>
        <extensions>
          <gpxtpx:TrackPointExtension>
            <gpxtpx:hr>91</gpxtpx:hr>
          </gpxtpx:TrackPointExtension>
        </extensions>
      </trkpt>
      <trkpt lat="32.38602734703759" lon="119.44468725328599">
        <ele>11.274858981370926</ele>
        <time>2025-10-04T02:21:48.900000Z</time>
        <extensions>
          <gpxtpx:TrackPointExtension>
            <gpxtpx:hr>91</gpxtpx:hr>
          </gpxtpx:TrackPointExtension>
        </extensions>
      </trkpt>
      <trkpt lat="32.38601269696805" lon="119.44468534536362">
        <ele>11.305862782523036</ele>
        <time>2025-10-04T02:21:49.900000Z</time>
        <extensions>
          <gpxtpx:TrackPointExtension>
            <gpxtpx:hr>91</gpxtpx:hr>
          </gpxtpx:TrackPointExtension>
        </extensions>
      </trkpt>
      <trkpt lat="32.38599791113179" lon="119.44468302009533">
        <ele>11.338689954020083</ele>
        <time>2025-10-04T02:21:50.900000Z</time>
        <extensions>
          <gpxtpx:TrackPointExtension>
            <gpxtpx:hr>91</gpxtpx:hr>
          </gpxtpx:TrackPointExtension>
        </extensions>
      </trkpt>
      <trkpt lat="32.38598287804909" lon="119.44468028936919">
        <ele>11.372552022337914</ele>
        <time>2025-10-04T02:21:51.900000Z</time>
        <extensions>
          <gpxtpx:TrackPointExtension>
            <gpxtpx:hr>91</gpxtpx:hr>
          </gpxtpx:TrackPointExtension>
        </extensions>
      </trkpt>
      <trkpt lat="32.385967598217114" lon="119.44467699610553">
        <ele>11.407467146404088</ele>
        <time>2025-10-04T02:21:52.900000Z</time>
        <extensions>
          <gpxtpx:TrackPointExtension>
            <gpxtpx:hr>91</gpxtpx:hr>
          </gpxtpx:TrackPointExtension>
        </extensions>
      </trkpt>
      <trkpt lat="32.38595203894686" lon="119.44467304879493">
        <ele>11.443754207342863</ele>
        <time>2025-10-04T02:21:53.900000Z</time>
        <extensions>
          <gpxtpx:TrackPointExtension>
            <gpxtpx:hr>91</gpxtpx:hr>
          </gpxtpx:TrackPointExtension>
        </extensions>
      </trkpt>
      <trkpt lat="32.385936173721554" lon="119.44466830449198">
        <ele>11.480664357542992</ele>
        <time>2025-10-04T02:21:54.900000Z</time>
        <extensions>
          <gpxtpx:TrackPointExtension>
            <gpxtpx:hr>97</gpxtpx:hr>
          </gpxtpx:TrackPointExtension>
        </extensions>
      </trkpt>
      <trkpt lat="32.385919958919466" lon="119.44466281416871">
        <ele>11.5182765442878</ele>
        <time>2025-10-04T02:21:55.900000Z</time>
        <extensions>
          <gpxtpx:TrackPointExtension>
            <gpxtpx:hr>97</gpxtpx:hr>
          </gpxtpx:TrackPointExtension>
        </extensions>
      </trkpt>
      <trkpt lat="32.385903326288954" lon="119.44465654077844">
        <ele>11.556301025673747</ele>
        <time>2025-10-04T02:21:56.900000Z</time>
        <extensions>
          <gpxtpx:TrackPointExtension>
            <gpxtpx:hr>97</gpxtpx:hr>
          </gpxtpx:TrackPointExtension>
        </extensions>
      </trkpt>
      <trkpt lat="32.38588616710801" lon="119.4446494831376">
        <ele>11.594669138081372</ele>
        <time>2025-10-04T02:21:57.900000Z</time>
        <extensions>
          <gpxtpx:TrackPointExtension>
            <gpxtpx:hr>97</gpxtpx:hr>
          </gpxtpx:TrackPointExtension>
        </extensions>
      </trkpt>
      <trkpt lat="32.38586841731228" lon="119.44464160752213">
        <ele>11.632899192161858</ele>
        <time>2025-10-04T02:21:58.900000Z</time>
        <extensions>
          <gpxtpx:TrackPointExtension>
            <gpxtpx:hr>97</gpxtpx:hr>
          </gpxtpx:TrackPointExtension>
        </extensions>
      </trkpt>
      <trkpt lat="32.385849960979286" lon="119.44463289712363">
        <ele>11.670881915837526</ele>
        <time>2025-10-04T02:21:59.900000Z</time>
        <extensions>
          <gpxtpx:TrackPointExtension>
            <gpxtpx:hr>97</gpxtpx:hr>
          </gpxtpx:TrackPointExtension>
        </extensions>
      </trkpt>
      <trkpt lat="32.38583070069554" lon="119.44462330296685">
        <ele>11.708379382267594</ele>
        <time>2025-10-04T02:22:00.900000Z</time>
        <extensions>
          <gpxtpx:TrackPointExtension>
            <gpxtpx:hr>97</gpxtpx:hr>
          </gpxtpx:TrackPointExtension>
        </extensions>
      </trkpt>
      <trkpt lat="32.38581047806759" lon="119.44461279462459">
        <ele>11.74528272729367</ele>
        <time>2025-10-04T02:22:01.900000Z</time>
        <extensions>
          <gpxtpx:TrackPointExtension>
            <gpxtpx:hr>97</gpxtpx:hr>
          </gpxtpx:TrackPointExtension>
        </extensions>
      </trkpt>
      <trkpt lat="32.38578908007531" lon="119.44460134791142">
        <ele>11.781147427856922</ele>
        <time>2025-10-04T02:22:02.900000Z</time>
        <extensions>
          <gpxtpx:TrackPointExtension>
            <gpxtpx:hr>97</gpxtpx:hr>
          </gpxtpx:TrackPointExtension>
        </extensions>
      </trkpt>
      <trkpt lat="32.38576633221684" lon="119.444589155164">
        <ele>11.81602487526834</ele>
        <time>2025-10-04T02:22:03.900000Z</time>
        <extensions>
          <gpxtpx:TrackPointExtension>
            <gpxtpx:hr>97</gpxtpx:hr>
          </gpxtpx:TrackPointExtension>
        </extensions>
      </trkpt>
      <trkpt lat="32.38574241843953" lon="119.4445763210456">
        <ele>11.849289217963815</ele>
        <time>2025-10-04T02:22:04.900000Z</time>
        <extensions>
          <gpxtpx:TrackPointExtension>
            <gpxtpx:hr>101</gpxtpx:hr>
          </gpxtpx:TrackPointExtension>
        </extensions>
      </trkpt>
      <trkpt lat="32.38571749129054" lon="119.4445628108726">
        <ele>11.880870402790606</ele>
        <time>2025-10-04T02:22:05.900000Z</time>
        <extensions>
          <gpxtpx:TrackPointExtension>
            <gpxtpx:hr>101</gpxtpx:hr>
          </gpxtpx:TrackPointExtension>
        </extensions>
      </trkpt>
      <trkpt lat="32.38569185928885" lon="119.44454857720179">
        <ele>11.91041368059814</ele>
        <time>2025-10-04T02:22:06.900000Z</time>
        <extensions>
          <gpxtpx:TrackPointExtension>
            <gpxtpx:hr>101</gpxtpx:hr>
          </gpxtpx:TrackPointExtension>
        </extensions>
      </trkpt>
      <trkpt lat="32.38566592014072" lon="119.44453353848233">
        <ele>11.937550568953156</ele>
        <time>2025-10-04T02:22:07.900000Z</time>
        <extensions>
          <gpxtpx:TrackPointExtension>
            <gpxtpx:hr>101</gpxtpx:hr>
          </gpxtpx:TrackPointExtension>
        </extensions>
      </trkpt>
      <trkpt lat="32.38564002832034" lon="119.44451748897174">
        <ele>11.962097477167845</ele>
        <time>2025-10-04T02:22:08.900000Z</time>
        <extensions>
          <gpxtpx:TrackPointExtension>
            <gpxtpx:hr>101</gpxtpx:hr>
          </gpxtpx:TrackPointExtension>
        </extensions>
      </trkpt>
      <trkpt lat="32.38561452054178" lon="119.44450045218579">
        <ele>11.98348630964756</ele>
        <time>2025-10-04T02:22:09.900000Z</time>
        <extensions>
          <gpxtpx:TrackPointExtension>
            <gpxtpx:hr>101</gpxtpx:hr>
          </gpxtpx:TrackPointExtension>
        </extensions>
      </trkpt>
      <trkpt lat="32.38558947729471" lon="119.44448216225346">
        <ele>12.001815987750888</ele>
        <time>2025-10-04T02:22:10.900000Z</time>
        <extensions>
          <gpxtpx:TrackPointExtension>
            <gpxtpx:hr>101</gpxtpx:hr>
          </gpxtpx:TrackPointExtension>
        </extensions>
      </trkpt>
      <trkpt lat="32.38556525256271" lon="119.44446234174211">
        <ele>12.017305976711214</ele>
        <time>2025-10-04T02:22:11.900000Z</time>
        <extensions>
          <gpxtpx:TrackPointExtension>
            <gpxtpx:hr>99</gpxtpx:hr>
          </gpxtpx:TrackPointExtension>
        </extensions>
      </trkpt>
      <trkpt lat="32.38554214379881" lon="119.44444076025776">
        <ele>12.0283188149333</ele>
        <time>2025-10-04T02:22:12.900000Z</time>
        <extensions>
          <gpxtpx:TrackPointExtension>
            <gpxtpx:hr>99</gpxtpx:hr>
          </gpxtpx:TrackPointExtension>
        </extensions>
      </trkpt>
      <trkpt lat="32.385520192095115" lon="119.4444171416334">
        <ele>12.035206789150834</ele>
        <time>2025-10-04T02:22:13.900000Z</time>
        <extensions>
          <gpxtpx:TrackPointExtension>
            <gpxtpx:hr>99</gpxtpx:hr>
          </gpxtpx:TrackPointExtension>
        </extensions>
      </trkpt>
      <trkpt lat="32.385499675650344" lon="119.44439139762237">
        <ele>12.03798177652061</ele>
        <time>2025-10-04T02:22:14.900000Z</time>
        <extensions>
          <gpxtpx:TrackPointExtension>
            <gpxtpx:hr>99</gpxtpx:hr>
          </gpxtpx:TrackPointExtension>
        </extensions>
      </trkpt>
      <trkpt lat="32.385480703874336" lon="119.44436358257171">
        <ele>12.036440948024392</ele>
        <time>2025-10-04T02:22:15.900000Z</time>
        <extensions>
          <gpxtpx:TrackPointExtension>
            <gpxtpx:hr>99</gpxtpx:hr>
          </gpxtpx:TrackPointExtension>
        </extensions>
      </trkpt>
      <trkpt lat="32.38546319478599" lon="119.44433374724784">
        <ele>12.030685357749462</ele>
        <time>2025-10-04T02:22:16.900000Z</time>
        <extensions>
          <gpxtpx:TrackPointExtension>
            <gpxtpx:hr>98</gpxtpx:hr>
          </gpxtpx:TrackPointExtension>
        </extensions>
      </trkpt>
      <trkpt lat="32.38544722956841" lon="119.44430201121712">
        <ele>12.020692556165159</ele>
        <time>2025-10-04T02:22:17.900000Z</time>
        <extensions>
          <gpxtpx:TrackPointExtension>
            <gpxtpx:hr>98</gpxtpx:hr>
          </gpxtpx:TrackPointExtension>
        </extensions>
      </trkpt>
      <trkpt lat="32.385432807669424" lon="119.44426842594397">
        <ele>12.006772719323635</ele>
        <time>2025-10-04T02:22:18.900000Z</time>
        <extensions>
          <gpxtpx:TrackPointExtension>
            <gpxtpx:hr>98</gpxtpx:hr>
          </gpxtpx:TrackPointExtension>
        </extensions>
      </trkpt>
      <trkpt lat="32.38541976058418" lon="119.4442330119804">
        <ele>11.989139307290316</ele>
        <time>2025-10-04T02:22:19.900000Z</time>
        <extensions>
          <gpxtpx:TrackPointExtension>
            <gpxtpx:hr>98</gpxtpx:hr>
          </gpxtpx:TrackPointExtension>
        </extensions>
      </trkpt>
      <trkpt lat="32.38540801807678" lon="119.44419592646253">
        <ele>11.968306934460998</ele>
        <time>2025-10-04T02:22:20.900000Z</time>
        <extensions>
          <gpxtpx:TrackPointExtension>
            <gpxtpx:hr>98</gpxtpx:hr>
          </gpxtpx:TrackPointExtension>
        </extensions>
      </trkpt>
      <trkpt lat="32.38539765894014" lon="119.44415750985182">
        <ele>11.943569114431739</ele>
        <time>2025-10-04T02:22:21.900000Z</time>
        <extensions>
          <gpxtpx:TrackPointExtension>
            <gpxtpx:hr>104</gpxtpx:hr>
          </gpxtpx:TrackPointExtension>
        </extensions>
      </trkpt>
      <trkpt lat="32.38538848999952" lon="119.44411797913003">
        <ele>11.915975115261972</ele>
        <time>2025-10-04T02:22:22.900000Z</time>
        <extensions>
          <gpxtpx:TrackPointExtension>
            <gpxtpx:hr>104</gpxtpx:hr>
          </gpxtpx:TrackPointExtension>
        </extensions>
      </trkpt>
      <trkpt lat="32.385380344386796" lon="119.44407747281593">
        <ele>11.885384483262897</ele>
        <time>2025-10-04T02:22:23.900000Z</time>
        <extensions>
          <gpxtpx:TrackPointExtension>
            <gpxtpx:hr>104</gpxtpx:hr>
          </gpxtpx:TrackPointExtension>
        </extensions>
      </trkpt>
      <trkpt lat="32.38537307040781" lon="119.44403592825724">
        <ele>11.851605102419853</ele>
        <time>2025-10-04T02:22:24.900000Z</time>
        <extensions>
          <gpxtpx:TrackPointExtension>
            <gpxtpx:hr>104</gpxtpx:hr>
          </gpxtpx:TrackPointExtension>
        </extensions>
      </trkpt>
      <trkpt lat="32.38536656330668" lon="119.44399320187709">
        <ele>11.814846464432776</ele>
        <time>2025-10-04T02:22:25.900000Z</time>
        <extensions>
          <gpxtpx:TrackPointExtension>
            <gpxtpx:hr>104</gpxtpx:hr>
          </gpxtpx:TrackPointExtension>
        </extensions>
      </trkpt>
      <trkpt lat="32.3853607257716" lon="119.44394919475043">
        <ele>11.775839807465672</ele>
        <time>2025-10-04T02:22:26.900000Z</time>
        <extensions>
          <gpxtpx:TrackPointExtension>
            <gpxtpx:hr>104</gpxtpx:hr>
          </gpxtpx:TrackPointExtension>
        </extensions>
      </trkpt>
      <trkpt lat="32.38535541030446" lon="119.44390392683242">
        <ele>11.734882356598973</ele>
        <time>2025-10-04T02:22:27.900000Z</time>
        <extensions>
          <gpxtpx:TrackPointExtension>
            <gpxtpx:hr>104</gpxtpx:hr>
          </gpxtpx:TrackPointExtension>
        </extensions>
      </trkpt>
      <trkpt lat="32.38535046254495" lon="119.4438574555493">
        <ele>11.692387954331934</ele>
        <time>2025-10-04T02:22:28.900000Z</time>
        <extensions>
          <gpxtpx:TrackPointExtension>
            <gpxtpx:hr>104</gpxtpx:hr>
          </gpxtpx:TrackPointExtension>
        </extensions>
      </trkpt>
      <trkpt lat="32.38534577092778" lon="119.44381002876042">
        <ele>11.64859038963914</ele>
        <time>2025-10-04T02:22:29.900000Z</time>
        <extensions>
          <gpxtpx:TrackPointExtension>
            <gpxtpx:hr>96</gpxtpx:hr>
          </gpxtpx:TrackPointExtension>
        </extensions>
      </trkpt>
      <trkpt lat="32.38534138559273" lon="119.44376188368403">
        <ele>11.603823254816234</ele>
        <time>2025-10-04T02:22:30.900000Z</time>
        <extensions>
          <gpxtpx:TrackPointExtension>
            <gpxtpx:hr>96</gpxtpx:hr>
          </gpxtpx:TrackPointExtension>
        </extensions>
      </trkpt>
      <trkpt lat="32.38533724185892" lon="119.44371335198332">
        <ele>11.558105192147195</ele>
        <time>2025-10-04T02:22:31.900000Z</time>
        <extensions>
          <gpxtpx:TrackPointExtension>
            <gpxtpx:hr>96</gpxtpx:hr>
          </gpxtpx:TrackPointExtension>
        </extensions>
      </trkpt>
      <trkpt lat="32.38533344061743" lon="119.44366462579363">
        <ele>11.512500127777457</ele>
        <time>2025-10-04T02:22:32.900000Z</time>
        <extensions>
          <gpxtpx:TrackPointExtension>
            <gpxtpx:hr>96</gpxtpx:hr>
          </gpxtpx:TrackPointExtension>
        </extensions>
      </trkpt>
      <trkpt lat="32.38533000944863" lon="119.44361573676768">
        <ele>11.466517652384937</ele>
        <time>2025-10-04T02:22:33.900000Z</time>
        <extensions>
          <gpxtpx:TrackPointExtension>
            <gpxtpx:hr>96</gpxtpx:hr>
          </gpxtpx:TrackPointExtension>
        </extensions>
      </trkpt>
      <trkpt lat="32.38532681616503" lon="119.44356676103418">
        <ele>11.421015773899853</ele>
        <time>2025-10-04T02:22:34.900000Z</time>
        <extensions>
          <gpxtpx:TrackPointExtension>
            <gpxtpx:hr>96</gpxtpx:hr>
          </gpxtpx:TrackPointExtension>
        </extensions>
      </trkpt>
      <trkpt lat="32.38532380596415" lon="119.44351757649302">
        <ele>11.376212740316987</ele>
        <time>2025-10-04T02:22:35.900000Z</time>
        <extensions>
          <gpxtpx:TrackPointExtension>
            <gpxtpx:hr>94</gpxtpx:hr>
          </gpxtpx:TrackPointExtension>
        </extensions>
      </trkpt>
      <trkpt lat="32.385320856731795" lon="119.44346805849024">
        <ele>11.3325129840523</ele>
        <time>2025-10-04T02:22:36.900000Z</time>
        <extensions>
          <gpxtpx:TrackPointExtension>
            <gpxtpx:hr>94</gpxtpx:hr>
          </gpxtpx:TrackPointExtension>
        </extensions>
      </trkpt>
      <trkpt lat="32.385318083529555" lon="119.44341802596877">
        <ele>11.289905700832605</ele>
        <time>2025-10-04T02:22:37.900000Z</time>
        <extensions>
          <gpxtpx:TrackPointExtension>
            <gpxtpx:hr>94</gpxtpx:hr>
          </gpxtpx:TrackPointExtension>
        </extensions>
      </trkpt>
      <trkpt lat="32.3853153414518" lon="119.4433672442531">
        <ele>11.248518801294267</ele>
        <time>2025-10-04T02:22:38.900000Z</time>
        <extensions>
          <gpxtpx:TrackPointExtension>
            <gpxtpx:hr>94</gpxtpx:hr>
          </gpxtpx:TrackPointExtension>
        </extensions>
      </trkpt>
      <trkpt lat="32.38531255499705" lon="119.44331538241207">
        <ele>11.208463832736015</ele>
        <time>2025-10-04T02:22:39.900000Z</time>
        <extensions>
          <gpxtpx:TrackPointExtension>
            <gpxtpx:hr>94</gpxtpx:hr>
          </gpxtpx:TrackPointExtension>
        </extensions>
      </trkpt>
      <trkpt lat="32.38530964543988" lon="119.44326230009383">
        <ele>11.169863532297313</ele>
        <time>2025-10-04T02:22:40.900000Z</time>
        <extensions>
          <gpxtpx:TrackPointExtension>
            <gpxtpx:hr>100</gpxtpx:hr>
          </gpxtpx:TrackPointExtension>
        </extensions>
      </trkpt>
      <trkpt lat="32.38530660938792" lon="119.44320789236741">
        <ele>11.133040258660913</ele>
        <time>2025-10-04T02:22:41.900000Z</time>
        <extensions>
          <gpxtpx:TrackPointExtension>
            <gpxtpx:hr>100</gpxtpx:hr>
          </gpxtpx:TrackPointExtension>
        </extensions>
      </trkpt>
      <trkpt lat="32.38530359493638" lon="119.4431522056524">
        <ele>11.097916477359831</ele>
        <time>2025-10-04T02:22:42.900000Z</time>
        <extensions>
          <gpxtpx:TrackPointExtension>
            <gpxtpx:hr>100</gpxtpx:hr>
          </gpxtpx:TrackPointExtension>
        </extensions>
      </trkpt>
      <trkpt lat="32.38530049308946" lon="119.44309537800956">
        <ele>11.064756339415908</ele>
        <time>2025-10-04T02:22:43.900000Z</time>
        <extensions>
          <gpxtpx:TrackPointExtension>
            <gpxtpx:hr>100</gpxtpx:hr>
          </gpxtpx:TrackPointExtension>
        </extensions>
      </trkpt>
      <trkpt lat="32.38529753015647" lon="119.44303757435866">
        <ele>11.033640609122813</ele>
        <time>2025-10-04T02:22:44.900000Z</time>
        <extensions>
          <gpxtpx:TrackPointExtension>
            <gpxtpx:hr>100</gpxtpx:hr>
          </gpxtpx:TrackPointExtension>
        </extensions>
      </trkpt>
      <trkpt lat="32.38529468358804" lon="119.4429789453455">
        <ele>11.004784339107573</ele>
        <time>2025-10-04T02:22:45.900000Z</time>
        <extensions>
          <gpxtpx:TrackPointExtension>
            <gpxtpx:hr>99</gpxtpx:hr>
          </gpxtpx:TrackPointExtension>
        </extensions>
      </trkpt>
      <trkpt lat="32.38529188950292" lon="119.44291963563788">
        <ele>10.978007098659873</ele>
        <time>2025-10-04T02:22:46.900000Z</time>
        <extensions>
          <gpxtpx:TrackPointExtension>
            <gpxtpx:hr>99</gpxtpx:hr>
          </gpxtpx:TrackPointExtension>
        </extensions>
      </trkpt>
      <trkpt lat="32.38528917643401" lon="119.44285986022182">
        <ele>10.953438710421324</ele>
        <time>2025-10-04T02:22:47.900000Z</time>
        <extensions>
          <gpxtpx:TrackPointExtension>
            <gpxtpx:hr>99</gpxtpx:hr>
          </gpxtpx:TrackPointExtension>
        </extensions>
      </trkpt>
      <trkpt lat="32.38528655229724" lon="119.4427998684954">
        <ele>10.931408981792629</ele>
        <time>2025-10-04T02:22:48.900000Z</time>
        <extensions>
          <gpxtpx:TrackPointExtension>
            <gpxtpx:hr>99</gpxtpx:hr>
          </gpxtpx:TrackPointExtension>
        </extensions>
      </trkpt>
      <trkpt lat="32.38528405412001" lon="119.44273975271366">
        <ele>10.911464978009462</ele>
        <time>2025-10-04T02:22:49.900000Z</time>
        <extensions>
          <gpxtpx:TrackPointExtension>
            <gpxtpx:hr>99</gpxtpx:hr>
          </gpxtpx:TrackPointExtension>
        </extensions>
      </trkpt>
      <trkpt lat="32.385281659198675" lon="119.44267963069801">
        <ele>10.894019440747797</ele>
        <time>2025-10-04T02:22:50.900000Z</time>
        <extensions>
          <gpxtpx:TrackPointExtension>
            <gpxtpx:hr>96</gpxtpx:hr>
          </gpxtpx:TrackPointExtension>
        </extensions>
      </trkpt>
      <trkpt lat="32.38527935319109" lon="119.44261969622163">
        <ele>10.8787453873083</ele>
        <time>2025-10-04T02:22:51.900000Z</time>
        <extensions>
          <gpxtpx:TrackPointExtension>
            <gpxtpx:hr>96</gpxtpx:hr>
          </gpxtpx:TrackPointExtension>
        </extensions>
      </trkpt>
      <trkpt lat="32.385277088818405" lon="119.44256009539703">
        <ele>10.86563057731837</ele>
        <time>2025-10-04T02:22:52.900000Z</time>
        <extensions>
          <gpxtpx:TrackPointExtension>
            <gpxtpx:hr>96</gpxtpx:hr>
          </gpxtpx:TrackPointExtension>
        </extensions>
      </trkpt>
      <trkpt lat="32.38527482959516" lon="119.44250093717008">
        <ele>10.854738483205438</ele>
        <time>2025-10-04T02:22:53.900000Z</time>
        <extensions>
          <gpxtpx:TrackPointExtension>
            <gpxtpx:hr>96</gpxtpx:hr>
          </gpxtpx:TrackPointExtension>
        </extensions>
      </trkpt>
      <trkpt lat="32.38527269670759" lon="119.44244219122442">
        <ele>10.845989480614662</ele>
        <time>2025-10-04T02:22:54.900000Z</time>
        <extensions>
          <gpxtpx:TrackPointExtension>
            <gpxtpx:hr>96</gpxtpx:hr>
          </gpxtpx:TrackPointExtension>
        </extensions>
      </trkpt>
      <trkpt lat="32.3852705665068" lon="119.44238381273894">
        <ele>10.839328672736883</ele>
        <time>2025-10-04T02:22:55.900000Z</time>
        <extensions>
          <gpxtpx:TrackPointExtension>
            <gpxtpx:hr>96</gpxtpx:hr>
          </gpxtpx:TrackPointExtension>
        </extensions>
      </trkpt>
      <trkpt lat="32.38526836972136" lon="119.44232566885421">
        <ele>10.834813375025988</ele>
        <time>2025-10-04T02:22:56.900000Z</time>
        <extensions>
          <gpxtpx:TrackPointExtension>
            <gpxtpx:hr>98</gpxtpx:hr>
          </gpxtpx:TrackPointExtension>
        </extensions>
      </trkpt>
      <trkpt lat="32.385266187506694" lon="119.44226760857957">
        <ele>10.831780774518847</ele>
        <time>2025-10-04T02:22:57.900000Z</time>
        <extensions>
          <gpxtpx:TrackPointExtension>
            <gpxtpx:hr>98</gpxtpx:hr>
          </gpxtpx:TrackPointExtension>
        </extensions>
      </trkpt>
      <trkpt lat="32.385263996843165" lon="119.44220941439089">
        <ele>10.830962042324245</ele>
        <time>2025-10-04T02:22:58.900000Z</time>
        <extensions>
          <gpxtpx:TrackPointExtension>
            <gpxtpx:hr>98</gpxtpx:hr>
          </gpxtpx:TrackPointExtension>
        </extensions>
      </trkpt>
      <trkpt lat="32.38526178616018" lon="119.4421508322193">
        <ele>10.832070727832615</ele>
        <time>2025-10-04T02:22:59.900000Z</time>
        <extensions>
          <gpxtpx:TrackPointExtension>
            <gpxtpx:hr>98</gpxtpx:hr>
          </gpxtpx:TrackPointExtension>
        </extensions>
      </trkpt>
      <trkpt lat="32.38525970906245" lon="119.44209168295477">
        <ele>10.834878824651241</ele>
        <time>2025-10-04T02:23:00.900000Z</time>
        <extensions>
          <gpxtpx:TrackPointExtension>
            <gpxtpx:hr>99</gpxtpx:hr>
          </gpxtpx:TrackPointExtension>
        </extensions>
      </trkpt>
      <trkpt lat="32.385257853035824" lon="119.44203185870482">
        <ele>10.83953218627721</ele>
        <time>2025-10-04T02:23:01.900000Z</time>
        <extensions>
          <gpxtpx:TrackPointExtension>
            <gpxtpx:hr>99</gpxtpx:hr>
          </gpxtpx:TrackPointExtension>
        </extensions>
      </trkpt>
      <trkpt lat="32.38525606787487" lon="119.44197131381249">
        <ele>10.846225070767105</ele>
        <time>2025-10-04T02:23:02.900000Z</time>
        <extensions>
          <gpxtpx:TrackPointExtension>
            <gpxtpx:hr>99</gpxtpx:hr>
          </gpxtpx:TrackPointExtension>
        </extensions>
      </trkpt>
      <trkpt lat="32.385254326661595" lon="119.44191008547931">
        <ele>10.855032442137599</ele>
        <time>2025-10-04T02:23:03.900000Z</time>
        <extensions>
          <gpxtpx:TrackPointExtension>
            <gpxtpx:hr>100</gpxtpx:hr>
          </gpxtpx:TrackPointExtension>
        </extensions>
      </trkpt>
      <trkpt lat="32.385252638163884" lon="119.44184832191014">
        <ele>10.864878471940756</ele>
        <time>2025-10-04T02:23:04.900000Z</time>
        <extensions>
          <gpxtpx:TrackPointExtension>
            <gpxtpx:hr>100</gpxtpx:hr>
          </gpxtpx:TrackPointExtension>
        </extensions>
      </trkpt>
      <trkpt lat="32.38525084965637" lon="119.44178599976857">
        <ele>10.876406227238476</ele>
        <time>2025-10-04T02:23:05.900000Z</time>
        <extensions>
          <gpxtpx:TrackPointExtension>
            <gpxtpx:hr>100</gpxtpx:hr>
          </gpxtpx:TrackPointExtension>
        </extensions>
      </trkpt>
      <trkpt lat="32.38524904021875" lon="119.44172312072945">
        <ele>10.889174493029714</ele>
        <time>2025-10-04T02:23:06.900000Z</time>
        <extensions>
          <gpxtpx:TrackPointExtension>
            <gpxtpx:hr>100</gpxtpx:hr>
          </gpxtpx:TrackPointExtension>
        </extensions>
      </trkpt>
      <trkpt lat="32.38524724127679" lon="119.44165974638847">
        <ele>10.903146618045866</ele>
        <time>2025-10-04T02:23:07.900000Z</time>
        <extensions>
          <gpxtpx:TrackPointExtension>
            <gpxtpx:hr>100</gpxtpx:hr>
          </gpxtpx:TrackPointExtension>
        </extensions>
      </trkpt>
      <trkpt lat="32.38524550031816" lon="119.44159608153767">
        <ele>10.918264615349472</ele>
        <time>2025-10-04T02:23:08.900000Z</time>
        <extensions>
          <gpxtpx:TrackPointExtension>
            <gpxtpx:hr>100</gpxtpx:hr>
          </gpxtpx:TrackPointExtension>
        </extensions>
      </trkpt>
      <trkpt lat="32.38524383113219" lon="119.44153222394064">
        <ele>10.93412917200476</ele>
        <time>2025-10-04T02:23:09.900000Z</time>
        <extensions>
          <gpxtpx:TrackPointExtension>
            <gpxtpx:hr>92</gpxtpx:hr>
          </gpxtpx:TrackPointExtension>
        </extensions>
      </trkpt>
      <trkpt lat="32.38524214009014" lon="119.4414683332003">
        <ele>10.951209873892367</ele>
        <time>2025-10-04T02:23:10.900000Z</time>
        <extensions>
          <gpxtpx:TrackPointExtension>
            <gpxtpx:hr>92</gpxtpx:hr>
          </gpxtpx:TrackPointExtension>
        </extensions>
      </trkpt>
      <trkpt lat="32.385240407813626" lon="119.44140429103722">
        <ele>10.969302006065845</ele>
        <time>2025-10-04T02:23:11.900000Z</time>
        <extensions>
          <gpxtpx:TrackPointExtension>
            <gpxtpx:hr>92</gpxtpx:hr>
          </gpxtpx:TrackPointExtension>
        </extensions>
      </trkpt>
      <trkpt lat="32.38523864137406" lon="119.44133991097458">
        <ele>10.98837292380631</ele>
        <time>2025-10-04T02:23:12.900000Z</time>
        <extensions>
          <gpxtpx:TrackPointExtension>
            <gpxtpx:hr>92</gpxtpx:hr>
          </gpxtpx:TrackPointExtension>
        </extensions>
      </trkpt>
      <trkpt lat="32.385236671616056" lon="119.44127505241877">
        <ele>11.007962903939188</ele>
        <time>2025-10-04T02:23:13.900000Z</time>
        <extensions>
          <gpxtpx:TrackPointExtension>
            <gpxtpx:hr>92</gpxtpx:hr>
          </gpxtpx:TrackPointExtension>
        </extensions>
      </trkpt>
      <trkpt lat="32.38523438188168" lon="119.44120956496562">
        <ele>11.028665819205344</ele>
        <time>2025-10-04T02:23:14.900000Z</time>
        <extensions>
          <gpxtpx:TrackPointExtension>
            <gpxtpx:hr>92</gpxtpx:hr>
          </gpxtpx:TrackPointExtension>
        </extensions>
      </trkpt>
      <trkpt lat="32.385231920041996" lon="119.44114348453256">
        <ele>11.04979003034532</ele>
        <time>2025-10-04T02:23:15.900000Z</time>
        <extensions>
          <gpxtpx:TrackPointExtension>
            <gpxtpx:hr>92</gpxtpx:hr>
          </gpxtpx:TrackPointExtension>
        </extensions>
      </trkpt>
      <trkpt lat="32.385229252739975" lon="119.44107686660875">
        <ele>11.0711304936558</ele>
        <time>2025-10-04T02:23:16.900000Z</time>
        <extensions>
          <gpxtpx:TrackPointExtension>
            <gpxtpx:hr>92</gpxtpx:hr>
          </gpxtpx:TrackPointExtension>
        </extensions>
      </trkpt>
      <trkpt lat="32.38522645816742" lon="119.44100973280834">
        <ele>11.092556144110858</ele>
        <time>2025-10-04T02:23:17.900000Z</time>
        <extensions>
          <gpxtpx:TrackPointExtension>
            <gpxtpx:hr>92</gpxtpx:hr>
          </gpxtpx:TrackPointExtension>
        </extensions>
      </trkpt>
      <trkpt lat="32.385223640237655" lon="119.4409421561221">
        <ele>11.11397360265255</ele>
        <time>2025-10-04T02:23:18.900000Z</time>
        <extensions>
          <gpxtpx:TrackPointExtension>
            <gpxtpx:hr>94</gpxtpx:hr>
          </gpxtpx:TrackPointExtension>
        </extensions>
      </trkpt>
      <trkpt lat="32.38522085806575" lon="119.44087403628151">
        <ele>11.13490581419319</ele>
        <time>2025-10-04T02:23:19.900000Z</time>
        <extensions>
          <gpxtpx:TrackPointExtension>
            <gpxtpx:hr>94</gpxtpx:hr>
          </gpxtpx:TrackPointExtension>
        </extensions>
      </trkpt>
      <trkpt lat="32.3852182185918" lon="119.44080571218105">
        <ele>11.155605620704591</ele>
        <time>2025-10-04T02:23:20.900000Z</time>
        <extensions>
          <gpxtpx:TrackPointExtension>
            <gpxtpx:hr>94</gpxtpx:hr>
          </gpxtpx:TrackPointExtension>
        </extensions>
      </trkpt>
      <trkpt lat="32.38521575362979" lon="119.44073702001289">
        <ele>11.176003657281399</ele>
        <time>2025-10-04T02:23:21.900000Z</time>
        <extensions>
          <gpxtpx:TrackPointExtension>
            <gpxtpx:hr>94</gpxtpx:hr>
          </gpxtpx:TrackPointExtension>
        </extensions>
      </trkpt>
      <trkpt lat="32.3852134580213" lon="119.44066807491602">
        <ele>11.195097286254168</ele>
        <time>2025-10-04T02:23:22.900000Z</time>
        <extensions>
          <gpxtpx:TrackPointExtension>
            <gpxtpx:hr>94</gpxtpx:hr>
          </gpxtpx:TrackPointExtension>
        </extensions>
      </trkpt>
      <trkpt lat="32.38521134304027" lon="119.4405990469128">
        <ele>11.21416016947478</ele>
        <time>2025-10-04T02:23:23.900000Z</time>
        <extensions>
          <gpxtpx:TrackPointExtension>
            <gpxtpx:hr>94</gpxtpx:hr>
          </gpxtpx:TrackPointExtension>
        </extensions>
      </trkpt>
      <trkpt lat="32.385209325953234" lon="119.44052992639081">
        <ele>11.232160585001111</ele>
        <time>2025-10-04T02:23:24.900000Z</time>
        <extensions>
          <gpxtpx:TrackPointExtension>
            <gpxtpx:hr>97</gpxtpx:hr>
          </gpxtpx:TrackPointExtension>
        </extensions>
      </trkpt>
      <trkpt lat="32.38520751630191" lon="119.44046063131447">
        <ele>11.248838086612523</ele>
        <time>2025-10-04T02:23:25.900000Z</time>
        <extensions>
          <gpxtpx:TrackPointExtension>
            <gpxtpx:hr>97</gpxtpx:hr>
          </gpxtpx:TrackPointExtension>
        </extensions>
      </trkpt>
      <trkpt lat="32.38520591989801" lon="119.44039140772985">
        <ele>11.264446993358433</ele>
        <time>2025-10-04T02:23:26.900000Z</time>
        <extensions>
          <gpxtpx:TrackPointExtension>
            <gpxtpx:hr>97</gpxtpx:hr>
          </gpxtpx:TrackPointExtension>
        </extensions>
      </trkpt>
      <trkpt lat="32.38520442310454" lon="119.44032229281473">
        <ele>11.278857636265457</ele>
        <time>2025-10-04T02:23:27.900000Z</time>
        <extensions>
          <gpxtpx:TrackPointExtension>
            <gpxtpx:hr>97</gpxtpx:hr>
          </gpxtpx:TrackPointExtension>
        </extensions>
      </trkpt>
      <trkpt lat="32.3852029979316" lon="119.4402532619078">
        <ele>11.29211106710136</ele>
        <time>2025-10-04T02:23:28.900000Z</time>
        <extensions>
          <gpxtpx:TrackPointExtension>
            <gpxtpx:hr>97</gpxtpx:hr>
          </gpxtpx:TrackPointExtension>
        </extensions>
      </trkpt>
      <trkpt lat="32.38520156313768" lon="119.44018438037187">
        <ele>11.303929953835905</ele>
        <time>2025-10-04T02:23:29.900000Z</time>
        <extensions>
          <gpxtpx:TrackPointExtension>
            <gpxtpx:hr>97</gpxtpx:hr>
          </gpxtpx:TrackPointExtension>
        </extensions>
      </trkpt>
      <trkpt lat="32.38520018437697" lon="119.44011565283056">
        <ele>11.314100929535925</ele>
        <time>2025-10-04T02:23:30.900000Z</time>
        <extensions>
          <gpxtpx:TrackPointExtension>
            <gpxtpx:hr>97</gpxtpx:hr>
          </gpxtpx:TrackPointExtension>
        </extensions>
      </trkpt>
      <trkpt lat="32.385198678889765" lon="119.4400470304751">
        <ele>11.32336627971381</ele>
        <time>2025-10-04T02:23:31.900000Z</time>
        <extensions>
          <gpxtpx:TrackPointExtension>
            <gpxtpx:hr>97</gpxtpx:hr>
          </gpxtpx:TrackPointExtension>
        </extensions>
      </trkpt>
      <trkpt lat="32.38519713576554" lon="119.43997855908135">
        <ele>11.33159764483571</ele>
        <time>2025-10-04T02:23:32.900000Z</time>
        <extensions>
          <gpxtpx:TrackPointExtension>
            <gpxtpx:hr>97</gpxtpx:hr>
          </gpxtpx:TrackPointExtension>
        </extensions>
      </trkpt>
      <trkpt lat="32.38519555957208" lon="119.43991028121584">
        <ele>11.33819960989058</ele>
        <time>2025-10-04T02:23:33.900000Z</time>
        <extensions>
          <gpxtpx:TrackPointExtension>
            <gpxtpx:hr>97</gpxtpx:hr>
          </gpxtpx:TrackPointExtension>
        </extensions>
      </trkpt>
      <trkpt lat="32.385193946775004" lon="119.4398422953274">
        <ele>11.343328370712698</ele>
        <time>2025-10-04T02:23:34.900000Z</time>
        <extensions>
          <gpxtpx:TrackPointExtension>
            <gpxtpx:hr>97</gpxtpx:hr>
          </gpxtpx:TrackPointExtension>
        </extensions>
      </trkpt>
      <trkpt lat="32.38519229746143" lon="119.43977461902594">
        <ele>11.346989938989282</ele>
        <time>2025-10-04T02:23:35.900000Z</time>
        <extensions>
          <gpxtpx:TrackPointExtension>
            <gpxtpx:hr>97</gpxtpx:hr>
          </gpxtpx:TrackPointExtension>
        </extensions>
      </trkpt>
      <trkpt lat="32.38519064859737" lon="119.43970729639301">
        <ele>11.34960450977087</ele>
        <time>2025-10-04T02:23:36.900000Z</time>
        <extensions>
          <gpxtpx:TrackPointExtension>
            <gpxtpx:hr>96</gpxtpx:hr>
          </gpxtpx:TrackPointExtension>
        </extensions>
      </trkpt>
      <trkpt lat="32.385189043830515" lon="119.43964035381016">
        <ele>11.351077302359045</ele>
        <time>2025-10-04T02:23:37.900000Z</time>
        <extensions>
          <gpxtpx:TrackPointExtension>
            <gpxtpx:hr>96</gpxtpx:hr>
          </gpxtpx:TrackPointExtension>
        </extensions>
      </trkpt>
      <trkpt lat="32.38518749184443" lon="119.43957386247737">
        <ele>11.351670136675239</ele>
        <time>2025-10-04T02:23:38.900000Z</time>
        <extensions>
          <gpxtpx:TrackPointExtension>
            <gpxtpx:hr>96</gpxtpx:hr>
          </gpxtpx:TrackPointExtension>
        </extensions>
      </trkpt>
      <trkpt lat="32.38518599873089" lon="119.43950781592032">
        <ele>11.35146304871887</ele>
        <time>2025-10-04T02:23:39.900000Z</time>
        <extensions>
          <gpxtpx:TrackPointExtension>
            <gpxtpx:hr>97</gpxtpx:hr>
          </gpxtpx:TrackPointExtension>
        </extensions>
      </trkpt>
      <trkpt lat="32.38518452495276" lon="119.43944215735438">
        <ele>11.35062653478235</ele>
        <time>2025-10-04T02:23:40.900000Z</time>
        <extensions>
          <gpxtpx:TrackPointExtension>
            <gpxtpx:hr>97</gpxtpx:hr>
          </gpxtpx:TrackPointExtension>
        </extensions>
      </trkpt>
      <trkpt lat="32.3851830347074" lon="119.43937676266664">
        <ele>11.349461450241506</ele>
        <time>2025-10-04T02:23:42Z</time>
        <extensions>
          <gpxtpx:TrackPointExtension>
            <gpxtpx:hr>97</gpxtpx:hr>
          </gpxtpx:TrackPointExtension>
        </extensions>
      </trkpt>
      <trkpt lat="32.38518156222101" lon="119.43931164645903">
        <ele>11.348252940922976</ele>
        <time>2025-10-04T02:23:43Z</time>
        <extensions>
          <gpxtpx:TrackPointExtension>
            <gpxtpx:hr>97</gpxtpx:hr>
          </gpxtpx:TrackPointExtension>
        </extensions>
      </trkpt>
      <trkpt lat="32.38518014246619" lon="119.43924683893367">
        <ele>11.346389952115715</ele>
        <time>2025-10-04T02:23:44Z</time>
        <extensions>
          <gpxtpx:TrackPointExtension>
            <gpxtpx:hr>97</gpxtpx:hr>
          </gpxtpx:TrackPointExtension>
        </extensions>
      </trkpt>
      <trkpt lat="32.38517874738819" lon="119.43918237950643">
        <ele>11.343829273246229</ele>
        <time>2025-10-04T02:23:45Z</time>
        <extensions>
          <gpxtpx:TrackPointExtension>
            <gpxtpx:hr>97</gpxtpx:hr>
          </gpxtpx:TrackPointExtension>
        </extensions>
      </trkpt>
      <trkpt lat="32.385177378007924" lon="119.43911829870373">
        <ele>11.341300597414374</ele>
        <time>2025-10-04T02:23:46Z</time>
        <extensions>
          <gpxtpx:TrackPointExtension>
            <gpxtpx:hr>97</gpxtpx:hr>
          </gpxtpx:TrackPointExtension>
        </extensions>
      </trkpt>
      <trkpt lat="32.385176088881" lon="119.43905469651621">
        <ele>11.338977221399546</ele>
        <time>2025-10-04T02:23:47Z</time>
        <extensions>
          <gpxtpx:TrackPointExtension>
            <gpxtpx:hr>97</gpxtpx:hr>
          </gpxtpx:TrackPointExtension>
        </extensions>
      </trkpt>
      <trkpt lat="32.385174925533434" lon="119.43899154900295">
        <ele>11.336856229230762</ele>
        <time>2025-10-04T02:23:48Z</time>
        <extensions>
          <gpxtpx:TrackPointExtension>
            <gpxtpx:hr>97</gpxtpx:hr>
          </gpxtpx:TrackPointExtension>
        </extensions>
      </trkpt>
      <trkpt lat="32.38517384544307" lon="119.43892915725414">
        <ele>11.335009842179716</ele>
        <time>2025-10-04T02:23:49Z</time>
        <extensions>
          <gpxtpx:TrackPointExtension>
            <gpxtpx:hr>97</gpxtpx:hr>
          </gpxtpx:TrackPointExtension>
        </extensions>
      </trkpt>
      <trkpt lat="32.385172881154105" lon="119.43886732810358">
        <ele>11.333870654925704</ele>
        <time>2025-10-04T02:23:50Z</time>
        <extensions>
          <gpxtpx:TrackPointExtension>
            <gpxtpx:hr>97</gpxtpx:hr>
          </gpxtpx:TrackPointExtension>
        </extensions>
      </trkpt>
      <trkpt lat="32.38517202452432" lon="119.43880635028735">
        <ele>11.333651906810701</ele>
        <time>2025-10-04T02:23:51Z</time>
        <extensions>
          <gpxtpx:TrackPointExtension>
            <gpxtpx:hr>97</gpxtpx:hr>
          </gpxtpx:TrackPointExtension>
        </extensions>
      </trkpt>
      <trkpt lat="32.385171195615364" lon="119.43874626714819">
        <ele>11.333689477294683</ele>
        <time>2025-10-04T02:23:52Z</time>
        <extensions>
          <gpxtpx:TrackPointExtension>
            <gpxtpx:hr>97</gpxtpx:hr>
          </gpxtpx:TrackPointExtension>
        </extensions>
      </trkpt>
      <trkpt lat="32.38517038731441" lon="119.43868695525104">
        <ele>11.334423360414803</ele>
        <time>2025-10-04T02:23:53Z</time>
        <extensions>
          <gpxtpx:TrackPointExtension>
            <gpxtpx:hr>97</gpxtpx:hr>
          </gpxtpx:TrackPointExtension>
        </extensions>
      </trkpt>
      <trkpt lat="32.3851696013981" lon="119.43862910609164">
        <ele>11.33613449987024</ele>
        <time>2025-10-04T02:23:54Z</time>
        <extensions>
          <gpxtpx:TrackPointExtension>
            <gpxtpx:hr>97</gpxtpx:hr>
          </gpxtpx:TrackPointExtension>
        </extensions>
      </trkpt>
      <trkpt lat="32.38516873381444" lon="119.43857211304031">
        <ele>11.339036553166807</ele>
        <time>2025-10-04T02:23:55Z</time>
        <extensions>
          <gpxtpx:TrackPointExtension>
            <gpxtpx:hr>95</gpxtpx:hr>
          </gpxtpx:TrackPointExtension>
        </extensions>
      </trkpt>
      <trkpt lat="32.385167895471966" lon="119.43851665266358">
        <ele>11.343723433092237</ele>
        <time>2025-10-04T02:23:56Z</time>
        <extensions>
          <gpxtpx:TrackPointExtension>
            <gpxtpx:hr>95</gpxtpx:hr>
          </gpxtpx:TrackPointExtension>
        </extensions>
      </trkpt>
      <trkpt lat="32.38516711454625" lon="119.43846285635152">
        <ele>11.349776411429048</ele>
        <time>2025-10-04T02:23:57Z</time>
        <extensions>
          <gpxtpx:TrackPointExtension>
            <gpxtpx:hr>95</gpxtpx:hr>
          </gpxtpx:TrackPointExtension>
        </extensions>
      </trkpt>
      <trkpt lat="32.38516643451178" lon="119.4384106893495">
        <ele>11.357100863009691</ele>
        <time>2025-10-04T02:23:58Z</time>
        <extensions>
          <gpxtpx:TrackPointExtension>
            <gpxtpx:hr>95</gpxtpx:hr>
          </gpxtpx:TrackPointExtension>
        </extensions>
      </trkpt>
      <trkpt lat="32.38516568631568" lon="119.43836012279714">
        <ele>11.365170602686703</ele>
        <time>2025-10-04T02:23:59Z</time>
        <extensions>
          <gpxtpx:TrackPointExtension>
            <gpxtpx:hr>95</gpxtpx:hr>
          </gpxtpx:TrackPointExtension>
        </extensions>
      </trkpt>
      <trkpt lat="32.385164884964546" lon="119.43831082804344">
        <ele>11.374046290293336</ele>
        <time>2025-10-04T02:24:00Z</time>
        <extensions>
          <gpxtpx:TrackPointExtension>
            <gpxtpx:hr>95</gpxtpx:hr>
          </gpxtpx:TrackPointExtension>
        </extensions>
      </trkpt>
      <trkpt lat="32.385164011009266" lon="119.43826269526816">
        <ele>11.383555013686419</ele>
        <time>2025-10-04T02:24:01Z</time>
        <extensions>
          <gpxtpx:TrackPointExtension>
            <gpxtpx:hr>95</gpxtpx:hr>
          </gpxtpx:TrackPointExtension>
        </extensions>
      </trkpt>
      <trkpt lat="32.38516315151678" lon="119.43821568228273">
        <ele>11.393345145508647</ele>
        <time>2025-10-04T02:24:02Z</time>
        <extensions>
          <gpxtpx:TrackPointExtension>
            <gpxtpx:hr>95</gpxtpx:hr>
          </gpxtpx:TrackPointExtension>
        </extensions>
      </trkpt>
      <trkpt lat="32.38516224813953" lon="119.43816975183553">
        <ele>11.403936528600752</ele>
        <time>2025-10-04T02:24:03Z</time>
        <extensions>
          <gpxtpx:TrackPointExtension>
            <gpxtpx:hr>95</gpxtpx:hr>
          </gpxtpx:TrackPointExtension>
        </extensions>
      </trkpt>
      <trkpt lat="32.38516129666139" lon="119.43812508207212">
        <ele>11.415179698728025</ele>
        <time>2025-10-04T02:24:04Z</time>
        <extensions>
          <gpxtpx:TrackPointExtension>
            <gpxtpx:hr>95</gpxtpx:hr>
          </gpxtpx:TrackPointExtension>
        </extensions>
      </trkpt>
      <trkpt lat="32.38516035352041" lon="119.43808199213923">
        <ele>11.426983946934342</ele>
        <time>2025-10-04T02:24:05Z</time>
        <extensions>
          <gpxtpx:TrackPointExtension>
            <gpxtpx:hr>95</gpxtpx:hr>
          </gpxtpx:TrackPointExtension>
        </extensions>
      </trkpt>
      <trkpt lat="32.38515938059427" lon="119.43804066282844">
        <ele>11.439036114141345</ele>
        <time>2025-10-04T02:24:06Z</time>
        <extensions>
          <gpxtpx:TrackPointExtension>
            <gpxtpx:hr>95</gpxtpx:hr>
          </gpxtpx:TrackPointExtension>
        </extensions>
      </trkpt>
      <trkpt lat="32.385158436474" lon="119.43800125282124">
        <ele>11.451689372770488</ele>
        <time>2025-10-04T02:24:07Z</time>
        <extensions>
          <gpxtpx:TrackPointExtension>
            <gpxtpx:hr>95</gpxtpx:hr>
          </gpxtpx:TrackPointExtension>
        </extensions>
      </trkpt>
      <trkpt lat="32.38515747971103" lon="119.43796400432164">
        <ele>11.464318016543984</ele>
        <time>2025-10-04T02:24:08Z</time>
        <extensions>
          <gpxtpx:TrackPointExtension>
            <gpxtpx:hr>95</gpxtpx:hr>
          </gpxtpx:TrackPointExtension>
        </extensions>
      </trkpt>
      <trkpt lat="32.385156419435766" lon="119.43792898010979">
        <ele>11.477560083381832</ele>
        <time>2025-10-04T02:24:09Z</time>
        <extensions>
          <gpxtpx:TrackPointExtension>
            <gpxtpx:hr>95</gpxtpx:hr>
          </gpxtpx:TrackPointExtension>
        </extensions>
      </trkpt>
      <trkpt lat="32.38515535912492" lon="119.43789607628399">
        <ele>11.491491463035345</ele>
        <time>2025-10-04T02:24:10Z</time>
        <extensions>
          <gpxtpx:TrackPointExtension>
            <gpxtpx:hr>96</gpxtpx:hr>
          </gpxtpx:TrackPointExtension>
        </extensions>
      </trkpt>
      <trkpt lat="32.38515434275582" lon="119.43786510431454">
        <ele>11.505468173883855</ele>
        <time>2025-10-04T02:24:11Z</time>
        <extensions>
          <gpxtpx:TrackPointExtension>
            <gpxtpx:hr>96</gpxtpx:hr>
          </gpxtpx:TrackPointExtension>
        </extensions>
      </trkpt>
      <trkpt lat="32.385153354570065" lon="119.43783600648278">
        <ele>11.519755687564611</ele>
        <time>2025-10-04T02:24:12Z</time>
        <extensions>
          <gpxtpx:TrackPointExtension>
            <gpxtpx:hr>96</gpxtpx:hr>
          </gpxtpx:TrackPointExtension>
        </extensions>
      </trkpt>
      <trkpt lat="32.38515242419874" lon="119.43780862100846">
        <ele>11.534620871767402</ele>
        <time>2025-10-04T02:24:13Z</time>
        <extensions>
          <gpxtpx:TrackPointExtension>
            <gpxtpx:hr>96</gpxtpx:hr>
          </gpxtpx:TrackPointExtension>
        </extensions>
      </trkpt>
      <trkpt lat="32.385151614282584" lon="119.43778268436958">
        <ele>11.550000263378024</ele>
        <time>2025-10-04T02:24:14Z</time>
        <extensions>
          <gpxtpx:TrackPointExtension>
            <gpxtpx:hr>96</gpxtpx:hr>
          </gpxtpx:TrackPointExtension>
        </extensions>
      </trkpt>
      <trkpt lat="32.38515083321613" lon="119.43775790784046">
        <ele>11.566529649309814</ele>
        <time>2025-10-04T02:24:15Z</time>
        <extensions>
          <gpxtpx:TrackPointExtension>
            <gpxtpx:hr>96</gpxtpx:hr>
          </gpxtpx:TrackPointExtension>
        </extensions>
      </trkpt>
      <trkpt lat="32.38515008183748" lon="119.43773391648615">
        <ele>11.583962548524141</ele>
        <time>2025-10-04T02:24:16Z</time>
        <extensions>
          <gpxtpx:TrackPointExtension>
            <gpxtpx:hr>96</gpxtpx:hr>
          </gpxtpx:TrackPointExtension>
        </extensions>
      </trkpt>
      <trkpt lat="32.38514937217235" lon="119.4377105656394">
        <ele>11.602302568033338</ele>
        <time>2025-10-04T02:24:17Z</time>
        <extensions>
          <gpxtpx:TrackPointExtension>
            <gpxtpx:hr>96</gpxtpx:hr>
          </gpxtpx:TrackPointExtension>
        </extensions>
      </trkpt>
      <trkpt lat="32.38514869511507" lon="119.43768763395163">
        <ele>11.621861699968576</ele>
        <time>2025-10-04T02:24:18Z</time>
        <extensions>
          <gpxtpx:TrackPointExtension>
            <gpxtpx:hr>96</gpxtpx:hr>
          </gpxtpx:TrackPointExtension>
        </extensions>
      </trkpt>
      <trkpt lat="32.385148044877745" lon="119.4376650256788">
        <ele>11.642622169107199</ele>
        <time>2025-10-04T02:24:19Z</time>
        <extensions>
          <gpxtpx:TrackPointExtension>
            <gpxtpx:hr>96</gpxtpx:hr>
          </gpxtpx:TrackPointExtension>
        </extensions>
      </trkpt>
      <trkpt lat="32.38514736765202" lon="119.43764273019904">
        <ele>11.664658742956817</ele>
        <time>2025-10-04T02:24:20Z</time>
        <extensions>
          <gpxtpx:TrackPointExtension>
            <gpxtpx:hr>98</gpxtpx:hr>
          </gpxtpx:TrackPointExtension>
        </extensions>
      </trkpt>
      <trkpt lat="32.385146631591674" lon="119.4376207373187">
        <ele>11.688115632161498</ele>
        <time>2025-10-04T02:24:21Z</time>
        <extensions>
          <gpxtpx:TrackPointExtension>
            <gpxtpx:hr>98</gpxtpx:hr>
          </gpxtpx:TrackPointExtension>
        </extensions>
      </trkpt>
      <trkpt lat="32.385145837024815" lon="119.43759895322414">
        <ele>11.712878749705851</ele>
        <time>2025-10-04T02:24:22Z</time>
        <extensions>
          <gpxtpx:TrackPointExtension>
            <gpxtpx:hr>98</gpxtpx:hr>
          </gpxtpx:TrackPointExtension>
        </extensions>
      </trkpt>
      <trkpt lat="32.385145091254635" lon="119.43757746567917">
        <ele>11.73908272292465</ele>
        <time>2025-10-04T02:24:23Z</time>
        <extensions>
          <gpxtpx:TrackPointExtension>
            <gpxtpx:hr>98</gpxtpx:hr>
          </gpxtpx:TrackPointExtension>
        </extensions>
      </trkpt>
      <trkpt lat="32.3851444343316" lon="119.43755629405712">
        <ele>11.76608355436474</ele>
        <time>2025-10-04T02:24:24Z</time>
        <extensions>
          <gpxtpx:TrackPointExtension>
            <gpxtpx:hr>98</gpxtpx:hr>
          </gpxtpx:TrackPointExtension>
        </extensions>
      </trkpt>
      <trkpt lat="32.3851437678917" lon="119.43753554440714">
        <ele>11.794218421913683</ele>
        <time>2025-10-04T02:24:25Z</time>
        <extensions>
          <gpxtpx:TrackPointExtension>
            <gpxtpx:hr>98</gpxtpx:hr>
          </gpxtpx:TrackPointExtension>
        </extensions>
      </trkpt>
      <trkpt lat="32.3851430882206" lon="119.43751510928621">
        <ele>11.822882342152297</ele>
        <time>2025-10-04T02:24:26Z</time>
        <extensions>
          <gpxtpx:TrackPointExtension>
            <gpxtpx:hr>98</gpxtpx:hr>
          </gpxtpx:TrackPointExtension>
        </extensions>
      </trkpt>
      <trkpt lat="32.38514242620628" lon="119.43749482144003">
        <ele>11.852107944898307</ele>
        <time>2025-10-04T02:24:27Z</time>
        <extensions>
          <gpxtpx:TrackPointExtension>
            <gpxtpx:hr>98</gpxtpx:hr>
          </gpxtpx:TrackPointExtension>
        </extensions>
      </trkpt>
      <trkpt lat="32.38514174502651" lon="119.43747465857807">
        <ele>11.881762696430087</ele>
        <time>2025-10-04T02:24:28Z</time>
        <extensions>
          <gpxtpx:TrackPointExtension>
            <gpxtpx:hr>97</gpxtpx:hr>
          </gpxtpx:TrackPointExtension>
        </extensions>
      </trkpt>
      <trkpt lat="32.38514106526987" lon="119.4374545194656">
        <ele>11.911594471894205</ele>
        <time>2025-10-04T02:24:29Z</time>
        <extensions>
          <gpxtpx:TrackPointExtension>
            <gpxtpx:hr>97</gpxtpx:hr>
          </gpxtpx:TrackPointExtension>
        </extensions>
      </trkpt>
      <trkpt lat="32.38514037800863" lon="119.43743433555676">
        <ele>11.941235532052815</ele>
        <time>2025-10-04T02:24:30Z</time>
        <extensions>
          <gpxtpx:TrackPointExtension>
            <gpxtpx:hr>97</gpxtpx:hr>
          </gpxtpx:TrackPointExtension>
        </extensions>
      </trkpt>
      <trkpt lat="32.385139700574086" lon="119.43741413052541">
        <ele>11.970593229867518</ele>
        <time>2025-10-04T02:24:31Z</time>
        <extensions>
          <gpxtpx:TrackPointExtension>
            <gpxtpx:hr>97</gpxtpx:hr>
          </gpxtpx:TrackPointExtension>
        </extensions>
      </trkpt>
      <trkpt lat="32.38513905743002" lon="119.4373939632862">
        <ele>11.999402741901577</ele>
        <time>2025-10-04T02:24:32Z</time>
        <extensions>
          <gpxtpx:TrackPointExtension>
            <gpxtpx:hr>97</gpxtpx:hr>
          </gpxtpx:TrackPointExtension>
        </extensions>
      </trkpt>
      <trkpt lat="32.38513845516888" lon="119.4373738446644">
        <ele>12.027550629340112</ele>
        <time>2025-10-04T02:24:33Z</time>
        <extensions>
          <gpxtpx:TrackPointExtension>
            <gpxtpx:hr>97</gpxtpx:hr>
          </gpxtpx:TrackPointExtension>
        </extensions>
      </trkpt>
      <trkpt lat="32.38513786780704" lon="119.43735370099243">
        <ele>12.054695816710591</ele>
        <time>2025-10-04T02:24:34Z</time>
        <extensions>
          <gpxtpx:TrackPointExtension>
            <gpxtpx:hr>97</gpxtpx:hr>
          </gpxtpx:TrackPointExtension>
        </extensions>
      </trkpt>
      <trkpt lat="32.385137307361475" lon="119.43733355094409">
        <ele>12.08043812494725</ele>
        <time>2025-10-04T02:24:35Z</time>
        <extensions>
          <gpxtpx:TrackPointExtension>
            <gpxtpx:hr>98</gpxtpx:hr>
          </gpxtpx:TrackPointExtension>
        </extensions>
      </trkpt>
      <trkpt lat="32.38513678444558" lon="119.4373132942358">
        <ele>12.104804216884077</ele>
        <time>2025-10-04T02:24:36Z</time>
        <extensions>
          <gpxtpx:TrackPointExtension>
            <gpxtpx:hr>98</gpxtpx:hr>
          </gpxtpx:TrackPointExtension>
        </extensions>
      </trkpt>
      <trkpt lat="32.38513619936354" lon="119.43729289491">
        <ele>12.128009617328644</ele>
        <time>2025-10-04T02:24:37Z</time>
        <extensions>
          <gpxtpx:TrackPointExtension>
            <gpxtpx:hr>98</gpxtpx:hr>
          </gpxtpx:TrackPointExtension>
        </extensions>
      </trkpt>
      <trkpt lat="32.38513560171408" lon="119.43727244335598">
        <ele>12.149228217080235</ele>
        <time>2025-10-04T02:24:38Z</time>
        <extensions>
          <gpxtpx:TrackPointExtension>
            <gpxtpx:hr>98</gpxtpx:hr>
          </gpxtpx:TrackPointExtension>
        </extensions>
      </trkpt>
      <trkpt lat="32.385135104476845" lon="119.43725180928263">
        <ele>12.168315790593624</ele>
        <time>2025-10-04T02:24:39Z</time>
        <extensions>
          <gpxtpx:TrackPointExtension>
            <gpxtpx:hr>98</gpxtpx:hr>
          </gpxtpx:TrackPointExtension>
        </extensions>
      </trkpt>
      <trkpt lat="32.38513462586315" lon="119.43723092845305">
        <ele>12.185285117477179</ele>
        <time>2025-10-04T02:24:40Z</time>
        <extensions>
          <gpxtpx:TrackPointExtension>
            <gpxtpx:hr>98</gpxtpx:hr>
          </gpxtpx:TrackPointExtension>
        </extensions>
      </trkpt>
      <trkpt lat="32.38513414568763" lon="119.43720959846824">
        <ele>12.200497413985431</ele>
        <time>2025-10-04T02:24:41Z</time>
        <extensions>
          <gpxtpx:TrackPointExtension>
            <gpxtpx:hr>99</gpxtpx:hr>
          </gpxtpx:TrackPointExtension>
        </extensions>
      </trkpt>
      <trkpt lat="32.385133668373825" lon="119.43718768971546">
        <ele>12.213660102337599</ele>
        <time>2025-10-04T02:24:42Z</time>
        <extensions>
          <gpxtpx:TrackPointExtension>
            <gpxtpx:hr>99</gpxtpx:hr>
          </gpxtpx:TrackPointExtension>
        </extensions>
      </trkpt>
      <trkpt lat="32.38513312328031" lon="119.43716516840263">
        <ele>12.224705235101283</ele>
        <time>2025-10-04T02:24:43Z</time>
        <extensions>
          <gpxtpx:TrackPointExtension>
            <gpxtpx:hr>99</gpxtpx:hr>
          </gpxtpx:TrackPointExtension>
        </extensions>
      </trkpt>
      <trkpt lat="32.385132609716344" lon="119.4371419527572">
        <ele>12.233951998874545</ele>
        <time>2025-10-04T02:24:44Z</time>
        <extensions>
          <gpxtpx:TrackPointExtension>
            <gpxtpx:hr>102</gpxtpx:hr>
          </gpxtpx:TrackPointExtension>
        </extensions>
      </trkpt>
      <trkpt lat="32.385132080734074" lon="119.43711801894248">
        <ele>12.24125117994845</ele>
        <time>2025-10-04T02:24:45Z</time>
        <extensions>
          <gpxtpx:TrackPointExtension>
            <gpxtpx:hr>102</gpxtpx:hr>
          </gpxtpx:TrackPointExtension>
        </extensions>
      </trkpt>
      <trkpt lat="32.38513149481724" lon="119.4370934296561">
        <ele>12.24757441971451</ele>
        <time>2025-10-04T02:24:46Z</time>
        <extensions>
          <gpxtpx:TrackPointExtension>
            <gpxtpx:hr>102</gpxtpx:hr>
          </gpxtpx:TrackPointExtension>
        </extensions>
      </trkpt>
      <trkpt lat="32.38513076841161" lon="119.43706794586848">
        <ele>12.252886489965022</ele>
        <time>2025-10-04T02:24:47Z</time>
        <extensions>
          <gpxtpx:TrackPointExtension>
            <gpxtpx:hr>102</gpxtpx:hr>
          </gpxtpx:TrackPointExtension>
        </extensions>
      </trkpt>
      <trkpt lat="32.38513013728574" lon="119.43704162818258">
        <ele>12.256662065163255</ele>
        <time>2025-10-04T02:24:48Z</time>
        <extensions>
          <gpxtpx:TrackPointExtension>
            <gpxtpx:hr>103</gpxtpx:hr>
          </gpxtpx:TrackPointExtension>
        </extensions>
      </trkpt>
      <trkpt lat="32.38512935428527" lon="119.43701447750854">
        <ele>12.259532480500638</ele>
        <time>2025-10-04T02:24:49Z</time>
        <extensions>
          <gpxtpx:TrackPointExtension>
            <gpxtpx:hr>103</gpxtpx:hr>
          </gpxtpx:TrackPointExtension>
        </extensions>
      </trkpt>
      <trkpt lat="32.38512857941544" lon="119.43698660507921">
        <ele>12.261683598160744</ele>
        <time>2025-10-04T02:24:50Z</time>
        <extensions>
          <gpxtpx:TrackPointExtension>
            <gpxtpx:hr>103</gpxtpx:hr>
          </gpxtpx:TrackPointExtension>
        </extensions>
      </trkpt>
      <trkpt lat="32.38512789416407" lon="119.43695810032105">
        <ele>12.263113273307681</ele>
        <time>2025-10-04T02:24:51Z</time>
        <extensions>
          <gpxtpx:TrackPointExtension>
            <gpxtpx:hr>103</gpxtpx:hr>
          </gpxtpx:TrackPointExtension>
        </extensions>
      </trkpt>
      <trkpt lat="32.385127226331015" lon="119.43692901769117">
        <ele>12.263981320895255</ele>
        <time>2025-10-04T02:24:52Z</time>
        <extensions>
          <gpxtpx:TrackPointExtension>
            <gpxtpx:hr>103</gpxtpx:hr>
          </gpxtpx:TrackPointExtension>
        </extensions>
      </trkpt>
      <trkpt lat="32.38512651161461" lon="119.43689935841175">
        <ele>12.264284938573837</ele>
        <time>2025-10-04T02:24:53Z</time>
        <extensions>
          <gpxtpx:TrackPointExtension>
            <gpxtpx:hr>101</gpxtpx:hr>
          </gpxtpx:TrackPointExtension>
        </extensions>
      </trkpt>
      <trkpt lat="32.38512568414213" lon="119.43686893352151">
        <ele>12.263979678042233</ele>
        <time>2025-10-04T02:24:54Z</time>
        <extensions>
          <gpxtpx:TrackPointExtension>
            <gpxtpx:hr>101</gpxtpx:hr>
          </gpxtpx:TrackPointExtension>
        </extensions>
      </trkpt>
      <trkpt lat="32.38512482361738" lon="119.43683767471238">
        <ele>12.262848054990172</ele>
        <time>2025-10-04T02:24:55Z</time>
        <extensions>
          <gpxtpx:TrackPointExtension>
            <gpxtpx:hr>101</gpxtpx:hr>
          </gpxtpx:TrackPointExtension>
        </extensions>
      </trkpt>
      <trkpt lat="32.38512389544229" lon="119.43680535780838">
        <ele>12.260553994216025</ele>
        <time>2025-10-04T02:24:56Z</time>
        <extensions>
          <gpxtpx:TrackPointExtension>
            <gpxtpx:hr>101</gpxtpx:hr>
          </gpxtpx:TrackPointExtension>
        </extensions>
      </trkpt>
      <trkpt lat="32.38512286611322" lon="119.43677199887688">
        <ele>12.25713481195271</ele>
        <time>2025-10-04T02:24:57Z</time>
        <extensions>
          <gpxtpx:TrackPointExtension>
            <gpxtpx:hr>101</gpxtpx:hr>
          </gpxtpx:TrackPointExtension>
        </extensions>
      </trkpt>
      <trkpt lat="32.38512181907898" lon="119.43673767650331">
        <ele>12.252781579270959</ele>
        <time>2025-10-04T02:24:58Z</time>
        <extensions>
          <gpxtpx:TrackPointExtension>
            <gpxtpx:hr>101</gpxtpx:hr>
          </gpxtpx:TrackPointExtension>
        </extensions>
      </trkpt>
      <trkpt lat="32.38512084071744" lon="119.43670240364074">
        <ele>12.247249776497483</ele>
        <time>2025-10-04T02:24:59Z</time>
        <extensions>
          <gpxtpx:TrackPointExtension>
            <gpxtpx:hr>101</gpxtpx:hr>
          </gpxtpx:TrackPointExtension>
        </extensions>
      </trkpt>
      <trkpt lat="32.38512004360061" lon="119.43666627770544">
        <ele>12.240305235609412</ele>
        <time>2025-10-04T02:25:00Z</time>
        <extensions>
          <gpxtpx:TrackPointExtension>
            <gpxtpx:hr>102</gpxtpx:hr>
          </gpxtpx:TrackPointExtension>
        </extensions>
      </trkpt>
      <trkpt lat="32.38511937352654" lon="119.43662939430769">
        <ele>12.231979169882834</ele>
        <time>2025-10-04T02:25:01Z</time>
        <extensions>
          <gpxtpx:TrackPointExtension>
            <gpxtpx:hr>102</gpxtpx:hr>
          </gpxtpx:TrackPointExtension>
        </extensions>
      </trkpt>
      <trkpt lat="32.38511878525812" lon="119.43659173688465">
        <ele>12.222214356064796</ele>
        <time>2025-10-04T02:25:02Z</time>
        <extensions>
          <gpxtpx:TrackPointExtension>
            <gpxtpx:hr>102</gpxtpx:hr>
          </gpxtpx:TrackPointExtension>
        </extensions>
      </trkpt>
      <trkpt lat="32.385118218688625" lon="119.43655326817569">
        <ele>12.210855125449598</ele>
        <time>2025-10-04T02:25:03Z</time>
        <extensions>
          <gpxtpx:TrackPointExtension>
            <gpxtpx:hr>102</gpxtpx:hr>
          </gpxtpx:TrackPointExtension>
        </extensions>
      </trkpt>
      <trkpt lat="32.38511762172071" lon="119.43651398483783">
        <ele>12.19749418552965</ele>
        <time>2025-10-04T02:25:04Z</time>
        <extensions>
          <gpxtpx:TrackPointExtension>
            <gpxtpx:hr>102</gpxtpx:hr>
          </gpxtpx:TrackPointExtension>
        </extensions>
      </trkpt>
      <trkpt lat="32.38511710900805" lon="119.43647393710363">
        <ele>12.182693368755281</ele>
        <time>2025-10-04T02:25:05Z</time>
        <extensions>
          <gpxtpx:TrackPointExtension>
            <gpxtpx:hr>102</gpxtpx:hr>
          </gpxtpx:TrackPointExtension>
        </extensions>
      </trkpt>
      <trkpt lat="32.385116739751226" lon="119.43643314697735">
        <ele>12.166128324344754</ele>
        <time>2025-10-04T02:25:06Z</time>
        <extensions>
          <gpxtpx:TrackPointExtension>
            <gpxtpx:hr>102</gpxtpx:hr>
          </gpxtpx:TrackPointExtension>
        </extensions>
      </trkpt>
      <trkpt lat="32.385116573840726" lon="119.43639187134329">
        <ele>12.148121458478272</ele>
        <time>2025-10-04T02:25:07Z</time>
        <extensions>
          <gpxtpx:TrackPointExtension>
            <gpxtpx:hr>100</gpxtpx:hr>
          </gpxtpx:TrackPointExtension>
        </extensions>
      </trkpt>
      <trkpt lat="32.38511653391403" lon="119.43635011291298">
        <ele>12.128434779122472</ele>
        <time>2025-10-04T02:25:08Z</time>
        <extensions>
          <gpxtpx:TrackPointExtension>
            <gpxtpx:hr>100</gpxtpx:hr>
          </gpxtpx:TrackPointExtension>
        </extensions>
      </trkpt>
      <trkpt lat="32.38511667194229" lon="119.43630785181315">
        <ele>12.106787573546171</ele>
        <time>2025-10-04T02:25:09Z</time>
        <extensions>
          <gpxtpx:TrackPointExtension>
            <gpxtpx:hr>100</gpxtpx:hr>
          </gpxtpx:TrackPointExtension>
        </extensions>
      </trkpt>
      <trkpt lat="32.385116909155066" lon="119.4362649594248">
        <ele>12.08355264365673</ele>
        <time>2025-10-04T02:25:10Z</time>
        <extensions>
          <gpxtpx:TrackPointExtension>
            <gpxtpx:hr>100</gpxtpx:hr>
          </gpxtpx:TrackPointExtension>
        </extensions>
      </trkpt>
      <trkpt lat="32.38511729384742" lon="119.43622144877034">
        <ele>12.058980641886592</ele>
        <time>2025-10-04T02:25:11Z</time>
        <extensions>
          <gpxtpx:TrackPointExtension>
            <gpxtpx:hr>100</gpxtpx:hr>
          </gpxtpx:TrackPointExtension>
        </extensions>
      </trkpt>
      <trkpt lat="32.385117748463124" lon="119.43617720728288">
        <ele>12.03328092675656</ele>
        <time>2025-10-04T02:25:12Z</time>
        <extensions>
          <gpxtpx:TrackPointExtension>
            <gpxtpx:hr>100</gpxtpx:hr>
          </gpxtpx:TrackPointExtension>
        </extensions>
      </trkpt>
      <trkpt lat="32.38511819629553" lon="119.43613211888662">
        <ele>12.00678297970444</ele>
        <time>2025-10-04T02:25:13Z</time>
        <extensions>
          <gpxtpx:TrackPointExtension>
            <gpxtpx:hr>99</gpxtpx:hr>
          </gpxtpx:TrackPointExtension>
        </extensions>
      </trkpt>
      <trkpt lat="32.385118546169906" lon="119.4360858868551">
        <ele>11.979281706735492</ele>
        <time>2025-10-04T02:25:14Z</time>
        <extensions>
          <gpxtpx:TrackPointExtension>
            <gpxtpx:hr>99</gpxtpx:hr>
          </gpxtpx:TrackPointExtension>
        </extensions>
      </trkpt>
      <trkpt lat="32.38511888682501" lon="119.43603839898398">
        <ele>11.950796581804752</ele>
        <time>2025-10-04T02:25:15Z</time>
        <extensions>
          <gpxtpx:TrackPointExtension>
            <gpxtpx:hr>99</gpxtpx:hr>
          </gpxtpx:TrackPointExtension>
        </extensions>
      </trkpt>
      <trkpt lat="32.385119187108266" lon="119.43598952365619">
        <ele>11.921851593069732</ele>
        <time>2025-10-04T02:25:16Z</time>
        <extensions>
          <gpxtpx:TrackPointExtension>
            <gpxtpx:hr>99</gpxtpx:hr>
          </gpxtpx:TrackPointExtension>
        </extensions>
      </trkpt>
      <trkpt lat="32.3851194427743" lon="119.4359391772357">
        <ele>11.892548867501318</ele>
        <time>2025-10-04T02:25:17Z</time>
        <extensions>
          <gpxtpx:TrackPointExtension>
            <gpxtpx:hr>99</gpxtpx:hr>
          </gpxtpx:TrackPointExtension>
        </extensions>
      </trkpt>
      <trkpt lat="32.38511959889681" lon="119.43588738737408">
        <ele>11.863324577920139</ele>
        <time>2025-10-04T02:25:18Z</time>
        <extensions>
          <gpxtpx:TrackPointExtension>
            <gpxtpx:hr>99</gpxtpx:hr>
          </gpxtpx:TrackPointExtension>
        </extensions>
      </trkpt>
      <trkpt lat="32.3851196899842" lon="119.43583433763669">
        <ele>11.834514997899532</ele>
        <time>2025-10-04T02:25:19Z</time>
        <extensions>
          <gpxtpx:TrackPointExtension>
            <gpxtpx:hr>99</gpxtpx:hr>
          </gpxtpx:TrackPointExtension>
        </extensions>
      </trkpt>
      <trkpt lat="32.38511977188654" lon="119.43578017005132">
        <ele>11.80662198830396</ele>
        <time>2025-10-04T02:25:20Z</time>
        <extensions>
          <gpxtpx:TrackPointExtension>
            <gpxtpx:hr>97</gpxtpx:hr>
          </gpxtpx:TrackPointExtension>
        </extensions>
      </trkpt>
      <trkpt lat="32.38511980816575" lon="119.4357250999629">
        <ele>11.779423777014017</ele>
        <time>2025-10-04T02:25:21Z</time>
        <extensions>
          <gpxtpx:TrackPointExtension>
            <gpxtpx:hr>97</gpxtpx:hr>
          </gpxtpx:TrackPointExtension>
        </extensions>
      </trkpt>
      <trkpt lat="32.385119780301025" lon="119.43566937437551">
        <ele>11.753572776913643</ele>
        <time>2025-10-04T02:25:22Z</time>
        <extensions>
          <gpxtpx:TrackPointExtension>
            <gpxtpx:hr>97</gpxtpx:hr>
          </gpxtpx:TrackPointExtension>
        </extensions>
      </trkpt>
      <trkpt lat="32.385119955489266" lon="119.43561329057975">
        <ele>11.729931673035026</ele>
        <time>2025-10-04T02:25:23Z</time>
        <extensions>
          <gpxtpx:TrackPointExtension>
            <gpxtpx:hr>97</gpxtpx:hr>
          </gpxtpx:TrackPointExtension>
        </extensions>
      </trkpt>
      <trkpt lat="32.38512032172748" lon="119.43555688376154">
        <ele>11.707919025793672</ele>
        <time>2025-10-04T02:25:24Z</time>
        <extensions>
          <gpxtpx:TrackPointExtension>
            <gpxtpx:hr>97</gpxtpx:hr>
          </gpxtpx:TrackPointExtension>
        </extensions>
      </trkpt>
      <trkpt lat="32.385120915956705" lon="119.43550025881314">
        <ele>11.688811572268605</ele>
        <time>2025-10-04T02:25:25Z</time>
        <extensions>
          <gpxtpx:TrackPointExtension>
            <gpxtpx:hr>97</gpxtpx:hr>
          </gpxtpx:TrackPointExtension>
        </extensions>
      </trkpt>
      <trkpt lat="32.38512183410443" lon="119.4354434656865">
        <ele>11.672254995442927</ele>
        <time>2025-10-04T02:25:26Z</time>
        <extensions>
          <gpxtpx:TrackPointExtension>
            <gpxtpx:hr>97</gpxtpx:hr>
          </gpxtpx:TrackPointExtension>
        </extensions>
      </trkpt>
      <trkpt lat="32.38512317610515" lon="119.43538655104426">
        <ele>11.658391163684428</ele>
        <time>2025-10-04T02:25:27Z</time>
        <extensions>
          <gpxtpx:TrackPointExtension>
            <gpxtpx:hr>94</gpxtpx:hr>
          </gpxtpx:TrackPointExtension>
        </extensions>
      </trkpt>
      <trkpt lat="32.38512482615868" lon="119.43532955795148">
        <ele>11.647848418913782</ele>
        <time>2025-10-04T02:25:28Z</time>
        <extensions>
          <gpxtpx:TrackPointExtension>
            <gpxtpx:hr>94</gpxtpx:hr>
          </gpxtpx:TrackPointExtension>
        </extensions>
      </trkpt>
      <trkpt lat="32.38512672055363" lon="119.43527249518681">
        <ele>11.640767809934914</ele>
        <time>2025-10-04T02:25:29Z</time>
        <extensions>
          <gpxtpx:TrackPointExtension>
            <gpxtpx:hr>94</gpxtpx:hr>
          </gpxtpx:TrackPointExtension>
        </extensions>
      </trkpt>
      <trkpt lat="32.385129062909996" lon="119.43521543238539">
        <ele>11.636974127031863</ele>
        <time>2025-10-04T02:25:30Z</time>
        <extensions>
          <gpxtpx:TrackPointExtension>
            <gpxtpx:hr>94</gpxtpx:hr>
          </gpxtpx:TrackPointExtension>
        </extensions>
      </trkpt>
      <trkpt lat="32.385131920698846" lon="119.43515854459828">
        <ele>11.63657966349274</ele>
        <time>2025-10-04T02:25:31Z</time>
        <extensions>
          <gpxtpx:TrackPointExtension>
            <gpxtpx:hr>94</gpxtpx:hr>
          </gpxtpx:TrackPointExtension>
        </extensions>
      </trkpt>
      <trkpt lat="32.38513533327518" lon="119.43510193547702">
        <ele>11.63973748870194</ele>
        <time>2025-10-04T02:25:32Z</time>
        <extensions>
          <gpxtpx:TrackPointExtension>
            <gpxtpx:hr>98</gpxtpx:hr>
          </gpxtpx:TrackPointExtension>
        </extensions>
      </trkpt>
      <trkpt lat="32.385139427825926" lon="119.43504570870127">
        <ele>11.646263679489493</ele>
        <time>2025-10-04T02:25:33Z</time>
        <extensions>
          <gpxtpx:TrackPointExtension>
            <gpxtpx:hr>98</gpxtpx:hr>
          </gpxtpx:TrackPointExtension>
        </extensions>
      </trkpt>
      <trkpt lat="32.38514440029801" lon="119.43498995480014">
        <ele>11.656288031488657</ele>
        <time>2025-10-04T02:25:34Z</time>
        <extensions>
          <gpxtpx:TrackPointExtension>
            <gpxtpx:hr>98</gpxtpx:hr>
          </gpxtpx:TrackPointExtension>
        </extensions>
      </trkpt>
      <trkpt lat="32.38515021845145" lon="119.43493468786073">
        <ele>11.669512589462101</ele>
        <time>2025-10-04T02:25:35Z</time>
        <extensions>
          <gpxtpx:TrackPointExtension>
            <gpxtpx:hr>98</gpxtpx:hr>
          </gpxtpx:TrackPointExtension>
        </extensions>
      </trkpt>
      <trkpt lat="32.3851569580003" lon="119.43487993700147">
        <ele>11.686092657968402</ele>
        <time>2025-10-04T02:25:36Z</time>
        <extensions>
          <gpxtpx:TrackPointExtension>
            <gpxtpx:hr>98</gpxtpx:hr>
          </gpxtpx:TrackPointExtension>
        </extensions>
      </trkpt>
      <trkpt lat="32.38516469072638" lon="119.43482576069142">
        <ele>11.706000104546547</ele>
        <time>2025-10-04T02:25:37Z</time>
        <extensions>
          <gpxtpx:TrackPointExtension>
            <gpxtpx:hr>99</gpxtpx:hr>
          </gpxtpx:TrackPointExtension>
        </extensions>
      </trkpt>
      <trkpt lat="32.38517346758315" lon="119.43477206680937">
        <ele>11.728834510780871</ele>
        <time>2025-10-04T02:25:38Z</time>
        <extensions>
          <gpxtpx:TrackPointExtension>
            <gpxtpx:hr>99</gpxtpx:hr>
          </gpxtpx:TrackPointExtension>
        </extensions>
      </trkpt>
      <trkpt lat="32.38518327443175" lon="119.43471893673686">
        <ele>11.754463879391551</ele>
        <time>2025-10-04T02:25:39Z</time>
        <extensions>
          <gpxtpx:TrackPointExtension>
            <gpxtpx:hr>99</gpxtpx:hr>
          </gpxtpx:TrackPointExtension>
        </extensions>
      </trkpt>
      <trkpt lat="32.385194285975054" lon="119.43466643522945">
        <ele>11.783124276436865</ele>
        <time>2025-10-04T02:25:40Z</time>
        <extensions>
          <gpxtpx:TrackPointExtension>
            <gpxtpx:hr>99</gpxtpx:hr>
          </gpxtpx:TrackPointExtension>
        </extensions>
      </trkpt>
      <trkpt lat="32.38520644702132" lon="119.4346143669881">
        <ele>11.814540109597147</ele>
        <time>2025-10-04T02:25:41Z</time>
        <extensions>
          <gpxtpx:TrackPointExtension>
            <gpxtpx:hr>100</gpxtpx:hr>
          </gpxtpx:TrackPointExtension>
        </extensions>
      </trkpt>
      <trkpt lat="32.385219743574446" lon="119.43456255049604">
        <ele>11.8485102718696</ele>
        <time>2025-10-04T02:25:42Z</time>
        <extensions>
          <gpxtpx:TrackPointExtension>
            <gpxtpx:hr>100</gpxtpx:hr>
          </gpxtpx:TrackPointExtension>
        </extensions>
      </trkpt>
      <trkpt lat="32.385234387647166" lon="119.43451069146153">
        <ele>11.885109279304743</ele>
        <time>2025-10-04T02:25:43Z</time>
        <extensions>
          <gpxtpx:TrackPointExtension>
            <gpxtpx:hr>100</gpxtpx:hr>
          </gpxtpx:TrackPointExtension>
        </extensions>
      </trkpt>
      <trkpt lat="32.385250414699385" lon="119.43445866798565">
        <ele>11.924027493223548</ele>
        <time>2025-10-04T02:25:44Z</time>
        <extensions>
          <gpxtpx:TrackPointExtension>
            <gpxtpx:hr>100</gpxtpx:hr>
          </gpxtpx:TrackPointExtension>
        </extensions>
      </trkpt>
      <trkpt lat="32.38526787018131" lon="119.4344064253331">
        <ele>11.965240842662752</ele>
        <time>2025-10-04T02:25:45Z</time>
        <extensions>
          <gpxtpx:TrackPointExtension>
            <gpxtpx:hr>100</gpxtpx:hr>
          </gpxtpx:TrackPointExtension>
        </extensions>
      </trkpt>
      <trkpt lat="32.385286713654786" lon="119.43435394444889">
        <ele>12.008358725346625</ele>
        <time>2025-10-04T02:25:46Z</time>
        <extensions>
          <gpxtpx:TrackPointExtension>
            <gpxtpx:hr>103</gpxtpx:hr>
          </gpxtpx:TrackPointExtension>
        </extensions>
      </trkpt>
      <trkpt lat="32.385306921414255" lon="119.43430126052328">
        <ele>12.053328672423959</ele>
        <time>2025-10-04T02:25:47Z</time>
        <extensions>
          <gpxtpx:TrackPointExtension>
            <gpxtpx:hr>103</gpxtpx:hr>
          </gpxtpx:TrackPointExtension>
        </extensions>
      </trkpt>
      <trkpt lat="32.38532839638103" lon="119.43424836734437">
        <ele>12.099836275912821</ele>
        <time>2025-10-04T02:25:48Z</time>
        <extensions>
          <gpxtpx:TrackPointExtension>
            <gpxtpx:hr>103</gpxtpx:hr>
          </gpxtpx:TrackPointExtension>
        </extensions>
      </trkpt>
      <trkpt lat="32.385351030772476" lon="119.43419526491701">
        <ele>12.14763970207423</ele>
        <time>2025-10-04T02:25:49Z</time>
        <extensions>
          <gpxtpx:TrackPointExtension>
            <gpxtpx:hr>103</gpxtpx:hr>
          </gpxtpx:TrackPointExtension>
        </extensions>
      </trkpt>
      <trkpt lat="32.385374678635166" lon="119.43414203391023">
        <ele>12.196334064006805</ele>
        <time>2025-10-04T02:25:50Z</time>
        <extensions>
          <gpxtpx:TrackPointExtension>
            <gpxtpx:hr>103</gpxtpx:hr>
          </gpxtpx:TrackPointExtension>
        </extensions>
      </trkpt>
      <trkpt lat="32.385399160637284" lon="119.43408867566366">
        <ele>12.245860698632896</ele>
        <time>2025-10-04T02:25:51Z</time>
        <extensions>
          <gpxtpx:TrackPointExtension>
            <gpxtpx:hr>103</gpxtpx:hr>
          </gpxtpx:TrackPointExtension>
        </extensions>
      </trkpt>
      <trkpt lat="32.38542435619155" lon="119.43403522599668">
        <ele>12.295854214578867</ele>
        <time>2025-10-04T02:25:52Z</time>
        <extensions>
          <gpxtpx:TrackPointExtension>
            <gpxtpx:hr>103</gpxtpx:hr>
          </gpxtpx:TrackPointExtension>
        </extensions>
      </trkpt>
      <trkpt lat="32.385450101252005" lon="119.43398164202942">
        <ele>12.346196457743645</ele>
        <time>2025-10-04T02:25:53Z</time>
        <extensions>
          <gpxtpx:TrackPointExtension>
            <gpxtpx:hr>103</gpxtpx:hr>
          </gpxtpx:TrackPointExtension>
        </extensions>
      </trkpt>
      <trkpt lat="32.3854762586617" lon="119.43392786375594">
        <ele>12.396537898108363</ele>
        <time>2025-10-04T02:25:54Z</time>
        <extensions>
          <gpxtpx:TrackPointExtension>
            <gpxtpx:hr>103</gpxtpx:hr>
          </gpxtpx:TrackPointExtension>
        </extensions>
      </trkpt>
      <trkpt lat="32.38550265017972" lon="119.43387384071544">
        <ele>12.44650288298726</ele>
        <time>2025-10-04T02:25:55Z</time>
        <extensions>
          <gpxtpx:TrackPointExtension>
            <gpxtpx:hr>99</gpxtpx:hr>
          </gpxtpx:TrackPointExtension>
        </extensions>
      </trkpt>
      <trkpt lat="32.385529238943505" lon="119.43381955591961">
        <ele>12.496094826608896</ele>
        <time>2025-10-04T02:25:56Z</time>
        <extensions>
          <gpxtpx:TrackPointExtension>
            <gpxtpx:hr>99</gpxtpx:hr>
          </gpxtpx:TrackPointExtension>
        </extensions>
      </trkpt>
      <trkpt lat="32.38555594129799" lon="119.43376497361226">
        <ele>12.544841422699392</ele>
        <time>2025-10-04T02:25:57Z</time>
        <extensions>
          <gpxtpx:TrackPointExtension>
            <gpxtpx:hr>99</gpxtpx:hr>
          </gpxtpx:TrackPointExtension>
        </extensions>
      </trkpt>
      <trkpt lat="32.38558263546212" lon="119.4337100291094">
        <ele>12.592810276895761</ele>
        <time>2025-10-04T02:25:58Z</time>
        <extensions>
          <gpxtpx:TrackPointExtension>
            <gpxtpx:hr>99</gpxtpx:hr>
          </gpxtpx:TrackPointExtension>
        </extensions>
      </trkpt>
      <trkpt lat="32.38560919960478" lon="119.43365468933796">
        <ele>12.639724048785865</ele>
        <time>2025-10-04T02:25:59Z</time>
        <extensions>
          <gpxtpx:TrackPointExtension>
            <gpxtpx:hr>99</gpxtpx:hr>
          </gpxtpx:TrackPointExtension>
        </extensions>
      </trkpt>
      <trkpt lat="32.38563556470812" lon="119.43359891989778">
        <ele>12.6853962931782</ele>
        <time>2025-10-04T02:26:00Z</time>
        <extensions>
          <gpxtpx:TrackPointExtension>
            <gpxtpx:hr>99</gpxtpx:hr>
          </gpxtpx:TrackPointExtension>
        </extensions>
      </trkpt>
      <trkpt lat="32.385661590928386" lon="119.43354273432792">
        <ele>12.729149203747511</ele>
        <time>2025-10-04T02:26:01Z</time>
        <extensions>
          <gpxtpx:TrackPointExtension>
            <gpxtpx:hr>99</gpxtpx:hr>
          </gpxtpx:TrackPointExtension>
        </extensions>
      </trkpt>
      <trkpt lat="32.38568713734111" lon="119.43348617619917">
        <ele>12.77168806642294</ele>
        <time>2025-10-04T02:26:02Z</time>
        <extensions>
          <gpxtpx:TrackPointExtension>
            <gpxtpx:hr>99</gpxtpx:hr>
          </gpxtpx:TrackPointExtension>
        </extensions>
      </trkpt>
      <trkpt lat="32.385712078263346" lon="119.43342919857565">
        <ele>12.812274592928588</ele>
        <time>2025-10-04T02:26:03Z</time>
        <extensions>
          <gpxtpx:TrackPointExtension>
            <gpxtpx:hr>99</gpxtpx:hr>
          </gpxtpx:TrackPointExtension>
        </extensions>
      </trkpt>
      <trkpt lat="32.38573624786102" lon="119.43337186829815">
        <ele>12.851004996336997</ele>
        <time>2025-10-04T02:26:04Z</time>
        <extensions>
          <gpxtpx:TrackPointExtension>
            <gpxtpx:hr>98</gpxtpx:hr>
          </gpxtpx:TrackPointExtension>
        </extensions>
      </trkpt>
      <trkpt lat="32.38575942575716" lon="119.43331422175677">
        <ele>12.887710673734546</ele>
        <time>2025-10-04T02:26:05Z</time>
        <extensions>
          <gpxtpx:TrackPointExtension>
            <gpxtpx:hr>98</gpxtpx:hr>
          </gpxtpx:TrackPointExtension>
        </extensions>
      </trkpt>
      <trkpt lat="32.38578156356327" lon="119.43325627361745">
        <ele>12.9226662106812</ele>
        <time>2025-10-04T02:26:06Z</time>
        <extensions>
          <gpxtpx:TrackPointExtension>
            <gpxtpx:hr>98</gpxtpx:hr>
          </gpxtpx:TrackPointExtension>
        </extensions>
      </trkpt>
      <trkpt lat="32.38580276606078" lon="119.43319809256454">
        <ele>12.955593433231115</ele>
        <time>2025-10-04T02:26:07Z</time>
        <extensions>
          <gpxtpx:TrackPointExtension>
            <gpxtpx:hr>98</gpxtpx:hr>
          </gpxtpx:TrackPointExtension>
        </extensions>
      </trkpt>
      <trkpt lat="32.38582330885746" lon="119.43313971399685">
        <ele>12.98679201491177</ele>
        <time>2025-10-04T02:26:08Z</time>
        <extensions>
          <gpxtpx:TrackPointExtension>
            <gpxtpx:hr>98</gpxtpx:hr>
          </gpxtpx:TrackPointExtension>
        </extensions>
      </trkpt>
      <trkpt lat="32.38584317783305" lon="119.43308114880996">
        <ele>13.015388154424727</ele>
        <time>2025-10-04T02:26:09Z</time>
        <extensions>
          <gpxtpx:TrackPointExtension>
            <gpxtpx:hr>98</gpxtpx:hr>
          </gpxtpx:TrackPointExtension>
        </extensions>
      </trkpt>
      <trkpt lat="32.38586246976918" lon="119.43302231379488">
        <ele>13.041911276988685</ele>
        <time>2025-10-04T02:26:10Z</time>
        <extensions>
          <gpxtpx:TrackPointExtension>
            <gpxtpx:hr>98</gpxtpx:hr>
          </gpxtpx:TrackPointExtension>
        </extensions>
      </trkpt>
      <trkpt lat="32.38588119223143" lon="119.43296312413808">
        <ele>13.066163015551865</ele>
        <time>2025-10-04T02:26:11Z</time>
        <extensions>
          <gpxtpx:TrackPointExtension>
            <gpxtpx:hr>96</gpxtpx:hr>
          </gpxtpx:TrackPointExtension>
        </extensions>
      </trkpt>
      <trkpt lat="32.38589932875971" lon="119.43290341599469">
        <ele>13.088152600452304</ele>
        <time>2025-10-04T02:26:12Z</time>
        <extensions>
          <gpxtpx:TrackPointExtension>
            <gpxtpx:hr>96</gpxtpx:hr>
          </gpxtpx:TrackPointExtension>
        </extensions>
      </trkpt>
      <trkpt lat="32.38591668351352" lon="119.4328430080332">
        <ele>13.108039322309196</ele>
        <time>2025-10-04T02:26:13Z</time>
        <extensions>
          <gpxtpx:TrackPointExtension>
            <gpxtpx:hr>96</gpxtpx:hr>
          </gpxtpx:TrackPointExtension>
        </extensions>
      </trkpt>
      <trkpt lat="32.38593306563502" lon="119.4327817963131">
        <ele>13.125825288705528</ele>
        <time>2025-10-04T02:26:14Z</time>
        <extensions>
          <gpxtpx:TrackPointExtension>
            <gpxtpx:hr>96</gpxtpx:hr>
          </gpxtpx:TrackPointExtension>
        </extensions>
      </trkpt>
      <trkpt lat="32.385948340049545" lon="119.43271978935276">
        <ele>13.141568848863244</ele>
        <time>2025-10-04T02:26:15Z</time>
        <extensions>
          <gpxtpx:TrackPointExtension>
            <gpxtpx:hr>96</gpxtpx:hr>
          </gpxtpx:TrackPointExtension>
        </extensions>
      </trkpt>
      <trkpt lat="32.385962440959446" lon="119.43265699968194">
        <ele>13.15526818856597</ele>
        <time>2025-10-04T02:26:16Z</time>
        <extensions>
          <gpxtpx:TrackPointExtension>
            <gpxtpx:hr>96</gpxtpx:hr>
          </gpxtpx:TrackPointExtension>
        </extensions>
      </trkpt>
      <trkpt lat="32.38597533989929" lon="119.43259351741686">
        <ele>13.167242786847055</ele>
        <time>2025-10-04T02:26:17Z</time>
        <extensions>
          <gpxtpx:TrackPointExtension>
            <gpxtpx:hr>97</gpxtpx:hr>
          </gpxtpx:TrackPointExtension>
        </extensions>
      </trkpt>
      <trkpt lat="32.385987042279964" lon="119.43252940432322">
        <ele>13.17759472783655</ele>
        <time>2025-10-04T02:26:18Z</time>
        <extensions>
          <gpxtpx:TrackPointExtension>
            <gpxtpx:hr>97</gpxtpx:hr>
          </gpxtpx:TrackPointExtension>
        </extensions>
      </trkpt>
      <trkpt lat="32.385997637387824" lon="119.43246475123499">
        <ele>13.186364631168544</ele>
        <time>2025-10-04T02:26:19Z</time>
        <extensions>
          <gpxtpx:TrackPointExtension>
            <gpxtpx:hr>97</gpxtpx:hr>
          </gpxtpx:TrackPointExtension>
        </extensions>
      </trkpt>
      <trkpt lat="32.38600713925424" lon="119.43239963505154">
        <ele>13.19375769328326</ele>
        <time>2025-10-04T02:26:20Z</time>
        <extensions>
          <gpxtpx:TrackPointExtension>
            <gpxtpx:hr>97</gpxtpx:hr>
          </gpxtpx:TrackPointExtension>
        </extensions>
      </trkpt>
      <trkpt lat="32.38601545163311" lon="119.43233409174249">
        <ele>13.199762099422514</ele>
        <time>2025-10-04T02:26:21Z</time>
        <extensions>
          <gpxtpx:TrackPointExtension>
            <gpxtpx:hr>97</gpxtpx:hr>
          </gpxtpx:TrackPointExtension>
        </extensions>
      </trkpt>
      <trkpt lat="32.386022560174524" lon="119.4322681701105">
        <ele>13.204776134341955</ele>
        <time>2025-10-04T02:26:22Z</time>
        <extensions>
          <gpxtpx:TrackPointExtension>
            <gpxtpx:hr>100</gpxtpx:hr>
          </gpxtpx:TrackPointExtension>
        </extensions>
      </trkpt>
      <trkpt lat="32.386028458267965" lon="119.4322019256174">
        <ele>13.208757693879306</ele>
        <time>2025-10-04T02:26:23Z</time>
        <extensions>
          <gpxtpx:TrackPointExtension>
            <gpxtpx:hr>100</gpxtpx:hr>
          </gpxtpx:TrackPointExtension>
        </extensions>
      </trkpt>
      <trkpt lat="32.38603326923832" lon="119.43213543185978">
        <ele>13.211419175378978</ele>
        <time>2025-10-04T02:26:24Z</time>
        <extensions>
          <gpxtpx:TrackPointExtension>
            <gpxtpx:hr>100</gpxtpx:hr>
          </gpxtpx:TrackPointExtension>
        </extensions>
      </trkpt>
      <trkpt lat="32.38603708272346" lon="119.43206871603365">
        <ele>13.213212226517498</ele>
        <time>2025-10-04T02:26:25Z</time>
        <extensions>
          <gpxtpx:TrackPointExtension>
            <gpxtpx:hr>101</gpxtpx:hr>
          </gpxtpx:TrackPointExtension>
        </extensions>
      </trkpt>
      <trkpt lat="32.386040052875295" lon="119.43200182212591">
        <ele>13.214171029627323</ele>
        <time>2025-10-04T02:26:26Z</time>
        <extensions>
          <gpxtpx:TrackPointExtension>
            <gpxtpx:hr>101</gpxtpx:hr>
          </gpxtpx:TrackPointExtension>
        </extensions>
      </trkpt>
      <trkpt lat="32.386042310900066" lon="119.4319347909606">
        <ele>13.2140454640612</ele>
        <time>2025-10-04T02:26:27Z</time>
        <extensions>
          <gpxtpx:TrackPointExtension>
            <gpxtpx:hr>101</gpxtpx:hr>
          </gpxtpx:TrackPointExtension>
        </extensions>
      </trkpt>
      <trkpt lat="32.3860439504537" lon="119.43186767226535">
        <ele>13.213008919730783</ele>
        <time>2025-10-04T02:26:28Z</time>
        <extensions>
          <gpxtpx:TrackPointExtension>
            <gpxtpx:hr>101</gpxtpx:hr>
          </gpxtpx:TrackPointExtension>
        </extensions>
      </trkpt>
      <trkpt lat="32.38604504399666" lon="119.43180039838576">
        <ele>13.210925111547112</ele>
        <time>2025-10-04T02:26:29Z</time>
        <extensions>
          <gpxtpx:TrackPointExtension>
            <gpxtpx:hr>100</gpxtpx:hr>
          </gpxtpx:TrackPointExtension>
        </extensions>
      </trkpt>
      <trkpt lat="32.38604568001601" lon="119.4317329211548">
        <ele>13.207666517235339</ele>
        <time>2025-10-04T02:26:30Z</time>
        <extensions>
          <gpxtpx:TrackPointExtension>
            <gpxtpx:hr>100</gpxtpx:hr>
          </gpxtpx:TrackPointExtension>
        </extensions>
      </trkpt>
      <trkpt lat="32.3860458959321" lon="119.43166516041487">
        <ele>13.202619290910661</ele>
        <time>2025-10-04T02:26:31Z</time>
        <extensions>
          <gpxtpx:TrackPointExtension>
            <gpxtpx:hr>100</gpxtpx:hr>
          </gpxtpx:TrackPointExtension>
        </extensions>
      </trkpt>
      <trkpt lat="32.38604573783488" lon="119.43159722203937">
        <ele>13.196119407191873</ele>
        <time>2025-10-04T02:26:32Z</time>
        <extensions>
          <gpxtpx:TrackPointExtension>
            <gpxtpx:hr>100</gpxtpx:hr>
          </gpxtpx:TrackPointExtension>
        </extensions>
      </trkpt>
      <trkpt lat="32.38604511684659" lon="119.43152922357612">
        <ele>13.189001955091953</ele>
        <time>2025-10-04T02:26:33Z</time>
        <extensions>
          <gpxtpx:TrackPointExtension>
            <gpxtpx:hr>100</gpxtpx:hr>
          </gpxtpx:TrackPointExtension>
        </extensions>
      </trkpt>
      <trkpt lat="32.386044101671544" lon="119.43146112130387">
        <ele>13.181085653603077</ele>
        <time>2025-10-04T02:26:34Z</time>
        <extensions>
          <gpxtpx:TrackPointExtension>
            <gpxtpx:hr>100</gpxtpx:hr>
          </gpxtpx:TrackPointExtension>
        </extensions>
      </trkpt>
      <trkpt lat="32.386042765405676" lon="119.43139292733859">
        <ele>13.172017889097333</ele>
        <time>2025-10-04T02:26:35Z</time>
        <extensions>
          <gpxtpx:TrackPointExtension>
            <gpxtpx:hr>98</gpxtpx:hr>
          </gpxtpx:TrackPointExtension>
        </extensions>
      </trkpt>
      <trkpt lat="32.386041108299715" lon="119.43132465740958">
        <ele>13.162518743425608</ele>
        <time>2025-10-04T02:26:36Z</time>
        <extensions>
          <gpxtpx:TrackPointExtension>
            <gpxtpx:hr>98</gpxtpx:hr>
          </gpxtpx:TrackPointExtension>
        </extensions>
      </trkpt>
      <trkpt lat="32.38603925046637" lon="119.4312563829533">
        <ele>13.151867520064116</ele>
        <time>2025-10-04T02:26:37Z</time>
        <extensions>
          <gpxtpx:TrackPointExtension>
            <gpxtpx:hr>98</gpxtpx:hr>
          </gpxtpx:TrackPointExtension>
        </extensions>
      </trkpt>
      <trkpt lat="32.38603709116339" lon="119.43118811057496">
        <ele>13.139572894200683</ele>
        <time>2025-10-04T02:26:38Z</time>
        <extensions>
          <gpxtpx:TrackPointExtension>
            <gpxtpx:hr>98</gpxtpx:hr>
          </gpxtpx:TrackPointExtension>
        </extensions>
      </trkpt>
      <trkpt lat="32.38603472380605" lon="119.43111986433726">
        <ele>13.126809089444578</ele>
        <time>2025-10-04T02:26:39Z</time>
        <extensions>
          <gpxtpx:TrackPointExtension>
            <gpxtpx:hr>98</gpxtpx:hr>
          </gpxtpx:TrackPointExtension>
        </extensions>
      </trkpt>
      <trkpt lat="32.38603222609589" lon="119.43105166075792">
        <ele>13.113096945919096</ele>
        <time>2025-10-04T02:26:40Z</time>
        <extensions>
          <gpxtpx:TrackPointExtension>
            <gpxtpx:hr>98</gpxtpx:hr>
          </gpxtpx:TrackPointExtension>
        </extensions>
      </trkpt>
      <trkpt lat="32.386029604213924" lon="119.43098350291744">
        <ele>13.098420890979469</ele>
        <time>2025-10-04T02:26:41Z</time>
        <extensions>
          <gpxtpx:TrackPointExtension>
            <gpxtpx:hr>98</gpxtpx:hr>
          </gpxtpx:TrackPointExtension>
        </extensions>
      </trkpt>
      <trkpt lat="32.386026829544406" lon="119.43091534708824">
        <ele>13.082844755612314</ele>
        <time>2025-10-04T02:26:42Z</time>
        <extensions>
          <gpxtpx:TrackPointExtension>
            <gpxtpx:hr>98</gpxtpx:hr>
          </gpxtpx:TrackPointExtension>
        </extensions>
      </trkpt>
      <trkpt lat="32.3860240236409" lon="119.4308472084176">
        <ele>13.066281574778259</ele>
        <time>2025-10-04T02:26:43Z</time>
        <extensions>
          <gpxtpx:TrackPointExtension>
            <gpxtpx:hr>98</gpxtpx:hr>
          </gpxtpx:TrackPointExtension>
        </extensions>
      </trkpt>
      <trkpt lat="32.3860211496577" lon="119.43077920264581">
        <ele>13.048793661408126</ele>
        <time>2025-10-04T02:26:44Z</time>
        <extensions>
          <gpxtpx:TrackPointExtension>
            <gpxtpx:hr>98</gpxtpx:hr>
          </gpxtpx:TrackPointExtension>
        </extensions>
      </trkpt>
      <trkpt lat="32.386018088707004" lon="119.43071124105919">
        <ele>13.030710808932781</ele>
        <time>2025-10-04T02:26:45Z</time>
        <extensions>
          <gpxtpx:TrackPointExtension>
            <gpxtpx:hr>98</gpxtpx:hr>
          </gpxtpx:TrackPointExtension>
        </extensions>
      </trkpt>
      <trkpt lat="32.38601481877897" lon="119.4306432099929">
        <ele>13.01183948572725</ele>
        <time>2025-10-04T02:26:46Z</time>
        <extensions>
          <gpxtpx:TrackPointExtension>
            <gpxtpx:hr>98</gpxtpx:hr>
          </gpxtpx:TrackPointExtension>
        </extensions>
      </trkpt>
      <trkpt lat="32.38601130254881" lon="119.43057529750097">
        <ele>12.992188794538379</ele>
        <time>2025-10-04T02:26:47Z</time>
        <extensions>
          <gpxtpx:TrackPointExtension>
            <gpxtpx:hr>106</gpxtpx:hr>
          </gpxtpx:TrackPointExtension>
        </extensions>
      </trkpt>
      <trkpt lat="32.38600751340546" lon="119.43050757718267">
        <ele>12.9719311716035</ele>
        <time>2025-10-04T02:26:48Z</time>
        <extensions>
          <gpxtpx:TrackPointExtension>
            <gpxtpx:hr>106</gpxtpx:hr>
          </gpxtpx:TrackPointExtension>
        </extensions>
      </trkpt>
      <trkpt lat="32.386003485736104" lon="119.43044008135155">
        <ele>12.950967454351485</ele>
        <time>2025-10-04T02:26:49Z</time>
        <extensions>
          <gpxtpx:TrackPointExtension>
            <gpxtpx:hr>106</gpxtpx:hr>
          </gpxtpx:TrackPointExtension>
        </extensions>
      </trkpt>
      <trkpt lat="32.38599927175803" lon="119.4303728422203">
        <ele>12.929462633095682</ele>
        <time>2025-10-04T02:26:50Z</time>
        <extensions>
          <gpxtpx:TrackPointExtension>
            <gpxtpx:hr>106</gpxtpx:hr>
          </gpxtpx:TrackPointExtension>
        </extensions>
      </trkpt>
      <trkpt lat="32.38599491800526" lon="119.43030583973518">
        <ele>12.90726491715759</ele>
        <time>2025-10-04T02:26:51Z</time>
        <extensions>
          <gpxtpx:TrackPointExtension>
            <gpxtpx:hr>106</gpxtpx:hr>
          </gpxtpx:TrackPointExtension>
        </extensions>
      </trkpt>
      <trkpt lat="32.38599047171729" lon="119.43023905248313">
        <ele>12.884725537151098</ele>
        <time>2025-10-04T02:26:52Z</time>
        <extensions>
          <gpxtpx:TrackPointExtension>
            <gpxtpx:hr>102</gpxtpx:hr>
          </gpxtpx:TrackPointExtension>
        </extensions>
      </trkpt>
      <trkpt lat="32.38598600830811" lon="119.43017246476309">
        <ele>12.861718925647438</ele>
        <time>2025-10-04T02:26:53Z</time>
        <extensions>
          <gpxtpx:TrackPointExtension>
            <gpxtpx:hr>102</gpxtpx:hr>
          </gpxtpx:TrackPointExtension>
        </extensions>
      </trkpt>
      <trkpt lat="32.38598162777507" lon="119.43010613182022">
        <ele>12.838316716253757</ele>
        <time>2025-10-04T02:26:54Z</time>
        <extensions>
          <gpxtpx:TrackPointExtension>
            <gpxtpx:hr>102</gpxtpx:hr>
          </gpxtpx:TrackPointExtension>
        </extensions>
      </trkpt>
      <trkpt lat="32.385977432004964" lon="119.43003980822299">
        <ele>12.814441940747201</ele>
        <time>2025-10-04T02:26:55Z</time>
        <extensions>
          <gpxtpx:TrackPointExtension>
            <gpxtpx:hr>102</gpxtpx:hr>
          </gpxtpx:TrackPointExtension>
        </extensions>
      </trkpt>
      <trkpt lat="32.38597347304704" lon="119.42997321875167">
        <ele>12.790418825112283</ele>
        <time>2025-10-04T02:26:56Z</time>
        <extensions>
          <gpxtpx:TrackPointExtension>
            <gpxtpx:hr>102</gpxtpx:hr>
          </gpxtpx:TrackPointExtension>
        </extensions>
      </trkpt>
      <trkpt lat="32.38596972833893" lon="119.42990641177444">
        <ele>12.766210437752306</ele>
        <time>2025-10-04T02:26:57Z</time>
        <extensions>
          <gpxtpx:TrackPointExtension>
            <gpxtpx:hr>101</gpxtpx:hr>
          </gpxtpx:TrackPointExtension>
        </extensions>
      </trkpt>
      <trkpt lat="32.385966122762284" lon="119.42983949700324">
        <ele>12.74196545779705</ele>
        <time>2025-10-04T02:26:58Z</time>
        <extensions>
          <gpxtpx:TrackPointExtension>
            <gpxtpx:hr>101</gpxtpx:hr>
          </gpxtpx:TrackPointExtension>
        </extensions>
      </trkpt>
      <trkpt lat="32.38596261757742" lon="119.42977231346164">
        <ele>12.717654668726027</ele>
        <time>2025-10-04T02:26:59Z</time>
        <extensions>
          <gpxtpx:TrackPointExtension>
            <gpxtpx:hr>101</gpxtpx:hr>
          </gpxtpx:TrackPointExtension>
        </extensions>
      </trkpt>
      <trkpt lat="32.38595922499111" lon="119.42970492675424">
        <ele>12.693485518917441</ele>
        <time>2025-10-04T02:27:00Z</time>
        <extensions>
          <gpxtpx:TrackPointExtension>
            <gpxtpx:hr>101</gpxtpx:hr>
          </gpxtpx:TrackPointExtension>
        </extensions>
      </trkpt>
      <trkpt lat="32.385955950500154" lon="119.42963742435575">
        <ele>12.669466176070273</ele>
        <time>2025-10-04T02:27:01Z</time>
        <extensions>
          <gpxtpx:TrackPointExtension>
            <gpxtpx:hr>100</gpxtpx:hr>
          </gpxtpx:TrackPointExtension>
        </extensions>
      </trkpt>
      <trkpt lat="32.385952791522875" lon="119.42956978038147">
        <ele>12.64580172020942</ele>
        <time>2025-10-04T02:27:02Z</time>
        <extensions>
          <gpxtpx:TrackPointExtension>
            <gpxtpx:hr>100</gpxtpx:hr>
          </gpxtpx:TrackPointExtension>
        </extensions>
      </trkpt>
      <trkpt lat="32.3859497428447" lon="119.42950209386215">
        <ele>12.622452106326818</ele>
        <time>2025-10-04T02:27:03Z</time>
        <extensions>
          <gpxtpx:TrackPointExtension>
            <gpxtpx:hr>100</gpxtpx:hr>
          </gpxtpx:TrackPointExtension>
        </extensions>
      </trkpt>
      <trkpt lat="32.38594679024274" lon="119.4294344673715">
        <ele>12.599467186257243</ele>
        <time>2025-10-04T02:27:04Z</time>
        <extensions>
          <gpxtpx:TrackPointExtension>
            <gpxtpx:hr>98</gpxtpx:hr>
          </gpxtpx:TrackPointExtension>
        </extensions>
      </trkpt>
      <trkpt lat="32.38594389861814" lon="119.42936692110105">
        <ele>12.57698142901063</ele>
        <time>2025-10-04T02:27:05Z</time>
        <extensions>
          <gpxtpx:TrackPointExtension>
            <gpxtpx:hr>98</gpxtpx:hr>
          </gpxtpx:TrackPointExtension>
        </extensions>
      </trkpt>
      <trkpt lat="32.385941010401886" lon="119.42929954152275">
        <ele>12.55510649830103</ele>
        <time>2025-10-04T02:27:06Z</time>
        <extensions>
          <gpxtpx:TrackPointExtension>
            <gpxtpx:hr>98</gpxtpx:hr>
          </gpxtpx:TrackPointExtension>
        </extensions>
      </trkpt>
      <trkpt lat="32.385938060589666" lon="119.42923240078005">
        <ele>12.53405552264303</ele>
        <time>2025-10-04T02:27:07Z</time>
        <extensions>
          <gpxtpx:TrackPointExtension>
            <gpxtpx:hr>98</gpxtpx:hr>
          </gpxtpx:TrackPointExtension>
        </extensions>
      </trkpt>
      <trkpt lat="32.38593501211826" lon="119.42916555139108">
        <ele>12.513921532779932</ele>
        <time>2025-10-04T02:27:08Z</time>
        <extensions>
          <gpxtpx:TrackPointExtension>
            <gpxtpx:hr>98</gpxtpx:hr>
          </gpxtpx:TrackPointExtension>
        </extensions>
      </trkpt>
      <trkpt lat="32.385931853649005" lon="119.42909905601822">
        <ele>12.494519643485546</ele>
        <time>2025-10-04T02:27:09Z</time>
        <extensions>
          <gpxtpx:TrackPointExtension>
            <gpxtpx:hr>98</gpxtpx:hr>
          </gpxtpx:TrackPointExtension>
        </extensions>
      </trkpt>
      <trkpt lat="32.38592858077194" lon="119.42903299473633">
        <ele>12.476582199335098</ele>
        <time>2025-10-04T02:27:10Z</time>
        <extensions>
          <gpxtpx:TrackPointExtension>
            <gpxtpx:hr>97</gpxtpx:hr>
          </gpxtpx:TrackPointExtension>
        </extensions>
      </trkpt>
      <trkpt lat="32.385925215611714" lon="119.42896740099134">
        <ele>12.459697369486094</ele>
        <time>2025-10-04T02:27:11Z</time>
        <extensions>
          <gpxtpx:TrackPointExtension>
            <gpxtpx:hr>97</gpxtpx:hr>
          </gpxtpx:TrackPointExtension>
        </extensions>
      </trkpt>
      <trkpt lat="32.38592179027852" lon="119.42890238167499">
        <ele>12.444125873968005</ele>
        <time>2025-10-04T02:27:12Z</time>
        <extensions>
          <gpxtpx:TrackPointExtension>
            <gpxtpx:hr>97</gpxtpx:hr>
          </gpxtpx:TrackPointExtension>
        </extensions>
      </trkpt>
      <trkpt lat="32.38591832996851" lon="119.4288379805902">
        <ele>12.430131389759481</ele>
        <time>2025-10-04T02:27:13Z</time>
        <extensions>
          <gpxtpx:TrackPointExtension>
            <gpxtpx:hr>97</gpxtpx:hr>
          </gpxtpx:TrackPointExtension>
        </extensions>
      </trkpt>
      <trkpt lat="32.385914823172435" lon="119.42877426410708">
        <ele>12.41787021793425</ele>
        <time>2025-10-04T02:27:14Z</time>
        <extensions>
          <gpxtpx:TrackPointExtension>
            <gpxtpx:hr>97</gpxtpx:hr>
          </gpxtpx:TrackPointExtension>
        </extensions>
      </trkpt>
      <trkpt lat="32.38591124165034" lon="119.42871131022454">
        <ele>12.407405046746135</ele>
        <time>2025-10-04T02:27:15Z</time>
        <extensions>
          <gpxtpx:TrackPointExtension>
            <gpxtpx:hr>97</gpxtpx:hr>
          </gpxtpx:TrackPointExtension>
        </extensions>
      </trkpt>
      <trkpt lat="32.385907582958374" lon="119.42864915450122">
        <ele>12.398922906257212</ele>
        <time>2025-10-04T02:27:16Z</time>
        <extensions>
          <gpxtpx:TrackPointExtension>
            <gpxtpx:hr>96</gpxtpx:hr>
          </gpxtpx:TrackPointExtension>
        </extensions>
      </trkpt>
      <trkpt lat="32.385903862082344" lon="119.42858788095891">
        <ele>12.392606914043427</ele>
        <time>2025-10-04T02:27:17Z</time>
        <extensions>
          <gpxtpx:TrackPointExtension>
            <gpxtpx:hr>96</gpxtpx:hr>
          </gpxtpx:TrackPointExtension>
        </extensions>
      </trkpt>
      <trkpt lat="32.38590011883425" lon="119.4285275645076">
        <ele>12.388509601354599</ele>
        <time>2025-10-04T02:27:18Z</time>
        <extensions>
          <gpxtpx:TrackPointExtension>
            <gpxtpx:hr>96</gpxtpx:hr>
          </gpxtpx:TrackPointExtension>
        </extensions>
      </trkpt>
      <trkpt lat="32.38589639322358" lon="119.42846833033848">
        <ele>12.386429656296968</ele>
        <time>2025-10-04T02:27:19Z</time>
        <extensions>
          <gpxtpx:TrackPointExtension>
            <gpxtpx:hr>96</gpxtpx:hr>
          </gpxtpx:TrackPointExtension>
        </extensions>
      </trkpt>
      <trkpt lat="32.385892739813016" lon="119.42841004003597">
        <ele>12.386488167569041</ele>
        <time>2025-10-04T02:27:20Z</time>
        <extensions>
          <gpxtpx:TrackPointExtension>
            <gpxtpx:hr>96</gpxtpx:hr>
          </gpxtpx:TrackPointExtension>
        </extensions>
      </trkpt>
      <trkpt lat="32.38588918086387" lon="119.4283527779181">
        <ele>12.38862308114767</ele>
        <time>2025-10-04T02:27:21Z</time>
        <extensions>
          <gpxtpx:TrackPointExtension>
            <gpxtpx:hr>96</gpxtpx:hr>
          </gpxtpx:TrackPointExtension>
        </extensions>
      </trkpt>
      <trkpt lat="32.38588575660939" lon="119.42829651549289">
        <ele>12.392740746960044</ele>
        <time>2025-10-04T02:27:22Z</time>
        <extensions>
          <gpxtpx:TrackPointExtension>
            <gpxtpx:hr>96</gpxtpx:hr>
          </gpxtpx:TrackPointExtension>
        </extensions>
      </trkpt>
      <trkpt lat="32.38588250865949" lon="119.42824123035108">
        <ele>12.39878719393164</ele>
        <time>2025-10-04T02:27:23Z</time>
        <extensions>
          <gpxtpx:TrackPointExtension>
            <gpxtpx:hr>96</gpxtpx:hr>
          </gpxtpx:TrackPointExtension>
        </extensions>
      </trkpt>
      <trkpt lat="32.38587943809992" lon="119.42818697333628">
        <ele>12.406753599643707</ele>
        <time>2025-10-04T02:27:24Z</time>
        <extensions>
          <gpxtpx:TrackPointExtension>
            <gpxtpx:hr>96</gpxtpx:hr>
          </gpxtpx:TrackPointExtension>
        </extensions>
      </trkpt>
      <trkpt lat="32.385876498985404" lon="119.42813387916097">
        <ele>12.416570364497602</ele>
        <time>2025-10-04T02:27:25Z</time>
        <extensions>
          <gpxtpx:TrackPointExtension>
            <gpxtpx:hr>96</gpxtpx:hr>
          </gpxtpx:TrackPointExtension>
        </extensions>
      </trkpt>
      <trkpt lat="32.38587376659025" lon="119.42808219810964">
        <ele>12.428397449664772</ele>
        <time>2025-10-04T02:27:26Z</time>
        <extensions>
          <gpxtpx:TrackPointExtension>
            <gpxtpx:hr>94</gpxtpx:hr>
          </gpxtpx:TrackPointExtension>
        </extensions>
      </trkpt>
      <trkpt lat="32.38587128408517" lon="119.42803201840772">
        <ele>12.441958965733647</ele>
        <time>2025-10-04T02:27:27Z</time>
        <extensions>
          <gpxtpx:TrackPointExtension>
            <gpxtpx:hr>94</gpxtpx:hr>
          </gpxtpx:TrackPointExtension>
        </extensions>
      </trkpt>
      <trkpt lat="32.38586897637425" lon="119.42798353904725">
        <ele>12.457820881158113</ele>
        <time>2025-10-04T02:27:28Z</time>
        <extensions>
          <gpxtpx:TrackPointExtension>
            <gpxtpx:hr>94</gpxtpx:hr>
          </gpxtpx:TrackPointExtension>
        </extensions>
      </trkpt>
      <trkpt lat="32.38586679529139" lon="119.42793692870019">
        <ele>12.475446703843772</ele>
        <time>2025-10-04T02:27:29Z</time>
        <extensions>
          <gpxtpx:TrackPointExtension>
            <gpxtpx:hr>94</gpxtpx:hr>
          </gpxtpx:TrackPointExtension>
        </extensions>
      </trkpt>
      <trkpt lat="32.38586480760935" lon="119.42789237932621">
        <ele>12.495211148634553</ele>
        <time>2025-10-04T02:27:30Z</time>
        <extensions>
          <gpxtpx:TrackPointExtension>
            <gpxtpx:hr>94</gpxtpx:hr>
          </gpxtpx:TrackPointExtension>
        </extensions>
      </trkpt>
      <trkpt lat="32.38586291294904" lon="119.42785012775991">
        <ele>12.517084420658648</ele>
        <time>2025-10-04T02:27:31Z</time>
        <extensions>
          <gpxtpx:TrackPointExtension>
            <gpxtpx:hr>95</gpxtpx:hr>
          </gpxtpx:TrackPointExtension>
        </extensions>
      </trkpt>
      <trkpt lat="32.38586099485122" lon="119.42781035102524">
        <ele>12.540591119788587</ele>
        <time>2025-10-04T02:27:32Z</time>
        <extensions>
          <gpxtpx:TrackPointExtension>
            <gpxtpx:hr>95</gpxtpx:hr>
          </gpxtpx:TrackPointExtension>
        </extensions>
      </trkpt>
      <trkpt lat="32.38585918517572" lon="119.42777320770945">
        <ele>12.566043461672962</ele>
        <time>2025-10-04T02:27:33Z</time>
        <extensions>
          <gpxtpx:TrackPointExtension>
            <gpxtpx:hr>95</gpxtpx:hr>
          </gpxtpx:TrackPointExtension>
        </extensions>
      </trkpt>
      <trkpt lat="32.38585756334119" lon="119.42773876605578">
        <ele>12.593419432640076</ele>
        <time>2025-10-04T02:27:34Z</time>
        <extensions>
          <gpxtpx:TrackPointExtension>
            <gpxtpx:hr>95</gpxtpx:hr>
          </gpxtpx:TrackPointExtension>
        </extensions>
      </trkpt>
      <trkpt lat="32.3858560559666" lon="119.42770730420618">
        <ele>12.621523637324572</ele>
        <time>2025-10-04T02:27:35Z</time>
        <extensions>
          <gpxtpx:TrackPointExtension>
            <gpxtpx:hr>95</gpxtpx:hr>
          </gpxtpx:TrackPointExtension>
        </extensions>
      </trkpt>
      <trkpt lat="32.38585474248316" lon="119.42767893058907">
        <ele>12.651075521484017</ele>
        <time>2025-10-04T02:27:36Z</time>
        <extensions>
          <gpxtpx:TrackPointExtension>
            <gpxtpx:hr>92</gpxtpx:hr>
          </gpxtpx:TrackPointExtension>
        </extensions>
      </trkpt>
      <trkpt lat="32.3858537324233" lon="119.42765352309152">
        <ele>12.681917923502624</ele>
        <time>2025-10-04T02:27:37Z</time>
        <extensions>
          <gpxtpx:TrackPointExtension>
            <gpxtpx:hr>92</gpxtpx:hr>
          </gpxtpx:TrackPointExtension>
        </extensions>
      </trkpt>
      <trkpt lat="32.38585311589676" lon="119.42763087365378">
        <ele>12.713405477814376</ele>
        <time>2025-10-04T02:27:38Z</time>
        <extensions>
          <gpxtpx:TrackPointExtension>
            <gpxtpx:hr>92</gpxtpx:hr>
          </gpxtpx:TrackPointExtension>
        </extensions>
      </trkpt>
      <trkpt lat="32.385852759371474" lon="119.42761094733693">
        <ele>12.745628444477916</ele>
        <time>2025-10-04T02:27:39Z</time>
        <extensions>
          <gpxtpx:TrackPointExtension>
            <gpxtpx:hr>92</gpxtpx:hr>
          </gpxtpx:TrackPointExtension>
        </extensions>
      </trkpt>
      <trkpt lat="32.385852624212184" lon="119.42759341915587">
        <ele>12.779980842024088</ele>
        <time>2025-10-04T02:27:40Z</time>
        <extensions>
          <gpxtpx:TrackPointExtension>
            <gpxtpx:hr>94</gpxtpx:hr>
          </gpxtpx:TrackPointExtension>
        </extensions>
      </trkpt>
      <trkpt lat="32.385852640040056" lon="119.42757805386066">
        <ele>12.81385507248342</ele>
        <time>2025-10-04T02:27:41Z</time>
        <extensions>
          <gpxtpx:TrackPointExtension>
            <gpxtpx:hr>94</gpxtpx:hr>
          </gpxtpx:TrackPointExtension>
        </extensions>
      </trkpt>
      <trkpt lat="32.38585272156397" lon="119.42756482754186">
        <ele>12.84669537562877</ele>
        <time>2025-10-04T02:27:42Z</time>
        <extensions>
          <gpxtpx:TrackPointExtension>
            <gpxtpx:hr>94</gpxtpx:hr>
          </gpxtpx:TrackPointExtension>
        </extensions>
      </trkpt>
      <trkpt lat="32.38585282792162" lon="119.42755346001265">
        <ele>12.879220385104418</ele>
        <time>2025-10-04T02:27:43Z</time>
        <extensions>
          <gpxtpx:TrackPointExtension>
            <gpxtpx:hr>94</gpxtpx:hr>
          </gpxtpx:TrackPointExtension>
        </extensions>
      </trkpt>
      <trkpt lat="32.38585295208353" lon="119.4275437675294">
        <ele>12.910716710612178</ele>
        <time>2025-10-04T02:27:44Z</time>
        <extensions>
          <gpxtpx:TrackPointExtension>
            <gpxtpx:hr>94</gpxtpx:hr>
          </gpxtpx:TrackPointExtension>
        </extensions>
      </trkpt>
      <trkpt lat="32.38585319702205" lon="119.42753550099295">
        <ele>12.940781570971012</ele>
        <time>2025-10-04T02:27:45Z</time>
        <extensions>
          <gpxtpx:TrackPointExtension>
            <gpxtpx:hr>91</gpxtpx:hr>
          </gpxtpx:TrackPointExtension>
        </extensions>
      </trkpt>
      <trkpt lat="32.3858535189059" lon="119.42752850962825">
        <ele>12.970421076752245</ele>
        <time>2025-10-04T02:27:46Z</time>
        <extensions>
          <gpxtpx:TrackPointExtension>
            <gpxtpx:hr>91</gpxtpx:hr>
          </gpxtpx:TrackPointExtension>
        </extensions>
      </trkpt>
      <trkpt lat="32.385853911286745" lon="119.42752256977114">
        <ele>12.998611357063055</ele>
        <time>2025-10-04T02:27:47Z</time>
        <extensions>
          <gpxtpx:TrackPointExtension>
            <gpxtpx:hr>91</gpxtpx:hr>
          </gpxtpx:TrackPointExtension>
        </extensions>
      </trkpt>
      <trkpt lat="32.38585435014141" lon="119.42751756145849">
        <ele>13.02583172172308</ele>
        <time>2025-10-04T02:27:48Z</time>
        <extensions>
          <gpxtpx:TrackPointExtension>
            <gpxtpx:hr>91</gpxtpx:hr>
          </gpxtpx:TrackPointExtension>
        </extensions>
      </trkpt>
      <trkpt lat="32.38585482634679" lon="119.42751336620128">
        <ele>13.051825759001076</ele>
        <time>2025-10-04T02:27:49Z</time>
        <extensions>
          <gpxtpx:TrackPointExtension>
            <gpxtpx:hr>91</gpxtpx:hr>
          </gpxtpx:TrackPointExtension>
        </extensions>
      </trkpt>
      <trkpt lat="32.38585526855645" lon="119.42750987475932">
        <ele>13.07554554566741</ele>
        <time>2025-10-04T02:27:50Z</time>
        <extensions>
          <gpxtpx:TrackPointExtension>
            <gpxtpx:hr>91</gpxtpx:hr>
          </gpxtpx:TrackPointExtension>
        </extensions>
      </trkpt>
      <trkpt lat="32.385855692892946" lon="119.42750710802355">
        <ele>13.098301409743726</ele>
        <time>2025-10-04T02:27:51Z</time>
        <extensions>
          <gpxtpx:TrackPointExtension>
            <gpxtpx:hr>91</gpxtpx:hr>
          </gpxtpx:TrackPointExtension>
        </extensions>
      </trkpt>
      <trkpt lat="32.385856117618765" lon="119.42750501104959">
        <ele>13.119842996820807</ele>
        <time>2025-10-04T02:27:52Z</time>
        <extensions>
          <gpxtpx:TrackPointExtension>
            <gpxtpx:hr>91</gpxtpx:hr>
          </gpxtpx:TrackPointExtension>
        </extensions>
      </trkpt>
      <trkpt lat="32.38585642817142" lon="119.42750349218332">
        <ele>13.139461474493146</ele>
        <time>2025-10-04T02:27:53Z</time>
        <extensions>
          <gpxtpx:TrackPointExtension>
            <gpxtpx:hr>91</gpxtpx:hr>
          </gpxtpx:TrackPointExtension>
        </extensions>
      </trkpt>
      <trkpt lat="32.38585668059034" lon="119.42750243456884">
        <ele>13.1577531080693</ele>
        <time>2025-10-04T02:27:54Z</time>
        <extensions>
          <gpxtpx:TrackPointExtension>
            <gpxtpx:hr>96</gpxtpx:hr>
          </gpxtpx:TrackPointExtension>
        </extensions>
      </trkpt>
      <trkpt lat="32.385856978183085" lon="119.42750168021135">
        <ele>13.174706033430994</ele>
        <time>2025-10-04T02:27:55Z</time>
        <extensions>
          <gpxtpx:TrackPointExtension>
            <gpxtpx:hr>96</gpxtpx:hr>
          </gpxtpx:TrackPointExtension>
        </extensions>
      </trkpt>
      <trkpt lat="32.385857223609314" lon="119.42750111589626">
        <ele>13.19022960215807</ele>
        <time>2025-10-04T02:27:56Z</time>
        <extensions>
          <gpxtpx:TrackPointExtension>
            <gpxtpx:hr>96</gpxtpx:hr>
          </gpxtpx:TrackPointExtension>
        </extensions>
      </trkpt>
      <trkpt lat="32.385857274698964" lon="119.42750050310639">
        <ele>13.20422088354826</ele>
        <time>2025-10-04T02:27:57Z</time>
        <extensions>
          <gpxtpx:TrackPointExtension>
            <gpxtpx:hr>96</gpxtpx:hr>
          </gpxtpx:TrackPointExtension>
        </extensions>
      </trkpt>
      <trkpt lat="32.38585705042534" lon="119.42749988108004">
        <ele>13.216670400463045</ele>
        <time>2025-10-04T02:27:58Z</time>
        <extensions>
          <gpxtpx:TrackPointExtension>
            <gpxtpx:hr>96</gpxtpx:hr>
          </gpxtpx:TrackPointExtension>
        </extensions>
      </trkpt>
      <trkpt lat="32.38585649692962" lon="119.42749904871532">
        <ele>13.227596188895404</ele>
        <time>2025-10-04T02:27:59Z</time>
        <extensions>
          <gpxtpx:TrackPointExtension>
            <gpxtpx:hr>96</gpxtpx:hr>
          </gpxtpx:TrackPointExtension>
        </extensions>
      </trkpt>
      <trkpt lat="32.38585566381087" lon="119.42749795211768">
        <ele>13.236439498141408</ele>
        <time>2025-10-04T02:28:00Z</time>
        <extensions>
          <gpxtpx:TrackPointExtension>
            <gpxtpx:hr>94</gpxtpx:hr>
          </gpxtpx:TrackPointExtension>
        </extensions>
      </trkpt>
      <trkpt lat="32.385854614971436" lon="119.42749658317798">
        <ele>13.243591138161719</ele>
        <time>2025-10-04T02:28:01Z</time>
        <extensions>
          <gpxtpx:TrackPointExtension>
            <gpxtpx:hr>94</gpxtpx:hr>
          </gpxtpx:TrackPointExtension>
        </extensions>
      </trkpt>
      <trkpt lat="32.38585325503622" lon="119.42749490232053">
        <ele>13.249196823686361</ele>
        <time>2025-10-04T02:28:02Z</time>
        <extensions>
          <gpxtpx:TrackPointExtension>
            <gpxtpx:hr>94</gpxtpx:hr>
          </gpxtpx:TrackPointExtension>
        </extensions>
      </trkpt>
      <trkpt lat="32.385851597547536" lon="119.42749296986739">
        <ele>13.252342556603253</ele>
        <time>2025-10-04T02:28:03Z</time>
        <extensions>
          <gpxtpx:TrackPointExtension>
            <gpxtpx:hr>94</gpxtpx:hr>
          </gpxtpx:TrackPointExtension>
        </extensions>
      </trkpt>
      <trkpt lat="32.3858496632281" lon="119.4274906792825">
        <ele>13.253215609118342</ele>
        <time>2025-10-04T02:28:04Z</time>
        <extensions>
          <gpxtpx:TrackPointExtension>
            <gpxtpx:hr>94</gpxtpx:hr>
          </gpxtpx:TrackPointExtension>
        </extensions>
      </trkpt>
      <trkpt lat="32.38584730753111" lon="119.42748781583903">
        <ele>13.252892140299082</ele>
        <time>2025-10-04T02:28:05Z</time>
        <extensions>
          <gpxtpx:TrackPointExtension>
            <gpxtpx:hr>96</gpxtpx:hr>
          </gpxtpx:TrackPointExtension>
        </extensions>
      </trkpt>
      <trkpt lat="32.385844526782215" lon="119.42748421692588">
        <ele>13.251442229375243</ele>
        <time>2025-10-04T02:28:06Z</time>
        <extensions>
          <gpxtpx:TrackPointExtension>
            <gpxtpx:hr>96</gpxtpx:hr>
          </gpxtpx:TrackPointExtension>
        </extensions>
      </trkpt>
      <trkpt lat="32.38584120267225" lon="119.42747994103117">
        <ele>13.24794586468488</ele>
        <time>2025-10-04T02:28:07Z</time>
        <extensions>
          <gpxtpx:TrackPointExtension>
            <gpxtpx:hr>96</gpxtpx:hr>
          </gpxtpx:TrackPointExtension>
        </extensions>
      </trkpt>
      <trkpt lat="32.38583723527982" lon="119.42747493985019">
        <ele>13.24231124483049</ele>
        <time>2025-10-04T02:28:08Z</time>
        <extensions>
          <gpxtpx:TrackPointExtension>
            <gpxtpx:hr>96</gpxtpx:hr>
          </gpxtpx:TrackPointExtension>
        </extensions>
      </trkpt>
      <trkpt lat="32.38583281337865" lon="119.42746899871534">
        <ele>13.235353152267635</ele>
        <time>2025-10-04T02:28:09Z</time>
        <extensions>
          <gpxtpx:TrackPointExtension>
            <gpxtpx:hr>98</gpxtpx:hr>
          </gpxtpx:TrackPointExtension>
        </extensions>
      </trkpt>
      <trkpt lat="32.3858275153019" lon="119.42746214206159">
        <ele>13.225853932090104</ele>
        <time>2025-10-04T02:28:10Z</time>
        <extensions>
          <gpxtpx:TrackPointExtension>
            <gpxtpx:hr>98</gpxtpx:hr>
          </gpxtpx:TrackPointExtension>
        </extensions>
      </trkpt>
      <trkpt lat="32.38582141926766" lon="119.4274541220939">
        <ele>13.213607131503522</ele>
        <time>2025-10-04T02:28:11Z</time>
        <extensions>
          <gpxtpx:TrackPointExtension>
            <gpxtpx:hr>98</gpxtpx:hr>
          </gpxtpx:TrackPointExtension>
        </extensions>
      </trkpt>
      <trkpt lat="32.385814471684256" lon="119.42744480331301">
        <ele>13.199106440879405</ele>
        <time>2025-10-04T02:28:12Z</time>
        <extensions>
          <gpxtpx:TrackPointExtension>
            <gpxtpx:hr>98</gpxtpx:hr>
          </gpxtpx:TrackPointExtension>
        </extensions>
      </trkpt>
      <trkpt lat="32.38580669016516" lon="119.42743370084561">
        <ele>13.182505873963237</ele>
        <time>2025-10-04T02:28:13Z</time>
        <extensions>
          <gpxtpx:TrackPointExtension>
            <gpxtpx:hr>98</gpxtpx:hr>
          </gpxtpx:TrackPointExtension>
        </extensions>
      </trkpt>
      <trkpt lat="32.38579778638287" lon="119.42742128412694">
        <ele>13.163810109719634</ele>
        <time>2025-10-04T02:28:14Z</time>
        <extensions>
          <gpxtpx:TrackPointExtension>
            <gpxtpx:hr>98</gpxtpx:hr>
          </gpxtpx:TrackPointExtension>
        </extensions>
      </trkpt>
      <trkpt lat="32.38578747694965" lon="119.4274076076078">
        <ele>13.141279123723507</ele>
        <time>2025-10-04T02:28:15Z</time>
        <extensions>
          <gpxtpx:TrackPointExtension>
            <gpxtpx:hr>92</gpxtpx:hr>
          </gpxtpx:TrackPointExtension>
        </extensions>
      </trkpt>
      <trkpt lat="32.38577571378819" lon="119.4273924402339">
        <ele>13.117017199285328</ele>
        <time>2025-10-04T02:28:16Z</time>
        <extensions>
          <gpxtpx:TrackPointExtension>
            <gpxtpx:hr>92</gpxtpx:hr>
          </gpxtpx:TrackPointExtension>
        </extensions>
      </trkpt>
      <trkpt lat="32.385762569643674" lon="119.42737556431875">
        <ele>13.091038287617266</ele>
        <time>2025-10-04T02:28:17Z</time>
        <extensions>
          <gpxtpx:TrackPointExtension>
            <gpxtpx:hr>92</gpxtpx:hr>
          </gpxtpx:TrackPointExtension>
        </extensions>
      </trkpt>
      <trkpt lat="32.38574818861713" lon="119.42735683075965">
        <ele>13.062951888889074</ele>
        <time>2025-10-04T02:28:18Z</time>
        <extensions>
          <gpxtpx:TrackPointExtension>
            <gpxtpx:hr>92</gpxtpx:hr>
          </gpxtpx:TrackPointExtension>
        </extensions>
      </trkpt>
      <trkpt lat="32.385732516327344" lon="119.42733641984498">
        <ele>13.033904341980815</ele>
        <time>2025-10-04T02:28:19Z</time>
        <extensions>
          <gpxtpx:TrackPointExtension>
            <gpxtpx:hr>92</gpxtpx:hr>
          </gpxtpx:TrackPointExtension>
        </extensions>
      </trkpt>
      <trkpt lat="32.385715638525845" lon="119.42731455766373">
        <ele>13.00333041138947</ele>
        <time>2025-10-04T02:28:20Z</time>
        <extensions>
          <gpxtpx:TrackPointExtension>
            <gpxtpx:hr>92</gpxtpx:hr>
          </gpxtpx:TrackPointExtension>
        </extensions>
      </trkpt>
      <trkpt lat="32.385697852558835" lon="119.42729155701979">
        <ele>12.971744316630065</ele>
        <time>2025-10-04T02:28:21Z</time>
        <extensions>
          <gpxtpx:TrackPointExtension>
            <gpxtpx:hr>92</gpxtpx:hr>
          </gpxtpx:TrackPointExtension>
        </extensions>
      </trkpt>
      <trkpt lat="32.38567938187485" lon="119.4272677247777">
        <ele>12.938587193377316</ele>
        <time>2025-10-04T02:28:22Z</time>
        <extensions>
          <gpxtpx:TrackPointExtension>
            <gpxtpx:hr>92</gpxtpx:hr>
          </gpxtpx:TrackPointExtension>
        </extensions>
      </trkpt>
      <trkpt lat="32.38566027406654" lon="119.42724346762341">
        <ele>12.90354877896607</ele>
        <time>2025-10-04T02:28:23Z</time>
        <extensions>
          <gpxtpx:TrackPointExtension>
            <gpxtpx:hr>92</gpxtpx:hr>
          </gpxtpx:TrackPointExtension>
        </extensions>
      </trkpt>
      <trkpt lat="32.385640618476174" lon="119.42721897307301">
        <ele>12.86818234063685</ele>
        <time>2025-10-04T02:28:24Z</time>
        <extensions>
          <gpxtpx:TrackPointExtension>
            <gpxtpx:hr>92</gpxtpx:hr>
          </gpxtpx:TrackPointExtension>
        </extensions>
      </trkpt>
      <trkpt lat="32.38562048620994" lon="119.42719451064944">
        <ele>12.83173169568181</ele>
        <time>2025-10-04T02:28:25Z</time>
        <extensions>
          <gpxtpx:TrackPointExtension>
            <gpxtpx:hr>92</gpxtpx:hr>
          </gpxtpx:TrackPointExtension>
        </extensions>
      </trkpt>
      <trkpt lat="32.38559988528684" lon="119.4271701351126">
        <ele>12.79464241862297</ele>
        <time>2025-10-04T02:28:26Z</time>
        <extensions>
          <gpxtpx:TrackPointExtension>
            <gpxtpx:hr>92</gpxtpx:hr>
          </gpxtpx:TrackPointExtension>
        </extensions>
      </trkpt>
      <trkpt lat="32.38557872358595" lon="119.42714594069497">
        <ele>12.757259173318744</ele>
        <time>2025-10-04T02:28:27Z</time>
        <extensions>
          <gpxtpx:TrackPointExtension>
            <gpxtpx:hr>92</gpxtpx:hr>
          </gpxtpx:TrackPointExtension>
        </extensions>
      </trkpt>
      <trkpt lat="32.38555699587948" lon="119.42712204306875">
        <ele>12.719924153760076</ele>
        <time>2025-10-04T02:28:28Z</time>
        <extensions>
          <gpxtpx:TrackPointExtension>
            <gpxtpx:hr>92</gpxtpx:hr>
          </gpxtpx:TrackPointExtension>
        </extensions>
      </trkpt>
      <trkpt lat="32.385534694595826" lon="119.4270985596416">
        <ele>12.682541842572391</ele>
        <time>2025-10-04T02:28:29Z</time>
        <extensions>
          <gpxtpx:TrackPointExtension>
            <gpxtpx:hr>92</gpxtpx:hr>
          </gpxtpx:TrackPointExtension>
        </extensions>
      </trkpt>
      <trkpt lat="32.38551196892686" lon="119.42707540837172">
        <ele>12.646094651892781</ele>
        <time>2025-10-04T02:28:30Z</time>
        <extensions>
          <gpxtpx:TrackPointExtension>
            <gpxtpx:hr>93</gpxtpx:hr>
          </gpxtpx:TrackPointExtension>
        </extensions>
      </trkpt>
      <trkpt lat="32.38548889629275" lon="119.42705248491474">
        <ele>12.610557322390378</ele>
        <time>2025-10-04T02:28:31Z</time>
        <extensions>
          <gpxtpx:TrackPointExtension>
            <gpxtpx:hr>93</gpxtpx:hr>
          </gpxtpx:TrackPointExtension>
        </extensions>
      </trkpt>
      <trkpt lat="32.385465594952784" lon="119.42702967479747">
        <ele>12.576562744565308</ele>
        <time>2025-10-04T02:28:32Z</time>
        <extensions>
          <gpxtpx:TrackPointExtension>
            <gpxtpx:hr>93</gpxtpx:hr>
          </gpxtpx:TrackPointExtension>
        </extensions>
      </trkpt>
      <trkpt lat="32.3854421532549" lon="119.42700684162419">
        <ele>12.544203183613718</ele>
        <time>2025-10-04T02:28:33Z</time>
        <extensions>
          <gpxtpx:TrackPointExtension>
            <gpxtpx:hr>93</gpxtpx:hr>
          </gpxtpx:TrackPointExtension>
        </extensions>
      </trkpt>
      <trkpt lat="32.385418580979255" lon="119.42698393836265">
        <ele>12.513715575449169</ele>
        <time>2025-10-04T02:28:34Z</time>
        <extensions>
          <gpxtpx:TrackPointExtension>
            <gpxtpx:hr>96</gpxtpx:hr>
          </gpxtpx:TrackPointExtension>
        </extensions>
      </trkpt>
      <trkpt lat="32.38539487039369" lon="119.42696104796897">
        <ele>12.484906162135303</ele>
        <time>2025-10-04T02:28:35Z</time>
        <extensions>
          <gpxtpx:TrackPointExtension>
            <gpxtpx:hr>96</gpxtpx:hr>
          </gpxtpx:TrackPointExtension>
        </extensions>
      </trkpt>
      <trkpt lat="32.38537091864457" lon="119.42693825334996">
        <ele>12.457405512221158</ele>
        <time>2025-10-04T02:28:36Z</time>
        <extensions>
          <gpxtpx:TrackPointExtension>
            <gpxtpx:hr>96</gpxtpx:hr>
          </gpxtpx:TrackPointExtension>
        </extensions>
      </trkpt>
      <trkpt lat="32.385346640592225" lon="119.42691565449124">
        <ele>12.430503436364233</ele>
        <time>2025-10-04T02:28:37Z</time>
        <extensions>
          <gpxtpx:TrackPointExtension>
            <gpxtpx:hr>96</gpxtpx:hr>
          </gpxtpx:TrackPointExtension>
        </extensions>
      </trkpt>
      <trkpt lat="32.385321943704646" lon="119.42689325616945">
        <ele>12.405596450902522</ele>
        <time>2025-10-04T02:28:38Z</time>
        <extensions>
          <gpxtpx:TrackPointExtension>
            <gpxtpx:hr>96</gpxtpx:hr>
          </gpxtpx:TrackPointExtension>
        </extensions>
      </trkpt>
      <trkpt lat="32.385296804376146" lon="119.42687102472345">
        <ele>12.38137284014374</ele>
        <time>2025-10-04T02:28:39Z</time>
        <extensions>
          <gpxtpx:TrackPointExtension>
            <gpxtpx:hr>96</gpxtpx:hr>
          </gpxtpx:TrackPointExtension>
        </extensions>
      </trkpt>
      <trkpt lat="32.38527117696599" lon="119.4268488893744">
        <ele>12.357752975076437</ele>
        <time>2025-10-04T02:28:40Z</time>
        <extensions>
          <gpxtpx:TrackPointExtension>
            <gpxtpx:hr>96</gpxtpx:hr>
          </gpxtpx:TrackPointExtension>
        </extensions>
      </trkpt>
      <trkpt lat="32.38524525851164" lon="119.42682657403871">
        <ele>12.334329884499311</ele>
        <time>2025-10-04T02:28:41Z</time>
        <extensions>
          <gpxtpx:TrackPointExtension>
            <gpxtpx:hr>90</gpxtpx:hr>
          </gpxtpx:TrackPointExtension>
        </extensions>
      </trkpt>
      <trkpt lat="32.38521894761208" lon="119.42680399082765">
        <ele>12.311526324599981</ele>
        <time>2025-10-04T02:28:42Z</time>
        <extensions>
          <gpxtpx:TrackPointExtension>
            <gpxtpx:hr>90</gpxtpx:hr>
          </gpxtpx:TrackPointExtension>
        </extensions>
      </trkpt>
      <trkpt lat="32.38519214482284" lon="119.42678099655562">
        <ele>12.28942275699228</ele>
        <time>2025-10-04T02:28:43Z</time>
        <extensions>
          <gpxtpx:TrackPointExtension>
            <gpxtpx:hr>90</gpxtpx:hr>
          </gpxtpx:TrackPointExtension>
        </extensions>
      </trkpt>
      <trkpt lat="32.38516477762593" lon="119.42675746154093">
        <ele>12.267806116491556</ele>
        <time>2025-10-04T02:28:44Z</time>
        <extensions>
          <gpxtpx:TrackPointExtension>
            <gpxtpx:hr>90</gpxtpx:hr>
          </gpxtpx:TrackPointExtension>
        </extensions>
      </trkpt>
      <trkpt lat="32.385136891315334" lon="119.426733698556">
        <ele>12.246917556039989</ele>
        <time>2025-10-04T02:28:45Z</time>
        <extensions>
          <gpxtpx:TrackPointExtension>
            <gpxtpx:hr>90</gpxtpx:hr>
          </gpxtpx:TrackPointExtension>
        </extensions>
      </trkpt>
      <trkpt lat="32.38510860810204" lon="119.42670986916784">
        <ele>12.227007251232862</ele>
        <time>2025-10-04T02:28:46Z</time>
        <extensions>
          <gpxtpx:TrackPointExtension>
            <gpxtpx:hr>90</gpxtpx:hr>
          </gpxtpx:TrackPointExtension>
        </extensions>
      </trkpt>
      <trkpt lat="32.38507987886357" lon="119.42668628053316">
        <ele>12.208454305306077</ele>
        <time>2025-10-04T02:28:47Z</time>
        <extensions>
          <gpxtpx:TrackPointExtension>
            <gpxtpx:hr>92</gpxtpx:hr>
          </gpxtpx:TrackPointExtension>
        </extensions>
      </trkpt>
      <trkpt lat="32.385050940513764" lon="119.42666285950365">
        <ele>12.190685315057635</ele>
        <time>2025-10-04T02:28:48Z</time>
        <extensions>
          <gpxtpx:TrackPointExtension>
            <gpxtpx:hr>92</gpxtpx:hr>
          </gpxtpx:TrackPointExtension>
        </extensions>
      </trkpt>
      <trkpt lat="32.38502175623456" lon="119.42663964184787">
        <ele>12.17273624241352</ele>
        <time>2025-10-04T02:28:49Z</time>
        <extensions>
          <gpxtpx:TrackPointExtension>
            <gpxtpx:hr>92</gpxtpx:hr>
          </gpxtpx:TrackPointExtension>
        </extensions>
      </trkpt>
      <trkpt lat="32.384991952046136" lon="119.42661692438047">
        <ele>12.154057485051453</ele>
        <time>2025-10-04T02:28:50Z</time>
        <extensions>
          <gpxtpx:TrackPointExtension>
            <gpxtpx:hr>92</gpxtpx:hr>
          </gpxtpx:TrackPointExtension>
        </extensions>
      </trkpt>
      <trkpt lat="32.384961674023444" lon="119.4265941911842">
        <ele>12.137390980497003</ele>
        <time>2025-10-04T02:28:51Z</time>
        <extensions>
          <gpxtpx:TrackPointExtension>
            <gpxtpx:hr>95</gpxtpx:hr>
          </gpxtpx:TrackPointExtension>
        </extensions>
      </trkpt>
      <trkpt lat="32.38493069045848" lon="119.42657124174929">
        <ele>12.122733348980546</ele>
        <time>2025-10-04T02:28:52Z</time>
        <extensions>
          <gpxtpx:TrackPointExtension>
            <gpxtpx:hr>95</gpxtpx:hr>
          </gpxtpx:TrackPointExtension>
        </extensions>
      </trkpt>
      <trkpt lat="32.38489902107527" lon="119.42654803376568">
        <ele>12.10959270875901</ele>
        <time>2025-10-04T02:28:53Z</time>
        <extensions>
          <gpxtpx:TrackPointExtension>
            <gpxtpx:hr>95</gpxtpx:hr>
          </gpxtpx:TrackPointExtension>
        </extensions>
      </trkpt>
      <trkpt lat="32.38486628069098" lon="119.42652435619334">
        <ele>12.097679757513106</ele>
        <time>2025-10-04T02:28:54Z</time>
        <extensions>
          <gpxtpx:TrackPointExtension>
            <gpxtpx:hr>95</gpxtpx:hr>
          </gpxtpx:TrackPointExtension>
        </extensions>
      </trkpt>
      <trkpt lat="32.38483239496339" lon="119.42650002242857">
        <ele>12.086793650873005</ele>
        <time>2025-10-04T02:28:55Z</time>
        <extensions>
          <gpxtpx:TrackPointExtension>
            <gpxtpx:hr>95</gpxtpx:hr>
          </gpxtpx:TrackPointExtension>
        </extensions>
      </trkpt>
      <trkpt lat="32.38479730515822" lon="119.4264753020979">
        <ele>12.077010871842504</ele>
        <time>2025-10-04T02:28:56Z</time>
        <extensions>
          <gpxtpx:TrackPointExtension>
            <gpxtpx:hr>92</gpxtpx:hr>
          </gpxtpx:TrackPointExtension>
        </extensions>
      </trkpt>
      <trkpt lat="32.38476087938016" lon="119.42645030808117">
        <ele>12.067658827640116</ele>
        <time>2025-10-04T02:28:57Z</time>
        <extensions>
          <gpxtpx:TrackPointExtension>
            <gpxtpx:hr>92</gpxtpx:hr>
          </gpxtpx:TrackPointExtension>
        </extensions>
      </trkpt>
      <trkpt lat="32.38472328117428" lon="119.42642517575638">
        <ele>12.058653024956584</ele>
        <time>2025-10-04T02:28:58Z</time>
        <extensions>
          <gpxtpx:TrackPointExtension>
            <gpxtpx:hr>92</gpxtpx:hr>
          </gpxtpx:TrackPointExtension>
        </extensions>
      </trkpt>
      <trkpt lat="32.38468469130758" lon="119.42639990523391">
        <ele>12.050283041782677</ele>
        <time>2025-10-04T02:28:59Z</time>
        <extensions>
          <gpxtpx:TrackPointExtension>
            <gpxtpx:hr>92</gpxtpx:hr>
          </gpxtpx:TrackPointExtension>
        </extensions>
      </trkpt>
      <trkpt lat="32.38464513270359" lon="119.42637455558132">
        <ele>12.041909425519407</ele>
        <time>2025-10-04T02:29:00Z</time>
        <extensions>
          <gpxtpx:TrackPointExtension>
            <gpxtpx:hr>92</gpxtpx:hr>
          </gpxtpx:TrackPointExtension>
        </extensions>
      </trkpt>
      <trkpt lat="32.38460461792524" lon="119.42634908728618">
        <ele>12.032654256559908</ele>
        <time>2025-10-04T02:29:01Z</time>
        <extensions>
          <gpxtpx:TrackPointExtension>
            <gpxtpx:hr>92</gpxtpx:hr>
          </gpxtpx:TrackPointExtension>
        </extensions>
      </trkpt>
      <trkpt lat="32.38456306728406" lon="119.42632405547609">
        <ele>12.02222415432334</ele>
        <time>2025-10-04T02:29:02Z</time>
        <extensions>
          <gpxtpx:TrackPointExtension>
            <gpxtpx:hr>91</gpxtpx:hr>
          </gpxtpx:TrackPointExtension>
        </extensions>
      </trkpt>
      <trkpt lat="32.38452050354701" lon="119.4262993653097">
        <ele>12.011228560470045</ele>
        <time>2025-10-04T02:29:03Z</time>
        <extensions>
          <gpxtpx:TrackPointExtension>
            <gpxtpx:hr>91</gpxtpx:hr>
          </gpxtpx:TrackPointExtension>
        </extensions>
      </trkpt>
      <trkpt lat="32.384477072085" lon="119.42627472250945">
        <ele>11.999120524153113</ele>
        <time>2025-10-04T02:29:04Z</time>
        <extensions>
          <gpxtpx:TrackPointExtension>
            <gpxtpx:hr>91</gpxtpx:hr>
          </gpxtpx:TrackPointExtension>
        </extensions>
      </trkpt>
      <trkpt lat="32.38443296457413" lon="119.4262496228538">
        <ele>11.985707971267402</ele>
        <time>2025-10-04T02:29:05Z</time>
        <extensions>
          <gpxtpx:TrackPointExtension>
            <gpxtpx:hr>91</gpxtpx:hr>
          </gpxtpx:TrackPointExtension>
        </extensions>
      </trkpt>
      <trkpt lat="32.384388397750136" lon="119.42622370700389">
        <ele>11.96900872234255</ele>
        <time>2025-10-04T02:29:06Z</time>
        <extensions>
          <gpxtpx:TrackPointExtension>
            <gpxtpx:hr>91</gpxtpx:hr>
          </gpxtpx:TrackPointExtension>
        </extensions>
      </trkpt>
      <trkpt lat="32.38434336597105" lon="119.4261971829979">
        <ele>11.950530551373959</ele>
        <time>2025-10-04T02:29:07Z</time>
        <extensions>
          <gpxtpx:TrackPointExtension>
            <gpxtpx:hr>89</gpxtpx:hr>
          </gpxtpx:TrackPointExtension>
        </extensions>
      </trkpt>
      <trkpt lat="32.384297882592094" lon="119.42617017803224">
        <ele>11.929716052487493</ele>
        <time>2025-10-04T02:29:08Z</time>
        <extensions>
          <gpxtpx:TrackPointExtension>
            <gpxtpx:hr>89</gpxtpx:hr>
          </gpxtpx:TrackPointExtension>
        </extensions>
      </trkpt>
      <trkpt lat="32.3842519683593" lon="119.42614302651168">
        <ele>11.907379581592977</ele>
        <time>2025-10-04T02:29:09Z</time>
        <extensions>
          <gpxtpx:TrackPointExtension>
            <gpxtpx:hr>89</gpxtpx:hr>
          </gpxtpx:TrackPointExtension>
        </extensions>
      </trkpt>
      <trkpt lat="32.38420578660154" lon="119.42611581956663">
        <ele>11.883387162350118</ele>
        <time>2025-10-04T02:29:10Z</time>
        <extensions>
          <gpxtpx:TrackPointExtension>
            <gpxtpx:hr>89</gpxtpx:hr>
          </gpxtpx:TrackPointExtension>
        </extensions>
      </trkpt>
      <trkpt lat="32.38415946520792" lon="119.42608852879367">
        <ele>11.857986365444958</ele>
        <time>2025-10-04T02:29:11Z</time>
        <extensions>
          <gpxtpx:TrackPointExtension>
            <gpxtpx:hr>90</gpxtpx:hr>
          </gpxtpx:TrackPointExtension>
        </extensions>
      </trkpt>
      <trkpt lat="32.38411320085616" lon="119.42606129779668">
        <ele>11.832060148008168</ele>
        <time>2025-10-04T02:29:12Z</time>
        <extensions>
          <gpxtpx:TrackPointExtension>
            <gpxtpx:hr>90</gpxtpx:hr>
          </gpxtpx:TrackPointExtension>
        </extensions>
      </trkpt>
      <trkpt lat="32.384067165326385" lon="119.42603417517579">
        <ele>11.805942390114069</ele>
        <time>2025-10-04T02:29:13Z</time>
        <extensions>
          <gpxtpx:TrackPointExtension>
            <gpxtpx:hr>90</gpxtpx:hr>
          </gpxtpx:TrackPointExtension>
        </extensions>
      </trkpt>
      <trkpt lat="32.384021501761126" lon="119.42600728078354">
        <ele>11.780379840172827</ele>
        <time>2025-10-04T02:29:14Z</time>
        <extensions>
          <gpxtpx:TrackPointExtension>
            <gpxtpx:hr>90</gpxtpx:hr>
          </gpxtpx:TrackPointExtension>
        </extensions>
      </trkpt>
      <trkpt lat="32.383976373800806" lon="119.42598068095353">
        <ele>11.756126995198429</ele>
        <time>2025-10-04T02:29:15Z</time>
        <extensions>
          <gpxtpx:TrackPointExtension>
            <gpxtpx:hr>90</gpxtpx:hr>
          </gpxtpx:TrackPointExtension>
        </extensions>
      </trkpt>
      <trkpt lat="32.38393185241652" lon="119.4259543406141">
        <ele>11.733541700989008</ele>
        <time>2025-10-04T02:29:16Z</time>
        <extensions>
          <gpxtpx:TrackPointExtension>
            <gpxtpx:hr>93</gpxtpx:hr>
          </gpxtpx:TrackPointExtension>
        </extensions>
      </trkpt>
      <trkpt lat="32.38388792662885" lon="119.42592823687333">
        <ele>11.712294667959213</ele>
        <time>2025-10-04T02:29:17Z</time>
        <extensions>
          <gpxtpx:TrackPointExtension>
            <gpxtpx:hr>93</gpxtpx:hr>
          </gpxtpx:TrackPointExtension>
        </extensions>
      </trkpt>
      <trkpt lat="32.383844560093706" lon="119.42590232180754">
        <ele>11.692547987215221</ele>
        <time>2025-10-04T02:29:18Z</time>
        <extensions>
          <gpxtpx:TrackPointExtension>
            <gpxtpx:hr>93</gpxtpx:hr>
          </gpxtpx:TrackPointExtension>
        </extensions>
      </trkpt>
      <trkpt lat="32.38380172941357" lon="119.42587665533364">
        <ele>11.674612670205534</ele>
        <time>2025-10-04T02:29:19Z</time>
        <extensions>
          <gpxtpx:TrackPointExtension>
            <gpxtpx:hr>93</gpxtpx:hr>
          </gpxtpx:TrackPointExtension>
        </extensions>
      </trkpt>
      <trkpt lat="32.38375934652021" lon="119.42585110559202">
        <ele>11.659180487506092</ele>
        <time>2025-10-04T02:29:20Z</time>
        <extensions>
          <gpxtpx:TrackPointExtension>
            <gpxtpx:hr>93</gpxtpx:hr>
          </gpxtpx:TrackPointExtension>
        </extensions>
      </trkpt>
      <trkpt lat="32.38371750667293" lon="119.42582582774294">
        <ele>11.646326676942408</ele>
        <time>2025-10-04T02:29:21Z</time>
        <extensions>
          <gpxtpx:TrackPointExtension>
            <gpxtpx:hr>93</gpxtpx:hr>
          </gpxtpx:TrackPointExtension>
        </extensions>
      </trkpt>
      <trkpt lat="32.38367635511013" lon="119.4258008918214">
        <ele>11.636073496192694</ele>
        <time>2025-10-04T02:29:22Z</time>
        <extensions>
          <gpxtpx:TrackPointExtension>
            <gpxtpx:hr>89</gpxtpx:hr>
          </gpxtpx:TrackPointExtension>
        </extensions>
      </trkpt>
      <trkpt lat="32.38363603309129" lon="119.42577637716946">
        <ele>11.628385578282177</ele>
        <time>2025-10-04T02:29:23Z</time>
        <extensions>
          <gpxtpx:TrackPointExtension>
            <gpxtpx:hr>89</gpxtpx:hr>
          </gpxtpx:TrackPointExtension>
        </extensions>
      </trkpt>
      <trkpt lat="32.38359669734055" lon="119.42575232663083">
        <ele>11.623458648100495</ele>
        <time>2025-10-04T02:29:24Z</time>
        <extensions>
          <gpxtpx:TrackPointExtension>
            <gpxtpx:hr>89</gpxtpx:hr>
          </gpxtpx:TrackPointExtension>
        </extensions>
      </trkpt>
      <trkpt lat="32.38355844012117" lon="119.42572879019882">
        <ele>11.621564839966595</ele>
        <time>2025-10-04T02:29:25Z</time>
        <extensions>
          <gpxtpx:TrackPointExtension>
            <gpxtpx:hr>89</gpxtpx:hr>
          </gpxtpx:TrackPointExtension>
        </extensions>
      </trkpt>
      <trkpt lat="32.38352136927986" lon="119.42570578735737">
        <ele>11.623361174948514</ele>
        <time>2025-10-04T02:29:26Z</time>
        <extensions>
          <gpxtpx:TrackPointExtension>
            <gpxtpx:hr>89</gpxtpx:hr>
          </gpxtpx:TrackPointExtension>
        </extensions>
      </trkpt>
      <trkpt lat="32.38348551867366" lon="119.4256833629554">
        <ele>11.628118515014648</ele>
        <time>2025-10-04T02:29:27Z</time>
        <extensions>
          <gpxtpx:TrackPointExtension>
            <gpxtpx:hr>89</gpxtpx:hr>
          </gpxtpx:TrackPointExtension>
        </extensions>
      </trkpt>
      <trkpt lat="32.383451034685436" lon="119.4256614727378">
        <ele>11.636396989226341</ele>
        <time>2025-10-04T02:29:28Z</time>
        <extensions>
          <gpxtpx:TrackPointExtension>
            <gpxtpx:hr>93</gpxtpx:hr>
          </gpxtpx:TrackPointExtension>
        </extensions>
      </trkpt>
      <trkpt lat="32.38341793590602" lon="119.42564021125963">
        <ele>11.647702850401402</ele>
        <time>2025-10-04T02:29:29Z</time>
        <extensions>
          <gpxtpx:TrackPointExtension>
            <gpxtpx:hr>93</gpxtpx:hr>
          </gpxtpx:TrackPointExtension>
        </extensions>
      </trkpt>
      <trkpt lat="32.38338632124124" lon="119.42561948310555">
        <ele>11.662202403880656</ele>
        <time>2025-10-04T02:29:30Z</time>
        <extensions>
          <gpxtpx:TrackPointExtension>
            <gpxtpx:hr>93</gpxtpx:hr>
          </gpxtpx:TrackPointExtension>
        </extensions>
      </trkpt>
      <trkpt lat="32.38335617226886" lon="119.42559934580137">
        <ele>11.679815857671201</ele>
        <time>2025-10-04T02:29:31Z</time>
        <extensions>
          <gpxtpx:TrackPointExtension>
            <gpxtpx:hr>93</gpxtpx:hr>
          </gpxtpx:TrackPointExtension>
        </extensions>
      </trkpt>
      <trkpt lat="32.3833274816292" lon="119.42557994070738">
        <ele>11.70031710062176</ele>
        <time>2025-10-04T02:29:32Z</time>
        <extensions>
          <gpxtpx:TrackPointExtension>
            <gpxtpx:hr>93</gpxtpx:hr>
          </gpxtpx:TrackPointExtension>
        </extensions>
      </trkpt>
      <trkpt lat="32.383300295740696" lon="119.42556129624143">
        <ele>11.723799344152212</ele>
        <time>2025-10-04T02:29:33Z</time>
        <extensions>
          <gpxtpx:TrackPointExtension>
            <gpxtpx:hr>91</gpxtpx:hr>
          </gpxtpx:TrackPointExtension>
        </extensions>
      </trkpt>
      <trkpt lat="32.383274747240364" lon="119.42554331062497">
        <ele>11.750310402363539</ele>
        <time>2025-10-04T02:29:34Z</time>
        <extensions>
          <gpxtpx:TrackPointExtension>
            <gpxtpx:hr>91</gpxtpx:hr>
          </gpxtpx:TrackPointExtension>
        </extensions>
      </trkpt>
      <trkpt lat="32.38325089463391" lon="119.42552575391122">
        <ele>11.778637799434364</ele>
        <time>2025-10-04T02:29:35Z</time>
        <extensions>
          <gpxtpx:TrackPointExtension>
            <gpxtpx:hr>91</gpxtpx:hr>
          </gpxtpx:TrackPointExtension>
        </extensions>
      </trkpt>
      <trkpt lat="32.383228567963194" lon="119.42550841501912">
        <ele>11.808744209818542</ele>
        <time>2025-10-04T02:29:36Z</time>
        <extensions>
          <gpxtpx:TrackPointExtension>
            <gpxtpx:hr>91</gpxtpx:hr>
          </gpxtpx:TrackPointExtension>
        </extensions>
      </trkpt>
      <trkpt lat="32.38320758173332" lon="119.4254911699468">
        <ele>11.84015488717705</ele>
        <time>2025-10-04T02:29:37Z</time>
        <extensions>
          <gpxtpx:TrackPointExtension>
            <gpxtpx:hr>91</gpxtpx:hr>
          </gpxtpx:TrackPointExtension>
        </extensions>
      </trkpt>
      <trkpt lat="32.38318774352254" lon="119.42547388145367">
        <ele>11.872454959899187</ele>
        <time>2025-10-04T02:29:38Z</time>
        <extensions>
          <gpxtpx:TrackPointExtension>
            <gpxtpx:hr>91</gpxtpx:hr>
          </gpxtpx:TrackPointExtension>
        </extensions>
      </trkpt>
      <trkpt lat="32.383168919066094" lon="119.42545647234718">
        <ele>11.904831037856638</ele>
        <time>2025-10-04T02:29:39Z</time>
        <extensions>
          <gpxtpx:TrackPointExtension>
            <gpxtpx:hr>91</gpxtpx:hr>
          </gpxtpx:TrackPointExtension>
        </extensions>
      </trkpt>
      <trkpt lat="32.38315090164488" lon="119.42543893487287">
        <ele>11.936662142165005</ele>
        <time>2025-10-04T02:29:40Z</time>
        <extensions>
          <gpxtpx:TrackPointExtension>
            <gpxtpx:hr>92</gpxtpx:hr>
          </gpxtpx:TrackPointExtension>
        </extensions>
      </trkpt>
      <trkpt lat="32.38313337822033" lon="119.4254212825093">
        <ele>11.967137825675309</ele>
        <time>2025-10-04T02:29:41Z</time>
        <extensions>
          <gpxtpx:TrackPointExtension>
            <gpxtpx:hr>92</gpxtpx:hr>
          </gpxtpx:TrackPointExtension>
        </extensions>
      </trkpt>
      <trkpt lat="32.38311590924363" lon="119.42540366838453">
        <ele>11.99582816939801</ele>
        <time>2025-10-04T02:29:42Z</time>
        <extensions>
          <gpxtpx:TrackPointExtension>
            <gpxtpx:hr>92</gpxtpx:hr>
          </gpxtpx:TrackPointExtension>
        </extensions>
      </trkpt>
      <trkpt lat="32.383098013755706" lon="119.425386145647">
        <ele>12.022339363582432</ele>
        <time>2025-10-04T02:29:43Z</time>
        <extensions>
          <gpxtpx:TrackPointExtension>
            <gpxtpx:hr>92</gpxtpx:hr>
          </gpxtpx:TrackPointExtension>
        </extensions>
      </trkpt>
      <trkpt lat="32.383079251603434" lon="119.42536866859749">
        <ele>12.046253147535026</ele>
        <time>2025-10-04T02:29:44Z</time>
        <extensions>
          <gpxtpx:TrackPointExtension>
            <gpxtpx:hr>92</gpxtpx:hr>
          </gpxtpx:TrackPointExtension>
        </extensions>
      </trkpt>
      <trkpt lat="32.38305930087006" lon="119.42535126082055">
        <ele>12.067754469811916</ele>
        <time>2025-10-04T02:29:45Z</time>
        <extensions>
          <gpxtpx:TrackPointExtension>
            <gpxtpx:hr>92</gpxtpx:hr>
          </gpxtpx:TrackPointExtension>
        </extensions>
      </trkpt>
      <trkpt lat="32.38303779148431" lon="119.42533383079653">
        <ele>12.086532636545599</ele>
        <time>2025-10-04T02:29:46Z</time>
        <extensions>
          <gpxtpx:TrackPointExtension>
            <gpxtpx:hr>92</gpxtpx:hr>
          </gpxtpx:TrackPointExtension>
        </extensions>
      </trkpt>
      <trkpt lat="32.38301450434694" lon="119.42531625634972">
        <ele>12.102756410837173</ele>
        <time>2025-10-04T02:29:47Z</time>
        <extensions>
          <gpxtpx:TrackPointExtension>
            <gpxtpx:hr>88</gpxtpx:hr>
          </gpxtpx:TrackPointExtension>
        </extensions>
      </trkpt>
      <trkpt lat="32.38298920078548" lon="119.4252984696298">
        <ele>12.116479402408004</ele>
        <time>2025-10-04T02:29:48Z</time>
        <extensions>
          <gpxtpx:TrackPointExtension>
            <gpxtpx:hr>88</gpxtpx:hr>
          </gpxtpx:TrackPointExtension>
        </extensions>
      </trkpt>
      <trkpt lat="32.382961430223844" lon="119.42528056279806">
        <ele>12.12745289131999</ele>
        <time>2025-10-04T02:29:49Z</time>
        <extensions>
          <gpxtpx:TrackPointExtension>
            <gpxtpx:hr>88</gpxtpx:hr>
          </gpxtpx:TrackPointExtension>
        </extensions>
      </trkpt>
      <trkpt lat="32.3829309795022" lon="119.42526285716232">
        <ele>12.136103506200016</ele>
        <time>2025-10-04T02:29:50Z</time>
        <extensions>
          <gpxtpx:TrackPointExtension>
            <gpxtpx:hr>89</gpxtpx:hr>
          </gpxtpx:TrackPointExtension>
        </extensions>
      </trkpt>
      <trkpt lat="32.382897807663916" lon="119.42524565343417">
        <ele>12.142382047139108</ele>
        <time>2025-10-04T02:29:51Z</time>
        <extensions>
          <gpxtpx:TrackPointExtension>
            <gpxtpx:hr>89</gpxtpx:hr>
          </gpxtpx:TrackPointExtension>
        </extensions>
      </trkpt>
      <trkpt lat="32.38286202717739" lon="119.42522919264114">
        <ele>12.146571309305727</ele>
        <time>2025-10-04T02:29:52Z</time>
        <extensions>
          <gpxtpx:TrackPointExtension>
            <gpxtpx:hr>89</gpxtpx:hr>
          </gpxtpx:TrackPointExtension>
        </extensions>
      </trkpt>
      <trkpt lat="32.3828238089196" lon="119.4252134346309">
        <ele>12.148568577133119</ele>
        <time>2025-10-04T02:29:53Z</time>
        <extensions>
          <gpxtpx:TrackPointExtension>
            <gpxtpx:hr>89</gpxtpx:hr>
          </gpxtpx:TrackPointExtension>
        </extensions>
      </trkpt>
      <trkpt lat="32.38278324387294" lon="119.42519857815239">
        <ele>12.148802082054317</ele>
        <time>2025-10-04T02:29:54Z</time>
        <extensions>
          <gpxtpx:TrackPointExtension>
            <gpxtpx:hr>89</gpxtpx:hr>
          </gpxtpx:TrackPointExtension>
        </extensions>
      </trkpt>
      <trkpt lat="32.382740506880104" lon="119.42518474023065">
        <ele>12.14744548778981</ele>
        <time>2025-10-04T02:29:55Z</time>
        <extensions>
          <gpxtpx:TrackPointExtension>
            <gpxtpx:hr>83</gpxtpx:hr>
          </gpxtpx:TrackPointExtension>
        </extensions>
      </trkpt>
      <trkpt lat="32.38269578317804" lon="119.4251720137069">
        <ele>12.144803581759334</ele>
        <time>2025-10-04T02:29:56Z</time>
        <extensions>
          <gpxtpx:TrackPointExtension>
            <gpxtpx:hr>83</gpxtpx:hr>
          </gpxtpx:TrackPointExtension>
        </extensions>
      </trkpt>
      <trkpt lat="32.382649219327014" lon="119.42516042081569">
        <ele>12.141325240954757</ele>
        <time>2025-10-04T02:29:57Z</time>
        <extensions>
          <gpxtpx:TrackPointExtension>
            <gpxtpx:hr>83</gpxtpx:hr>
          </gpxtpx:TrackPointExtension>
        </extensions>
      </trkpt>
      <trkpt lat="32.38260098745151" lon="119.42514986318439">
        <ele>12.136901927180588</ele>
        <time>2025-10-04T02:29:58Z</time>
        <extensions>
          <gpxtpx:TrackPointExtension>
            <gpxtpx:hr>83</gpxtpx:hr>
          </gpxtpx:TrackPointExtension>
        </extensions>
      </trkpt>
      <trkpt lat="32.382551373695996" lon="119.42514018306606">
        <ele>12.132020244374871</ele>
        <time>2025-10-04T02:29:59Z</time>
        <extensions>
          <gpxtpx:TrackPointExtension>
            <gpxtpx:hr>83</gpxtpx:hr>
          </gpxtpx:TrackPointExtension>
        </extensions>
      </trkpt>
      <trkpt lat="32.38250056733186" lon="119.4251312316857">
        <ele>12.126643874682486</ele>
        <time>2025-10-04T02:30:00Z</time>
        <extensions>
          <gpxtpx:TrackPointExtension>
            <gpxtpx:hr>83</gpxtpx:hr>
          </gpxtpx:TrackPointExtension>
        </extensions>
      </trkpt>
      <trkpt lat="32.382448679642465" lon="119.42512292934202">
        <ele>12.121237968094647</ele>
        <time>2025-10-04T02:30:01Z</time>
        <extensions>
          <gpxtpx:TrackPointExtension>
            <gpxtpx:hr>83</gpxtpx:hr>
          </gpxtpx:TrackPointExtension>
        </extensions>
      </trkpt>
      <trkpt lat="32.38239583473389" lon="119.42511517428504">
        <ele>12.115797928534448</ele>
        <time>2025-10-04T02:30:02Z</time>
        <extensions>
          <gpxtpx:TrackPointExtension>
            <gpxtpx:hr>83</gpxtpx:hr>
          </gpxtpx:TrackPointExtension>
        </extensions>
      </trkpt>
      <trkpt lat="32.38234213619049" lon="119.42510785794256">
        <ele>12.110401689074934</ele>
        <time>2025-10-04T02:30:03Z</time>
        <extensions>
          <gpxtpx:TrackPointExtension>
            <gpxtpx:hr>83</gpxtpx:hr>
          </gpxtpx:TrackPointExtension>
        </extensions>
      </trkpt>
      <trkpt lat="32.38228772150486" lon="119.42510080263165">
        <ele>12.10522148385644</ele>
        <time>2025-10-04T02:30:04Z</time>
        <extensions>
          <gpxtpx:TrackPointExtension>
            <gpxtpx:hr>83</gpxtpx:hr>
          </gpxtpx:TrackPointExtension>
        </extensions>
      </trkpt>
      <trkpt lat="32.38223273140727" lon="119.4250938788624">
        <ele>12.100299720652401</ele>
        <time>2025-10-04T02:30:05Z</time>
        <extensions>
          <gpxtpx:TrackPointExtension>
            <gpxtpx:hr>83</gpxtpx:hr>
          </gpxtpx:TrackPointExtension>
        </extensions>
      </trkpt>
      <trkpt lat="32.38217732072171" lon="119.42508700023126">
        <ele>12.095889842137694</ele>
        <time>2025-10-04T02:30:06Z</time>
        <extensions>
          <gpxtpx:TrackPointExtension>
            <gpxtpx:hr>83</gpxtpx:hr>
          </gpxtpx:TrackPointExtension>
        </extensions>
      </trkpt>
      <trkpt lat="32.382121620832855" lon="119.42508007396883">
        <ele>12.092136974446476</ele>
        <time>2025-10-04T02:30:07Z</time>
        <extensions>
          <gpxtpx:TrackPointExtension>
            <gpxtpx:hr>83</gpxtpx:hr>
          </gpxtpx:TrackPointExtension>
        </extensions>
      </trkpt>
      <trkpt lat="32.382065661950314" lon="119.42507310573185">
        <ele>12.088595934212208</ele>
        <time>2025-10-04T02:30:08Z</time>
        <extensions>
          <gpxtpx:TrackPointExtension>
            <gpxtpx:hr>83</gpxtpx:hr>
          </gpxtpx:TrackPointExtension>
        </extensions>
      </trkpt>
      <trkpt lat="32.382009632984776" lon="119.42506590650194">
        <ele>12.08554515056312</ele>
        <time>2025-10-04T02:30:09Z</time>
        <extensions>
          <gpxtpx:TrackPointExtension>
            <gpxtpx:hr>83</gpxtpx:hr>
          </gpxtpx:TrackPointExtension>
        </extensions>
      </trkpt>
      <trkpt lat="32.38195353629805" lon="119.42505843194225">
        <ele>12.082674871198833</ele>
        <time>2025-10-04T02:30:10Z</time>
        <extensions>
          <gpxtpx:TrackPointExtension>
            <gpxtpx:hr>83</gpxtpx:hr>
          </gpxtpx:TrackPointExtension>
        </extensions>
      </trkpt>
      <trkpt lat="32.38189755044671" lon="119.42505050233696">
        <ele>12.080129513517022</ele>
        <time>2025-10-04T02:30:10.900000Z</time>
        <extensions>
          <gpxtpx:TrackPointExtension>
            <gpxtpx:hr>83</gpxtpx:hr>
          </gpxtpx:TrackPointExtension>
        </extensions>
      </trkpt>
      <trkpt lat="32.38184170751448" lon="119.4250419992332">
        <ele>12.077886195853353</ele>
        <time>2025-10-04T02:30:11.900000Z</time>
        <extensions>
          <gpxtpx:TrackPointExtension>
            <gpxtpx:hr>83</gpxtpx:hr>
          </gpxtpx:TrackPointExtension>
        </extensions>
      </trkpt>
      <trkpt lat="32.381786171289065" lon="119.42503282747231">
        <ele>12.07540557347238</ele>
        <time>2025-10-04T02:30:12.900000Z</time>
        <extensions>
          <gpxtpx:TrackPointExtension>
            <gpxtpx:hr>83</gpxtpx:hr>
          </gpxtpx:TrackPointExtension>
        </extensions>
      </trkpt>
      <trkpt lat="32.38173106892218" lon="119.42502287321491">
        <ele>12.072777434252203</ele>
        <time>2025-10-04T02:30:13.900000Z</time>
        <extensions>
          <gpxtpx:TrackPointExtension>
            <gpxtpx:hr>83</gpxtpx:hr>
          </gpxtpx:TrackPointExtension>
        </extensions>
      </trkpt>
      <trkpt lat="32.3816765120699" lon="119.42501198700438">
        <ele>12.069798352196813</ele>
        <time>2025-10-04T02:30:14.900000Z</time>
        <extensions>
          <gpxtpx:TrackPointExtension>
            <gpxtpx:hr>89</gpxtpx:hr>
          </gpxtpx:TrackPointExtension>
        </extensions>
      </trkpt>
      <trkpt lat="32.381622561711644" lon="119.42500001777539">
        <ele>12.066356752067804</ele>
        <time>2025-10-04T02:30:15.900000Z</time>
        <extensions>
          <gpxtpx:TrackPointExtension>
            <gpxtpx:hr>89</gpxtpx:hr>
          </gpxtpx:TrackPointExtension>
        </extensions>
      </trkpt>
      <trkpt lat="32.38156936674796" lon="119.42498675300207">
        <ele>12.062301680445671</ele>
        <time>2025-10-04T02:30:16.900000Z</time>
        <extensions>
          <gpxtpx:TrackPointExtension>
            <gpxtpx:hr>89</gpxtpx:hr>
          </gpxtpx:TrackPointExtension>
        </extensions>
      </trkpt>
      <trkpt lat="32.38151707306545" lon="119.42497193052576">
        <ele>12.057646940462291</ele>
        <time>2025-10-04T02:30:17.900000Z</time>
        <extensions>
          <gpxtpx:TrackPointExtension>
            <gpxtpx:hr>89</gpxtpx:hr>
          </gpxtpx:TrackPointExtension>
        </extensions>
      </trkpt>
      <trkpt lat="32.381465781659806" lon="119.42495536421066">
        <ele>12.052269659936428</ele>
        <time>2025-10-04T02:30:18.900000Z</time>
        <extensions>
          <gpxtpx:TrackPointExtension>
            <gpxtpx:hr>89</gpxtpx:hr>
          </gpxtpx:TrackPointExtension>
        </extensions>
      </trkpt>
      <trkpt lat="32.38141553936784" lon="119.42493682411951">
        <ele>12.046175815165043</ele>
        <time>2025-10-04T02:30:19.900000Z</time>
        <extensions>
          <gpxtpx:TrackPointExtension>
            <gpxtpx:hr>88</gpxtpx:hr>
          </gpxtpx:TrackPointExtension>
        </extensions>
      </trkpt>
      <trkpt lat="32.38136642748433" lon="119.42491603620616">
        <ele>12.039170286618173</ele>
        <time>2025-10-04T02:30:20.900000Z</time>
        <extensions>
          <gpxtpx:TrackPointExtension>
            <gpxtpx:hr>88</gpxtpx:hr>
          </gpxtpx:TrackPointExtension>
        </extensions>
      </trkpt>
      <trkpt lat="32.381318547614825" lon="119.42489273287062">
        <ele>12.031097969040275</ele>
        <time>2025-10-04T02:30:21.900000Z</time>
        <extensions>
          <gpxtpx:TrackPointExtension>
            <gpxtpx:hr>88</gpxtpx:hr>
          </gpxtpx:TrackPointExtension>
        </extensions>
      </trkpt>
      <trkpt lat="32.38127189948532" lon="119.42486662544272">
        <ele>12.02161331102252</ele>
        <time>2025-10-04T02:30:22.900000Z</time>
        <extensions>
          <gpxtpx:TrackPointExtension>
            <gpxtpx:hr>88</gpxtpx:hr>
          </gpxtpx:TrackPointExtension>
        </extensions>
      </trkpt>
      <trkpt lat="32.381226447599694" lon="119.42483773465989">
        <ele>12.010470455512404</ele>
        <time>2025-10-04T02:30:23.900000Z</time>
        <extensions>
          <gpxtpx:TrackPointExtension>
            <gpxtpx:hr>88</gpxtpx:hr>
          </gpxtpx:TrackPointExtension>
        </extensions>
      </trkpt>
      <trkpt lat="32.38118209458986" lon="119.42480627459099">
        <ele>11.99805623665452</ele>
        <time>2025-10-04T02:30:24.900000Z</time>
        <extensions>
          <gpxtpx:TrackPointExtension>
            <gpxtpx:hr>91</gpxtpx:hr>
          </gpxtpx:TrackPointExtension>
        </extensions>
      </trkpt>
      <trkpt lat="32.38113889752088" lon="119.42477242218013">
        <ele>11.984011301770806</ele>
        <time>2025-10-04T02:30:25.900000Z</time>
        <extensions>
          <gpxtpx:TrackPointExtension>
            <gpxtpx:hr>91</gpxtpx:hr>
          </gpxtpx:TrackPointExtension>
        </extensions>
      </trkpt>
      <trkpt lat="32.381096891448514" lon="119.42473632596283">
        <ele>11.968464940786362</ele>
        <time>2025-10-04T02:30:26.900000Z</time>
        <extensions>
          <gpxtpx:TrackPointExtension>
            <gpxtpx:hr>91</gpxtpx:hr>
          </gpxtpx:TrackPointExtension>
        </extensions>
      </trkpt>
      <trkpt lat="32.381056183460416" lon="119.42469805443514">
        <ele>11.951354748569429</ele>
        <time>2025-10-04T02:30:27.900000Z</time>
        <extensions>
          <gpxtpx:TrackPointExtension>
            <gpxtpx:hr>91</gpxtpx:hr>
          </gpxtpx:TrackPointExtension>
        </extensions>
      </trkpt>
      <trkpt lat="32.381016861973954" lon="119.42465766467508">
        <ele>11.932673658244312</ele>
        <time>2025-10-04T02:30:28.900000Z</time>
        <extensions>
          <gpxtpx:TrackPointExtension>
            <gpxtpx:hr>91</gpxtpx:hr>
          </gpxtpx:TrackPointExtension>
        </extensions>
      </trkpt>
      <trkpt lat="32.380979054948" lon="119.42461514620116">
        <ele>11.912270397879183</ele>
        <time>2025-10-04T02:30:29.900000Z</time>
        <extensions>
          <gpxtpx:TrackPointExtension>
            <gpxtpx:hr>91</gpxtpx:hr>
          </gpxtpx:TrackPointExtension>
        </extensions>
      </trkpt>
      <trkpt lat="32.38094289498408" lon="119.42457046217142">
        <ele>11.890308765694499</ele>
        <time>2025-10-04T02:30:30.900000Z</time>
        <extensions>
          <gpxtpx:TrackPointExtension>
            <gpxtpx:hr>91</gpxtpx:hr>
          </gpxtpx:TrackPointExtension>
        </extensions>
      </trkpt>
      <trkpt lat="32.38090845073463" lon="119.42452362786827">
        <ele>11.866715226322412</ele>
        <time>2025-10-04T02:30:31.900000Z</time>
        <extensions>
          <gpxtpx:TrackPointExtension>
            <gpxtpx:hr>90</gpxtpx:hr>
          </gpxtpx:TrackPointExtension>
        </extensions>
      </trkpt>
      <trkpt lat="32.380875805827166" lon="119.42447464514412">
        <ele>11.84153036493808</ele>
        <time>2025-10-04T02:30:32.900000Z</time>
        <extensions>
          <gpxtpx:TrackPointExtension>
            <gpxtpx:hr>90</gpxtpx:hr>
          </gpxtpx:TrackPointExtension>
        </extensions>
      </trkpt>
      <trkpt lat="32.380845123154295" lon="119.42442358937079">
        <ele>11.814887345768511</ele>
        <time>2025-10-04T02:30:33.900000Z</time>
        <extensions>
          <gpxtpx:TrackPointExtension>
            <gpxtpx:hr>90</gpxtpx:hr>
          </gpxtpx:TrackPointExtension>
        </extensions>
      </trkpt>
      <trkpt lat="32.38081623357279" lon="119.42437063746644">
        <ele>11.786669474095106</ele>
        <time>2025-10-04T02:30:34.900000Z</time>
        <extensions>
          <gpxtpx:TrackPointExtension>
            <gpxtpx:hr>90</gpxtpx:hr>
          </gpxtpx:TrackPointExtension>
        </extensions>
      </trkpt>
      <trkpt lat="32.380789159040816" lon="119.42431594299501">
        <ele>11.757315036840737</ele>
        <time>2025-10-04T02:30:35.900000Z</time>
        <extensions>
          <gpxtpx:TrackPointExtension>
            <gpxtpx:hr>90</gpxtpx:hr>
          </gpxtpx:TrackPointExtension>
        </extensions>
      </trkpt>
      <trkpt lat="32.38076376131472" lon="119.42425970612105">
        <ele>11.726552334614098</ele>
        <time>2025-10-04T02:30:36.900000Z</time>
        <extensions>
          <gpxtpx:TrackPointExtension>
            <gpxtpx:hr>90</gpxtpx:hr>
          </gpxtpx:TrackPointExtension>
        </extensions>
      </trkpt>
      <trkpt lat="32.38073987454431" lon="119.42420214165448">
        <ele>11.694887631572783</ele>
        <time>2025-10-04T02:30:37.900000Z</time>
        <extensions>
          <gpxtpx:TrackPointExtension>
            <gpxtpx:hr>90</gpxtpx:hr>
          </gpxtpx:TrackPointExtension>
        </extensions>
      </trkpt>
      <trkpt lat="32.380717360895716" lon="119.42414339272553">
        <ele>11.662358240224421</ele>
        <time>2025-10-04T02:30:38.900000Z</time>
        <extensions>
          <gpxtpx:TrackPointExtension>
            <gpxtpx:hr>91</gpxtpx:hr>
          </gpxtpx:TrackPointExtension>
        </extensions>
      </trkpt>
      <trkpt lat="32.38069602783348" lon="119.42408352185677">
        <ele>11.628913545049727</ele>
        <time>2025-10-04T02:30:39.900000Z</time>
        <extensions>
          <gpxtpx:TrackPointExtension>
            <gpxtpx:hr>91</gpxtpx:hr>
          </gpxtpx:TrackPointExtension>
        </extensions>
      </trkpt>
      <trkpt lat="32.38067555542524" lon="119.4240225863043">
        <ele>11.595189289189875</ele>
        <time>2025-10-04T02:30:40.900000Z</time>
        <extensions>
          <gpxtpx:TrackPointExtension>
            <gpxtpx:hr>91</gpxtpx:hr>
          </gpxtpx:TrackPointExtension>
        </extensions>
      </trkpt>
      <trkpt lat="32.3806557747135" lon="119.42396059841238">
        <ele>11.561165429651737</ele>
        <time>2025-10-04T02:30:41.900000Z</time>
        <extensions>
          <gpxtpx:TrackPointExtension>
            <gpxtpx:hr>91</gpxtpx:hr>
          </gpxtpx:TrackPointExtension>
        </extensions>
      </trkpt>
      <trkpt lat="32.38063653179406" lon="119.42389765858958">
        <ele>11.527171393856406</ele>
        <time>2025-10-04T02:30:42.900000Z</time>
        <extensions>
          <gpxtpx:TrackPointExtension>
            <gpxtpx:hr>91</gpxtpx:hr>
          </gpxtpx:TrackPointExtension>
        </extensions>
      </trkpt>
      <trkpt lat="32.3806177746782" lon="119.42383380770276">
        <ele>11.493216467089951</ele>
        <time>2025-10-04T02:30:43.900000Z</time>
        <extensions>
          <gpxtpx:TrackPointExtension>
            <gpxtpx:hr>91</gpxtpx:hr>
          </gpxtpx:TrackPointExtension>
        </extensions>
      </trkpt>
      <trkpt lat="32.38059948388972" lon="119.42376916845099">
        <ele>11.459558709524572</ele>
        <time>2025-10-04T02:30:44.900000Z</time>
        <extensions>
          <gpxtpx:TrackPointExtension>
            <gpxtpx:hr>91</gpxtpx:hr>
          </gpxtpx:TrackPointExtension>
        </extensions>
      </trkpt>
      <trkpt lat="32.380581595809595" lon="119.4237038071275">
        <ele>11.426389230415225</ele>
        <time>2025-10-04T02:30:45.900000Z</time>
        <extensions>
          <gpxtpx:TrackPointExtension>
            <gpxtpx:hr>91</gpxtpx:hr>
          </gpxtpx:TrackPointExtension>
        </extensions>
      </trkpt>
      <trkpt lat="32.38056418923641" lon="119.42363782173108">
        <ele>11.394021001644433</ele>
        <time>2025-10-04T02:30:46.900000Z</time>
        <extensions>
          <gpxtpx:TrackPointExtension>
            <gpxtpx:hr>91</gpxtpx:hr>
          </gpxtpx:TrackPointExtension>
        </extensions>
      </trkpt>
      <trkpt lat="32.38054721119278" lon="119.42357142360882">
        <ele>11.362323549576104</ele>
        <time>2025-10-04T02:30:47.900000Z</time>
        <extensions>
          <gpxtpx:TrackPointExtension>
            <gpxtpx:hr>91</gpxtpx:hr>
          </gpxtpx:TrackPointExtension>
        </extensions>
      </trkpt>
      <trkpt lat="32.38053059678428" lon="119.42350469454361">
        <ele>11.331689462065697</ele>
        <time>2025-10-04T02:30:48.900000Z</time>
        <extensions>
          <gpxtpx:TrackPointExtension>
            <gpxtpx:hr>91</gpxtpx:hr>
          </gpxtpx:TrackPointExtension>
        </extensions>
      </trkpt>
      <trkpt lat="32.380514218815755" lon="119.42343768494446">
        <ele>11.301777072250843</ele>
        <time>2025-10-04T02:30:49.900000Z</time>
        <extensions>
          <gpxtpx:TrackPointExtension>
            <gpxtpx:hr>91</gpxtpx:hr>
          </gpxtpx:TrackPointExtension>
        </extensions>
      </trkpt>
      <trkpt lat="32.38049805239736" lon="119.42337040409582">
        <ele>11.272875183261931</ele>
        <time>2025-10-04T02:30:50.900000Z</time>
        <extensions>
          <gpxtpx:TrackPointExtension>
            <gpxtpx:hr>91</gpxtpx:hr>
          </gpxtpx:TrackPointExtension>
        </extensions>
      </trkpt>
      <trkpt lat="32.3804820785882" lon="119.42330288395576">
        <ele>11.245292376726866</ele>
        <time>2025-10-04T02:30:51.900000Z</time>
        <extensions>
          <gpxtpx:TrackPointExtension>
            <gpxtpx:hr>91</gpxtpx:hr>
          </gpxtpx:TrackPointExtension>
        </extensions>
      </trkpt>
      <trkpt lat="32.380466364530925" lon="119.42323511999184">
        <ele>11.218905305489898</ele>
        <time>2025-10-04T02:30:52.900000Z</time>
        <extensions>
          <gpxtpx:TrackPointExtension>
            <gpxtpx:hr>91</gpxtpx:hr>
          </gpxtpx:TrackPointExtension>
        </extensions>
      </trkpt>
      <trkpt lat="32.38045093485785" lon="119.42316715099703">
        <ele>11.193730489350855</ele>
        <time>2025-10-04T02:30:53.900000Z</time>
        <extensions>
          <gpxtpx:TrackPointExtension>
            <gpxtpx:hr>91</gpxtpx:hr>
          </gpxtpx:TrackPointExtension>
        </extensions>
      </trkpt>
      <trkpt lat="32.380435736708655" lon="119.42309905909563">
        <ele>11.169834611006081</ele>
        <time>2025-10-04T02:30:54.900000Z</time>
        <extensions>
          <gpxtpx:TrackPointExtension>
            <gpxtpx:hr>92</gpxtpx:hr>
          </gpxtpx:TrackPointExtension>
        </extensions>
      </trkpt>
      <trkpt lat="32.380420713578125" lon="119.4230308511261">
        <ele>11.147299457341433</ele>
        <time>2025-10-04T02:30:55.900000Z</time>
        <extensions>
          <gpxtpx:TrackPointExtension>
            <gpxtpx:hr>92</gpxtpx:hr>
          </gpxtpx:TrackPointExtension>
        </extensions>
      </trkpt>
      <trkpt lat="32.380405694200746" lon="119.42296265489288">
        <ele>11.126290732063353</ele>
        <time>2025-10-04T02:30:56.900000Z</time>
        <extensions>
          <gpxtpx:TrackPointExtension>
            <gpxtpx:hr>92</gpxtpx:hr>
          </gpxtpx:TrackPointExtension>
        </extensions>
      </trkpt>
      <trkpt lat="32.380390648504" lon="119.42289450014206">
        <ele>11.107219278812408</ele>
        <time>2025-10-04T02:30:57.900000Z</time>
        <extensions>
          <gpxtpx:TrackPointExtension>
            <gpxtpx:hr>92</gpxtpx:hr>
          </gpxtpx:TrackPointExtension>
        </extensions>
      </trkpt>
      <trkpt lat="32.38037551119501" lon="119.42282640218853">
        <ele>11.089180598966777</ele>
        <time>2025-10-04T02:30:58.900000Z</time>
        <extensions>
          <gpxtpx:TrackPointExtension>
            <gpxtpx:hr>92</gpxtpx:hr>
          </gpxtpx:TrackPointExtension>
        </extensions>
      </trkpt>
      <trkpt lat="32.38036018380646" lon="119.4227584154159">
        <ele>11.07269102986902</ele>
        <time>2025-10-04T02:30:59.900000Z</time>
        <extensions>
          <gpxtpx:TrackPointExtension>
            <gpxtpx:hr>92</gpxtpx:hr>
          </gpxtpx:TrackPointExtension>
        </extensions>
      </trkpt>
      <trkpt lat="32.38034476939439" lon="119.42269059241525">
        <ele>11.057746330276132</ele>
        <time>2025-10-04T02:31:00.900000Z</time>
        <extensions>
          <gpxtpx:TrackPointExtension>
            <gpxtpx:hr>92</gpxtpx:hr>
          </gpxtpx:TrackPointExtension>
        </extensions>
      </trkpt>
      <trkpt lat="32.380329125369734" lon="119.42262293244102">
        <ele>11.044337982311845</ele>
        <time>2025-10-04T02:31:01.900000Z</time>
        <extensions>
          <gpxtpx:TrackPointExtension>
            <gpxtpx:hr>92</gpxtpx:hr>
          </gpxtpx:TrackPointExtension>
        </extensions>
      </trkpt>
      <trkpt lat="32.38031316271849" lon="119.42255543015034">
        <ele>11.032634112983942</ele>
        <time>2025-10-04T02:31:02.900000Z</time>
        <extensions>
          <gpxtpx:TrackPointExtension>
            <gpxtpx:hr>92</gpxtpx:hr>
          </gpxtpx:TrackPointExtension>
        </extensions>
      </trkpt>
      <trkpt lat="32.38029682753983" lon="119.42248812484965">
        <ele>11.022975291125476</ele>
        <time>2025-10-04T02:31:03.900000Z</time>
        <extensions>
          <gpxtpx:TrackPointExtension>
            <gpxtpx:hr>92</gpxtpx:hr>
          </gpxtpx:TrackPointExtension>
        </extensions>
      </trkpt>
      <trkpt lat="32.3802801158864" lon="119.42242089644336">
        <ele>11.014227526262403</ele>
        <time>2025-10-04T02:31:04.900000Z</time>
        <extensions>
          <gpxtpx:TrackPointExtension>
            <gpxtpx:hr>92</gpxtpx:hr>
          </gpxtpx:TrackPointExtension>
        </extensions>
      </trkpt>
      <trkpt lat="32.38026298185307" lon="119.4223538091215">
        <ele>11.006945019587874</ele>
        <time>2025-10-04T02:31:05.900000Z</time>
        <extensions>
          <gpxtpx:TrackPointExtension>
            <gpxtpx:hr>92</gpxtpx:hr>
          </gpxtpx:TrackPointExtension>
        </extensions>
      </trkpt>
      <trkpt lat="32.38024544548875" lon="119.42228687501833">
        <ele>11.00081501249224</ele>
        <time>2025-10-04T02:31:06.900000Z</time>
        <extensions>
          <gpxtpx:TrackPointExtension>
            <gpxtpx:hr>91</gpxtpx:hr>
          </gpxtpx:TrackPointExtension>
        </extensions>
      </trkpt>
      <trkpt lat="32.38022751584094" lon="119.42222011385181">
        <ele>10.995981857180595</ele>
        <time>2025-10-04T02:31:07.900000Z</time>
        <extensions>
          <gpxtpx:TrackPointExtension>
            <gpxtpx:hr>91</gpxtpx:hr>
          </gpxtpx:TrackPointExtension>
        </extensions>
      </trkpt>
      <trkpt lat="32.38020922000036" lon="119.42215352820693">
        <ele>10.992112302221358</ele>
        <time>2025-10-04T02:31:08.900000Z</time>
        <extensions>
          <gpxtpx:TrackPointExtension>
            <gpxtpx:hr>91</gpxtpx:hr>
          </gpxtpx:TrackPointExtension>
        </extensions>
      </trkpt>
      <trkpt lat="32.38019061621242" lon="119.42208711316022">
        <ele>10.989278621040285</ele>
        <time>2025-10-04T02:31:09.900000Z</time>
        <extensions>
          <gpxtpx:TrackPointExtension>
            <gpxtpx:hr>92</gpxtpx:hr>
          </gpxtpx:TrackPointExtension>
        </extensions>
      </trkpt>
      <trkpt lat="32.38017172911503" lon="119.42202089416924">
        <ele>10.987112615257502</ele>
        <time>2025-10-04T02:31:10.900000Z</time>
        <extensions>
          <gpxtpx:TrackPointExtension>
            <gpxtpx:hr>92</gpxtpx:hr>
          </gpxtpx:TrackPointExtension>
        </extensions>
      </trkpt>
      <trkpt lat="32.38015264381509" lon="119.42195484180819">
        <ele>10.985614601522684</ele>
        <time>2025-10-04T02:31:11.900000Z</time>
        <extensions>
          <gpxtpx:TrackPointExtension>
            <gpxtpx:hr>92</gpxtpx:hr>
          </gpxtpx:TrackPointExtension>
        </extensions>
      </trkpt>
      <trkpt lat="32.38013337102314" lon="119.4218890608863">
        <ele>10.98461601883173</ele>
        <time>2025-10-04T02:31:12.900000Z</time>
        <extensions>
          <gpxtpx:TrackPointExtension>
            <gpxtpx:hr>93</gpxtpx:hr>
          </gpxtpx:TrackPointExtension>
        </extensions>
      </trkpt>
      <trkpt lat="32.380113928303146" lon="119.42182352661035">
        <ele>10.983931955881417</ele>
        <time>2025-10-04T02:31:13.900000Z</time>
        <extensions>
          <gpxtpx:TrackPointExtension>
            <gpxtpx:hr>93</gpxtpx:hr>
          </gpxtpx:TrackPointExtension>
        </extensions>
      </trkpt>
      <trkpt lat="32.38009438457422" lon="119.42175824528367">
        <ele>10.983284088782966</ele>
        <time>2025-10-04T02:31:14.900000Z</time>
        <extensions>
          <gpxtpx:TrackPointExtension>
            <gpxtpx:hr>93</gpxtpx:hr>
          </gpxtpx:TrackPointExtension>
        </extensions>
      </trkpt>
      <trkpt lat="32.38007474552917" lon="119.42169322974415">
        <ele>10.982633871026337</ele>
        <time>2025-10-04T02:31:15.900000Z</time>
        <extensions>
          <gpxtpx:TrackPointExtension>
            <gpxtpx:hr>93</gpxtpx:hr>
          </gpxtpx:TrackPointExtension>
        </extensions>
      </trkpt>
      <trkpt lat="32.38005505955995" lon="119.4216285000352">
        <ele>10.981686050072312</ele>
        <time>2025-10-04T02:31:16.900000Z</time>
        <extensions>
          <gpxtpx:TrackPointExtension>
            <gpxtpx:hr>93</gpxtpx:hr>
          </gpxtpx:TrackPointExtension>
        </extensions>
      </trkpt>
      <trkpt lat="32.380035362629854" lon="119.42156403439235">
        <ele>10.980094832368195</ele>
        <time>2025-10-04T02:31:17.900000Z</time>
        <extensions>
          <gpxtpx:TrackPointExtension>
            <gpxtpx:hr>89</gpxtpx:hr>
          </gpxtpx:TrackPointExtension>
        </extensions>
      </trkpt>
      <trkpt lat="32.38001570952375" lon="119.42149985691321">
        <ele>10.97788065019995</ele>
        <time>2025-10-04T02:31:18.900000Z</time>
        <extensions>
          <gpxtpx:TrackPointExtension>
            <gpxtpx:hr>89</gpxtpx:hr>
          </gpxtpx:TrackPointExtension>
        </extensions>
      </trkpt>
      <trkpt lat="32.37999614951721" lon="119.42143601894938">
        <ele>10.974828412756324</ele>
        <time>2025-10-04T02:31:19.900000Z</time>
        <extensions>
          <gpxtpx:TrackPointExtension>
            <gpxtpx:hr>89</gpxtpx:hr>
          </gpxtpx:TrackPointExtension>
        </extensions>
      </trkpt>
      <trkpt lat="32.379976739185615" lon="119.42137253036834">
        <ele>10.970818498171866</ele>
        <time>2025-10-04T02:31:20.900000Z</time>
        <extensions>
          <gpxtpx:TrackPointExtension>
            <gpxtpx:hr>89</gpxtpx:hr>
          </gpxtpx:TrackPointExtension>
        </extensions>
      </trkpt>
      <trkpt lat="32.37995753867171" lon="119.4213093574971">
        <ele>10.96595273539424</ele>
        <time>2025-10-04T02:31:21.900000Z</time>
        <extensions>
          <gpxtpx:TrackPointExtension>
            <gpxtpx:hr>89</gpxtpx:hr>
          </gpxtpx:TrackPointExtension>
        </extensions>
      </trkpt>
      <trkpt lat="32.37993861210064" lon="119.42124656998345">
        <ele>10.959829544648528</ele>
        <time>2025-10-04T02:31:22.900000Z</time>
        <extensions>
          <gpxtpx:TrackPointExtension>
            <gpxtpx:hr>93</gpxtpx:hr>
          </gpxtpx:TrackPointExtension>
        </extensions>
      </trkpt>
      <trkpt lat="32.37991994799307" lon="119.42118421408956">
        <ele>10.95269213616848</ele>
        <time>2025-10-04T02:31:23.900000Z</time>
        <extensions>
          <gpxtpx:TrackPointExtension>
            <gpxtpx:hr>93</gpxtpx:hr>
          </gpxtpx:TrackPointExtension>
        </extensions>
      </trkpt>
      <trkpt lat="32.379901604049145" lon="119.42112229392319">
        <ele>10.944304876029491</ele>
        <time>2025-10-04T02:31:24.900000Z</time>
        <extensions>
          <gpxtpx:TrackPointExtension>
            <gpxtpx:hr>93</gpxtpx:hr>
          </gpxtpx:TrackPointExtension>
        </extensions>
      </trkpt>
      <trkpt lat="32.37988357738376" lon="119.4210609006352">
        <ele>10.93458631914109</ele>
        <time>2025-10-04T02:31:25.900000Z</time>
        <extensions>
          <gpxtpx:TrackPointExtension>
            <gpxtpx:hr>93</gpxtpx:hr>
          </gpxtpx:TrackPointExtension>
        </extensions>
      </trkpt>
      <trkpt lat="32.379865911398426" lon="119.42100004030432">
        <ele>10.923862555064261</ele>
        <time>2025-10-04T02:31:26.900000Z</time>
        <extensions>
          <gpxtpx:TrackPointExtension>
            <gpxtpx:hr>93</gpxtpx:hr>
          </gpxtpx:TrackPointExtension>
        </extensions>
      </trkpt>
      <trkpt lat="32.379848638937126" lon="119.42093972367988">
        <ele>10.912272660061717</ele>
        <time>2025-10-04T02:31:27.900000Z</time>
        <extensions>
          <gpxtpx:TrackPointExtension>
            <gpxtpx:hr>97</gpxtpx:hr>
          </gpxtpx:TrackPointExtension>
        </extensions>
      </trkpt>
      <trkpt lat="32.37983181468944" lon="119.42087985676329">
        <ele>10.89941425062716</ele>
        <time>2025-10-04T02:31:28.900000Z</time>
        <extensions>
          <gpxtpx:TrackPointExtension>
            <gpxtpx:hr>97</gpxtpx:hr>
          </gpxtpx:TrackPointExtension>
        </extensions>
      </trkpt>
      <trkpt lat="32.37981549043711" lon="119.42082045073595">
        <ele>10.885628424584866</ele>
        <time>2025-10-04T02:31:29.900000Z</time>
        <extensions>
          <gpxtpx:TrackPointExtension>
            <gpxtpx:hr>97</gpxtpx:hr>
          </gpxtpx:TrackPointExtension>
        </extensions>
      </trkpt>
      <trkpt lat="32.37979972842418" lon="119.42076131266242">
        <ele>10.870874533429742</ele>
        <time>2025-10-04T02:31:30.900000Z</time>
        <extensions>
          <gpxtpx:TrackPointExtension>
            <gpxtpx:hr>97</gpxtpx:hr>
          </gpxtpx:TrackPointExtension>
        </extensions>
      </trkpt>
      <trkpt lat="32.37978445264977" lon="119.42070236956822">
        <ele>10.855234046466649</ele>
        <time>2025-10-04T02:31:31.900000Z</time>
        <extensions>
          <gpxtpx:TrackPointExtension>
            <gpxtpx:hr>97</gpxtpx:hr>
          </gpxtpx:TrackPointExtension>
        </extensions>
      </trkpt>
      <trkpt lat="32.379769369305215" lon="119.42064376688735">
        <ele>10.838577331975102</ele>
        <time>2025-10-04T02:31:32.900000Z</time>
        <extensions>
          <gpxtpx:TrackPointExtension>
            <gpxtpx:hr>103</gpxtpx:hr>
          </gpxtpx:TrackPointExtension>
        </extensions>
      </trkpt>
      <trkpt lat="32.37975446249219" lon="119.4205853683533">
        <ele>10.82116668112576</ele>
        <time>2025-10-04T02:31:33.900000Z</time>
        <extensions>
          <gpxtpx:TrackPointExtension>
            <gpxtpx:hr>103</gpxtpx:hr>
          </gpxtpx:TrackPointExtension>
        </extensions>
      </trkpt>
      <trkpt lat="32.37973974398908" lon="119.42052698114512">
        <ele>10.803242809139192</ele>
        <time>2025-10-04T02:31:34.900000Z</time>
        <extensions>
          <gpxtpx:TrackPointExtension>
            <gpxtpx:hr>103</gpxtpx:hr>
          </gpxtpx:TrackPointExtension>
        </extensions>
      </trkpt>
      <trkpt lat="32.37972495931178" lon="119.42046850561307">
        <ele>10.78494172077626</ele>
        <time>2025-10-04T02:31:35.900000Z</time>
        <extensions>
          <gpxtpx:TrackPointExtension>
            <gpxtpx:hr>103</gpxtpx:hr>
          </gpxtpx:TrackPointExtension>
        </extensions>
      </trkpt>
      <trkpt lat="32.3797099742306" lon="119.42040977879421">
        <ele>10.766250763088465</ele>
        <time>2025-10-04T02:31:36.900000Z</time>
        <extensions>
          <gpxtpx:TrackPointExtension>
            <gpxtpx:hr>103</gpxtpx:hr>
          </gpxtpx:TrackPointExtension>
        </extensions>
      </trkpt>
      <trkpt lat="32.37969465259688" lon="119.42035062049322">
        <ele>10.747505537234247</ele>
        <time>2025-10-04T02:31:37.900000Z</time>
        <extensions>
          <gpxtpx:TrackPointExtension>
            <gpxtpx:hr>103</gpxtpx:hr>
          </gpxtpx:TrackPointExtension>
        </extensions>
      </trkpt>
      <trkpt lat="32.37967888342241" lon="119.4202909204059">
        <ele>10.728578669950366</ele>
        <time>2025-10-04T02:31:38.900000Z</time>
        <extensions>
          <gpxtpx:TrackPointExtension>
            <gpxtpx:hr>103</gpxtpx:hr>
          </gpxtpx:TrackPointExtension>
        </extensions>
      </trkpt>
      <trkpt lat="32.37966266196053" lon="119.42023059921821">
        <ele>10.70962061919272</ele>
        <time>2025-10-04T02:31:39.900000Z</time>
        <extensions>
          <gpxtpx:TrackPointExtension>
            <gpxtpx:hr>107</gpxtpx:hr>
          </gpxtpx:TrackPointExtension>
        </extensions>
      </trkpt>
      <trkpt lat="32.37964598613462" lon="119.42016969763688">
        <ele>10.690847949124873</ele>
        <time>2025-10-04T02:31:40.900000Z</time>
        <extensions>
          <gpxtpx:TrackPointExtension>
            <gpxtpx:hr>107</gpxtpx:hr>
          </gpxtpx:TrackPointExtension>
        </extensions>
      </trkpt>
      <trkpt lat="32.37962892584674" lon="119.42010820566279">
        <ele>10.67217633035034</ele>
        <time>2025-10-04T02:31:41.900000Z</time>
        <extensions>
          <gpxtpx:TrackPointExtension>
            <gpxtpx:hr>107</gpxtpx:hr>
          </gpxtpx:TrackPointExtension>
        </extensions>
      </trkpt>
      <trkpt lat="32.37961144245882" lon="119.42004628197527">
        <ele>10.653867996297777</ele>
        <time>2025-10-04T02:31:42.900000Z</time>
        <extensions>
          <gpxtpx:TrackPointExtension>
            <gpxtpx:hr>107</gpxtpx:hr>
          </gpxtpx:TrackPointExtension>
        </extensions>
      </trkpt>
      <trkpt lat="32.37959344556339" lon="119.41998399582208">
        <ele>10.635993548668921</ele>
        <time>2025-10-04T02:31:43.900000Z</time>
        <extensions>
          <gpxtpx:TrackPointExtension>
            <gpxtpx:hr>107</gpxtpx:hr>
          </gpxtpx:TrackPointExtension>
        </extensions>
      </trkpt>
      <trkpt lat="32.379575081334295" lon="119.41992129739113">
        <ele>10.618563837371767</ele>
        <time>2025-10-04T02:31:44.900000Z</time>
        <extensions>
          <gpxtpx:TrackPointExtension>
            <gpxtpx:hr>107</gpxtpx:hr>
          </gpxtpx:TrackPointExtension>
        </extensions>
      </trkpt>
      <trkpt lat="32.37955639602015" lon="119.41985828692552">
        <ele>10.60145809315145</ele>
        <time>2025-10-04T02:31:45.900000Z</time>
        <extensions>
          <gpxtpx:TrackPointExtension>
            <gpxtpx:hr>107</gpxtpx:hr>
          </gpxtpx:TrackPointExtension>
        </extensions>
      </trkpt>
      <trkpt lat="32.379537446625314" lon="119.41979493009819">
        <ele>10.584869268350303</ele>
        <time>2025-10-04T02:31:46.900000Z</time>
        <extensions>
          <gpxtpx:TrackPointExtension>
            <gpxtpx:hr>107</gpxtpx:hr>
          </gpxtpx:TrackPointExtension>
        </extensions>
      </trkpt>
      <trkpt lat="32.37951827099291" lon="119.41973129742631">
        <ele>10.568867766298354</ele>
        <time>2025-10-04T02:31:47.900000Z</time>
        <extensions>
          <gpxtpx:TrackPointExtension>
            <gpxtpx:hr>107</gpxtpx:hr>
          </gpxtpx:TrackPointExtension>
        </extensions>
      </trkpt>
      <trkpt lat="32.3794989075431" lon="119.41966740093388">
        <ele>10.553251460194588</ele>
        <time>2025-10-04T02:31:48.900000Z</time>
        <extensions>
          <gpxtpx:TrackPointExtension>
            <gpxtpx:hr>107</gpxtpx:hr>
          </gpxtpx:TrackPointExtension>
        </extensions>
      </trkpt>
      <trkpt lat="32.37947939547634" lon="119.41960328065178">
        <ele>10.538382397964597</ele>
        <time>2025-10-04T02:31:49.900000Z</time>
        <extensions>
          <gpxtpx:TrackPointExtension>
            <gpxtpx:hr>107</gpxtpx:hr>
          </gpxtpx:TrackPointExtension>
        </extensions>
      </trkpt>
      <trkpt lat="32.379459679962395" lon="119.41953895026764">
        <ele>10.523956189863384</ele>
        <time>2025-10-04T02:31:50.900000Z</time>
        <extensions>
          <gpxtpx:TrackPointExtension>
            <gpxtpx:hr>107</gpxtpx:hr>
          </gpxtpx:TrackPointExtension>
        </extensions>
      </trkpt>
      <trkpt lat="32.37943969269671" lon="119.41947447783485">
        <ele>10.510064663365483</ele>
        <time>2025-10-04T02:31:51.900000Z</time>
        <extensions>
          <gpxtpx:TrackPointExtension>
            <gpxtpx:hr>107</gpxtpx:hr>
          </gpxtpx:TrackPointExtension>
        </extensions>
      </trkpt>
      <trkpt lat="32.37941945714121" lon="119.41940989880456">
        <ele>10.49689479265362</ele>
        <time>2025-10-04T02:31:52.900000Z</time>
        <extensions>
          <gpxtpx:TrackPointExtension>
            <gpxtpx:hr>107</gpxtpx:hr>
          </gpxtpx:TrackPointExtension>
        </extensions>
      </trkpt>
      <trkpt lat="32.379398929102514" lon="119.41934524696302">
        <ele>10.4841813063249</ele>
        <time>2025-10-04T02:31:53.900000Z</time>
      </trkpt>
      <trkpt lat="32.37937811487947" lon="119.41928056503245">
        <ele>10.472344420850277</ele>
        <time>2025-10-04T02:31:54.900000Z</time>
      </trkpt>
      <trkpt lat="32.3793570564797" lon="119.41921585847332">
        <ele>10.46104166470468</ele>
        <time>2025-10-04T02:31:55.900000Z</time>
      </trkpt>
      <trkpt lat="32.3793357799401" lon="119.4191511371051">
        <ele>10.450503870844841</ele>
        <time>2025-10-04T02:31:56.900000Z</time>
      </trkpt>
      <trkpt lat="32.37931432610468" lon="119.41908638604828">
        <ele>10.440508811734617</ele>
        <time>2025-10-04T02:31:57.900000Z</time>
      </trkpt>
      <trkpt lat="32.379292704477216" lon="119.41902162467399">
        <ele>10.431116675026715</ele>
        <time>2025-10-04T02:31:58.900000Z</time>
      </trkpt>
      <trkpt lat="32.37927092411354" lon="119.41895689873739">
        <ele>10.422453277744353</ele>
        <time>2025-10-04T02:31:59.900000Z</time>
        <extensions>
          <gpxtpx:TrackPointExtension>
            <gpxtpx:hr>94</gpxtpx:hr>
          </gpxtpx:TrackPointExtension>
        </extensions>
      </trkpt>
      <trkpt lat="32.37924903850973" lon="119.41889216743054">
        <ele>10.41432707477361</ele>
        <time>2025-10-04T02:32:00.900000Z</time>
        <extensions>
          <gpxtpx:TrackPointExtension>
            <gpxtpx:hr>94</gpxtpx:hr>
          </gpxtpx:TrackPointExtension>
        </extensions>
      </trkpt>
      <trkpt lat="32.37922700679715" lon="119.41882750207125">
        <ele>10.40687621384859</ele>
        <time>2025-10-04T02:32:01.900000Z</time>
        <extensions>
          <gpxtpx:TrackPointExtension>
            <gpxtpx:hr>94</gpxtpx:hr>
          </gpxtpx:TrackPointExtension>
        </extensions>
      </trkpt>
      <trkpt lat="32.37920475931602" lon="119.41876291839507">
        <ele>10.39996660221368</ele>
        <time>2025-10-04T02:32:02.900000Z</time>
        <extensions>
          <gpxtpx:TrackPointExtension>
            <gpxtpx:hr>94</gpxtpx:hr>
          </gpxtpx:TrackPointExtension>
        </extensions>
      </trkpt>
      <trkpt lat="32.379182239798084" lon="119.41869851072703">
        <ele>10.393966474570334</ele>
        <time>2025-10-04T02:32:03.900000Z</time>
        <extensions>
          <gpxtpx:TrackPointExtension>
            <gpxtpx:hr>94</gpxtpx:hr>
          </gpxtpx:TrackPointExtension>
        </extensions>
      </trkpt>
      <trkpt lat="32.379159413844185" lon="119.41863425685763">
        <ele>10.388577652163804</ele>
        <time>2025-10-04T02:32:04.900000Z</time>
        <extensions>
          <gpxtpx:TrackPointExtension>
            <gpxtpx:hr>94</gpxtpx:hr>
          </gpxtpx:TrackPointExtension>
        </extensions>
      </trkpt>
      <trkpt lat="32.37913623833654" lon="119.41857018695583">
        <ele>10.383454057388008</ele>
        <time>2025-10-04T02:32:05.900000Z</time>
        <extensions>
          <gpxtpx:TrackPointExtension>
            <gpxtpx:hr>94</gpxtpx:hr>
          </gpxtpx:TrackPointExtension>
        </extensions>
      </trkpt>
      <trkpt lat="32.37911261823256" lon="119.41850638501703">
        <ele>10.378812384791672</ele>
        <time>2025-10-04T02:32:06.900000Z</time>
        <extensions>
          <gpxtpx:TrackPointExtension>
            <gpxtpx:hr>94</gpxtpx:hr>
          </gpxtpx:TrackPointExtension>
        </extensions>
      </trkpt>
      <trkpt lat="32.37908846139863" lon="119.41844292205238">
        <ele>10.374713715165854</ele>
        <time>2025-10-04T02:32:07.900000Z</time>
        <extensions>
          <gpxtpx:TrackPointExtension>
            <gpxtpx:hr>94</gpxtpx:hr>
          </gpxtpx:TrackPointExtension>
        </extensions>
      </trkpt>
      <trkpt lat="32.37906371731976" lon="119.41837985102974">
        <ele>10.371173100546002</ele>
        <time>2025-10-04T02:32:08.900000Z</time>
        <extensions>
          <gpxtpx:TrackPointExtension>
            <gpxtpx:hr>94</gpxtpx:hr>
          </gpxtpx:TrackPointExtension>
        </extensions>
      </trkpt>
      <trkpt lat="32.37903837689264" lon="119.41831717526662">
        <ele>10.36827402189374</ele>
        <time>2025-10-04T02:32:09.900000Z</time>
        <extensions>
          <gpxtpx:TrackPointExtension>
            <gpxtpx:hr>94</gpxtpx:hr>
          </gpxtpx:TrackPointExtension>
        </extensions>
      </trkpt>
      <trkpt lat="32.379012411938824" lon="119.41825493716928">
        <ele>10.365734096616507</ele>
        <time>2025-10-04T02:32:10.900000Z</time>
        <extensions>
          <gpxtpx:TrackPointExtension>
            <gpxtpx:hr>94</gpxtpx:hr>
          </gpxtpx:TrackPointExtension>
        </extensions>
      </trkpt>
      <trkpt lat="32.3789858584069" lon="119.41819315853891">
        <ele>10.363724329508841</ele>
        <time>2025-10-04T02:32:11.900000Z</time>
        <extensions>
          <gpxtpx:TrackPointExtension>
            <gpxtpx:hr>94</gpxtpx:hr>
          </gpxtpx:TrackPointExtension>
        </extensions>
      </trkpt>
      <trkpt lat="32.37895873836028" lon="119.41813184356782">
        <ele>10.36220106948167</ele>
        <time>2025-10-04T02:32:12.900000Z</time>
        <extensions>
          <gpxtpx:TrackPointExtension>
            <gpxtpx:hr>94</gpxtpx:hr>
          </gpxtpx:TrackPointExtension>
        </extensions>
      </trkpt>
      <trkpt lat="32.378931077970556" lon="119.41807098371375">
        <ele>10.361242068000138</ele>
        <time>2025-10-04T02:32:13.900000Z</time>
        <extensions>
          <gpxtpx:TrackPointExtension>
            <gpxtpx:hr>94</gpxtpx:hr>
          </gpxtpx:TrackPointExtension>
        </extensions>
      </trkpt>
      <trkpt lat="32.3789028625288" lon="119.4180106081419">
        <ele>10.36008951254189</ele>
        <time>2025-10-04T02:32:14.900000Z</time>
        <extensions>
          <gpxtpx:TrackPointExtension>
            <gpxtpx:hr>95</gpxtpx:hr>
          </gpxtpx:TrackPointExtension>
        </extensions>
      </trkpt>
      <trkpt lat="32.37887413187925" lon="119.41795072206196">
        <ele>10.359394080936909</ele>
        <time>2025-10-04T02:32:15.900000Z</time>
        <extensions>
          <gpxtpx:TrackPointExtension>
            <gpxtpx:hr>95</gpxtpx:hr>
          </gpxtpx:TrackPointExtension>
        </extensions>
      </trkpt>
      <trkpt lat="32.37884487655198" lon="119.417891361092">
        <ele>10.359596136026084</ele>
        <time>2025-10-04T02:32:16.900000Z</time>
        <extensions>
          <gpxtpx:TrackPointExtension>
            <gpxtpx:hr>95</gpxtpx:hr>
          </gpxtpx:TrackPointExtension>
        </extensions>
      </trkpt>
      <trkpt lat="32.37881513578457" lon="119.41783248915242">
        <ele>10.360654762014747</ele>
        <time>2025-10-04T02:32:17.900000Z</time>
        <extensions>
          <gpxtpx:TrackPointExtension>
            <gpxtpx:hr>95</gpxtpx:hr>
          </gpxtpx:TrackPointExtension>
        </extensions>
      </trkpt>
      <trkpt lat="32.37878490346324" lon="119.41777413679759">
        <ele>10.362501269206405</ele>
        <time>2025-10-04T02:32:18.900000Z</time>
        <extensions>
          <gpxtpx:TrackPointExtension>
            <gpxtpx:hr>95</gpxtpx:hr>
          </gpxtpx:TrackPointExtension>
        </extensions>
      </trkpt>
      <trkpt lat="32.37875415369505" lon="119.41771631473694">
        <ele>10.364874218590558</ele>
        <time>2025-10-04T02:32:19.900000Z</time>
        <extensions>
          <gpxtpx:TrackPointExtension>
            <gpxtpx:hr>96</gpxtpx:hr>
          </gpxtpx:TrackPointExtension>
        </extensions>
      </trkpt>
      <trkpt lat="32.3787228542927" lon="119.41765902296824">
        <ele>10.367859326303005</ele>
        <time>2025-10-04T02:32:20.900000Z</time>
        <extensions>
          <gpxtpx:TrackPointExtension>
            <gpxtpx:hr>96</gpxtpx:hr>
          </gpxtpx:TrackPointExtension>
        </extensions>
      </trkpt>
      <trkpt lat="32.3786910389385" lon="119.41760228393231">
        <ele>10.371314181014895</ele>
        <time>2025-10-04T02:32:21.900000Z</time>
        <extensions>
          <gpxtpx:TrackPointExtension>
            <gpxtpx:hr>96</gpxtpx:hr>
          </gpxtpx:TrackPointExtension>
        </extensions>
      </trkpt>
      <trkpt lat="32.37865864784096" lon="119.41754601356159">
        <ele>10.375549749471247</ele>
        <time>2025-10-04T02:32:22.900000Z</time>
        <extensions>
          <gpxtpx:TrackPointExtension>
            <gpxtpx:hr>96</gpxtpx:hr>
          </gpxtpx:TrackPointExtension>
        </extensions>
      </trkpt>
      <trkpt lat="32.378625943262136" lon="119.41748993960077">
        <ele>10.380364981479943</ele>
        <time>2025-10-04T02:32:23.900000Z</time>
        <extensions>
          <gpxtpx:TrackPointExtension>
            <gpxtpx:hr>96</gpxtpx:hr>
          </gpxtpx:TrackPointExtension>
        </extensions>
      </trkpt>
      <trkpt lat="32.37859286741482" lon="119.41743400495433">
        <ele>10.385370030999184</ele>
        <time>2025-10-04T02:32:24.900000Z</time>
        <extensions>
          <gpxtpx:TrackPointExtension>
            <gpxtpx:hr>97</gpxtpx:hr>
          </gpxtpx:TrackPointExtension>
        </extensions>
      </trkpt>
      <trkpt lat="32.37855940464504" lon="119.41737817884969">
        <ele>10.39080748334527</ele>
        <time>2025-10-04T02:32:25.900000Z</time>
        <extensions>
          <gpxtpx:TrackPointExtension>
            <gpxtpx:hr>97</gpxtpx:hr>
          </gpxtpx:TrackPointExtension>
        </extensions>
      </trkpt>
      <trkpt lat="32.378525624947976" lon="119.41732240314421">
        <ele>10.396697730757296</ele>
        <time>2025-10-04T02:32:26.900000Z</time>
        <extensions>
          <gpxtpx:TrackPointExtension>
            <gpxtpx:hr>97</gpxtpx:hr>
          </gpxtpx:TrackPointExtension>
        </extensions>
      </trkpt>
      <trkpt lat="32.3784915414886" lon="119.41726668835403">
        <ele>10.403055449947715</ele>
        <time>2025-10-04T02:32:27.900000Z</time>
        <extensions>
          <gpxtpx:TrackPointExtension>
            <gpxtpx:hr>97</gpxtpx:hr>
          </gpxtpx:TrackPointExtension>
        </extensions>
      </trkpt>
      <trkpt lat="32.37845721912695" lon="119.41721102867662">
        <ele>10.409647589549422</ele>
        <time>2025-10-04T02:32:28.900000Z</time>
        <extensions>
          <gpxtpx:TrackPointExtension>
            <gpxtpx:hr>98</gpxtpx:hr>
          </gpxtpx:TrackPointExtension>
        </extensions>
      </trkpt>
      <trkpt lat="32.378422705995035" lon="119.417155382296">
        <ele>10.41656727809459</ele>
        <time>2025-10-04T02:32:29.900000Z</time>
        <extensions>
          <gpxtpx:TrackPointExtension>
            <gpxtpx:hr>98</gpxtpx:hr>
          </gpxtpx:TrackPointExtension>
        </extensions>
      </trkpt>
      <trkpt lat="32.37838810487829" lon="119.41709965159282">
        <ele>10.423722459934652</ele>
        <time>2025-10-04T02:32:30.900000Z</time>
        <extensions>
          <gpxtpx:TrackPointExtension>
            <gpxtpx:hr>98</gpxtpx:hr>
          </gpxtpx:TrackPointExtension>
        </extensions>
      </trkpt>
      <trkpt lat="32.378353312867134" lon="119.41704402476252">
        <ele>10.431130794808269</ele>
        <time>2025-10-04T02:32:31.900000Z</time>
        <extensions>
          <gpxtpx:TrackPointExtension>
            <gpxtpx:hr>98</gpxtpx:hr>
          </gpxtpx:TrackPointExtension>
        </extensions>
      </trkpt>
      <trkpt lat="32.37831845477818" lon="119.41698836877187">
        <ele>10.438748365268111</ele>
        <time>2025-10-04T02:32:32.900000Z</time>
        <extensions>
          <gpxtpx:TrackPointExtension>
            <gpxtpx:hr>98</gpxtpx:hr>
          </gpxtpx:TrackPointExtension>
        </extensions>
      </trkpt>
      <trkpt lat="32.378283546183866" lon="119.41693265981155">
        <ele>10.446782875806093</ele>
        <time>2025-10-04T02:32:33.900000Z</time>
        <extensions>
          <gpxtpx:TrackPointExtension>
            <gpxtpx:hr>99</gpxtpx:hr>
          </gpxtpx:TrackPointExtension>
        </extensions>
      </trkpt>
      <trkpt lat="32.37824862377945" lon="119.41687690632074">
        <ele>10.454878138378263</ele>
        <time>2025-10-04T02:32:34.900000Z</time>
        <extensions>
          <gpxtpx:TrackPointExtension>
            <gpxtpx:hr>99</gpxtpx:hr>
          </gpxtpx:TrackPointExtension>
        </extensions>
      </trkpt>
      <trkpt lat="32.378213558815034" lon="119.41682119187278">
        <ele>10.46301409136504</ele>
        <time>2025-10-04T02:32:35.900000Z</time>
        <extensions>
          <gpxtpx:TrackPointExtension>
            <gpxtpx:hr>99</gpxtpx:hr>
          </gpxtpx:TrackPointExtension>
        </extensions>
      </trkpt>
      <trkpt lat="32.37817835959685" lon="119.4167654798629">
        <ele>10.470969703048468</ele>
        <time>2025-10-04T02:32:36.900000Z</time>
        <extensions>
          <gpxtpx:TrackPointExtension>
            <gpxtpx:hr>99</gpxtpx:hr>
          </gpxtpx:TrackPointExtension>
        </extensions>
      </trkpt>
      <trkpt lat="32.37814296994344" lon="119.41670988206985">
        <ele>10.479350523091853</ele>
        <time>2025-10-04T02:32:37.900000Z</time>
        <extensions>
          <gpxtpx:TrackPointExtension>
            <gpxtpx:hr>99</gpxtpx:hr>
          </gpxtpx:TrackPointExtension>
        </extensions>
      </trkpt>
      <trkpt lat="32.37810744954368" lon="119.41665432165107">
        <ele>10.487542235292494</ele>
        <time>2025-10-04T02:32:38.900000Z</time>
        <extensions>
          <gpxtpx:TrackPointExtension>
            <gpxtpx:hr>99</gpxtpx:hr>
          </gpxtpx:TrackPointExtension>
        </extensions>
      </trkpt>
      <trkpt lat="32.37807179174541" lon="119.41659882366956">
        <ele>10.495291518978775</ele>
        <time>2025-10-04T02:32:39.900000Z</time>
        <extensions>
          <gpxtpx:TrackPointExtension>
            <gpxtpx:hr>96</gpxtpx:hr>
          </gpxtpx:TrackPointExtension>
        </extensions>
      </trkpt>
      <trkpt lat="32.37803596861511" lon="119.41654339461023">
        <ele>10.503495871089399</ele>
        <time>2025-10-04T02:32:40.900000Z</time>
        <extensions>
          <gpxtpx:TrackPointExtension>
            <gpxtpx:hr>96</gpxtpx:hr>
          </gpxtpx:TrackPointExtension>
        </extensions>
      </trkpt>
      <trkpt lat="32.378000031198944" lon="119.41648801313951">
        <ele>10.511534459888935</ele>
        <time>2025-10-04T02:32:41.900000Z</time>
        <extensions>
          <gpxtpx:TrackPointExtension>
            <gpxtpx:hr>96</gpxtpx:hr>
          </gpxtpx:TrackPointExtension>
        </extensions>
      </trkpt>
      <trkpt lat="32.37796396492956" lon="119.41643267125838">
        <ele>10.519467528909445</ele>
        <time>2025-10-04T02:32:42.900000Z</time>
        <extensions>
          <gpxtpx:TrackPointExtension>
            <gpxtpx:hr>96</gpxtpx:hr>
          </gpxtpx:TrackPointExtension>
        </extensions>
      </trkpt>
      <trkpt lat="32.37792781464875" lon="119.41637735886044">
        <ele>10.527221822179854</ele>
        <time>2025-10-04T02:32:43.900000Z</time>
        <extensions>
          <gpxtpx:TrackPointExtension>
            <gpxtpx:hr>96</gpxtpx:hr>
          </gpxtpx:TrackPointExtension>
        </extensions>
      </trkpt>
      <trkpt lat="32.37789158709282" lon="119.41632207042987">
        <ele>10.534899828024209</ele>
        <time>2025-10-04T02:32:44.900000Z</time>
        <extensions>
          <gpxtpx:TrackPointExtension>
            <gpxtpx:hr>96</gpxtpx:hr>
          </gpxtpx:TrackPointExtension>
        </extensions>
      </trkpt>
      <trkpt lat="32.37785525474221" lon="119.416266821681">
        <ele>10.542909669689834</ele>
        <time>2025-10-04T02:32:45.900000Z</time>
        <extensions>
          <gpxtpx:TrackPointExtension>
            <gpxtpx:hr>95</gpxtpx:hr>
          </gpxtpx:TrackPointExtension>
        </extensions>
      </trkpt>
      <trkpt lat="32.37781885413497" lon="119.41621161129875">
        <ele>10.550455351360142</ele>
        <time>2025-10-04T02:32:46.900000Z</time>
        <extensions>
          <gpxtpx:TrackPointExtension>
            <gpxtpx:hr>95</gpxtpx:hr>
          </gpxtpx:TrackPointExtension>
        </extensions>
      </trkpt>
      <trkpt lat="32.37778240075752" lon="119.41615641805288">
        <ele>10.557378359138966</ele>
        <time>2025-10-04T02:32:47.900000Z</time>
        <extensions>
          <gpxtpx:TrackPointExtension>
            <gpxtpx:hr>95</gpxtpx:hr>
          </gpxtpx:TrackPointExtension>
        </extensions>
      </trkpt>
      <trkpt lat="32.37774588263662" lon="119.41610125150672">
        <ele>10.56414099689573</ele>
        <time>2025-10-04T02:32:48.900000Z</time>
        <extensions>
          <gpxtpx:TrackPointExtension>
            <gpxtpx:hr>95</gpxtpx:hr>
          </gpxtpx:TrackPointExtension>
        </extensions>
      </trkpt>
      <trkpt lat="32.377709275716825" lon="119.41604614428765">
        <ele>10.570513693615794</ele>
        <time>2025-10-04T02:32:49.900000Z</time>
        <extensions>
          <gpxtpx:TrackPointExtension>
            <gpxtpx:hr>95</gpxtpx:hr>
          </gpxtpx:TrackPointExtension>
        </extensions>
      </trkpt>
      <trkpt lat="32.37767260171359" lon="119.41599106598295">
        <ele>10.576345351524651</ele>
        <time>2025-10-04T02:32:50.900000Z</time>
        <extensions>
          <gpxtpx:TrackPointExtension>
            <gpxtpx:hr>96</gpxtpx:hr>
          </gpxtpx:TrackPointExtension>
        </extensions>
      </trkpt>
      <trkpt lat="32.37763584988389" lon="119.41593602551863">
        <ele>10.581947837024927</ele>
        <time>2025-10-04T02:32:51.900000Z</time>
        <extensions>
          <gpxtpx:TrackPointExtension>
            <gpxtpx:hr>96</gpxtpx:hr>
          </gpxtpx:TrackPointExtension>
        </extensions>
      </trkpt>
      <trkpt lat="32.377599037049116" lon="119.41588105359492">
        <ele>10.587093107402325</ele>
        <time>2025-10-04T02:32:52.900000Z</time>
        <extensions>
          <gpxtpx:TrackPointExtension>
            <gpxtpx:hr>96</gpxtpx:hr>
          </gpxtpx:TrackPointExtension>
        </extensions>
      </trkpt>
      <trkpt lat="32.37756216619306" lon="119.41582610230869">
        <ele>10.592042309232056</ele>
        <time>2025-10-04T02:32:53.900000Z</time>
        <extensions>
          <gpxtpx:TrackPointExtension>
            <gpxtpx:hr>96</gpxtpx:hr>
          </gpxtpx:TrackPointExtension>
        </extensions>
      </trkpt>
      <trkpt lat="32.37752526370445" lon="119.415771149642">
        <ele>10.59647912811488</ele>
        <time>2025-10-04T02:32:54.900000Z</time>
        <extensions>
          <gpxtpx:TrackPointExtension>
            <gpxtpx:hr>96</gpxtpx:hr>
          </gpxtpx:TrackPointExtension>
        </extensions>
      </trkpt>
      <trkpt lat="32.37748831025699" lon="119.41571616064556">
        <ele>10.600531701929867</ele>
        <time>2025-10-04T02:32:55.900000Z</time>
        <extensions>
          <gpxtpx:TrackPointExtension>
            <gpxtpx:hr>96</gpxtpx:hr>
          </gpxtpx:TrackPointExtension>
        </extensions>
      </trkpt>
      <trkpt lat="32.37745119893775" lon="119.41566125041119">
        <ele>10.60430706385523</ele>
        <time>2025-10-04T02:32:56.900000Z</time>
        <extensions>
          <gpxtpx:TrackPointExtension>
            <gpxtpx:hr>96</gpxtpx:hr>
          </gpxtpx:TrackPointExtension>
        </extensions>
      </trkpt>
      <trkpt lat="32.37741389387305" lon="119.41560649961667">
        <ele>10.608050648123026</ele>
        <time>2025-10-04T02:32:57.900000Z</time>
        <extensions>
          <gpxtpx:TrackPointExtension>
            <gpxtpx:hr>96</gpxtpx:hr>
          </gpxtpx:TrackPointExtension>
        </extensions>
      </trkpt>
      <trkpt lat="32.37737658709635" lon="119.41555178646257">
        <ele>10.611827704124153</ele>
        <time>2025-10-04T02:32:58.900000Z</time>
        <extensions>
          <gpxtpx:TrackPointExtension>
            <gpxtpx:hr>96</gpxtpx:hr>
          </gpxtpx:TrackPointExtension>
        </extensions>
      </trkpt>
      <trkpt lat="32.37733936968864" lon="119.41549702383611">
        <ele>10.615153355523944</ele>
        <time>2025-10-04T02:32:59.900000Z</time>
        <extensions>
          <gpxtpx:TrackPointExtension>
            <gpxtpx:hr>96</gpxtpx:hr>
          </gpxtpx:TrackPointExtension>
        </extensions>
      </trkpt>
      <trkpt lat="32.377302190330305" lon="119.41544214236656">
        <ele>10.61847667582333</ele>
        <time>2025-10-04T02:33:00.900000Z</time>
        <extensions>
          <gpxtpx:TrackPointExtension>
            <gpxtpx:hr>97</gpxtpx:hr>
          </gpxtpx:TrackPointExtension>
        </extensions>
      </trkpt>
      <trkpt lat="32.377264976723154" lon="119.41538713557213">
        <ele>10.621671634726226</ele>
        <time>2025-10-04T02:33:01.900000Z</time>
        <extensions>
          <gpxtpx:TrackPointExtension>
            <gpxtpx:hr>97</gpxtpx:hr>
          </gpxtpx:TrackPointExtension>
        </extensions>
      </trkpt>
      <trkpt lat="32.37722778891895" lon="119.41533197897981">
        <ele>10.624629446305335</ele>
        <time>2025-10-04T02:33:02.900000Z</time>
        <extensions>
          <gpxtpx:TrackPointExtension>
            <gpxtpx:hr>97</gpxtpx:hr>
          </gpxtpx:TrackPointExtension>
        </extensions>
      </trkpt>
      <trkpt lat="32.377190663439634" lon="119.41527671957242">
        <ele>10.62737020291388</ele>
        <time>2025-10-04T02:33:03.900000Z</time>
        <extensions>
          <gpxtpx:TrackPointExtension>
            <gpxtpx:hr>97</gpxtpx:hr>
          </gpxtpx:TrackPointExtension>
        </extensions>
      </trkpt>
      <trkpt lat="32.37715361298356" lon="119.41522136189995">
        <ele>10.629924787208438</ele>
        <time>2025-10-04T02:33:04.900000Z</time>
        <extensions>
          <gpxtpx:TrackPointExtension>
            <gpxtpx:hr>97</gpxtpx:hr>
          </gpxtpx:TrackPointExtension>
        </extensions>
      </trkpt>
      <trkpt lat="32.377116663753775" lon="119.41516599409287">
        <ele>10.632119284011424</ele>
        <time>2025-10-04T02:33:05.900000Z</time>
        <extensions>
          <gpxtpx:TrackPointExtension>
            <gpxtpx:hr>97</gpxtpx:hr>
          </gpxtpx:TrackPointExtension>
        </extensions>
      </trkpt>
      <trkpt lat="32.37707975269913" lon="119.41511069231736">
        <ele>10.634020092897117</ele>
        <time>2025-10-04T02:33:06.900000Z</time>
        <extensions>
          <gpxtpx:TrackPointExtension>
            <gpxtpx:hr>97</gpxtpx:hr>
          </gpxtpx:TrackPointExtension>
        </extensions>
      </trkpt>
      <trkpt lat="32.37704294278088" lon="119.41505521415392">
        <ele>10.63560663536191</ele>
        <time>2025-10-04T02:33:07.900000Z</time>
        <extensions>
          <gpxtpx:TrackPointExtension>
            <gpxtpx:hr>94</gpxtpx:hr>
          </gpxtpx:TrackPointExtension>
        </extensions>
      </trkpt>
      <trkpt lat="32.37700622931749" lon="119.41499962038527">
        <ele>10.636578692123294</ele>
        <time>2025-10-04T02:33:08.900000Z</time>
        <extensions>
          <gpxtpx:TrackPointExtension>
            <gpxtpx:hr>94</gpxtpx:hr>
          </gpxtpx:TrackPointExtension>
        </extensions>
      </trkpt>
      <trkpt lat="32.37696948921115" lon="119.41494400305498">
        <ele>10.637058178894222</ele>
        <time>2025-10-04T02:33:09.900000Z</time>
        <extensions>
          <gpxtpx:TrackPointExtension>
            <gpxtpx:hr>94</gpxtpx:hr>
          </gpxtpx:TrackPointExtension>
        </extensions>
      </trkpt>
      <trkpt lat="32.376932697045504" lon="119.41488832805467">
        <ele>10.637400008738041</ele>
        <time>2025-10-04T02:33:10.900000Z</time>
        <extensions>
          <gpxtpx:TrackPointExtension>
            <gpxtpx:hr>94</gpxtpx:hr>
          </gpxtpx:TrackPointExtension>
        </extensions>
      </trkpt>
      <trkpt lat="32.37689589858603" lon="119.41483267885398">
        <ele>10.637403773143888</ele>
        <time>2025-10-04T02:33:11.900000Z</time>
        <extensions>
          <gpxtpx:TrackPointExtension>
            <gpxtpx:hr>94</gpxtpx:hr>
          </gpxtpx:TrackPointExtension>
        </extensions>
      </trkpt>
      <trkpt lat="32.37685915635227" lon="119.41477708020867">
        <ele>10.63699006754905</ele>
        <time>2025-10-04T02:33:12.900000Z</time>
        <extensions>
          <gpxtpx:TrackPointExtension>
            <gpxtpx:hr>95</gpxtpx:hr>
          </gpxtpx:TrackPointExtension>
        </extensions>
      </trkpt>
      <trkpt lat="32.376822513482146" lon="119.41472149729515">
        <ele>10.636636445298791</ele>
        <time>2025-10-04T02:33:13.900000Z</time>
        <extensions>
          <gpxtpx:TrackPointExtension>
            <gpxtpx:hr>95</gpxtpx:hr>
          </gpxtpx:TrackPointExtension>
        </extensions>
      </trkpt>
      <trkpt lat="32.376785820026434" lon="119.41466590405754">
        <ele>10.635798429138958</ele>
        <time>2025-10-04T02:33:14.900000Z</time>
        <extensions>
          <gpxtpx:TrackPointExtension>
            <gpxtpx:hr>95</gpxtpx:hr>
          </gpxtpx:TrackPointExtension>
        </extensions>
      </trkpt>
      <trkpt lat="32.37674899371525" lon="119.41461029991423">
        <ele>10.634733960032463</ele>
        <time>2025-10-04T02:33:15.900000Z</time>
        <extensions>
          <gpxtpx:TrackPointExtension>
            <gpxtpx:hr>95</gpxtpx:hr>
          </gpxtpx:TrackPointExtension>
        </extensions>
      </trkpt>
      <trkpt lat="32.376712139234826" lon="119.4145545955248">
        <ele>10.633607637137175</ele>
        <time>2025-10-04T02:33:16.900000Z</time>
        <extensions>
          <gpxtpx:TrackPointExtension>
            <gpxtpx:hr>95</gpxtpx:hr>
          </gpxtpx:TrackPointExtension>
        </extensions>
      </trkpt>
      <trkpt lat="32.37667523470489" lon="119.4144987473965">
        <ele>10.632340781390667</ele>
        <time>2025-10-04T02:33:17.900000Z</time>
        <extensions>
          <gpxtpx:TrackPointExtension>
            <gpxtpx:hr>95</gpxtpx:hr>
          </gpxtpx:TrackPointExtension>
        </extensions>
      </trkpt>
      <trkpt lat="32.376638271717866" lon="119.41444284076807">
        <ele>10.630887693725526</ele>
        <time>2025-10-04T02:33:18.900000Z</time>
        <extensions>
          <gpxtpx:TrackPointExtension>
            <gpxtpx:hr>101</gpxtpx:hr>
          </gpxtpx:TrackPointExtension>
        </extensions>
      </trkpt>
      <trkpt lat="32.376601300823936" lon="119.41438700600033">
        <ele>10.62958680652082</ele>
        <time>2025-10-04T02:33:19.900000Z</time>
        <extensions>
          <gpxtpx:TrackPointExtension>
            <gpxtpx:hr>101</gpxtpx:hr>
          </gpxtpx:TrackPointExtension>
        </extensions>
      </trkpt>
      <trkpt lat="32.37656426281438" lon="119.41433110998906">
        <ele>10.628329343162477</ele>
        <time>2025-10-04T02:33:20.900000Z</time>
        <extensions>
          <gpxtpx:TrackPointExtension>
            <gpxtpx:hr>101</gpxtpx:hr>
          </gpxtpx:TrackPointExtension>
        </extensions>
      </trkpt>
      <trkpt lat="32.37652722833779" lon="119.4142752320926">
        <ele>10.6272386405617</ele>
        <time>2025-10-04T02:33:21.900000Z</time>
        <extensions>
          <gpxtpx:TrackPointExtension>
            <gpxtpx:hr>101</gpxtpx:hr>
          </gpxtpx:TrackPointExtension>
        </extensions>
      </trkpt>
      <trkpt lat="32.37649022498185" lon="119.4142193738007">
        <ele>10.626497180201113</ele>
        <time>2025-10-04T02:33:22.900000Z</time>
        <extensions>
          <gpxtpx:TrackPointExtension>
            <gpxtpx:hr>101</gpxtpx:hr>
          </gpxtpx:TrackPointExtension>
        </extensions>
      </trkpt>
      <trkpt lat="32.37645323598867" lon="119.41416355532537">
        <ele>10.626099595800042</ele>
        <time>2025-10-04T02:33:23.900000Z</time>
        <extensions>
          <gpxtpx:TrackPointExtension>
            <gpxtpx:hr>101</gpxtpx:hr>
          </gpxtpx:TrackPointExtension>
        </extensions>
      </trkpt>
      <trkpt lat="32.37641623619488" lon="119.41410778317122">
        <ele>10.626063543371856</ele>
        <time>2025-10-04T02:33:24.900000Z</time>
        <extensions>
          <gpxtpx:TrackPointExtension>
            <gpxtpx:hr>101</gpxtpx:hr>
          </gpxtpx:TrackPointExtension>
        </extensions>
      </trkpt>
      <trkpt lat="32.3763792373528" lon="119.41405211124057">
        <ele>10.626639670692384</ele>
        <time>2025-10-04T02:33:25.900000Z</time>
        <extensions>
          <gpxtpx:TrackPointExtension>
            <gpxtpx:hr>92</gpxtpx:hr>
          </gpxtpx:TrackPointExtension>
        </extensions>
      </trkpt>
      <trkpt lat="32.37634222748133" lon="119.41399650357478">
        <ele>10.627652583643794</ele>
        <time>2025-10-04T02:33:26.900000Z</time>
        <extensions>
          <gpxtpx:TrackPointExtension>
            <gpxtpx:hr>92</gpxtpx:hr>
          </gpxtpx:TrackPointExtension>
        </extensions>
      </trkpt>
      <trkpt lat="32.37630521994283" lon="119.41394098797288">
        <ele>10.629066546447575</ele>
        <time>2025-10-04T02:33:27.900000Z</time>
        <extensions>
          <gpxtpx:TrackPointExtension>
            <gpxtpx:hr>92</gpxtpx:hr>
          </gpxtpx:TrackPointExtension>
        </extensions>
      </trkpt>
      <trkpt lat="32.37626820760097" lon="119.41388557892131">
        <ele>10.630981182679534</ele>
        <time>2025-10-04T02:33:28.900000Z</time>
        <extensions>
          <gpxtpx:TrackPointExtension>
            <gpxtpx:hr>92</gpxtpx:hr>
          </gpxtpx:TrackPointExtension>
        </extensions>
      </trkpt>
      <trkpt lat="32.37623116936284" lon="119.41383030661775">
        <ele>10.633396862074733</ele>
        <time>2025-10-04T02:33:29.900000Z</time>
        <extensions>
          <gpxtpx:TrackPointExtension>
            <gpxtpx:hr>92</gpxtpx:hr>
          </gpxtpx:TrackPointExtension>
        </extensions>
      </trkpt>
      <trkpt lat="32.37619410736018" lon="119.41377520419721">
        <ele>10.636286780238152</ele>
        <time>2025-10-04T02:33:30.900000Z</time>
        <extensions>
          <gpxtpx:TrackPointExtension>
            <gpxtpx:hr>93</gpxtpx:hr>
          </gpxtpx:TrackPointExtension>
        </extensions>
      </trkpt>
      <trkpt lat="32.37615706412807" lon="119.41372041544852">
        <ele>10.63959376513958</ele>
        <time>2025-10-04T02:33:31.900000Z</time>
        <extensions>
          <gpxtpx:TrackPointExtension>
            <gpxtpx:hr>93</gpxtpx:hr>
          </gpxtpx:TrackPointExtension>
        </extensions>
      </trkpt>
      <trkpt lat="32.37612000524394" lon="119.41366586586392">
        <ele>10.643446744419634</ele>
        <time>2025-10-04T02:33:32.900000Z</time>
        <extensions>
          <gpxtpx:TrackPointExtension>
            <gpxtpx:hr>93</gpxtpx:hr>
          </gpxtpx:TrackPointExtension>
        </extensions>
      </trkpt>
      <trkpt lat="32.376082948858766" lon="119.4136115926949">
        <ele>10.647887086495757</ele>
        <time>2025-10-04T02:33:33.900000Z</time>
        <extensions>
          <gpxtpx:TrackPointExtension>
            <gpxtpx:hr>93</gpxtpx:hr>
          </gpxtpx:TrackPointExtension>
        </extensions>
      </trkpt>
      <trkpt lat="32.376045903819545" lon="119.4135575701204">
        <ele>10.652987219393253</ele>
        <time>2025-10-04T02:33:34.900000Z</time>
        <extensions>
          <gpxtpx:TrackPointExtension>
            <gpxtpx:hr>93</gpxtpx:hr>
          </gpxtpx:TrackPointExtension>
        </extensions>
      </trkpt>
      <trkpt lat="32.37600894084823" lon="119.41350388829558">
        <ele>10.658735573291779</ele>
        <time>2025-10-04T02:33:35.900000Z</time>
        <extensions>
          <gpxtpx:TrackPointExtension>
            <gpxtpx:hr>95</gpxtpx:hr>
          </gpxtpx:TrackPointExtension>
        </extensions>
      </trkpt>
      <trkpt lat="32.37597208408695" lon="119.41345052947165">
        <ele>10.665094200521708</ele>
        <time>2025-10-04T02:33:36.900000Z</time>
        <extensions>
          <gpxtpx:TrackPointExtension>
            <gpxtpx:hr>95</gpxtpx:hr>
          </gpxtpx:TrackPointExtension>
        </extensions>
      </trkpt>
      <trkpt lat="32.37593536477718" lon="119.41339751626292">
        <ele>10.672207361087203</ele>
        <time>2025-10-04T02:33:37.900000Z</time>
        <extensions>
          <gpxtpx:TrackPointExtension>
            <gpxtpx:hr>95</gpxtpx:hr>
          </gpxtpx:TrackPointExtension>
        </extensions>
      </trkpt>
      <trkpt lat="32.37589884004883" lon="119.41334487739081">
        <ele>10.68004731182009</ele>
        <time>2025-10-04T02:33:38.900000Z</time>
        <extensions>
          <gpxtpx:TrackPointExtension>
            <gpxtpx:hr>95</gpxtpx:hr>
          </gpxtpx:TrackPointExtension>
        </extensions>
      </trkpt>
      <trkpt lat="32.37586258441284" lon="119.41329262263827">
        <ele>10.688595968298614</ele>
        <time>2025-10-04T02:33:39.900000Z</time>
        <extensions>
          <gpxtpx:TrackPointExtension>
            <gpxtpx:hr>95</gpxtpx:hr>
          </gpxtpx:TrackPointExtension>
        </extensions>
      </trkpt>
      <trkpt lat="32.375826662999806" lon="119.41324075409587">
        <ele>10.697754268534482</ele>
        <time>2025-10-04T02:33:40.900000Z</time>
        <extensions>
          <gpxtpx:TrackPointExtension>
            <gpxtpx:hr>96</gpxtpx:hr>
          </gpxtpx:TrackPointExtension>
        </extensions>
      </trkpt>
      <trkpt lat="32.375791156994836" lon="119.41318931605021">
        <ele>10.70749179366976</ele>
        <time>2025-10-04T02:33:41.900000Z</time>
        <extensions>
          <gpxtpx:TrackPointExtension>
            <gpxtpx:hr>96</gpxtpx:hr>
          </gpxtpx:TrackPointExtension>
        </extensions>
      </trkpt>
      <trkpt lat="32.375756152240776" lon="119.41313829595572">
        <ele>10.717560482211411</ele>
        <time>2025-10-04T02:33:42.900000Z</time>
        <extensions>
          <gpxtpx:TrackPointExtension>
            <gpxtpx:hr>96</gpxtpx:hr>
          </gpxtpx:TrackPointExtension>
        </extensions>
      </trkpt>
      <trkpt lat="32.37572176594145" lon="119.41308772809998">
        <ele>10.727961715310812</ele>
        <time>2025-10-04T02:33:43.900000Z</time>
        <extensions>
          <gpxtpx:TrackPointExtension>
            <gpxtpx:hr>96</gpxtpx:hr>
          </gpxtpx:TrackPointExtension>
        </extensions>
      </trkpt>
      <trkpt lat="32.37568810853668" lon="119.41303764595462">
        <ele>10.73851228505373</ele>
        <time>2025-10-04T02:33:44.900000Z</time>
        <extensions>
          <gpxtpx:TrackPointExtension>
            <gpxtpx:hr>96</gpxtpx:hr>
          </gpxtpx:TrackPointExtension>
        </extensions>
      </trkpt>
      <trkpt lat="32.37565529178103" lon="119.41298807501614">
        <ele>10.749071230180562</ele>
        <time>2025-10-04T02:33:45.900000Z</time>
        <extensions>
          <gpxtpx:TrackPointExtension>
            <gpxtpx:hr>91</gpxtpx:hr>
          </gpxtpx:TrackPointExtension>
        </extensions>
      </trkpt>
      <trkpt lat="32.375623460592784" lon="119.4129389971071">
        <ele>10.759503827430308</ele>
        <time>2025-10-04T02:33:46.900000Z</time>
        <extensions>
          <gpxtpx:TrackPointExtension>
            <gpxtpx:hr>91</gpxtpx:hr>
          </gpxtpx:TrackPointExtension>
        </extensions>
      </trkpt>
      <trkpt lat="32.3755927450311" lon="119.41289038344085">
        <ele>10.769669218920171</ele>
        <time>2025-10-04T02:33:47.900000Z</time>
        <extensions>
          <gpxtpx:TrackPointExtension>
            <gpxtpx:hr>91</gpxtpx:hr>
          </gpxtpx:TrackPointExtension>
        </extensions>
      </trkpt>
      <trkpt lat="32.37556316356188" lon="119.41284230389194">
        <ele>10.779506456106901</ele>
        <time>2025-10-04T02:33:48.900000Z</time>
        <extensions>
          <gpxtpx:TrackPointExtension>
            <gpxtpx:hr>91</gpxtpx:hr>
          </gpxtpx:TrackPointExtension>
        </extensions>
      </trkpt>
      <trkpt lat="32.37553467284911" lon="119.41279492754255">
        <ele>10.788939691148698</ele>
        <time>2025-10-04T02:33:49.900000Z</time>
        <extensions>
          <gpxtpx:TrackPointExtension>
            <gpxtpx:hr>91</gpxtpx:hr>
          </gpxtpx:TrackPointExtension>
        </extensions>
      </trkpt>
      <trkpt lat="32.37550727568985" lon="119.41274843170666">
        <ele>10.797900387085974</ele>
        <time>2025-10-04T02:33:50.900000Z</time>
        <extensions>
          <gpxtpx:TrackPointExtension>
            <gpxtpx:hr>91</gpxtpx:hr>
          </gpxtpx:TrackPointExtension>
        </extensions>
      </trkpt>
      <trkpt lat="32.375481027801" lon="119.41270295472334">
        <ele>10.80634010862559</ele>
        <time>2025-10-04T02:33:51.900000Z</time>
        <extensions>
          <gpxtpx:TrackPointExtension>
            <gpxtpx:hr>91</gpxtpx:hr>
          </gpxtpx:TrackPointExtension>
        </extensions>
      </trkpt>
      <trkpt lat="32.375455962487344" lon="119.41265858538742">
        <ele>10.814219925552607</ele>
        <time>2025-10-04T02:33:52.900000Z</time>
        <extensions>
          <gpxtpx:TrackPointExtension>
            <gpxtpx:hr>91</gpxtpx:hr>
          </gpxtpx:TrackPointExtension>
        </extensions>
      </trkpt>
      <trkpt lat="32.375432067552225" lon="119.41261534799231">
        <ele>10.82151832897216</ele>
        <time>2025-10-04T02:33:53.900000Z</time>
        <extensions>
          <gpxtpx:TrackPointExtension>
            <gpxtpx:hr>91</gpxtpx:hr>
          </gpxtpx:TrackPointExtension>
        </extensions>
      </trkpt>
      <trkpt lat="32.375409325212956" lon="119.41257322462587">
        <ele>10.828176355920732</ele>
        <time>2025-10-04T02:33:54.900000Z</time>
        <extensions>
          <gpxtpx:TrackPointExtension>
            <gpxtpx:hr>91</gpxtpx:hr>
          </gpxtpx:TrackPointExtension>
        </extensions>
      </trkpt>
      <trkpt lat="32.37538772276757" lon="119.41253218335466">
        <ele>10.83417873736471</ele>
        <time>2025-10-04T02:33:55.900000Z</time>
        <extensions>
          <gpxtpx:TrackPointExtension>
            <gpxtpx:hr>91</gpxtpx:hr>
          </gpxtpx:TrackPointExtension>
        </extensions>
      </trkpt>
      <trkpt lat="32.37536725686436" lon="119.41249222665195">
        <ele>10.839519329369068</ele>
        <time>2025-10-04T02:33:56.900000Z</time>
        <extensions>
          <gpxtpx:TrackPointExtension>
            <gpxtpx:hr>91</gpxtpx:hr>
          </gpxtpx:TrackPointExtension>
        </extensions>
      </trkpt>
      <trkpt lat="32.375347909368514" lon="119.41245347408872">
        <ele>10.844196096993983</ele>
        <time>2025-10-04T02:33:57.900000Z</time>
        <extensions>
          <gpxtpx:TrackPointExtension>
            <gpxtpx:hr>91</gpxtpx:hr>
          </gpxtpx:TrackPointExtension>
        </extensions>
      </trkpt>
      <trkpt lat="32.375329653987166" lon="119.41241608484556">
        <ele>10.848204077221453</ele>
        <time>2025-10-04T02:33:58.900000Z</time>
        <extensions>
          <gpxtpx:TrackPointExtension>
            <gpxtpx:hr>91</gpxtpx:hr>
          </gpxtpx:TrackPointExtension>
        </extensions>
      </trkpt>
      <trkpt lat="32.37531250713069" lon="119.41238014827941">
        <ele>10.851602710783482</ele>
        <time>2025-10-04T02:33:59.900000Z</time>
        <extensions>
          <gpxtpx:TrackPointExtension>
            <gpxtpx:hr>90</gpxtpx:hr>
          </gpxtpx:TrackPointExtension>
        </extensions>
      </trkpt>
      <trkpt lat="32.37529649136101" lon="119.41234573909291">
        <ele>10.854309976100922</ele>
        <time>2025-10-04T02:34:00.900000Z</time>
        <extensions>
          <gpxtpx:TrackPointExtension>
            <gpxtpx:hr>90</gpxtpx:hr>
          </gpxtpx:TrackPointExtension>
        </extensions>
      </trkpt>
      <trkpt lat="32.37528158953497" lon="119.41231291508602">
        <ele>10.856299578212202</ele>
        <time>2025-10-04T02:34:01.900000Z</time>
        <extensions>
          <gpxtpx:TrackPointExtension>
            <gpxtpx:hr>90</gpxtpx:hr>
          </gpxtpx:TrackPointExtension>
        </extensions>
      </trkpt>
      <trkpt lat="32.37526775786645" lon="119.41228173346128">
        <ele>10.85763144493103</ele>
        <time>2025-10-04T02:34:02.900000Z</time>
        <extensions>
          <gpxtpx:TrackPointExtension>
            <gpxtpx:hr>90</gpxtpx:hr>
          </gpxtpx:TrackPointExtension>
        </extensions>
      </trkpt>
      <trkpt lat="32.375254965491315" lon="119.41225231669856">
        <ele>10.858332571573555</ele>
        <time>2025-10-04T02:34:03.900000Z</time>
        <extensions>
          <gpxtpx:TrackPointExtension>
            <gpxtpx:hr>90</gpxtpx:hr>
          </gpxtpx:TrackPointExtension>
        </extensions>
      </trkpt>
      <trkpt lat="32.37524324038674" lon="119.41222485294682">
        <ele>10.858436445705593</ele>
        <time>2025-10-04T02:34:04.900000Z</time>
        <extensions>
          <gpxtpx:TrackPointExtension>
            <gpxtpx:hr>90</gpxtpx:hr>
          </gpxtpx:TrackPointExtension>
        </extensions>
      </trkpt>
      <trkpt lat="32.37523264403143" lon="119.4121995507901">
        <ele>10.857975678518414</ele>
        <time>2025-10-04T02:34:05.900000Z</time>
        <extensions>
          <gpxtpx:TrackPointExtension>
            <gpxtpx:hr>90</gpxtpx:hr>
          </gpxtpx:TrackPointExtension>
        </extensions>
      </trkpt>
      <trkpt lat="32.37522318059561" lon="119.41217659865357">
        <ele>10.856985362246633</ele>
        <time>2025-10-04T02:34:06.900000Z</time>
        <extensions>
          <gpxtpx:TrackPointExtension>
            <gpxtpx:hr>91</gpxtpx:hr>
          </gpxtpx:TrackPointExtension>
        </extensions>
      </trkpt>
      <trkpt lat="32.37521481194112" lon="119.41215611220454">
        <ele>10.855506610125303</ele>
        <time>2025-10-04T02:34:07.900000Z</time>
        <extensions>
          <gpxtpx:TrackPointExtension>
            <gpxtpx:hr>91</gpxtpx:hr>
          </gpxtpx:TrackPointExtension>
        </extensions>
      </trkpt>
      <trkpt lat="32.375207493034004" lon="119.4121380656846">
        <ele>10.853581917472184</ele>
        <time>2025-10-04T02:34:08.900000Z</time>
        <extensions>
          <gpxtpx:TrackPointExtension>
            <gpxtpx:hr>91</gpxtpx:hr>
          </gpxtpx:TrackPointExtension>
        </extensions>
      </trkpt>
      <trkpt lat="32.3752011462808" lon="119.41212229641697">
        <ele>10.85125627182424</ele>
        <time>2025-10-04T02:34:09.900000Z</time>
        <extensions>
          <gpxtpx:TrackPointExtension>
            <gpxtpx:hr>92</gpxtpx:hr>
          </gpxtpx:TrackPointExtension>
        </extensions>
      </trkpt>
      <trkpt lat="32.37519567985516" lon="119.4121086037059">
        <ele>10.848580898717046</ele>
        <time>2025-10-04T02:34:10.900000Z</time>
        <extensions>
          <gpxtpx:TrackPointExtension>
            <gpxtpx:hr>92</gpxtpx:hr>
          </gpxtpx:TrackPointExtension>
        </extensions>
      </trkpt>
      <trkpt lat="32.375191004959106" lon="119.41209679110007">
        <ele>10.845611494034529</ele>
        <time>2025-10-04T02:34:11.900000Z</time>
        <extensions>
          <gpxtpx:TrackPointExtension>
            <gpxtpx:hr>92</gpxtpx:hr>
          </gpxtpx:TrackPointExtension>
        </extensions>
      </trkpt>
      <trkpt lat="32.37518703193543" lon="119.41208665731823">
        <ele>10.842407800257206</ele>
        <time>2025-10-04T02:34:12.900000Z</time>
        <extensions>
          <gpxtpx:TrackPointExtension>
            <gpxtpx:hr>92</gpxtpx:hr>
          </gpxtpx:TrackPointExtension>
        </extensions>
      </trkpt>
      <trkpt lat="32.375183681697145" lon="119.41207801807965">
        <ele>10.838920759037137</ele>
        <time>2025-10-04T02:34:13.900000Z</time>
        <extensions>
          <gpxtpx:TrackPointExtension>
            <gpxtpx:hr>91</gpxtpx:hr>
          </gpxtpx:TrackPointExtension>
        </extensions>
      </trkpt>
      <trkpt lat="32.375180878608674" lon="119.41207070570208">
        <ele>10.835344333201647</ele>
        <time>2025-10-04T02:34:14.900000Z</time>
        <extensions>
          <gpxtpx:TrackPointExtension>
            <gpxtpx:hr>91</gpxtpx:hr>
          </gpxtpx:TrackPointExtension>
        </extensions>
      </trkpt>
      <trkpt lat="32.375178556715476" lon="119.4120645709423">
        <ele>10.831732705235481</ele>
        <time>2025-10-04T02:34:15.900000Z</time>
        <extensions>
          <gpxtpx:TrackPointExtension>
            <gpxtpx:hr>91</gpxtpx:hr>
          </gpxtpx:TrackPointExtension>
        </extensions>
      </trkpt>
      <trkpt lat="32.37517666561808" lon="119.41205950430711">
        <ele>10.828281350433826</ele>
        <time>2025-10-04T02:34:16.900000Z</time>
        <extensions>
          <gpxtpx:TrackPointExtension>
            <gpxtpx:hr>91</gpxtpx:hr>
          </gpxtpx:TrackPointExtension>
        </extensions>
      </trkpt>
      <trkpt lat="32.375175144991964" lon="119.41205539140503">
        <ele>10.824866917915642</ele>
        <time>2025-10-04T02:34:17.900000Z</time>
        <extensions>
          <gpxtpx:TrackPointExtension>
            <gpxtpx:hr>91</gpxtpx:hr>
          </gpxtpx:TrackPointExtension>
        </extensions>
      </trkpt>
      <trkpt lat="32.375173931438354" lon="119.4120521021506">
        <ele>10.821728844195604</ele>
        <time>2025-10-04T02:34:18.900000Z</time>
        <extensions>
          <gpxtpx:TrackPointExtension>
            <gpxtpx:hr>92</gpxtpx:hr>
          </gpxtpx:TrackPointExtension>
        </extensions>
      </trkpt>
      <trkpt lat="32.375173004089454" lon="119.41204948660787">
        <ele>10.818515026941895</ele>
        <time>2025-10-04T02:34:19.900000Z</time>
        <extensions>
          <gpxtpx:TrackPointExtension>
            <gpxtpx:hr>92</gpxtpx:hr>
          </gpxtpx:TrackPointExtension>
        </extensions>
      </trkpt>
      <trkpt lat="32.37517232000353" lon="119.4120474843815">
        <ele>10.8153952723369</ele>
        <time>2025-10-04T02:34:20.900000Z</time>
        <extensions>
          <gpxtpx:TrackPointExtension>
            <gpxtpx:hr>92</gpxtpx:hr>
          </gpxtpx:TrackPointExtension>
        </extensions>
      </trkpt>
      <trkpt lat="32.375171840299366" lon="119.41204601315744">
        <ele>10.812373074702919</ele>
        <time>2025-10-04T02:34:21.900000Z</time>
        <extensions>
          <gpxtpx:TrackPointExtension>
            <gpxtpx:hr>92</gpxtpx:hr>
          </gpxtpx:TrackPointExtension>
        </extensions>
      </trkpt>
      <trkpt lat="32.37517153557853" lon="119.41204500612609">
        <ele>10.809359353967011</ele>
        <time>2025-10-04T02:34:22.900000Z</time>
        <extensions>
          <gpxtpx:TrackPointExtension>
            <gpxtpx:hr>92</gpxtpx:hr>
          </gpxtpx:TrackPointExtension>
        </extensions>
      </trkpt>
      <trkpt lat="32.37517137888395" lon="119.41204442163422">
        <ele>10.80641424562782</ele>
        <time>2025-10-04T02:34:23.900000Z</time>
        <extensions>
          <gpxtpx:TrackPointExtension>
            <gpxtpx:hr>93</gpxtpx:hr>
          </gpxtpx:TrackPointExtension>
        </extensions>
      </trkpt>
      <trkpt lat="32.37517135053881" lon="119.4120441777772">
        <ele>10.803539494983852</ele>
        <time>2025-10-04T02:34:24.900000Z</time>
        <extensions>
          <gpxtpx:TrackPointExtension>
            <gpxtpx:hr>93</gpxtpx:hr>
          </gpxtpx:TrackPointExtension>
        </extensions>
      </trkpt>
      <trkpt lat="32.37517142955257" lon="119.41204423874989">
        <ele>10.800743858329952</ele>
        <time>2025-10-04T02:34:25.900000Z</time>
        <extensions>
          <gpxtpx:TrackPointExtension>
            <gpxtpx:hr>93</gpxtpx:hr>
          </gpxtpx:TrackPointExtension>
        </extensions>
      </trkpt>
      <trkpt lat="32.37517159741126" lon="119.41204455890791">
        <ele>10.79800465144217</ele>
        <time>2025-10-04T02:34:26.900000Z</time>
        <extensions>
          <gpxtpx:TrackPointExtension>
            <gpxtpx:hr>93</gpxtpx:hr>
          </gpxtpx:TrackPointExtension>
        </extensions>
      </trkpt>
      <trkpt lat="32.37517183771955" lon="119.4120450974198">
        <ele>10.79529728461057</ele>
        <time>2025-10-04T02:34:27.900000Z</time>
        <extensions>
          <gpxtpx:TrackPointExtension>
            <gpxtpx:hr>93</gpxtpx:hr>
          </gpxtpx:TrackPointExtension>
        </extensions>
      </trkpt>
      <trkpt lat="32.37517213589132" lon="119.41204581751778">
        <ele>10.792601800523698</ele>
        <time>2025-10-04T02:34:28.900000Z</time>
        <extensions>
          <gpxtpx:TrackPointExtension>
            <gpxtpx:hr>94</gpxtpx:hr>
          </gpxtpx:TrackPointExtension>
        </extensions>
      </trkpt>
      <trkpt lat="32.375172480206345" lon="119.41204669767862">
        <ele>10.78987236879766</ele>
        <time>2025-10-04T02:34:29.900000Z</time>
        <extensions>
          <gpxtpx:TrackPointExtension>
            <gpxtpx:hr>94</gpxtpx:hr>
          </gpxtpx:TrackPointExtension>
        </extensions>
      </trkpt>
      <trkpt lat="32.37517285900512" lon="119.41204768639557">
        <ele>10.787127765826881</ele>
        <time>2025-10-04T02:34:30.900000Z</time>
        <extensions>
          <gpxtpx:TrackPointExtension>
            <gpxtpx:hr>94</gpxtpx:hr>
          </gpxtpx:TrackPointExtension>
        </extensions>
      </trkpt>
      <trkpt lat="32.375173259654815" lon="119.4120487747565">
        <ele>10.784452423453331</ele>
        <time>2025-10-04T02:34:31.900000Z</time>
        <extensions>
          <gpxtpx:TrackPointExtension>
            <gpxtpx:hr>94</gpxtpx:hr>
          </gpxtpx:TrackPointExtension>
        </extensions>
      </trkpt>
      <trkpt lat="32.375173676479406" lon="119.41204993666804">
        <ele>10.781763629056513</ele>
        <time>2025-10-04T02:34:32.900000Z</time>
        <extensions>
          <gpxtpx:TrackPointExtension>
            <gpxtpx:hr>94</gpxtpx:hr>
          </gpxtpx:TrackPointExtension>
        </extensions>
      </trkpt>
      <trkpt lat="32.3751741026561" lon="119.41205115337475">
        <ele>10.779063079506159</ele>
        <time>2025-10-04T02:34:33.900000Z</time>
        <extensions>
          <gpxtpx:TrackPointExtension>
            <gpxtpx:hr>94</gpxtpx:hr>
          </gpxtpx:TrackPointExtension>
        </extensions>
      </trkpt>
      <trkpt lat="32.375174531307024" lon="119.4120524057128">
        <ele>10.776353185996413</ele>
        <time>2025-10-04T02:34:34.900000Z</time>
        <extensions>
          <gpxtpx:TrackPointExtension>
            <gpxtpx:hr>94</gpxtpx:hr>
          </gpxtpx:TrackPointExtension>
        </extensions>
      </trkpt>
      <trkpt lat="32.37517495650232" lon="119.41205367666308">
        <ele>10.773636433295906</ele>
        <time>2025-10-04T02:34:35.900000Z</time>
        <extensions>
          <gpxtpx:TrackPointExtension>
            <gpxtpx:hr>94</gpxtpx:hr>
          </gpxtpx:TrackPointExtension>
        </extensions>
      </trkpt>
      <trkpt lat="32.37517537325172" lon="119.41205495136907">
        <ele>10.770913445390761</ele>
        <time>2025-10-04T02:34:36.900000Z</time>
        <extensions>
          <gpxtpx:TrackPointExtension>
            <gpxtpx:hr>94</gpxtpx:hr>
          </gpxtpx:TrackPointExtension>
        </extensions>
      </trkpt>
      <trkpt lat="32.375175777002404" lon="119.41205621553287">
        <ele>10.768186797387898</ele>
        <time>2025-10-04T02:34:37.900000Z</time>
        <extensions>
          <gpxtpx:TrackPointExtension>
            <gpxtpx:hr>94</gpxtpx:hr>
          </gpxtpx:TrackPointExtension>
        </extensions>
      </trkpt>
      <trkpt lat="32.375176164632286" lon="119.41205745859249">
        <ele>10.765456627123058</ele>
        <time>2025-10-04T02:34:38.900000Z</time>
        <extensions>
          <gpxtpx:TrackPointExtension>
            <gpxtpx:hr>94</gpxtpx:hr>
          </gpxtpx:TrackPointExtension>
        </extensions>
      </trkpt>
      <trkpt lat="32.3751765340262" lon="119.41205867271144">
        <ele>10.762725722976029</ele>
        <time>2025-10-04T02:34:39.900000Z</time>
        <extensions>
          <gpxtpx:TrackPointExtension>
            <gpxtpx:hr>94</gpxtpx:hr>
          </gpxtpx:TrackPointExtension>
        </extensions>
      </trkpt>
      <trkpt lat="32.375176884221865" lon="119.41205985342256">
        <ele>10.75999960117042</ele>
        <time>2025-10-04T02:34:40.900000Z</time>
        <extensions>
          <gpxtpx:TrackPointExtension>
            <gpxtpx:hr>94</gpxtpx:hr>
          </gpxtpx:TrackPointExtension>
        </extensions>
      </trkpt>
      <trkpt lat="32.37517721469273" lon="119.41206099727144">
        <ele>10.757286841981113</ele>
        <time>2025-10-04T02:34:41.900000Z</time>
        <extensions>
          <gpxtpx:TrackPointExtension>
            <gpxtpx:hr>90</gpxtpx:hr>
          </gpxtpx:TrackPointExtension>
        </extensions>
      </trkpt>
      <trkpt lat="32.37517752450653" lon="119.41206209889576">
        <ele>10.75459917448461</ele>
        <time>2025-10-04T02:34:42.900000Z</time>
        <extensions>
          <gpxtpx:TrackPointExtension>
            <gpxtpx:hr>90</gpxtpx:hr>
          </gpxtpx:TrackPointExtension>
        </extensions>
      </trkpt>
      <trkpt lat="32.37517781281939" lon="119.41206315274522">
        <ele>10.75195116084069</ele>
        <time>2025-10-04T02:34:43.900000Z</time>
        <extensions>
          <gpxtpx:TrackPointExtension>
            <gpxtpx:hr>90</gpxtpx:hr>
          </gpxtpx:TrackPointExtension>
        </extensions>
      </trkpt>
      <trkpt lat="32.37517807917662" lon="119.41206415432688">
        <ele>10.749358813278377</ele>
        <time>2025-10-04T02:34:44.900000Z</time>
        <extensions>
          <gpxtpx:TrackPointExtension>
            <gpxtpx:hr>90</gpxtpx:hr>
          </gpxtpx:TrackPointExtension>
        </extensions>
      </trkpt>
      <trkpt lat="32.37517832323876" lon="119.41206509947307">
        <ele>10.746838010847569</ele>
        <time>2025-10-04T02:34:45.900000Z</time>
        <extensions>
          <gpxtpx:TrackPointExtension>
            <gpxtpx:hr>90</gpxtpx:hr>
          </gpxtpx:TrackPointExtension>
        </extensions>
      </trkpt>
      <trkpt lat="32.375178544819285" lon="119.41206598447079">
        <ele>10.744404102675617</ele>
        <time>2025-10-04T02:34:46.900000Z</time>
        <extensions>
          <gpxtpx:TrackPointExtension>
            <gpxtpx:hr>90</gpxtpx:hr>
          </gpxtpx:TrackPointExtension>
        </extensions>
      </trkpt>
      <trkpt lat="32.375178744012246" lon="119.41206680636631">
        <ele>10.742072242312133</ele>
        <time>2025-10-04T02:34:47.900000Z</time>
        <extensions>
          <gpxtpx:TrackPointExtension>
            <gpxtpx:hr>93</gpxtpx:hr>
          </gpxtpx:TrackPointExtension>
        </extensions>
      </trkpt>
      <trkpt lat="32.37517892116226" lon="119.41206756282865">
        <ele>10.739857670851052</ele>
        <time>2025-10-04T02:34:48.900000Z</time>
        <extensions>
          <gpxtpx:TrackPointExtension>
            <gpxtpx:hr>93</gpxtpx:hr>
          </gpxtpx:TrackPointExtension>
        </extensions>
      </trkpt>
      <trkpt lat="32.375179076853726" lon="119.41206825209353">
        <ele>10.737776170484722</ele>
        <time>2025-10-04T02:34:49.900000Z</time>
        <extensions>
          <gpxtpx:TrackPointExtension>
            <gpxtpx:hr>93</gpxtpx:hr>
          </gpxtpx:TrackPointExtension>
        </extensions>
      </trkpt>
      <trkpt lat="32.375179211836326" lon="119.41206887282304">
        <ele>10.735842601396143</ele>
        <time>2025-10-04T02:34:50.900000Z</time>
        <extensions>
          <gpxtpx:TrackPointExtension>
            <gpxtpx:hr>93</gpxtpx:hr>
          </gpxtpx:TrackPointExtension>
        </extensions>
      </trkpt>
      <trkpt lat="32.375179326901694" lon="119.4120694239652">
        <ele>10.734067750163376</ele>
        <time>2025-10-04T02:34:51.900000Z</time>
        <extensions>
          <gpxtpx:TrackPointExtension>
            <gpxtpx:hr>93</gpxtpx:hr>
          </gpxtpx:TrackPointExtension>
        </extensions>
      </trkpt>
      <trkpt lat="32.375179422872264" lon="119.41206990489208">
        <ele>10.73245778027922</ele>
        <time>2025-10-04T02:34:52.900000Z</time>
        <extensions>
          <gpxtpx:TrackPointExtension>
            <gpxtpx:hr>93</gpxtpx:hr>
          </gpxtpx:TrackPointExtension>
        </extensions>
      </trkpt>
      <trkpt lat="32.37517950058707" lon="119.41207031531654">
        <ele>10.731016271747649</ele>
        <time>2025-10-04T02:34:53.900000Z</time>
        <extensions>
          <gpxtpx:TrackPointExtension>
            <gpxtpx:hr>93</gpxtpx:hr>
          </gpxtpx:TrackPointExtension>
        </extensions>
      </trkpt>
      <trkpt lat="32.37517956088842" lon="119.41207065520727">
        <ele>10.7297453423962</ele>
        <time>2025-10-04T02:34:54.900000Z</time>
        <extensions>
          <gpxtpx:TrackPointExtension>
            <gpxtpx:hr>92</gpxtpx:hr>
          </gpxtpx:TrackPointExtension>
        </extensions>
      </trkpt>
      <trkpt lat="32.3751796046185" lon="119.412070924746">
        <ele>10.728645791299641</ele>
        <time>2025-10-04T02:34:55.900000Z</time>
        <extensions>
          <gpxtpx:TrackPointExtension>
            <gpxtpx:hr>92</gpxtpx:hr>
          </gpxtpx:TrackPointExtension>
        </extensions>
      </trkpt>
      <trkpt lat="32.37517963261991" lon="119.41207112430492">
        <ele>10.72771724127233</ele>
        <time>2025-10-04T02:34:56.900000Z</time>
        <extensions>
          <gpxtpx:TrackPointExtension>
            <gpxtpx:hr>92</gpxtpx:hr>
          </gpxtpx:TrackPointExtension>
        </extensions>
      </trkpt>
      <trkpt lat="32.3751796457365" lon="119.41207125442813">
        <ele>10.7269582208246</ele>
        <time>2025-10-04T02:34:57.900000Z</time>
        <extensions>
          <gpxtpx:TrackPointExtension>
            <gpxtpx:hr>92</gpxtpx:hr>
          </gpxtpx:TrackPointExtension>
        </extensions>
      </trkpt>
      <trkpt lat="32.37517964481436" lon="119.41207131581942">
        <ele>10.726366278715432</ele>
        <time>2025-10-04T02:34:58.900000Z</time>
        <extensions>
          <gpxtpx:TrackPointExtension>
            <gpxtpx:hr>92</gpxtpx:hr>
          </gpxtpx:TrackPointExtension>
        </extensions>
      </trkpt>
      <trkpt lat="32.375179630702" lon="119.4120713093185">
        <ele>10.725938010960817</ele>
        <time>2025-10-04T02:34:59.900000Z</time>
        <extensions>
          <gpxtpx:TrackPointExtension>
            <gpxtpx:hr>92</gpxtpx:hr>
          </gpxtpx:TrackPointExtension>
        </extensions>
      </trkpt>
      <trkpt lat="32.375179604246696" lon="119.41207123585714">
        <ele>10.725669104605913</ele>
        <time>2025-10-04T02:35:00.900000Z</time>
        <extensions>
          <gpxtpx:TrackPointExtension>
            <gpxtpx:hr>92</gpxtpx:hr>
          </gpxtpx:TrackPointExtension>
        </extensions>
      </trkpt>
      <trkpt lat="32.375179566298755" lon="119.41207109645113">
        <ele>10.725554344244301</ele>
        <time>2025-10-04T02:35:01.900000Z</time>
        <extensions>
          <gpxtpx:TrackPointExtension>
            <gpxtpx:hr>92</gpxtpx:hr>
          </gpxtpx:TrackPointExtension>
        </extensions>
      </trkpt>
      <trkpt lat="32.375179517720944" lon="119.41207089220627">
        <ele>10.725587597116828</ele>
        <time>2025-10-04T02:35:02.900000Z</time>
        <extensions>
          <gpxtpx:TrackPointExtension>
            <gpxtpx:hr>92</gpxtpx:hr>
          </gpxtpx:TrackPointExtension>
        </extensions>
      </trkpt>
      <trkpt lat="32.37517945934132" lon="119.41207062409119">
        <ele>10.725761766545475</ele>
        <time>2025-10-04T02:35:03.900000Z</time>
        <extensions>
          <gpxtpx:TrackPointExtension>
            <gpxtpx:hr>94</gpxtpx:hr>
          </gpxtpx:TrackPointExtension>
        </extensions>
      </trkpt>
      <trkpt lat="32.37517939225889" lon="119.41207029397908">
        <ele>10.726071572862566</ele>
        <time>2025-10-04T02:35:04.900000Z</time>
        <extensions>
          <gpxtpx:TrackPointExtension>
            <gpxtpx:hr>94</gpxtpx:hr>
          </gpxtpx:TrackPointExtension>
        </extensions>
      </trkpt>
      <trkpt lat="32.375179317564" lon="119.41206990421101">
        <ele>10.726518988609314</ele>
        <time>2025-10-04T02:35:05.900000Z</time>
        <extensions>
          <gpxtpx:TrackPointExtension>
            <gpxtpx:hr>94</gpxtpx:hr>
          </gpxtpx:TrackPointExtension>
        </extensions>
      </trkpt>
      <trkpt lat="32.37517923595732" lon="119.41206945658013">
        <ele>10.727115815505385</ele>
        <time>2025-10-04T02:35:06.900000Z</time>
        <extensions>
          <gpxtpx:TrackPointExtension>
            <gpxtpx:hr>94</gpxtpx:hr>
          </gpxtpx:TrackPointExtension>
        </extensions>
      </trkpt>
      <trkpt lat="32.37517915026032" lon="119.41206895909735">
        <ele>10.727880062535405</ele>
        <time>2025-10-04T02:35:07.900000Z</time>
        <extensions>
          <gpxtpx:TrackPointExtension>
            <gpxtpx:hr>94</gpxtpx:hr>
          </gpxtpx:TrackPointExtension>
        </extensions>
      </trkpt>
      <trkpt lat="32.37517906578989" lon="119.41206843163779">
        <ele>10.728829166851938</ele>
        <time>2025-10-04T02:35:08.900000Z</time>
        <extensions>
          <gpxtpx:TrackPointExtension>
            <gpxtpx:hr>95</gpxtpx:hr>
          </gpxtpx:TrackPointExtension>
        </extensions>
      </trkpt>
      <trkpt lat="32.37517898409797" lon="119.4120678998925">
        <ele>10.729971916414797</ele>
        <time>2025-10-04T02:35:09.900000Z</time>
        <extensions>
          <gpxtpx:TrackPointExtension>
            <gpxtpx:hr>95</gpxtpx:hr>
          </gpxtpx:TrackPointExtension>
        </extensions>
      </trkpt>
      <trkpt lat="32.37517890395433" lon="119.41206737794772">
        <ele>10.731302306987345</ele>
        <time>2025-10-04T02:35:10.900000Z</time>
        <extensions>
          <gpxtpx:TrackPointExtension>
            <gpxtpx:hr>95</gpxtpx:hr>
          </gpxtpx:TrackPointExtension>
        </extensions>
      </trkpt>
      <trkpt lat="32.375178825546676" lon="119.41206686662065">
        <ele>10.732801986858249</ele>
        <time>2025-10-04T02:35:11.900000Z</time>
        <extensions>
          <gpxtpx:TrackPointExtension>
            <gpxtpx:hr>95</gpxtpx:hr>
          </gpxtpx:TrackPointExtension>
        </extensions>
      </trkpt>
      <trkpt lat="32.37517874912023" lon="119.41206636409962">
        <ele>10.734444391913712</ele>
        <time>2025-10-04T02:35:12.900000Z</time>
        <extensions>
          <gpxtpx:TrackPointExtension>
            <gpxtpx:hr>95</gpxtpx:hr>
          </gpxtpx:TrackPointExtension>
        </extensions>
      </trkpt>
      <trkpt lat="32.375178674768776" lon="119.41206586867077">
        <ele>10.73619734402746</ele>
        <time>2025-10-04T02:35:13.900000Z</time>
        <extensions>
          <gpxtpx:TrackPointExtension>
            <gpxtpx:hr>95</gpxtpx:hr>
          </gpxtpx:TrackPointExtension>
        </extensions>
      </trkpt>
      <trkpt lat="32.37517860220057" lon="119.41206538312245">
        <ele>10.738028372637928</ele>
        <time>2025-10-04T02:35:14.900000Z</time>
        <extensions>
          <gpxtpx:TrackPointExtension>
            <gpxtpx:hr>95</gpxtpx:hr>
          </gpxtpx:TrackPointExtension>
        </extensions>
      </trkpt>
      <trkpt lat="32.37517853111858" lon="119.41206490920975">
        <ele>10.739908886142075</ele>
        <time>2025-10-04T02:35:15.900000Z</time>
        <extensions>
          <gpxtpx:TrackPointExtension>
            <gpxtpx:hr>95</gpxtpx:hr>
          </gpxtpx:TrackPointExtension>
        </extensions>
      </trkpt>
      <trkpt lat="32.375178461504866" lon="119.41206444424019">
        <ele>10.741815770976245</ele>
        <time>2025-10-04T02:35:16.900000Z</time>
        <extensions>
          <gpxtpx:TrackPointExtension>
            <gpxtpx:hr>95</gpxtpx:hr>
          </gpxtpx:TrackPointExtension>
        </extensions>
      </trkpt>
      <trkpt lat="32.3751783933112" lon="119.41206398543373">
        <ele>10.7437315993011</ele>
        <time>2025-10-04T02:35:17.900000Z</time>
        <extensions>
          <gpxtpx:TrackPointExtension>
            <gpxtpx:hr>95</gpxtpx:hr>
          </gpxtpx:TrackPointExtension>
        </extensions>
      </trkpt>
      <trkpt lat="32.37517832645046" lon="119.4120635298493">
        <ele>10.74564431514591</ele>
        <time>2025-10-04T02:35:18.900000Z</time>
        <extensions>
          <gpxtpx:TrackPointExtension>
            <gpxtpx:hr>95</gpxtpx:hr>
          </gpxtpx:TrackPointExtension>
        </extensions>
      </trkpt>
      <trkpt lat="32.375178260775904" lon="119.4120630742253">
        <ele>10.747546941973269</ele>
        <time>2025-10-04T02:35:19.900000Z</time>
        <extensions>
          <gpxtpx:TrackPointExtension>
            <gpxtpx:hr>95</gpxtpx:hr>
          </gpxtpx:TrackPointExtension>
        </extensions>
      </trkpt>
      <trkpt lat="32.37517819579533" lon="119.41206261903322">
        <ele>10.749438175931573</ele>
        <time>2025-10-04T02:35:20.900000Z</time>
        <extensions>
          <gpxtpx:TrackPointExtension>
            <gpxtpx:hr>95</gpxtpx:hr>
          </gpxtpx:TrackPointExtension>
        </extensions>
      </trkpt>
    </trkseg>
  </trk>
</gpx>