<?xml version="1.0" encoding="UTF-8"?>
<gpx xmlns="http://www.topografix.com/GPX/1/1" xmlns:gpxtpx="http://www.garmin.com/xmlschemas/TrackPointExtension/v1" xmlns:xsi="http://www.w3.org/2001/XMLSchema-instance" xsi:schemaLocation="http://www.topografix.com/GPX/1/1 http://www.topografix.com/GPX/1/1/gpx.xsd" version="1.1" creator="gpx.py -- https://github.com/tkrajina/gpxpy">
  <trk>
    <name>gpx from keep</name>
    <type>Walk</type>
    <trkseg>
      <trkpt lat="31.92282527948856" lon="120.58461105230349">
        <ele>5.782904523424804</ele>
        <time>2025-09-16T11:44:30Z</time>
        <extensions>
          <gpxtpx:TrackPointExtension>
            <gpxtpx:hr>167</gpxtpx:hr>
          </gpxtpx:TrackPointExtension>
        </extensions>
      </trkpt>
      <trkpt lat="31.92283638085761" lon="120.58461837389072">
        <ele>5.809418122284114</ele>
        <time>2025-09-16T11:44:31Z</time>
        <extensions>
          <gpxtpx:TrackPointExtension>
            <gpxtpx:hr>167</gpxtpx:hr>
          </gpxtpx:TrackPointExtension>
        </extensions>
      </trkpt>
      <trkpt lat="31.9228471504082" lon="120.584625798027">
        <ele>5.847704529762268</ele>
        <time>2025-09-16T11:44:32Z</time>
        <extensions>
          <gpxtpx:TrackPointExtension>
            <gpxtpx:hr>167</gpxtpx:hr>
          </gpxtpx:TrackPointExtension>
        </extensions>
      </trkpt>
      <trkpt lat="31.922857881158635" lon="120.5846328742595">
        <ele>5.882172605954111</ele>
        <time>2025-09-16T11:44:33Z</time>
        <extensions>
          <gpxtpx:TrackPointExtension>
            <gpxtpx:hr>168</gpxtpx:hr>
          </gpxtpx:TrackPointExtension>
        </extensions>
      </trkpt>
      <trkpt lat="31.92286938396149" lon="120.58463961183791">
        <ele>5.909346711821854</ele>
        <time>2025-09-16T11:44:34Z</time>
        <extensions>
          <gpxtpx:TrackPointExtension>
            <gpxtpx:hr>168</gpxtpx:hr>
          </gpxtpx:TrackPointExtension>
        </extensions>
      </trkpt>
      <trkpt lat="31.922880983227206" lon="120.58464490354264">
        <ele>5.929957609623671</ele>
        <time>2025-09-16T11:44:35Z</time>
        <extensions>
          <gpxtpx:TrackPointExtension>
            <gpxtpx:hr>168</gpxtpx:hr>
          </gpxtpx:TrackPointExtension>
        </extensions>
      </trkpt>
      <trkpt lat="31.92289201350733" lon="120.58464954865123">
        <ele>5.9467245526611805</ele>
        <time>2025-09-16T11:44:36Z</time>
        <extensions>
          <gpxtpx:TrackPointExtension>
            <gpxtpx:hr>168</gpxtpx:hr>
          </gpxtpx:TrackPointExtension>
        </extensions>
      </trkpt>
      <trkpt lat="31.922902467774065" lon="120.58465518989087">
        <ele>5.9621836030855775</ele>
        <time>2025-09-16T11:44:37Z</time>
        <extensions>
          <gpxtpx:TrackPointExtension>
            <gpxtpx:hr>169</gpxtpx:hr>
          </gpxtpx:TrackPointExtension>
        </extensions>
      </trkpt>
      <trkpt lat="31.922912609961035" lon="120.58466171604661">
        <ele>5.976835950277746</ele>
        <time>2025-09-16T11:44:38Z</time>
        <extensions>
          <gpxtpx:TrackPointExtension>
            <gpxtpx:hr>169</gpxtpx:hr>
          </gpxtpx:TrackPointExtension>
        </extensions>
      </trkpt>
      <trkpt lat="31.92292296534023" lon="120.58466875088183">
        <ele>5.985316451638937</ele>
        <time>2025-09-16T11:44:39Z</time>
        <extensions>
          <gpxtpx:TrackPointExtension>
            <gpxtpx:hr>169</gpxtpx:hr>
          </gpxtpx:TrackPointExtension>
        </extensions>
      </trkpt>
      <trkpt lat="31.922933561530296" lon="120.58467607715104">
        <ele>5.987785719335079</ele>
        <time>2025-09-16T11:44:40Z</time>
        <extensions>
          <gpxtpx:TrackPointExtension>
            <gpxtpx:hr>169</gpxtpx:hr>
          </gpxtpx:TrackPointExtension>
        </extensions>
      </trkpt>
      <trkpt lat="31.922944296171995" lon="120.58468394945442">
        <ele>5.9892601408064365</ele>
        <time>2025-09-16T11:44:41Z</time>
        <extensions>
          <gpxtpx:TrackPointExtension>
            <gpxtpx:hr>169</gpxtpx:hr>
          </gpxtpx:TrackPointExtension>
        </extensions>
      </trkpt>
      <trkpt lat="31.922955226772178" lon="120.58469271676807">
        <ele>5.98541737254709</ele>
        <time>2025-09-16T11:44:42Z</time>
        <extensions>
          <gpxtpx:TrackPointExtension>
            <gpxtpx:hr>169</gpxtpx:hr>
          </gpxtpx:TrackPointExtension>
        </extensions>
      </trkpt>
      <trkpt lat="31.92296605834433" lon="120.58470239219899">
        <ele>5.984232344664633</ele>
        <time>2025-09-16T11:44:43Z</time>
        <extensions>
          <gpxtpx:TrackPointExtension>
            <gpxtpx:hr>166</gpxtpx:hr>
          </gpxtpx:TrackPointExtension>
        </extensions>
      </trkpt>
      <trkpt lat="31.922975922298164" lon="120.58471219022972">
        <ele>5.983484040014446</ele>
        <time>2025-09-16T11:44:44Z</time>
        <extensions>
          <gpxtpx:TrackPointExtension>
            <gpxtpx:hr>166</gpxtpx:hr>
          </gpxtpx:TrackPointExtension>
        </extensions>
      </trkpt>
      <trkpt lat="31.922985462654268" lon="120.5847216007732">
        <ele>5.978608854115009</ele>
        <time>2025-09-16T11:44:45Z</time>
        <extensions>
          <gpxtpx:TrackPointExtension>
            <gpxtpx:hr>166</gpxtpx:hr>
          </gpxtpx:TrackPointExtension>
        </extensions>
      </trkpt>
      <trkpt lat="31.922995722659287" lon="120.58473076687159">
        <ele>5.975669972598553</ele>
        <time>2025-09-16T11:44:46Z</time>
        <extensions>
          <gpxtpx:TrackPointExtension>
            <gpxtpx:hr>166</gpxtpx:hr>
          </gpxtpx:TrackPointExtension>
        </extensions>
      </trkpt>
      <trkpt lat="31.92300636739306" lon="120.58474016531865">
        <ele>5.9790780413895845</ele>
        <time>2025-09-16T11:44:47Z</time>
        <extensions>
          <gpxtpx:TrackPointExtension>
            <gpxtpx:hr>166</gpxtpx:hr>
          </gpxtpx:TrackPointExtension>
        </extensions>
      </trkpt>
      <trkpt lat="31.923017118807252" lon="120.58475011849775">
        <ele>5.971331654116511</ele>
        <time>2025-09-16T11:44:48Z</time>
        <extensions>
          <gpxtpx:TrackPointExtension>
            <gpxtpx:hr>162</gpxtpx:hr>
          </gpxtpx:TrackPointExtension>
        </extensions>
      </trkpt>
      <trkpt lat="31.923027501568214" lon="120.58475952137475">
        <ele>5.960436260327697</ele>
        <time>2025-09-16T11:44:49Z</time>
        <extensions>
          <gpxtpx:TrackPointExtension>
            <gpxtpx:hr>162</gpxtpx:hr>
          </gpxtpx:TrackPointExtension>
        </extensions>
      </trkpt>
      <trkpt lat="31.923037858846914" lon="120.58476808260767">
        <ele>5.94829982239753</ele>
        <time>2025-09-16T11:44:50Z</time>
        <extensions>
          <gpxtpx:TrackPointExtension>
            <gpxtpx:hr>162</gpxtpx:hr>
          </gpxtpx:TrackPointExtension>
        </extensions>
      </trkpt>
      <trkpt lat="31.923048839229136" lon="120.58477645431906">
        <ele>5.939794803969562</ele>
        <time>2025-09-16T11:44:51Z</time>
        <extensions>
          <gpxtpx:TrackPointExtension>
            <gpxtpx:hr>162</gpxtpx:hr>
          </gpxtpx:TrackPointExtension>
        </extensions>
      </trkpt>
      <trkpt lat="31.92306015408327" lon="120.58478460211924">
        <ele>5.935554820112884</ele>
        <time>2025-09-16T11:44:52Z</time>
        <extensions>
          <gpxtpx:TrackPointExtension>
            <gpxtpx:hr>162</gpxtpx:hr>
          </gpxtpx:TrackPointExtension>
        </extensions>
      </trkpt>
      <trkpt lat="31.923071703220007" lon="120.5847926788043">
        <ele>5.934517716988921</ele>
        <time>2025-09-16T11:44:53Z</time>
        <extensions>
          <gpxtpx:TrackPointExtension>
            <gpxtpx:hr>159</gpxtpx:hr>
          </gpxtpx:TrackPointExtension>
        </extensions>
      </trkpt>
      <trkpt lat="31.923083028147303" lon="120.58480050811076">
        <ele>5.940933809615672</ele>
        <time>2025-09-16T11:44:54Z</time>
        <extensions>
          <gpxtpx:TrackPointExtension>
            <gpxtpx:hr>159</gpxtpx:hr>
          </gpxtpx:TrackPointExtension>
        </extensions>
      </trkpt>
      <trkpt lat="31.923094167063002" lon="120.58480773278318">
        <ele>5.951390874572098</ele>
        <time>2025-09-16T11:44:55Z</time>
        <extensions>
          <gpxtpx:TrackPointExtension>
            <gpxtpx:hr>159</gpxtpx:hr>
          </gpxtpx:TrackPointExtension>
        </extensions>
      </trkpt>
      <trkpt lat="31.923105410208247" lon="120.58481440331528">
        <ele>5.976900951005518</ele>
        <time>2025-09-16T11:44:56Z</time>
        <extensions>
          <gpxtpx:TrackPointExtension>
            <gpxtpx:hr>159</gpxtpx:hr>
          </gpxtpx:TrackPointExtension>
        </extensions>
      </trkpt>
      <trkpt lat="31.92311651009439" lon="120.5848210848764">
        <ele>6.008839653804898</ele>
        <time>2025-09-16T11:44:56.900000Z</time>
        <extensions>
          <gpxtpx:TrackPointExtension>
            <gpxtpx:hr>159</gpxtpx:hr>
          </gpxtpx:TrackPointExtension>
        </extensions>
      </trkpt>
      <trkpt lat="31.923127755410544" lon="120.58482812491">
        <ele>6.033859437331557</ele>
        <time>2025-09-16T11:44:57.900000Z</time>
        <extensions>
          <gpxtpx:TrackPointExtension>
            <gpxtpx:hr>159</gpxtpx:hr>
          </gpxtpx:TrackPointExtension>
        </extensions>
      </trkpt>
      <trkpt lat="31.92313861989151" lon="120.58483494501473">
        <ele>6.0558488862589</ele>
        <time>2025-09-16T11:44:58.900000Z</time>
        <extensions>
          <gpxtpx:TrackPointExtension>
            <gpxtpx:hr>159</gpxtpx:hr>
          </gpxtpx:TrackPointExtension>
        </extensions>
      </trkpt>
      <trkpt lat="31.923148833871196" lon="120.58484141050309">
        <ele>6.088670019991696</ele>
        <time>2025-09-16T11:44:59.900000Z</time>
        <extensions>
          <gpxtpx:TrackPointExtension>
            <gpxtpx:hr>159</gpxtpx:hr>
          </gpxtpx:TrackPointExtension>
        </extensions>
      </trkpt>
      <trkpt lat="31.923158888436035" lon="120.58484797727463">
        <ele>6.1229213597252965</ele>
        <time>2025-09-16T11:45:00.900000Z</time>
        <extensions>
          <gpxtpx:TrackPointExtension>
            <gpxtpx:hr>159</gpxtpx:hr>
          </gpxtpx:TrackPointExtension>
        </extensions>
      </trkpt>
      <trkpt lat="31.923169027514337" lon="120.58485454219233">
        <ele>6.174963601864874</ele>
        <time>2025-09-16T11:45:01.900000Z</time>
        <extensions>
          <gpxtpx:TrackPointExtension>
            <gpxtpx:hr>159</gpxtpx:hr>
          </gpxtpx:TrackPointExtension>
        </extensions>
      </trkpt>
      <trkpt lat="31.92317939145964" lon="120.58486102751014">
        <ele>6.220745199359953</ele>
        <time>2025-09-16T11:45:02.900000Z</time>
        <extensions>
          <gpxtpx:TrackPointExtension>
            <gpxtpx:hr>159</gpxtpx:hr>
          </gpxtpx:TrackPointExtension>
        </extensions>
      </trkpt>
      <trkpt lat="31.923190173329417" lon="120.58486754449036">
        <ele>6.260697538033128</ele>
        <time>2025-09-16T11:45:03.900000Z</time>
        <extensions>
          <gpxtpx:TrackPointExtension>
            <gpxtpx:hr>159</gpxtpx:hr>
          </gpxtpx:TrackPointExtension>
        </extensions>
      </trkpt>
      <trkpt lat="31.923201466663745" lon="120.58487431136142">
        <ele>6.294330180622637</ele>
        <time>2025-09-16T11:45:04.900000Z</time>
        <extensions>
          <gpxtpx:TrackPointExtension>
            <gpxtpx:hr>156</gpxtpx:hr>
          </gpxtpx:TrackPointExtension>
        </extensions>
      </trkpt>
      <trkpt lat="31.923212905402345" lon="120.58488119356832">
        <ele>6.325904812663794</ele>
        <time>2025-09-16T11:45:05.900000Z</time>
        <extensions>
          <gpxtpx:TrackPointExtension>
            <gpxtpx:hr>156</gpxtpx:hr>
          </gpxtpx:TrackPointExtension>
        </extensions>
      </trkpt>
      <trkpt lat="31.92322419658977" lon="120.58488800430747">
        <ele>6.361322480253875</ele>
        <time>2025-09-16T11:45:06.900000Z</time>
        <extensions>
          <gpxtpx:TrackPointExtension>
            <gpxtpx:hr>156</gpxtpx:hr>
          </gpxtpx:TrackPointExtension>
        </extensions>
      </trkpt>
      <trkpt lat="31.92323517330245" lon="120.58489454983204">
        <ele>6.4045091569423676</ele>
        <time>2025-09-16T11:45:07.900000Z</time>
        <extensions>
          <gpxtpx:TrackPointExtension>
            <gpxtpx:hr>156</gpxtpx:hr>
          </gpxtpx:TrackPointExtension>
        </extensions>
      </trkpt>
      <trkpt lat="31.92324571014276" lon="120.58490022614559">
        <ele>6.450740849599242</ele>
        <time>2025-09-16T11:45:08.900000Z</time>
        <extensions>
          <gpxtpx:TrackPointExtension>
            <gpxtpx:hr>156</gpxtpx:hr>
          </gpxtpx:TrackPointExtension>
        </extensions>
      </trkpt>
      <trkpt lat="31.92325645981279" lon="120.584905826644">
        <ele>6.48672618996352</ele>
        <time>2025-09-16T11:45:09.900000Z</time>
        <extensions>
          <gpxtpx:TrackPointExtension>
            <gpxtpx:hr>154</gpxtpx:hr>
          </gpxtpx:TrackPointExtension>
        </extensions>
      </trkpt>
      <trkpt lat="31.92326809894417" lon="120.58491259258805">
        <ele>6.510649303905666</ele>
        <time>2025-09-16T11:45:10.900000Z</time>
        <extensions>
          <gpxtpx:TrackPointExtension>
            <gpxtpx:hr>154</gpxtpx:hr>
          </gpxtpx:TrackPointExtension>
        </extensions>
      </trkpt>
      <trkpt lat="31.923279687780255" lon="120.58492014426093">
        <ele>6.539040148258209</ele>
        <time>2025-09-16T11:45:11.900000Z</time>
        <extensions>
          <gpxtpx:TrackPointExtension>
            <gpxtpx:hr>154</gpxtpx:hr>
          </gpxtpx:TrackPointExtension>
        </extensions>
      </trkpt>
      <trkpt lat="31.92329111453243" lon="120.58492840105737">
        <ele>6.568288256414235</ele>
        <time>2025-09-16T11:45:12.900000Z</time>
        <extensions>
          <gpxtpx:TrackPointExtension>
            <gpxtpx:hr>153</gpxtpx:hr>
          </gpxtpx:TrackPointExtension>
        </extensions>
      </trkpt>
      <trkpt lat="31.92330204206848" lon="120.58493678259465">
        <ele>6.604271690361202</ele>
        <time>2025-09-16T11:45:13.900000Z</time>
        <extensions>
          <gpxtpx:TrackPointExtension>
            <gpxtpx:hr>153</gpxtpx:hr>
          </gpxtpx:TrackPointExtension>
        </extensions>
      </trkpt>
      <trkpt lat="31.923312147930492" lon="120.58494417914032">
        <ele>6.640647118911147</ele>
        <time>2025-09-16T11:45:14.900000Z</time>
        <extensions>
          <gpxtpx:TrackPointExtension>
            <gpxtpx:hr>153</gpxtpx:hr>
          </gpxtpx:TrackPointExtension>
        </extensions>
      </trkpt>
      <trkpt lat="31.923322208572245" lon="120.58495151454724">
        <ele>6.680099254474044</ele>
        <time>2025-09-16T11:45:15.900000Z</time>
        <extensions>
          <gpxtpx:TrackPointExtension>
            <gpxtpx:hr>153</gpxtpx:hr>
          </gpxtpx:TrackPointExtension>
        </extensions>
      </trkpt>
      <trkpt lat="31.92333275255223" lon="120.58495925265541">
        <ele>6.725686367601156</ele>
        <time>2025-09-16T11:45:16.900000Z</time>
        <extensions>
          <gpxtpx:TrackPointExtension>
            <gpxtpx:hr>154</gpxtpx:hr>
          </gpxtpx:TrackPointExtension>
        </extensions>
      </trkpt>
      <trkpt lat="31.92334421787747" lon="120.58496710004538">
        <ele>6.775821649469435</ele>
        <time>2025-09-16T11:45:17.900000Z</time>
        <extensions>
          <gpxtpx:TrackPointExtension>
            <gpxtpx:hr>154</gpxtpx:hr>
          </gpxtpx:TrackPointExtension>
        </extensions>
      </trkpt>
      <trkpt lat="31.923356009148428" lon="120.58497536927051">
        <ele>6.811712116934359</ele>
        <time>2025-09-16T11:45:18.900000Z</time>
        <extensions>
          <gpxtpx:TrackPointExtension>
            <gpxtpx:hr>154</gpxtpx:hr>
          </gpxtpx:TrackPointExtension>
        </extensions>
      </trkpt>
      <trkpt lat="31.923367010207553" lon="120.58498351999695">
        <ele>6.855553159490228</ele>
        <time>2025-09-16T11:45:19.900000Z</time>
        <extensions>
          <gpxtpx:TrackPointExtension>
            <gpxtpx:hr>154</gpxtpx:hr>
          </gpxtpx:TrackPointExtension>
        </extensions>
      </trkpt>
      <trkpt lat="31.92337747963301" lon="120.58499064859342">
        <ele>6.885775421746075</ele>
        <time>2025-09-16T11:45:20.900000Z</time>
        <extensions>
          <gpxtpx:TrackPointExtension>
            <gpxtpx:hr>154</gpxtpx:hr>
          </gpxtpx:TrackPointExtension>
        </extensions>
      </trkpt>
      <trkpt lat="31.92338831394632" lon="120.58499686432943">
        <ele>6.8878135569393635</ele>
        <time>2025-09-16T11:45:21.900000Z</time>
        <extensions>
          <gpxtpx:TrackPointExtension>
            <gpxtpx:hr>155</gpxtpx:hr>
          </gpxtpx:TrackPointExtension>
        </extensions>
      </trkpt>
      <trkpt lat="31.923399737704365" lon="120.58500302134944">
        <ele>6.905571548268199</ele>
        <time>2025-09-16T11:45:22.900000Z</time>
        <extensions>
          <gpxtpx:TrackPointExtension>
            <gpxtpx:hr>155</gpxtpx:hr>
          </gpxtpx:TrackPointExtension>
        </extensions>
      </trkpt>
      <trkpt lat="31.92341190285601" lon="120.58500976397586">
        <ele>6.902593375183642</ele>
        <time>2025-09-16T11:45:23.900000Z</time>
        <extensions>
          <gpxtpx:TrackPointExtension>
            <gpxtpx:hr>155</gpxtpx:hr>
          </gpxtpx:TrackPointExtension>
        </extensions>
      </trkpt>
      <trkpt lat="31.923423604996945" lon="120.58501753952744">
        <ele>6.936605227179825</ele>
        <time>2025-09-16T11:45:24.900000Z</time>
        <extensions>
          <gpxtpx:TrackPointExtension>
            <gpxtpx:hr>155</gpxtpx:hr>
          </gpxtpx:TrackPointExtension>
        </extensions>
      </trkpt>
      <trkpt lat="31.92343447129782" lon="120.58502628593327">
        <ele>6.940023692324758</ele>
        <time>2025-09-16T11:45:25.900000Z</time>
        <extensions>
          <gpxtpx:TrackPointExtension>
            <gpxtpx:hr>155</gpxtpx:hr>
          </gpxtpx:TrackPointExtension>
        </extensions>
      </trkpt>
      <trkpt lat="31.923445207641706" lon="120.58503452756035">
        <ele>6.931423573754728</ele>
        <time>2025-09-16T11:45:26.900000Z</time>
        <extensions>
          <gpxtpx:TrackPointExtension>
            <gpxtpx:hr>154</gpxtpx:hr>
          </gpxtpx:TrackPointExtension>
        </extensions>
      </trkpt>
      <trkpt lat="31.923456367686313" lon="120.58504131773006">
        <ele>6.913206281140447</ele>
        <time>2025-09-16T11:45:27.900000Z</time>
        <extensions>
          <gpxtpx:TrackPointExtension>
            <gpxtpx:hr>154</gpxtpx:hr>
          </gpxtpx:TrackPointExtension>
        </extensions>
      </trkpt>
      <trkpt lat="31.92346763673546" lon="120.58504710986993">
        <ele>6.909763407893479</ele>
        <time>2025-09-16T11:45:28.900000Z</time>
        <extensions>
          <gpxtpx:TrackPointExtension>
            <gpxtpx:hr>154</gpxtpx:hr>
          </gpxtpx:TrackPointExtension>
        </extensions>
      </trkpt>
      <trkpt lat="31.923479253549765" lon="120.58505210836674">
        <ele>6.898666735738516</ele>
        <time>2025-09-16T11:45:29.900000Z</time>
        <extensions>
          <gpxtpx:TrackPointExtension>
            <gpxtpx:hr>154</gpxtpx:hr>
          </gpxtpx:TrackPointExtension>
        </extensions>
      </trkpt>
      <trkpt lat="31.923492206378384" lon="120.58505628303801">
        <ele>6.884836355224252</ele>
        <time>2025-09-16T11:45:30.900000Z</time>
        <extensions>
          <gpxtpx:TrackPointExtension>
            <gpxtpx:hr>154</gpxtpx:hr>
          </gpxtpx:TrackPointExtension>
        </extensions>
      </trkpt>
      <trkpt lat="31.923505271204895" lon="120.58505928063363">
        <ele>6.868885337375104</ele>
        <time>2025-09-16T11:45:31.900000Z</time>
        <extensions>
          <gpxtpx:TrackPointExtension>
            <gpxtpx:hr>154</gpxtpx:hr>
          </gpxtpx:TrackPointExtension>
        </extensions>
      </trkpt>
      <trkpt lat="31.92351790683373" lon="120.58506177581505">
        <ele>6.855849313549697</ele>
        <time>2025-09-16T11:45:32.900000Z</time>
        <extensions>
          <gpxtpx:TrackPointExtension>
            <gpxtpx:hr>151</gpxtpx:hr>
          </gpxtpx:TrackPointExtension>
        </extensions>
      </trkpt>
      <trkpt lat="31.92353008615533" lon="120.58506538637876">
        <ele>6.852910527959466</ele>
        <time>2025-09-16T11:45:33.900000Z</time>
        <extensions>
          <gpxtpx:TrackPointExtension>
            <gpxtpx:hr>151</gpxtpx:hr>
          </gpxtpx:TrackPointExtension>
        </extensions>
      </trkpt>
      <trkpt lat="31.923540382585948" lon="120.58507098832827">
        <ele>6.852477429434657</ele>
        <time>2025-09-16T11:45:34.900000Z</time>
        <extensions>
          <gpxtpx:TrackPointExtension>
            <gpxtpx:hr>151</gpxtpx:hr>
          </gpxtpx:TrackPointExtension>
        </extensions>
      </trkpt>
      <trkpt lat="31.923549266214057" lon="120.58507730311158">
        <ele>6.869877270422876</ele>
        <time>2025-09-16T11:45:35.900000Z</time>
        <extensions>
          <gpxtpx:TrackPointExtension>
            <gpxtpx:hr>151</gpxtpx:hr>
          </gpxtpx:TrackPointExtension>
        </extensions>
      </trkpt>
      <trkpt lat="31.92355892598454" lon="120.58508271848265">
        <ele>6.888589292764664</ele>
        <time>2025-09-16T11:45:36.900000Z</time>
        <extensions>
          <gpxtpx:TrackPointExtension>
            <gpxtpx:hr>151</gpxtpx:hr>
          </gpxtpx:TrackPointExtension>
        </extensions>
      </trkpt>
      <trkpt lat="31.923570001050273" lon="120.58508800854409">
        <ele>6.908084969036281</ele>
        <time>2025-09-16T11:45:37.900000Z</time>
        <extensions>
          <gpxtpx:TrackPointExtension>
            <gpxtpx:hr>151</gpxtpx:hr>
          </gpxtpx:TrackPointExtension>
        </extensions>
      </trkpt>
      <trkpt lat="31.92358156036205" lon="120.58509357053626">
        <ele>6.930199335329235</ele>
        <time>2025-09-16T11:45:38.900000Z</time>
        <extensions>
          <gpxtpx:TrackPointExtension>
            <gpxtpx:hr>151</gpxtpx:hr>
          </gpxtpx:TrackPointExtension>
        </extensions>
      </trkpt>
      <trkpt lat="31.923592792013995" lon="120.5850992456247">
        <ele>6.948632532730699</ele>
        <time>2025-09-16T11:45:39.900000Z</time>
        <extensions>
          <gpxtpx:TrackPointExtension>
            <gpxtpx:hr>151</gpxtpx:hr>
          </gpxtpx:TrackPointExtension>
        </extensions>
      </trkpt>
      <trkpt lat="31.92360499182301" lon="120.58510532317356">
        <ele>6.979546279646456</ele>
        <time>2025-09-16T11:45:40.900000Z</time>
        <extensions>
          <gpxtpx:TrackPointExtension>
            <gpxtpx:hr>151</gpxtpx:hr>
          </gpxtpx:TrackPointExtension>
        </extensions>
      </trkpt>
      <trkpt lat="31.923617618584558" lon="120.58511177894209">
        <ele>7.012182264588773</ele>
        <time>2025-09-16T11:45:41.900000Z</time>
        <extensions>
          <gpxtpx:TrackPointExtension>
            <gpxtpx:hr>151</gpxtpx:hr>
          </gpxtpx:TrackPointExtension>
        </extensions>
      </trkpt>
      <trkpt lat="31.92362985975731" lon="120.58511822613542">
        <ele>7.039107789285481</ele>
        <time>2025-09-16T11:45:42.900000Z</time>
        <extensions>
          <gpxtpx:TrackPointExtension>
            <gpxtpx:hr>150</gpxtpx:hr>
          </gpxtpx:TrackPointExtension>
        </extensions>
      </trkpt>
      <trkpt lat="31.923642398734238" lon="120.58512429476424">
        <ele>7.067001203075051</ele>
        <time>2025-09-16T11:45:43.900000Z</time>
        <extensions>
          <gpxtpx:TrackPointExtension>
            <gpxtpx:hr>150</gpxtpx:hr>
          </gpxtpx:TrackPointExtension>
        </extensions>
      </trkpt>
      <trkpt lat="31.923655119421504" lon="120.58512979051822">
        <ele>7.092554948292673</ele>
        <time>2025-09-16T11:45:44.900000Z</time>
        <extensions>
          <gpxtpx:TrackPointExtension>
            <gpxtpx:hr>150</gpxtpx:hr>
          </gpxtpx:TrackPointExtension>
        </extensions>
      </trkpt>
      <trkpt lat="31.923668061069055" lon="120.58513471341413">
        <ele>7.108336944133043</ele>
        <time>2025-09-16T11:45:45.900000Z</time>
        <extensions>
          <gpxtpx:TrackPointExtension>
            <gpxtpx:hr>150</gpxtpx:hr>
          </gpxtpx:TrackPointExtension>
        </extensions>
      </trkpt>
      <trkpt lat="31.923680477482566" lon="120.5851390150804">
        <ele>7.123532417230308</ele>
        <time>2025-09-16T11:45:46.900000Z</time>
        <extensions>
          <gpxtpx:TrackPointExtension>
            <gpxtpx:hr>150</gpxtpx:hr>
          </gpxtpx:TrackPointExtension>
        </extensions>
      </trkpt>
      <trkpt lat="31.923692561157658" lon="120.58514346507964">
        <ele>7.145396398380399</ele>
        <time>2025-09-16T11:45:47.900000Z</time>
        <extensions>
          <gpxtpx:TrackPointExtension>
            <gpxtpx:hr>150</gpxtpx:hr>
          </gpxtpx:TrackPointExtension>
        </extensions>
      </trkpt>
      <trkpt lat="31.923704956114022" lon="120.58514841391711">
        <ele>7.17095638718456</ele>
        <time>2025-09-16T11:45:48.900000Z</time>
        <extensions>
          <gpxtpx:TrackPointExtension>
            <gpxtpx:hr>149</gpxtpx:hr>
          </gpxtpx:TrackPointExtension>
        </extensions>
      </trkpt>
      <trkpt lat="31.923717263410378" lon="120.58515328796058">
        <ele>7.187372285872698</ele>
        <time>2025-09-16T11:45:49.900000Z</time>
        <extensions>
          <gpxtpx:TrackPointExtension>
            <gpxtpx:hr>149</gpxtpx:hr>
          </gpxtpx:TrackPointExtension>
        </extensions>
      </trkpt>
      <trkpt lat="31.92372936465192" lon="120.58515804268579">
        <ele>7.222243200056255</ele>
        <time>2025-09-16T11:45:50.900000Z</time>
        <extensions>
          <gpxtpx:TrackPointExtension>
            <gpxtpx:hr>149</gpxtpx:hr>
          </gpxtpx:TrackPointExtension>
        </extensions>
      </trkpt>
      <trkpt lat="31.923741327162265" lon="120.58516259785462">
        <ele>7.264697785489261</ele>
        <time>2025-09-16T11:45:51.900000Z</time>
        <extensions>
          <gpxtpx:TrackPointExtension>
            <gpxtpx:hr>149</gpxtpx:hr>
          </gpxtpx:TrackPointExtension>
        </extensions>
      </trkpt>
      <trkpt lat="31.923753026898353" lon="120.58516672596701">
        <ele>7.30681817792356</ele>
        <time>2025-09-16T11:45:52.900000Z</time>
        <extensions>
          <gpxtpx:TrackPointExtension>
            <gpxtpx:hr>149</gpxtpx:hr>
          </gpxtpx:TrackPointExtension>
        </extensions>
      </trkpt>
      <trkpt lat="31.923764280308344" lon="120.58517059874251">
        <ele>7.350506455637515</ele>
        <time>2025-09-16T11:45:53.900000Z</time>
        <extensions>
          <gpxtpx:TrackPointExtension>
            <gpxtpx:hr>149</gpxtpx:hr>
          </gpxtpx:TrackPointExtension>
        </extensions>
      </trkpt>
      <trkpt lat="31.923775258141056" lon="120.58517436157177">
        <ele>7.397485890425742</ele>
        <time>2025-09-16T11:45:54.900000Z</time>
        <extensions>
          <gpxtpx:TrackPointExtension>
            <gpxtpx:hr>148</gpxtpx:hr>
          </gpxtpx:TrackPointExtension>
        </extensions>
      </trkpt>
      <trkpt lat="31.92378632923505" lon="120.58517823259099">
        <ele>7.444949910975993</ele>
        <time>2025-09-16T11:45:55.900000Z</time>
        <extensions>
          <gpxtpx:TrackPointExtension>
            <gpxtpx:hr>148</gpxtpx:hr>
          </gpxtpx:TrackPointExtension>
        </extensions>
      </trkpt>
      <trkpt lat="31.923797651293718" lon="120.58518254389024">
        <ele>7.499789880588651</ele>
        <time>2025-09-16T11:45:56.900000Z</time>
        <extensions>
          <gpxtpx:TrackPointExtension>
            <gpxtpx:hr>148</gpxtpx:hr>
          </gpxtpx:TrackPointExtension>
        </extensions>
      </trkpt>
      <trkpt lat="31.923809424316588" lon="120.58518726597939">
        <ele>7.555788083001971</ele>
        <time>2025-09-16T11:45:57.900000Z</time>
        <extensions>
          <gpxtpx:TrackPointExtension>
            <gpxtpx:hr>148</gpxtpx:hr>
          </gpxtpx:TrackPointExtension>
        </extensions>
      </trkpt>
      <trkpt lat="31.923821439729828" lon="120.58519224532718">
        <ele>7.599325189366937</ele>
        <time>2025-09-16T11:45:58.900000Z</time>
        <extensions>
          <gpxtpx:TrackPointExtension>
            <gpxtpx:hr>148</gpxtpx:hr>
          </gpxtpx:TrackPointExtension>
        </extensions>
      </trkpt>
      <trkpt lat="31.92383298943037" lon="120.58519756428828">
        <ele>7.626162527129054</ele>
        <time>2025-09-16T11:45:59.900000Z</time>
        <extensions>
          <gpxtpx:TrackPointExtension>
            <gpxtpx:hr>149</gpxtpx:hr>
          </gpxtpx:TrackPointExtension>
        </extensions>
      </trkpt>
      <trkpt lat="31.923844062629104" lon="120.5852032351081">
        <ele>7.646779183298349</ele>
        <time>2025-09-16T11:46:00.900000Z</time>
        <extensions>
          <gpxtpx:TrackPointExtension>
            <gpxtpx:hr>149</gpxtpx:hr>
          </gpxtpx:TrackPointExtension>
        </extensions>
      </trkpt>
      <trkpt lat="31.92385505140377" lon="120.58520902105835">
        <ele>7.668699370697141</ele>
        <time>2025-09-16T11:46:01.900000Z</time>
        <extensions>
          <gpxtpx:TrackPointExtension>
            <gpxtpx:hr>149</gpxtpx:hr>
          </gpxtpx:TrackPointExtension>
        </extensions>
      </trkpt>
      <trkpt lat="31.923866041330875" lon="120.58521495292177">
        <ele>7.694680068641901</ele>
        <time>2025-09-16T11:46:02.900000Z</time>
        <extensions>
          <gpxtpx:TrackPointExtension>
            <gpxtpx:hr>149</gpxtpx:hr>
          </gpxtpx:TrackPointExtension>
        </extensions>
      </trkpt>
      <trkpt lat="31.9238771198195" lon="120.5852211518829">
        <ele>7.705903608351946</ele>
        <time>2025-09-16T11:46:03.900000Z</time>
        <extensions>
          <gpxtpx:TrackPointExtension>
            <gpxtpx:hr>149</gpxtpx:hr>
          </gpxtpx:TrackPointExtension>
        </extensions>
      </trkpt>
      <trkpt lat="31.923888497658247" lon="120.58522758648634">
        <ele>7.692887354642153</ele>
        <time>2025-09-16T11:46:04.900000Z</time>
        <extensions>
          <gpxtpx:TrackPointExtension>
            <gpxtpx:hr>149</gpxtpx:hr>
          </gpxtpx:TrackPointExtension>
        </extensions>
      </trkpt>
      <trkpt lat="31.923900207801942" lon="120.5852342488165">
        <ele>7.67244114074856</ele>
        <time>2025-09-16T11:46:05.900000Z</time>
        <extensions>
          <gpxtpx:TrackPointExtension>
            <gpxtpx:hr>149</gpxtpx:hr>
          </gpxtpx:TrackPointExtension>
        </extensions>
      </trkpt>
      <trkpt lat="31.923912205118018" lon="120.58524095948155">
        <ele>7.642272578552365</ele>
        <time>2025-09-16T11:46:06.900000Z</time>
        <extensions>
          <gpxtpx:TrackPointExtension>
            <gpxtpx:hr>149</gpxtpx:hr>
          </gpxtpx:TrackPointExtension>
        </extensions>
      </trkpt>
      <trkpt lat="31.923924393625203" lon="120.5852473687006">
        <ele>7.604573588818312</ele>
        <time>2025-09-16T11:46:07.900000Z</time>
        <extensions>
          <gpxtpx:TrackPointExtension>
            <gpxtpx:hr>149</gpxtpx:hr>
          </gpxtpx:TrackPointExtension>
        </extensions>
      </trkpt>
      <trkpt lat="31.92393669119282" lon="120.58525317647381">
        <ele>7.572643022984266</ele>
        <time>2025-09-16T11:46:08.900000Z</time>
        <extensions>
          <gpxtpx:TrackPointExtension>
            <gpxtpx:hr>149</gpxtpx:hr>
          </gpxtpx:TrackPointExtension>
        </extensions>
      </trkpt>
      <trkpt lat="31.923948708949027" lon="120.58525873585768">
        <ele>7.531370748765767</ele>
        <time>2025-09-16T11:46:09.900000Z</time>
        <extensions>
          <gpxtpx:TrackPointExtension>
            <gpxtpx:hr>149</gpxtpx:hr>
          </gpxtpx:TrackPointExtension>
        </extensions>
      </trkpt>
      <trkpt lat="31.9239600613333" lon="120.58526463893845">
        <ele>7.474407692439854</ele>
        <time>2025-09-16T11:46:10.900000Z</time>
        <extensions>
          <gpxtpx:TrackPointExtension>
            <gpxtpx:hr>149</gpxtpx:hr>
          </gpxtpx:TrackPointExtension>
        </extensions>
      </trkpt>
      <trkpt lat="31.923970842023454" lon="120.58527101332508">
        <ele>7.410339377820492</ele>
        <time>2025-09-16T11:46:11.900000Z</time>
        <extensions>
          <gpxtpx:TrackPointExtension>
            <gpxtpx:hr>149</gpxtpx:hr>
          </gpxtpx:TrackPointExtension>
        </extensions>
      </trkpt>
      <trkpt lat="31.923981310028573" lon="120.5852780655721">
        <ele>7.343126902356744</ele>
        <time>2025-09-16T11:46:12.900000Z</time>
        <extensions>
          <gpxtpx:TrackPointExtension>
            <gpxtpx:hr>149</gpxtpx:hr>
          </gpxtpx:TrackPointExtension>
        </extensions>
      </trkpt>
      <trkpt lat="31.9239915369613" lon="120.58528647355509">
        <ele>7.255208910442889</ele>
        <time>2025-09-16T11:46:13.900000Z</time>
        <extensions>
          <gpxtpx:TrackPointExtension>
            <gpxtpx:hr>149</gpxtpx:hr>
          </gpxtpx:TrackPointExtension>
        </extensions>
      </trkpt>
      <trkpt lat="31.92400036642598" lon="120.58529614042705">
        <ele>7.17314871493727</ele>
        <time>2025-09-16T11:46:14.900000Z</time>
        <extensions>
          <gpxtpx:TrackPointExtension>
            <gpxtpx:hr>149</gpxtpx:hr>
          </gpxtpx:TrackPointExtension>
        </extensions>
      </trkpt>
      <trkpt lat="31.924008456091105" lon="120.5853055026611">
        <ele>7.089051030576229</ele>
        <time>2025-09-16T11:46:15.900000Z</time>
        <extensions>
          <gpxtpx:TrackPointExtension>
            <gpxtpx:hr>149</gpxtpx:hr>
          </gpxtpx:TrackPointExtension>
        </extensions>
      </trkpt>
      <trkpt lat="31.92401739787543" lon="120.5853134255773">
        <ele>6.995705414563417</ele>
        <time>2025-09-16T11:46:16.900000Z</time>
        <extensions>
          <gpxtpx:TrackPointExtension>
            <gpxtpx:hr>149</gpxtpx:hr>
          </gpxtpx:TrackPointExtension>
        </extensions>
      </trkpt>
      <trkpt lat="31.92402712914676" lon="120.58532036727875">
        <ele>6.905860769562423</ele>
        <time>2025-09-16T11:46:17.900000Z</time>
        <extensions>
          <gpxtpx:TrackPointExtension>
            <gpxtpx:hr>148</gpxtpx:hr>
          </gpxtpx:TrackPointExtension>
        </extensions>
      </trkpt>
      <trkpt lat="31.924038207304893" lon="120.58532706700375">
        <ele>6.838827547617257</ele>
        <time>2025-09-16T11:46:18.900000Z</time>
        <extensions>
          <gpxtpx:TrackPointExtension>
            <gpxtpx:hr>148</gpxtpx:hr>
          </gpxtpx:TrackPointExtension>
        </extensions>
      </trkpt>
      <trkpt lat="31.92405055207235" lon="120.58533334990364">
        <ele>6.779441183432937</ele>
        <time>2025-09-16T11:46:19.900000Z</time>
        <extensions>
          <gpxtpx:TrackPointExtension>
            <gpxtpx:hr>148</gpxtpx:hr>
          </gpxtpx:TrackPointExtension>
        </extensions>
      </trkpt>
      <trkpt lat="31.924063023331048" lon="120.58533886272795">
        <ele>6.72855628002435</ele>
        <time>2025-09-16T11:46:20.900000Z</time>
        <extensions>
          <gpxtpx:TrackPointExtension>
            <gpxtpx:hr>148</gpxtpx:hr>
          </gpxtpx:TrackPointExtension>
        </extensions>
      </trkpt>
      <trkpt lat="31.9240750533869" lon="120.58534455070522">
        <ele>6.680791378952563</ele>
        <time>2025-09-16T11:46:21.900000Z</time>
        <extensions>
          <gpxtpx:TrackPointExtension>
            <gpxtpx:hr>148</gpxtpx:hr>
          </gpxtpx:TrackPointExtension>
        </extensions>
      </trkpt>
      <trkpt lat="31.92408666032414" lon="120.5853513087842">
        <ele>6.632140353322029</ele>
        <time>2025-09-16T11:46:22.900000Z</time>
        <extensions>
          <gpxtpx:TrackPointExtension>
            <gpxtpx:hr>148</gpxtpx:hr>
          </gpxtpx:TrackPointExtension>
        </extensions>
      </trkpt>
      <trkpt lat="31.92409792862683" lon="120.5853589621666">
        <ele>6.58642562944442</ele>
        <time>2025-09-16T11:46:23.900000Z</time>
        <extensions>
          <gpxtpx:TrackPointExtension>
            <gpxtpx:hr>148</gpxtpx:hr>
          </gpxtpx:TrackPointExtension>
        </extensions>
      </trkpt>
      <trkpt lat="31.92410912519821" lon="120.58536703413284">
        <ele>6.533971014432609</ele>
        <time>2025-09-16T11:46:24.900000Z</time>
        <extensions>
          <gpxtpx:TrackPointExtension>
            <gpxtpx:hr>148</gpxtpx:hr>
          </gpxtpx:TrackPointExtension>
        </extensions>
      </trkpt>
      <trkpt lat="31.92412027957935" lon="120.58537474960849">
        <ele>6.515418607741594</ele>
        <time>2025-09-16T11:46:25.900000Z</time>
        <extensions>
          <gpxtpx:TrackPointExtension>
            <gpxtpx:hr>148</gpxtpx:hr>
          </gpxtpx:TrackPointExtension>
        </extensions>
      </trkpt>
      <trkpt lat="31.924131043723115" lon="120.58538136469602">
        <ele>6.493025542236865</ele>
        <time>2025-09-16T11:46:26.900000Z</time>
        <extensions>
          <gpxtpx:TrackPointExtension>
            <gpxtpx:hr>148</gpxtpx:hr>
          </gpxtpx:TrackPointExtension>
        </extensions>
      </trkpt>
      <trkpt lat="31.924141373612187" lon="120.58538726750794">
        <ele>6.474164700135589</ele>
        <time>2025-09-16T11:46:27.900000Z</time>
        <extensions>
          <gpxtpx:TrackPointExtension>
            <gpxtpx:hr>148</gpxtpx:hr>
          </gpxtpx:TrackPointExtension>
        </extensions>
      </trkpt>
      <trkpt lat="31.924151684186846" lon="120.58539314633667">
        <ele>6.456237715668976</ele>
        <time>2025-09-16T11:46:28.900000Z</time>
        <extensions>
          <gpxtpx:TrackPointExtension>
            <gpxtpx:hr>147</gpxtpx:hr>
          </gpxtpx:TrackPointExtension>
        </extensions>
      </trkpt>
      <trkpt lat="31.924162619841447" lon="120.58539904662123">
        <ele>6.43602460809052</ele>
        <time>2025-09-16T11:46:30Z</time>
        <extensions>
          <gpxtpx:TrackPointExtension>
            <gpxtpx:hr>147</gpxtpx:hr>
          </gpxtpx:TrackPointExtension>
        </extensions>
      </trkpt>
      <trkpt lat="31.924174202541558" lon="120.58540500456478">
        <ele>6.414734243415296</ele>
        <time>2025-09-16T11:46:31Z</time>
        <extensions>
          <gpxtpx:TrackPointExtension>
            <gpxtpx:hr>147</gpxtpx:hr>
          </gpxtpx:TrackPointExtension>
        </extensions>
      </trkpt>
      <trkpt lat="31.9241861317385" lon="120.58541138242595">
        <ele>6.394745361991227</ele>
        <time>2025-09-16T11:46:32Z</time>
        <extensions>
          <gpxtpx:TrackPointExtension>
            <gpxtpx:hr>147</gpxtpx:hr>
          </gpxtpx:TrackPointExtension>
        </extensions>
      </trkpt>
      <trkpt lat="31.924197945717626" lon="120.58541829398054">
        <ele>6.3767724465578794</ele>
        <time>2025-09-16T11:46:33Z</time>
        <extensions>
          <gpxtpx:TrackPointExtension>
            <gpxtpx:hr>147</gpxtpx:hr>
          </gpxtpx:TrackPointExtension>
        </extensions>
      </trkpt>
      <trkpt lat="31.924209226289147" lon="120.58542586023404">
        <ele>6.356656771153212</ele>
        <time>2025-09-16T11:46:34Z</time>
        <extensions>
          <gpxtpx:TrackPointExtension>
            <gpxtpx:hr>146</gpxtpx:hr>
          </gpxtpx:TrackPointExtension>
        </extensions>
      </trkpt>
      <trkpt lat="31.924219989152533" lon="120.58543430265316">
        <ele>6.334338632412255</ele>
        <time>2025-09-16T11:46:35Z</time>
        <extensions>
          <gpxtpx:TrackPointExtension>
            <gpxtpx:hr>146</gpxtpx:hr>
          </gpxtpx:TrackPointExtension>
        </extensions>
      </trkpt>
      <trkpt lat="31.924230818686137" lon="120.5854433785994">
        <ele>6.315173049457371</ele>
        <time>2025-09-16T11:46:36Z</time>
        <extensions>
          <gpxtpx:TrackPointExtension>
            <gpxtpx:hr>146</gpxtpx:hr>
          </gpxtpx:TrackPointExtension>
        </extensions>
      </trkpt>
      <trkpt lat="31.924241232746702" lon="120.58545230001413">
        <ele>6.28642410133034</ele>
        <time>2025-09-16T11:46:37Z</time>
        <extensions>
          <gpxtpx:TrackPointExtension>
            <gpxtpx:hr>146</gpxtpx:hr>
          </gpxtpx:TrackPointExtension>
        </extensions>
      </trkpt>
      <trkpt lat="31.924250580741035" lon="120.5854604550115">
        <ele>6.263901534490287</ele>
        <time>2025-09-16T11:46:38Z</time>
        <extensions>
          <gpxtpx:TrackPointExtension>
            <gpxtpx:hr>146</gpxtpx:hr>
          </gpxtpx:TrackPointExtension>
        </extensions>
      </trkpt>
      <trkpt lat="31.924259478991996" lon="120.58546799884445">
        <ele>6.239782836288214</ele>
        <time>2025-09-16T11:46:39Z</time>
        <extensions>
          <gpxtpx:TrackPointExtension>
            <gpxtpx:hr>148</gpxtpx:hr>
          </gpxtpx:TrackPointExtension>
        </extensions>
      </trkpt>
      <trkpt lat="31.924268105113978" lon="120.58547523909985">
        <ele>6.215216036885977</ele>
        <time>2025-09-16T11:46:40Z</time>
        <extensions>
          <gpxtpx:TrackPointExtension>
            <gpxtpx:hr>148</gpxtpx:hr>
          </gpxtpx:TrackPointExtension>
        </extensions>
      </trkpt>
      <trkpt lat="31.92427658115191" lon="120.58548257923458">
        <ele>6.189964920282364</ele>
        <time>2025-09-16T11:46:41Z</time>
        <extensions>
          <gpxtpx:TrackPointExtension>
            <gpxtpx:hr>148</gpxtpx:hr>
          </gpxtpx:TrackPointExtension>
        </extensions>
      </trkpt>
      <trkpt lat="31.924285533036578" lon="120.58548991369724">
        <ele>6.165813036262989</ele>
        <time>2025-09-16T11:46:42Z</time>
        <extensions>
          <gpxtpx:TrackPointExtension>
            <gpxtpx:hr>148</gpxtpx:hr>
          </gpxtpx:TrackPointExtension>
        </extensions>
      </trkpt>
      <trkpt lat="31.924295324923108" lon="120.58549658610313">
        <ele>6.14117537252605</ele>
        <time>2025-09-16T11:46:43Z</time>
        <extensions>
          <gpxtpx:TrackPointExtension>
            <gpxtpx:hr>146</gpxtpx:hr>
          </gpxtpx:TrackPointExtension>
        </extensions>
      </trkpt>
      <trkpt lat="31.924305745397252" lon="120.58550245810555">
        <ele>6.1166599821299314</ele>
        <time>2025-09-16T11:46:44Z</time>
        <extensions>
          <gpxtpx:TrackPointExtension>
            <gpxtpx:hr>146</gpxtpx:hr>
          </gpxtpx:TrackPointExtension>
        </extensions>
      </trkpt>
      <trkpt lat="31.924316641717915" lon="120.58550788820082">
        <ele>6.092617182992399</ele>
        <time>2025-09-16T11:46:45Z</time>
        <extensions>
          <gpxtpx:TrackPointExtension>
            <gpxtpx:hr>146</gpxtpx:hr>
          </gpxtpx:TrackPointExtension>
        </extensions>
      </trkpt>
      <trkpt lat="31.924327745471768" lon="120.5855129895682">
        <ele>6.068138019181788</ele>
        <time>2025-09-16T11:46:46Z</time>
        <extensions>
          <gpxtpx:TrackPointExtension>
            <gpxtpx:hr>146</gpxtpx:hr>
          </gpxtpx:TrackPointExtension>
        </extensions>
      </trkpt>
      <trkpt lat="31.924338778641747" lon="120.58551775241335">
        <ele>6.04064320679754</ele>
        <time>2025-09-16T11:46:47Z</time>
        <extensions>
          <gpxtpx:TrackPointExtension>
            <gpxtpx:hr>146</gpxtpx:hr>
          </gpxtpx:TrackPointExtension>
        </extensions>
      </trkpt>
      <trkpt lat="31.92434953998894" lon="120.58552242036262">
        <ele>6.014270775951445</ele>
        <time>2025-09-16T11:46:48Z</time>
        <extensions>
          <gpxtpx:TrackPointExtension>
            <gpxtpx:hr>146</gpxtpx:hr>
          </gpxtpx:TrackPointExtension>
        </extensions>
      </trkpt>
      <trkpt lat="31.9243598067507" lon="120.58552721844625">
        <ele>5.988659307360649</ele>
        <time>2025-09-16T11:46:49Z</time>
        <extensions>
          <gpxtpx:TrackPointExtension>
            <gpxtpx:hr>146</gpxtpx:hr>
          </gpxtpx:TrackPointExtension>
        </extensions>
      </trkpt>
      <trkpt lat="31.924369642135634" lon="120.58553222890757">
        <ele>5.962751077488065</ele>
        <time>2025-09-16T11:46:50Z</time>
        <extensions>
          <gpxtpx:TrackPointExtension>
            <gpxtpx:hr>146</gpxtpx:hr>
          </gpxtpx:TrackPointExtension>
        </extensions>
      </trkpt>
      <trkpt lat="31.92437906497534" lon="120.58553758352254">
        <ele>5.936353612691164</ele>
        <time>2025-09-16T11:46:51Z</time>
        <extensions>
          <gpxtpx:TrackPointExtension>
            <gpxtpx:hr>146</gpxtpx:hr>
          </gpxtpx:TrackPointExtension>
        </extensions>
      </trkpt>
      <trkpt lat="31.92438792074103" lon="120.58554367839086">
        <ele>5.912251875735819</ele>
        <time>2025-09-16T11:46:52Z</time>
        <extensions>
          <gpxtpx:TrackPointExtension>
            <gpxtpx:hr>146</gpxtpx:hr>
          </gpxtpx:TrackPointExtension>
        </extensions>
      </trkpt>
      <trkpt lat="31.9243959648425" lon="120.58555137585644">
        <ele>5.890020793303847</ele>
        <time>2025-09-16T11:46:53Z</time>
        <extensions>
          <gpxtpx:TrackPointExtension>
            <gpxtpx:hr>146</gpxtpx:hr>
          </gpxtpx:TrackPointExtension>
        </extensions>
      </trkpt>
      <trkpt lat="31.9244030373337" lon="120.58556096162758">
        <ele>5.870018236339092</ele>
        <time>2025-09-16T11:46:54Z</time>
        <extensions>
          <gpxtpx:TrackPointExtension>
            <gpxtpx:hr>146</gpxtpx:hr>
          </gpxtpx:TrackPointExtension>
        </extensions>
      </trkpt>
      <trkpt lat="31.924409078660705" lon="120.58557191349955">
        <ele>5.850041214376688</ele>
        <time>2025-09-16T11:46:55Z</time>
        <extensions>
          <gpxtpx:TrackPointExtension>
            <gpxtpx:hr>146</gpxtpx:hr>
          </gpxtpx:TrackPointExtension>
        </extensions>
      </trkpt>
      <trkpt lat="31.924414054927446" lon="120.5855836413413">
        <ele>5.828834479674697</ele>
        <time>2025-09-16T11:46:56Z</time>
        <extensions>
          <gpxtpx:TrackPointExtension>
            <gpxtpx:hr>146</gpxtpx:hr>
          </gpxtpx:TrackPointExtension>
        </extensions>
      </trkpt>
      <trkpt lat="31.924417953197697" lon="120.58559593149457">
        <ele>5.801452977582812</ele>
        <time>2025-09-16T11:46:57Z</time>
        <extensions>
          <gpxtpx:TrackPointExtension>
            <gpxtpx:hr>146</gpxtpx:hr>
          </gpxtpx:TrackPointExtension>
        </extensions>
      </trkpt>
      <trkpt lat="31.92442088639316" lon="120.58560859622281">
        <ele>5.775160752236843</ele>
        <time>2025-09-16T11:46:58Z</time>
        <extensions>
          <gpxtpx:TrackPointExtension>
            <gpxtpx:hr>145</gpxtpx:hr>
          </gpxtpx:TrackPointExtension>
        </extensions>
      </trkpt>
      <trkpt lat="31.924422839322474" lon="120.58562158189737">
        <ele>5.749147506430745</ele>
        <time>2025-09-16T11:46:59Z</time>
        <extensions>
          <gpxtpx:TrackPointExtension>
            <gpxtpx:hr>145</gpxtpx:hr>
          </gpxtpx:TrackPointExtension>
        </extensions>
      </trkpt>
      <trkpt lat="31.924423777579932" lon="120.58563482234499">
        <ele>5.719288170337677</ele>
        <time>2025-09-16T11:47:00Z</time>
        <extensions>
          <gpxtpx:TrackPointExtension>
            <gpxtpx:hr>145</gpxtpx:hr>
          </gpxtpx:TrackPointExtension>
        </extensions>
      </trkpt>
      <trkpt lat="31.924423800375465" lon="120.58564796782893">
        <ele>5.68910416495055</ele>
        <time>2025-09-16T11:47:01Z</time>
        <extensions>
          <gpxtpx:TrackPointExtension>
            <gpxtpx:hr>145</gpxtpx:hr>
          </gpxtpx:TrackPointExtension>
        </extensions>
      </trkpt>
      <trkpt lat="31.924422864360128" lon="120.58566105757437">
        <ele>5.6606317618861794</ele>
        <time>2025-09-16T11:47:02Z</time>
        <extensions>
          <gpxtpx:TrackPointExtension>
            <gpxtpx:hr>145</gpxtpx:hr>
          </gpxtpx:TrackPointExtension>
        </extensions>
      </trkpt>
      <trkpt lat="31.924421183514724" lon="120.58567393214587">
        <ele>5.630890820175409</ele>
        <time>2025-09-16T11:47:02.900000Z</time>
        <extensions>
          <gpxtpx:TrackPointExtension>
            <gpxtpx:hr>145</gpxtpx:hr>
          </gpxtpx:TrackPointExtension>
        </extensions>
      </trkpt>
      <trkpt lat="31.924419063723143" lon="120.58568658613572">
        <ele>5.601543966680765</ele>
        <time>2025-09-16T11:47:03.900000Z</time>
        <extensions>
          <gpxtpx:TrackPointExtension>
            <gpxtpx:hr>145</gpxtpx:hr>
          </gpxtpx:TrackPointExtension>
        </extensions>
      </trkpt>
      <trkpt lat="31.924416753849723" lon="120.58569909622504">
        <ele>5.573991822078824</ele>
        <time>2025-09-16T11:47:04.900000Z</time>
        <extensions>
          <gpxtpx:TrackPointExtension>
            <gpxtpx:hr>145</gpxtpx:hr>
          </gpxtpx:TrackPointExtension>
        </extensions>
      </trkpt>
      <trkpt lat="31.924414326219644" lon="120.58571151503494">
        <ele>5.546232339926064</ele>
        <time>2025-09-16T11:47:05.900000Z</time>
        <extensions>
          <gpxtpx:TrackPointExtension>
            <gpxtpx:hr>145</gpxtpx:hr>
          </gpxtpx:TrackPointExtension>
        </extensions>
      </trkpt>
      <trkpt lat="31.924411715223545" lon="120.58572396798678">
        <ele>5.517984168604016</ele>
        <time>2025-09-16T11:47:06.900000Z</time>
        <extensions>
          <gpxtpx:TrackPointExtension>
            <gpxtpx:hr>143</gpxtpx:hr>
          </gpxtpx:TrackPointExtension>
        </extensions>
      </trkpt>
      <trkpt lat="31.92440889403193" lon="120.58573671806978">
        <ele>5.491867273114622</ele>
        <time>2025-09-16T11:47:07.900000Z</time>
        <extensions>
          <gpxtpx:TrackPointExtension>
            <gpxtpx:hr>143</gpxtpx:hr>
          </gpxtpx:TrackPointExtension>
        </extensions>
      </trkpt>
      <trkpt lat="31.924406092166812" lon="120.585749732604">
        <ele>5.466991723515093</ele>
        <time>2025-09-16T11:47:08.900000Z</time>
        <extensions>
          <gpxtpx:TrackPointExtension>
            <gpxtpx:hr>143</gpxtpx:hr>
          </gpxtpx:TrackPointExtension>
        </extensions>
      </trkpt>
      <trkpt lat="31.924403550706828" lon="120.58576277293994">
        <ele>5.445641933009028</ele>
        <time>2025-09-16T11:47:09.900000Z</time>
        <extensions>
          <gpxtpx:TrackPointExtension>
            <gpxtpx:hr>143</gpxtpx:hr>
          </gpxtpx:TrackPointExtension>
        </extensions>
      </trkpt>
      <trkpt lat="31.924401199660135" lon="120.5857757611555">
        <ele>5.424720540642738</ele>
        <time>2025-09-16T11:47:10.900000Z</time>
        <extensions>
          <gpxtpx:TrackPointExtension>
            <gpxtpx:hr>143</gpxtpx:hr>
          </gpxtpx:TrackPointExtension>
        </extensions>
      </trkpt>
      <trkpt lat="31.924398743655377" lon="120.58578857706198">
        <ele>5.4005983443930745</ele>
        <time>2025-09-16T11:47:11.900000Z</time>
        <extensions>
          <gpxtpx:TrackPointExtension>
            <gpxtpx:hr>143</gpxtpx:hr>
          </gpxtpx:TrackPointExtension>
        </extensions>
      </trkpt>
      <trkpt lat="31.92439614434227" lon="120.58580127470896">
        <ele>5.3833278231322765</ele>
        <time>2025-09-16T11:47:12.900000Z</time>
        <extensions>
          <gpxtpx:TrackPointExtension>
            <gpxtpx:hr>143</gpxtpx:hr>
          </gpxtpx:TrackPointExtension>
        </extensions>
      </trkpt>
      <trkpt lat="31.924393592922403" lon="120.58581397743161">
        <ele>5.365287554450333</ele>
        <time>2025-09-16T11:47:13.900000Z</time>
        <extensions>
          <gpxtpx:TrackPointExtension>
            <gpxtpx:hr>143</gpxtpx:hr>
          </gpxtpx:TrackPointExtension>
        </extensions>
      </trkpt>
      <trkpt lat="31.924391132945793" lon="120.58582665503398">
        <ele>5.346897006966174</ele>
        <time>2025-09-16T11:47:14.900000Z</time>
        <extensions>
          <gpxtpx:TrackPointExtension>
            <gpxtpx:hr>143</gpxtpx:hr>
          </gpxtpx:TrackPointExtension>
        </extensions>
      </trkpt>
      <trkpt lat="31.924388820190224" lon="120.58583936653099">
        <ele>5.330325236544013</ele>
        <time>2025-09-16T11:47:15.900000Z</time>
        <extensions>
          <gpxtpx:TrackPointExtension>
            <gpxtpx:hr>143</gpxtpx:hr>
          </gpxtpx:TrackPointExtension>
        </extensions>
      </trkpt>
      <trkpt lat="31.924386639958794" lon="120.58585233571822">
        <ele>5.321980575099587</ele>
        <time>2025-09-16T11:47:16.900000Z</time>
        <extensions>
          <gpxtpx:TrackPointExtension>
            <gpxtpx:hr>141</gpxtpx:hr>
          </gpxtpx:TrackPointExtension>
        </extensions>
      </trkpt>
      <trkpt lat="31.924384353552487" lon="120.58586544793822">
        <ele>5.314122921787202</ele>
        <time>2025-09-16T11:47:17.900000Z</time>
        <extensions>
          <gpxtpx:TrackPointExtension>
            <gpxtpx:hr>141</gpxtpx:hr>
          </gpxtpx:TrackPointExtension>
        </extensions>
      </trkpt>
      <trkpt lat="31.924381653003618" lon="120.58587839240579">
        <ele>5.3072252264246345</ele>
        <time>2025-09-16T11:47:18.900000Z</time>
        <extensions>
          <gpxtpx:TrackPointExtension>
            <gpxtpx:hr>141</gpxtpx:hr>
          </gpxtpx:TrackPointExtension>
        </extensions>
      </trkpt>
      <trkpt lat="31.92437844859178" lon="120.58589114665541">
        <ele>5.294939933344722</ele>
        <time>2025-09-16T11:47:19.900000Z</time>
        <extensions>
          <gpxtpx:TrackPointExtension>
            <gpxtpx:hr>141</gpxtpx:hr>
          </gpxtpx:TrackPointExtension>
        </extensions>
      </trkpt>
      <trkpt lat="31.924374902264333" lon="120.58590360984347">
        <ele>5.289169756695628</ele>
        <time>2025-09-16T11:47:20.900000Z</time>
        <extensions>
          <gpxtpx:TrackPointExtension>
            <gpxtpx:hr>141</gpxtpx:hr>
          </gpxtpx:TrackPointExtension>
        </extensions>
      </trkpt>
      <trkpt lat="31.924371123355847" lon="120.5859156350841">
        <ele>5.2849465208128095</ele>
        <time>2025-09-16T11:47:21.900000Z</time>
        <extensions>
          <gpxtpx:TrackPointExtension>
            <gpxtpx:hr>141</gpxtpx:hr>
          </gpxtpx:TrackPointExtension>
        </extensions>
      </trkpt>
      <trkpt lat="31.924367002965464" lon="120.58592724915016">
        <ele>5.281536685302854</ele>
        <time>2025-09-16T11:47:22.900000Z</time>
        <extensions>
          <gpxtpx:TrackPointExtension>
            <gpxtpx:hr>142</gpxtpx:hr>
          </gpxtpx:TrackPointExtension>
        </extensions>
      </trkpt>
      <trkpt lat="31.924362563447957" lon="120.58593854244876">
        <ele>5.280648401007056</ele>
        <time>2025-09-16T11:47:23.900000Z</time>
        <extensions>
          <gpxtpx:TrackPointExtension>
            <gpxtpx:hr>142</gpxtpx:hr>
          </gpxtpx:TrackPointExtension>
        </extensions>
      </trkpt>
      <trkpt lat="31.92435810790146" lon="120.58594967443312">
        <ele>5.283372561447322</ele>
        <time>2025-09-16T11:47:24.900000Z</time>
        <extensions>
          <gpxtpx:TrackPointExtension>
            <gpxtpx:hr>142</gpxtpx:hr>
          </gpxtpx:TrackPointExtension>
        </extensions>
      </trkpt>
      <trkpt lat="31.924353911896905" lon="120.58596102875185">
        <ele>5.287533008493483</ele>
        <time>2025-09-16T11:47:25.900000Z</time>
        <extensions>
          <gpxtpx:TrackPointExtension>
            <gpxtpx:hr>142</gpxtpx:hr>
          </gpxtpx:TrackPointExtension>
        </extensions>
      </trkpt>
      <trkpt lat="31.924349976465972" lon="120.58597293413635">
        <ele>5.297395040281117</ele>
        <time>2025-09-16T11:47:26.900000Z</time>
        <extensions>
          <gpxtpx:TrackPointExtension>
            <gpxtpx:hr>141</gpxtpx:hr>
          </gpxtpx:TrackPointExtension>
        </extensions>
      </trkpt>
      <trkpt lat="31.924346197072705" lon="120.58598506702926">
        <ele>5.309399136342108</ele>
        <time>2025-09-16T11:47:27.900000Z</time>
        <extensions>
          <gpxtpx:TrackPointExtension>
            <gpxtpx:hr>141</gpxtpx:hr>
          </gpxtpx:TrackPointExtension>
        </extensions>
      </trkpt>
      <trkpt lat="31.924342508362482" lon="120.5859971460498">
        <ele>5.324440930038691</ele>
        <time>2025-09-16T11:47:28.900000Z</time>
        <extensions>
          <gpxtpx:TrackPointExtension>
            <gpxtpx:hr>141</gpxtpx:hr>
          </gpxtpx:TrackPointExtension>
        </extensions>
      </trkpt>
      <trkpt lat="31.92433890294885" lon="120.58600927203184">
        <ele>5.341888860799372</ele>
        <time>2025-09-16T11:47:29.900000Z</time>
        <extensions>
          <gpxtpx:TrackPointExtension>
            <gpxtpx:hr>141</gpxtpx:hr>
          </gpxtpx:TrackPointExtension>
        </extensions>
      </trkpt>
      <trkpt lat="31.924335551021013" lon="120.58602121976612">
        <ele>5.362049927935004</ele>
        <time>2025-09-16T11:47:30.900000Z</time>
        <extensions>
          <gpxtpx:TrackPointExtension>
            <gpxtpx:hr>141</gpxtpx:hr>
          </gpxtpx:TrackPointExtension>
        </extensions>
      </trkpt>
      <trkpt lat="31.92433252632473" lon="120.58603294832245">
        <ele>5.382723345421255</ele>
        <time>2025-09-16T11:47:31.900000Z</time>
        <extensions>
          <gpxtpx:TrackPointExtension>
            <gpxtpx:hr>143</gpxtpx:hr>
          </gpxtpx:TrackPointExtension>
        </extensions>
      </trkpt>
      <trkpt lat="31.924329696827744" lon="120.58604489998915">
        <ele>5.415574408136308</ele>
        <time>2025-09-16T11:47:32.900000Z</time>
        <extensions>
          <gpxtpx:TrackPointExtension>
            <gpxtpx:hr>143</gpxtpx:hr>
          </gpxtpx:TrackPointExtension>
        </extensions>
      </trkpt>
      <trkpt lat="31.924326905438104" lon="120.58605721125389">
        <ele>5.428041293285787</ele>
        <time>2025-09-16T11:47:33.900000Z</time>
        <extensions>
          <gpxtpx:TrackPointExtension>
            <gpxtpx:hr>143</gpxtpx:hr>
          </gpxtpx:TrackPointExtension>
        </extensions>
      </trkpt>
      <trkpt lat="31.924324048350986" lon="120.58606962042874">
        <ele>5.43404726497829</ele>
        <time>2025-09-16T11:47:34.900000Z</time>
        <extensions>
          <gpxtpx:TrackPointExtension>
            <gpxtpx:hr>143</gpxtpx:hr>
          </gpxtpx:TrackPointExtension>
        </extensions>
      </trkpt>
      <trkpt lat="31.924321144530225" lon="120.58608193770303">
        <ele>5.442308086901903</ele>
        <time>2025-09-16T11:47:35.900000Z</time>
        <extensions>
          <gpxtpx:TrackPointExtension>
            <gpxtpx:hr>143</gpxtpx:hr>
          </gpxtpx:TrackPointExtension>
        </extensions>
      </trkpt>
      <trkpt lat="31.924318136198398" lon="120.58609408316732">
        <ele>5.451409694738686</ele>
        <time>2025-09-16T11:47:36.900000Z</time>
        <extensions>
          <gpxtpx:TrackPointExtension>
            <gpxtpx:hr>143</gpxtpx:hr>
          </gpxtpx:TrackPointExtension>
        </extensions>
      </trkpt>
      <trkpt lat="31.924314911959996" lon="120.58610604761908">
        <ele>5.4596099108457565</ele>
        <time>2025-09-16T11:47:37.900000Z</time>
        <extensions>
          <gpxtpx:TrackPointExtension>
            <gpxtpx:hr>140</gpxtpx:hr>
          </gpxtpx:TrackPointExtension>
        </extensions>
      </trkpt>
      <trkpt lat="31.924311427835868" lon="120.58611790197723">
        <ele>5.4662310583516955</ele>
        <time>2025-09-16T11:47:38.900000Z</time>
        <extensions>
          <gpxtpx:TrackPointExtension>
            <gpxtpx:hr>140</gpxtpx:hr>
          </gpxtpx:TrackPointExtension>
        </extensions>
      </trkpt>
      <trkpt lat="31.92430768371974" lon="120.58612964402538">
        <ele>5.4708618856966496</ele>
        <time>2025-09-16T11:47:39.900000Z</time>
        <extensions>
          <gpxtpx:TrackPointExtension>
            <gpxtpx:hr>140</gpxtpx:hr>
          </gpxtpx:TrackPointExtension>
        </extensions>
      </trkpt>
      <trkpt lat="31.924303827154716" lon="120.58614124875258">
        <ele>5.467275214381516</ele>
        <time>2025-09-16T11:47:40.900000Z</time>
        <extensions>
          <gpxtpx:TrackPointExtension>
            <gpxtpx:hr>140</gpxtpx:hr>
          </gpxtpx:TrackPointExtension>
        </extensions>
      </trkpt>
      <trkpt lat="31.924300052868773" lon="120.58615284845614">
        <ele>5.46947343274951</ele>
        <time>2025-09-16T11:47:41.900000Z</time>
        <extensions>
          <gpxtpx:TrackPointExtension>
            <gpxtpx:hr>140</gpxtpx:hr>
          </gpxtpx:TrackPointExtension>
        </extensions>
      </trkpt>
      <trkpt lat="31.92429638954429" lon="120.58616452830775">
        <ele>5.469058178365231</ele>
        <time>2025-09-16T11:47:42.900000Z</time>
        <extensions>
          <gpxtpx:TrackPointExtension>
            <gpxtpx:hr>140</gpxtpx:hr>
          </gpxtpx:TrackPointExtension>
        </extensions>
      </trkpt>
      <trkpt lat="31.92429262939501" lon="120.58617553446001">
        <ele>5.472172144800425</ele>
        <time>2025-09-16T11:47:43.900000Z</time>
        <extensions>
          <gpxtpx:TrackPointExtension>
            <gpxtpx:hr>140</gpxtpx:hr>
          </gpxtpx:TrackPointExtension>
        </extensions>
      </trkpt>
      <trkpt lat="31.924288552097295" lon="120.58618575042486">
        <ele>5.477206158451736</ele>
        <time>2025-09-16T11:47:44.900000Z</time>
        <extensions>
          <gpxtpx:TrackPointExtension>
            <gpxtpx:hr>140</gpxtpx:hr>
          </gpxtpx:TrackPointExtension>
        </extensions>
      </trkpt>
      <trkpt lat="31.92428442689535" lon="120.58619622990292">
        <ele>5.484675793908536</ele>
        <time>2025-09-16T11:47:45.900000Z</time>
        <extensions>
          <gpxtpx:TrackPointExtension>
            <gpxtpx:hr>140</gpxtpx:hr>
          </gpxtpx:TrackPointExtension>
        </extensions>
      </trkpt>
      <trkpt lat="31.924280466195615" lon="120.58620761263437">
        <ele>5.48730446677655</ele>
        <time>2025-09-16T11:47:46.900000Z</time>
        <extensions>
          <gpxtpx:TrackPointExtension>
            <gpxtpx:hr>140</gpxtpx:hr>
          </gpxtpx:TrackPointExtension>
        </extensions>
      </trkpt>
      <trkpt lat="31.9242766865077" lon="120.58621966622898">
        <ele>5.482717717066407</ele>
        <time>2025-09-16T11:47:47.900000Z</time>
        <extensions>
          <gpxtpx:TrackPointExtension>
            <gpxtpx:hr>140</gpxtpx:hr>
          </gpxtpx:TrackPointExtension>
        </extensions>
      </trkpt>
      <trkpt lat="31.924273119574973" lon="120.58623177461999">
        <ele>5.479557801969349</ele>
        <time>2025-09-16T11:47:48.900000Z</time>
        <extensions>
          <gpxtpx:TrackPointExtension>
            <gpxtpx:hr>140</gpxtpx:hr>
          </gpxtpx:TrackPointExtension>
        </extensions>
      </trkpt>
      <trkpt lat="31.92426956301036" lon="120.58624377009917">
        <ele>5.478132961317897</ele>
        <time>2025-09-16T11:47:49.900000Z</time>
        <extensions>
          <gpxtpx:TrackPointExtension>
            <gpxtpx:hr>140</gpxtpx:hr>
          </gpxtpx:TrackPointExtension>
        </extensions>
      </trkpt>
      <trkpt lat="31.924265892803014" lon="120.58625566973346">
        <ele>5.475218317471445</ele>
        <time>2025-09-16T11:47:50.900000Z</time>
      </trkpt>
      <trkpt lat="31.92426212962268" lon="120.586267584271">
        <ele>5.475003548897803</ele>
        <time>2025-09-16T11:47:51.900000Z</time>
      </trkpt>
      <trkpt lat="31.924258467695047" lon="120.58627952257169">
        <ele>5.475520593114197</ele>
        <time>2025-09-16T11:47:52.900000Z</time>
      </trkpt>
      <trkpt lat="31.924255003964447" lon="120.58629142238952">
        <ele>5.4579097693786025</ele>
        <time>2025-09-16T11:47:53.900000Z</time>
      </trkpt>
      <trkpt lat="31.92425140414478" lon="120.58630338930708">
        <ele>5.446749227121472</ele>
        <time>2025-09-16T11:47:54.900000Z</time>
      </trkpt>
      <trkpt lat="31.9242477069335" lon="120.58631518775047">
        <ele>5.44060387276113</ele>
        <time>2025-09-16T11:47:55.900000Z</time>
      </trkpt>
      <trkpt lat="31.924244127109713" lon="120.58632643664774">
        <ele>5.438952853903174</ele>
        <time>2025-09-16T11:47:56.900000Z</time>
      </trkpt>
      <trkpt lat="31.92424067341902" lon="120.58633706472936">
        <ele>5.423269944265485</ele>
        <time>2025-09-16T11:47:57.900000Z</time>
      </trkpt>
      <trkpt lat="31.924237273338207" lon="120.58634764616642">
        <ele>5.43493786919862</ele>
        <time>2025-09-16T11:47:58.900000Z</time>
      </trkpt>
      <trkpt lat="31.924233583612498" lon="120.58635884169013">
        <ele>5.4472722029313445</ele>
        <time>2025-09-16T11:47:59.900000Z</time>
      </trkpt>
      <trkpt lat="31.924229591472194" lon="120.58637046756812">
        <ele>5.461685664951801</ele>
        <time>2025-09-16T11:48:00.900000Z</time>
      </trkpt>
      <trkpt lat="31.92422551178053" lon="120.58638202297226">
        <ele>5.4747860645875335</ele>
        <time>2025-09-16T11:48:01.900000Z</time>
      </trkpt>
      <trkpt lat="31.924221351080373" lon="120.58639312121224">
        <ele>5.485706368461251</ele>
        <time>2025-09-16T11:48:02.900000Z</time>
      </trkpt>
      <trkpt lat="31.92421711522721" lon="120.58640318093413">
        <ele>5.499834278598428</ele>
        <time>2025-09-16T11:48:03.900000Z</time>
      </trkpt>
      <trkpt lat="31.92421279165404" lon="120.58641280878892">
        <ele>5.497776063159108</ele>
        <time>2025-09-16T11:48:04.900000Z</time>
      </trkpt>
      <trkpt lat="31.924208513988" lon="120.58642322041767">
        <ele>5.498091873712838</ele>
        <time>2025-09-16T11:48:05.900000Z</time>
      </trkpt>
      <trkpt lat="31.92420456655909" lon="120.58643437203071">
        <ele>5.495793089270592</ele>
        <time>2025-09-16T11:48:06.900000Z</time>
      </trkpt>
      <trkpt lat="31.924201055488908" lon="120.58644538301205">
        <ele>5.491693819873035</ele>
        <time>2025-09-16T11:48:07.900000Z</time>
      </trkpt>
      <trkpt lat="31.924197668938458" lon="120.58645646761602">
        <ele>5.478241719305515</ele>
        <time>2025-09-16T11:48:08.900000Z</time>
      </trkpt>
      <trkpt lat="31.924194308506106" lon="120.58646758406675">
        <ele>5.456214902922511</ele>
        <time>2025-09-16T11:48:09.900000Z</time>
      </trkpt>
      <trkpt lat="31.924190798362787" lon="120.58647841440703">
        <ele>5.4241897370666265</ele>
        <time>2025-09-16T11:48:10.900000Z</time>
      </trkpt>
      <trkpt lat="31.924186687233906" lon="120.58648968736384">
        <ele>5.406631609424949</ele>
        <time>2025-09-16T11:48:11.900000Z</time>
      </trkpt>
      <trkpt lat="31.924182017138826" lon="120.58650153410403">
        <ele>5.381857991218567</ele>
        <time>2025-09-16T11:48:12.900000Z</time>
      </trkpt>
      <trkpt lat="31.924177138502547" lon="120.58651398071574">
        <ele>5.346370991319418</ele>
        <time>2025-09-16T11:48:13.900000Z</time>
      </trkpt>
      <trkpt lat="31.92417277527366" lon="120.58652680598321">
        <ele>5.286611444316804</ele>
        <time>2025-09-16T11:48:14.900000Z</time>
      </trkpt>
      <trkpt lat="31.924168653327268" lon="120.58654001866039">
        <ele>5.235557923093438</ele>
        <time>2025-09-16T11:48:15.900000Z</time>
      </trkpt>
      <trkpt lat="31.92416414354431" lon="120.58655344249789">
        <ele>5.192804004997015</ele>
        <time>2025-09-16T11:48:16.900000Z</time>
      </trkpt>
      <trkpt lat="31.92415969723724" lon="120.58656608491648">
        <ele>5.1599211217835546</ele>
        <time>2025-09-16T11:48:17.900000Z</time>
      </trkpt>
      <trkpt lat="31.92415536485692" lon="120.5865776544623">
        <ele>5.132174469530582</ele>
        <time>2025-09-16T11:48:18.900000Z</time>
      </trkpt>
      <trkpt lat="31.9241505266246" lon="120.58658902045308">
        <ele>5.106294591911137</ele>
        <time>2025-09-16T11:48:19.900000Z</time>
      </trkpt>
      <trkpt lat="31.924144853148935" lon="120.58660077291766">
        <ele>5.08779782243073</ele>
        <time>2025-09-16T11:48:20.900000Z</time>
      </trkpt>
      <trkpt lat="31.92413884997614" lon="120.58661309052246">
        <ele>5.079652799293399</ele>
        <time>2025-09-16T11:48:21.900000Z</time>
      </trkpt>
      <trkpt lat="31.924133090260504" lon="120.58662569953634">
        <ele>5.0755639700219035</ele>
        <time>2025-09-16T11:48:22.900000Z</time>
      </trkpt>
      <trkpt lat="31.9241279883766" lon="120.58663829266077">
        <ele>5.082299432717264</ele>
        <time>2025-09-16T11:48:24Z</time>
      </trkpt>
      <trkpt lat="31.924123537319755" lon="120.5866506989104">
        <ele>5.104423278942704</ele>
        <time>2025-09-16T11:48:25Z</time>
      </trkpt>
      <trkpt lat="31.924118975542473" lon="120.58666298551842">
        <ele>5.134501915425062</ele>
        <time>2025-09-16T11:48:26Z</time>
      </trkpt>
      <trkpt lat="31.92411388435669" lon="120.58667563462272">
        <ele>5.1746333269402385</ele>
        <time>2025-09-16T11:48:27Z</time>
      </trkpt>
      <trkpt lat="31.924108749156826" lon="120.5866887549823">
        <ele>5.221940832212567</ele>
        <time>2025-09-16T11:48:28Z</time>
      </trkpt>
      <trkpt lat="31.924104002382233" lon="120.58670201428336">
        <ele>5.276221536099911</ele>
        <time>2025-09-16T11:48:29Z</time>
      </trkpt>
      <trkpt lat="31.92409962155116" lon="120.58671504534875">
        <ele>5.331866403110325</ele>
        <time>2025-09-16T11:48:30Z</time>
      </trkpt>
      <trkpt lat="31.924095463985942" lon="120.58672788171437">
        <ele>5.387921622954309</ele>
        <time>2025-09-16T11:48:31Z</time>
      </trkpt>
      <trkpt lat="31.924091328862488" lon="120.58674068738232">
        <ele>5.444537580013275</ele>
        <time>2025-09-16T11:48:32Z</time>
      </trkpt>
      <trkpt lat="31.92408720847813" lon="120.58675356468576">
        <ele>5.501338259316981</ele>
        <time>2025-09-16T11:48:33Z</time>
      </trkpt>
      <trkpt lat="31.924083360960157" lon="120.58676642217927">
        <ele>5.561406892724335</ele>
        <time>2025-09-16T11:48:34Z</time>
      </trkpt>
      <trkpt lat="31.924079945404976" lon="120.58677904857042">
        <ele>5.619769876822829</ele>
        <time>2025-09-16T11:48:35Z</time>
      </trkpt>
      <trkpt lat="31.924076894921573" lon="120.58679142257031">
        <ele>5.6738330237567425</ele>
        <time>2025-09-16T11:48:36Z</time>
      </trkpt>
      <trkpt lat="31.924074060303116" lon="120.58680381346844">
        <ele>5.7244807397946715</ele>
        <time>2025-09-16T11:48:37Z</time>
      </trkpt>
      <trkpt lat="31.92407143988929" lon="120.58681623354293">
        <ele>5.764267300255597</ele>
        <time>2025-09-16T11:48:38Z</time>
      </trkpt>
      <trkpt lat="31.92406906667754" lon="120.58682857585397">
        <ele>5.791944423690438</ele>
        <time>2025-09-16T11:48:39Z</time>
      </trkpt>
      <trkpt lat="31.92406691926334" lon="120.58684102227983">
        <ele>5.817146590910852</ele>
        <time>2025-09-16T11:48:40Z</time>
      </trkpt>
      <trkpt lat="31.924065033961366" lon="120.58685369371645">
        <ele>5.841263583861291</ele>
        <time>2025-09-16T11:48:41Z</time>
      </trkpt>
      <trkpt lat="31.92406336800605" lon="120.58686679342185">
        <ele>5.860536273568869</ele>
        <time>2025-09-16T11:48:42Z</time>
      </trkpt>
      <trkpt lat="31.92406188741544" lon="120.58687990621638">
        <ele>5.880845505744219</ele>
        <time>2025-09-16T11:48:43Z</time>
      </trkpt>
      <trkpt lat="31.924060327010068" lon="120.58689262588007">
        <ele>5.898927491158247</ele>
        <time>2025-09-16T11:48:44Z</time>
      </trkpt>
      <trkpt lat="31.924058253925768" lon="120.58690499621876">
        <ele>5.917337014339864</ele>
        <time>2025-09-16T11:48:45Z</time>
      </trkpt>
      <trkpt lat="31.924055564286377" lon="120.58691682570282">
        <ele>5.933452938683331</ele>
        <time>2025-09-16T11:48:46Z</time>
      </trkpt>
      <trkpt lat="31.924052802369864" lon="120.58692827385299">
        <ele>5.948935111984611</ele>
        <time>2025-09-16T11:48:47Z</time>
      </trkpt>
      <trkpt lat="31.924050745877246" lon="120.58693984498369">
        <ele>5.962621822953224</ele>
        <time>2025-09-16T11:48:48Z</time>
      </trkpt>
      <trkpt lat="31.92404958848635" lon="120.58695182617699">
        <ele>5.976483856327832</ele>
        <time>2025-09-16T11:48:49Z</time>
      </trkpt>
      <trkpt lat="31.92404873716582" lon="120.5869645944399">
        <ele>5.9925426999107</ele>
        <time>2025-09-16T11:48:50Z</time>
      </trkpt>
      <trkpt lat="31.92404751049798" lon="120.58697781037576">
        <ele>6.008763640187681</ele>
        <time>2025-09-16T11:48:51Z</time>
      </trkpt>
      <trkpt lat="31.924045367397113" lon="120.58699097127912">
        <ele>6.026857808232307</ele>
        <time>2025-09-16T11:48:52Z</time>
      </trkpt>
      <trkpt lat="31.92404215303756" lon="120.58700415125381">
        <ele>6.050484897568822</ele>
        <time>2025-09-16T11:48:53Z</time>
      </trkpt>
      <trkpt lat="31.924038274155052" lon="120.587017064681">
        <ele>6.078085383400321</ele>
        <time>2025-09-16T11:48:54Z</time>
      </trkpt>
      <trkpt lat="31.92403400057572" lon="120.58702965523707">
        <ele>6.109906778670847</ele>
        <time>2025-09-16T11:48:55Z</time>
      </trkpt>
      <trkpt lat="31.9240293446354" lon="120.58704190351123">
        <ele>6.141672710888088</ele>
        <time>2025-09-16T11:48:56Z</time>
      </trkpt>
      <trkpt lat="31.924024285799952" lon="120.58705372180239">
        <ele>6.176931309513748</ele>
        <time>2025-09-16T11:48:57Z</time>
      </trkpt>
      <trkpt lat="31.924018975965183" lon="120.58706526974795">
        <ele>6.21223118621856</ele>
        <time>2025-09-16T11:48:58Z</time>
      </trkpt>
      <trkpt lat="31.924013697254743" lon="120.58707688873181">
        <ele>6.250560148619115</ele>
        <time>2025-09-16T11:48:59Z</time>
      </trkpt>
      <trkpt lat="31.92400872001387" lon="120.58708867188425">
        <ele>6.291221596300602</ele>
        <time>2025-09-16T11:49:00Z</time>
      </trkpt>
      <trkpt lat="31.9240042442475" lon="120.58710059726167">
        <ele>6.333611712791026</ele>
        <time>2025-09-16T11:49:01Z</time>
      </trkpt>
      <trkpt lat="31.924000254008664" lon="120.58711261854357">
        <ele>6.376991091296077</ele>
        <time>2025-09-16T11:49:02Z</time>
      </trkpt>
      <trkpt lat="31.9239965873013" lon="120.58712471534602">
        <ele>6.422469177283347</ele>
        <time>2025-09-16T11:49:03Z</time>
      </trkpt>
      <trkpt lat="31.92399310978195" lon="120.58713705441093">
        <ele>6.4664259403944016</ele>
        <time>2025-09-16T11:49:04Z</time>
      </trkpt>
      <trkpt lat="31.923989639048916" lon="120.58714951565949">
        <ele>6.509719631634653</ele>
        <time>2025-09-16T11:49:05Z</time>
      </trkpt>
      <trkpt lat="31.923986051689617" lon="120.58716183901983">
        <ele>6.553985713049769</ele>
        <time>2025-09-16T11:49:06Z</time>
      </trkpt>
      <trkpt lat="31.923982347494245" lon="120.58717405472817">
        <ele>6.593313405290246</ele>
        <time>2025-09-16T11:49:07Z</time>
      </trkpt>
      <trkpt lat="31.923978556906448" lon="120.58718618712236">
        <ele>6.6330258110538125</ele>
        <time>2025-09-16T11:49:08Z</time>
      </trkpt>
      <trkpt lat="31.923974742525637" lon="120.58719832358923">
        <ele>6.671988341957331</ele>
        <time>2025-09-16T11:49:08.900000Z</time>
      </trkpt>
      <trkpt lat="31.92397100567288" lon="120.58721064445974">
        <ele>6.710519596002996</ele>
        <time>2025-09-16T11:49:09.900000Z</time>
      </trkpt>
      <trkpt lat="31.923967387009224" lon="120.58722292753953">
        <ele>6.7369050439447165</ele>
        <time>2025-09-16T11:49:10.900000Z</time>
      </trkpt>
      <trkpt lat="31.923963772195552" lon="120.58723505879726">
        <ele>6.727074418216944</ele>
        <time>2025-09-16T11:49:11.900000Z</time>
      </trkpt>
      <trkpt lat="31.92395997768184" lon="120.5872470114671">
        <ele>6.717146459966898</ele>
        <time>2025-09-16T11:49:12.900000Z</time>
      </trkpt>
      <trkpt lat="31.923955999142155" lon="120.58725885342315">
        <ele>6.703463383950293</ele>
        <time>2025-09-16T11:49:13.900000Z</time>
      </trkpt>
      <trkpt lat="31.92395185866275" lon="120.58727065998599">
        <ele>6.698984486050904</ele>
        <time>2025-09-16T11:49:14.900000Z</time>
      </trkpt>
      <trkpt lat="31.923947726504128" lon="120.58728253159082">
        <ele>6.688175933435559</ele>
        <time>2025-09-16T11:49:15.900000Z</time>
      </trkpt>
      <trkpt lat="31.923943582745633" lon="120.5872944484204">
        <ele>6.677446837536991</ele>
        <time>2025-09-16T11:49:16.900000Z</time>
      </trkpt>
      <trkpt lat="31.923939377406484" lon="120.58730624924561">
        <ele>6.669588799588382</ele>
        <time>2025-09-16T11:49:17.900000Z</time>
      </trkpt>
      <trkpt lat="31.92393503676054" lon="120.58731783311174">
        <ele>6.656702960841358</ele>
        <time>2025-09-16T11:49:18.900000Z</time>
      </trkpt>
      <trkpt lat="31.923930409213085" lon="120.5873291483351">
        <ele>6.635315231047571</ele>
        <time>2025-09-16T11:49:19.900000Z</time>
      </trkpt>
      <trkpt lat="31.923925409760045" lon="120.58733992682151">
        <ele>6.61336440499872</ele>
        <time>2025-09-16T11:49:20.900000Z</time>
      </trkpt>
      <trkpt lat="31.923920069503747" lon="120.58734907622652">
        <ele>6.600162443704903</ele>
        <time>2025-09-16T11:49:21.900000Z</time>
      </trkpt>
      <trkpt lat="31.923914362840705" lon="120.58735706823131">
        <ele>6.5860156994313</ele>
        <time>2025-09-16T11:49:22.900000Z</time>
      </trkpt>
      <trkpt lat="31.9239092031216" lon="120.58736617371713">
        <ele>6.57812571246177</ele>
        <time>2025-09-16T11:49:23.900000Z</time>
      </trkpt>
      <trkpt lat="31.923905261220163" lon="120.58737737992836">
        <ele>6.56574541516602</ele>
        <time>2025-09-16T11:49:24.900000Z</time>
      </trkpt>
      <trkpt lat="31.92390183274468" lon="120.58739017215359">
        <ele>6.571614466607571</ele>
        <time>2025-09-16T11:49:25.900000Z</time>
      </trkpt>
      <trkpt lat="31.92389831159039" lon="120.58740368814762">
        <ele>6.577605647034943</ele>
        <time>2025-09-16T11:49:26.900000Z</time>
      </trkpt>
      <trkpt lat="31.923894540306012" lon="120.58741759936693">
        <ele>6.584913217462599</ele>
        <time>2025-09-16T11:49:27.900000Z</time>
      </trkpt>
      <trkpt lat="31.923890667582192" lon="120.58743147669719">
        <ele>6.592021498829126</ele>
        <time>2025-09-16T11:49:28.900000Z</time>
      </trkpt>
      <trkpt lat="31.92388670180137" lon="120.58744505651396">
        <ele>6.603939926251769</ele>
        <time>2025-09-16T11:49:29.900000Z</time>
      </trkpt>
      <trkpt lat="31.9238826343123" lon="120.58745855347388">
        <ele>6.619350238703191</ele>
        <time>2025-09-16T11:49:30.900000Z</time>
      </trkpt>
      <trkpt lat="31.923878584912195" lon="120.5874721262399">
        <ele>6.634091745130718</ele>
        <time>2025-09-16T11:49:31.900000Z</time>
      </trkpt>
      <trkpt lat="31.92387456616167" lon="120.587485777529">
        <ele>6.6503807893022895</ele>
        <time>2025-09-16T11:49:32.900000Z</time>
      </trkpt>
      <trkpt lat="31.923870472586156" lon="120.58749932854928">
        <ele>6.66151684615761</ele>
        <time>2025-09-16T11:49:33.900000Z</time>
      </trkpt>
      <trkpt lat="31.923866284870925" lon="120.58751258172559">
        <ele>6.666882639750838</ele>
        <time>2025-09-16T11:49:34.900000Z</time>
      </trkpt>
      <trkpt lat="31.923862192580266" lon="120.58752578339332">
        <ele>6.668575090356171</ele>
        <time>2025-09-16T11:49:35.900000Z</time>
      </trkpt>
      <trkpt lat="31.923858409524442" lon="120.58753904242337">
        <ele>6.6746422704309225</ele>
        <time>2025-09-16T11:49:36.900000Z</time>
      </trkpt>
      <trkpt lat="31.923854973633276" lon="120.58755199661782">
        <ele>6.691886349581182</ele>
        <time>2025-09-16T11:49:37.900000Z</time>
      </trkpt>
      <trkpt lat="31.923851657068415" lon="120.5875643009307">
        <ele>6.700077993795276</ele>
        <time>2025-09-16T11:49:38.900000Z</time>
      </trkpt>
      <trkpt lat="31.923848104295" lon="120.58757649732522">
        <ele>6.712624709121883</ele>
        <time>2025-09-16T11:49:39.900000Z</time>
      </trkpt>
      <trkpt lat="31.92384420861797" lon="120.58758912871924">
        <ele>6.7244602190330625</ele>
        <time>2025-09-16T11:49:40.900000Z</time>
      </trkpt>
      <trkpt lat="31.923839996060757" lon="120.58760194772297">
        <ele>6.740108706057072</ele>
        <time>2025-09-16T11:49:41.900000Z</time>
      </trkpt>
      <trkpt lat="31.923835719932338" lon="120.58761473268501">
        <ele>6.7566749500110745</ele>
        <time>2025-09-16T11:49:42.900000Z</time>
      </trkpt>
      <trkpt lat="31.92383162187239" lon="120.58762734024768">
        <ele>6.782310001552105</ele>
        <time>2025-09-16T11:49:43.900000Z</time>
      </trkpt>
      <trkpt lat="31.923827605284067" lon="120.58763977824356">
        <ele>6.8074141424149275</ele>
        <time>2025-09-16T11:49:44.900000Z</time>
      </trkpt>
      <trkpt lat="31.9238234934316" lon="120.58765242520366">
        <ele>6.832973645068705</ele>
        <time>2025-09-16T11:49:45.900000Z</time>
      </trkpt>
      <trkpt lat="31.92381928386338" lon="120.58766540753774">
        <ele>6.858088323846459</ele>
        <time>2025-09-16T11:49:46.900000Z</time>
      </trkpt>
      <trkpt lat="31.923814934923954" lon="120.58767840846893">
        <ele>6.88486482296139</ele>
        <time>2025-09-16T11:49:47.900000Z</time>
      </trkpt>
      <trkpt lat="31.9238104788934" lon="120.58769108089403">
        <ele>6.911378207616508</ele>
        <time>2025-09-16T11:49:48.900000Z</time>
      </trkpt>
      <trkpt lat="31.923806169654565" lon="120.58770340777376">
        <ele>6.9347956124693155</ele>
        <time>2025-09-16T11:49:49.900000Z</time>
      </trkpt>
      <trkpt lat="31.923802106019657" lon="120.58771577028757">
        <ele>6.950599634088576</ele>
        <time>2025-09-16T11:49:50.900000Z</time>
      </trkpt>
      <trkpt lat="31.92379801396435" lon="120.58772828664047">
        <ele>6.971198599785566</ele>
        <time>2025-09-16T11:49:51.900000Z</time>
      </trkpt>
      <trkpt lat="31.923793685364547" lon="120.58774094689939">
        <ele>6.98727869708091</ele>
        <time>2025-09-16T11:49:53Z</time>
        <extensions>
          <gpxtpx:TrackPointExtension>
            <gpxtpx:hr>138</gpxtpx:hr>
          </gpxtpx:TrackPointExtension>
        </extensions>
      </trkpt>
      <trkpt lat="31.923789199999472" lon="120.58775383472113">
        <ele>6.998474800027907</ele>
        <time>2025-09-16T11:49:54Z</time>
        <extensions>
          <gpxtpx:TrackPointExtension>
            <gpxtpx:hr>138</gpxtpx:hr>
          </gpxtpx:TrackPointExtension>
        </extensions>
      </trkpt>
      <trkpt lat="31.923784706359783" lon="120.58776657922427">
        <ele>7.007516810670495</ele>
        <time>2025-09-16T11:49:55Z</time>
        <extensions>
          <gpxtpx:TrackPointExtension>
            <gpxtpx:hr>138</gpxtpx:hr>
          </gpxtpx:TrackPointExtension>
        </extensions>
      </trkpt>
      <trkpt lat="31.923780310866068" lon="120.58777914605147">
        <ele>7.011537184007466</ele>
        <time>2025-09-16T11:49:56Z</time>
        <extensions>
          <gpxtpx:TrackPointExtension>
            <gpxtpx:hr>138</gpxtpx:hr>
          </gpxtpx:TrackPointExtension>
        </extensions>
      </trkpt>
      <trkpt lat="31.923776044778666" lon="120.5877918440215">
        <ele>7.010859738104045</ele>
        <time>2025-09-16T11:49:57Z</time>
        <extensions>
          <gpxtpx:TrackPointExtension>
            <gpxtpx:hr>138</gpxtpx:hr>
          </gpxtpx:TrackPointExtension>
        </extensions>
      </trkpt>
      <trkpt lat="31.923772011045756" lon="120.58780439286646">
        <ele>7.00904537551105</ele>
        <time>2025-09-16T11:49:58Z</time>
        <extensions>
          <gpxtpx:TrackPointExtension>
            <gpxtpx:hr>138</gpxtpx:hr>
          </gpxtpx:TrackPointExtension>
        </extensions>
      </trkpt>
      <trkpt lat="31.923768242753457" lon="120.58781685463939">
        <ele>7.004217965528369</ele>
        <time>2025-09-16T11:49:59Z</time>
        <extensions>
          <gpxtpx:TrackPointExtension>
            <gpxtpx:hr>138</gpxtpx:hr>
          </gpxtpx:TrackPointExtension>
        </extensions>
      </trkpt>
      <trkpt lat="31.923764627929312" lon="120.58782955058854">
        <ele>6.997627532109618</ele>
        <time>2025-09-16T11:50:00Z</time>
        <extensions>
          <gpxtpx:TrackPointExtension>
            <gpxtpx:hr>138</gpxtpx:hr>
          </gpxtpx:TrackPointExtension>
        </extensions>
      </trkpt>
      <trkpt lat="31.923761063180738" lon="120.58784249264824">
        <ele>6.991631533019245</ele>
        <time>2025-09-16T11:50:01Z</time>
        <extensions>
          <gpxtpx:TrackPointExtension>
            <gpxtpx:hr>138</gpxtpx:hr>
          </gpxtpx:TrackPointExtension>
        </extensions>
      </trkpt>
      <trkpt lat="31.92375748248681" lon="120.58785537662726">
        <ele>6.983631168492138</ele>
        <time>2025-09-16T11:50:02Z</time>
        <extensions>
          <gpxtpx:TrackPointExtension>
            <gpxtpx:hr>138</gpxtpx:hr>
          </gpxtpx:TrackPointExtension>
        </extensions>
      </trkpt>
      <trkpt lat="31.92375373469503" lon="120.58786786214121">
        <ele>6.977119090035558</ele>
        <time>2025-09-16T11:50:03Z</time>
        <extensions>
          <gpxtpx:TrackPointExtension>
            <gpxtpx:hr>138</gpxtpx:hr>
          </gpxtpx:TrackPointExtension>
        </extensions>
      </trkpt>
      <trkpt lat="31.923749853323688" lon="120.58787994339514">
        <ele>6.970248085446656</ele>
        <time>2025-09-16T11:50:04Z</time>
        <extensions>
          <gpxtpx:TrackPointExtension>
            <gpxtpx:hr>138</gpxtpx:hr>
          </gpxtpx:TrackPointExtension>
        </extensions>
      </trkpt>
      <trkpt lat="31.923745916255985" lon="120.58789195846035">
        <ele>6.9591467110440135</ele>
        <time>2025-09-16T11:50:05Z</time>
        <extensions>
          <gpxtpx:TrackPointExtension>
            <gpxtpx:hr>138</gpxtpx:hr>
          </gpxtpx:TrackPointExtension>
        </extensions>
      </trkpt>
      <trkpt lat="31.923742009428253" lon="120.58790406291067">
        <ele>6.9438034519553185</ele>
        <time>2025-09-16T11:50:06Z</time>
        <extensions>
          <gpxtpx:TrackPointExtension>
            <gpxtpx:hr>138</gpxtpx:hr>
          </gpxtpx:TrackPointExtension>
        </extensions>
      </trkpt>
      <trkpt lat="31.923738261380414" lon="120.58791618778791">
        <ele>6.927618947811425</ele>
        <time>2025-09-16T11:50:07Z</time>
        <extensions>
          <gpxtpx:TrackPointExtension>
            <gpxtpx:hr>138</gpxtpx:hr>
          </gpxtpx:TrackPointExtension>
        </extensions>
      </trkpt>
      <trkpt lat="31.923734659269357" lon="120.58792840536215">
        <ele>6.912575349211693</ele>
        <time>2025-09-16T11:50:08Z</time>
        <extensions>
          <gpxtpx:TrackPointExtension>
            <gpxtpx:hr>138</gpxtpx:hr>
          </gpxtpx:TrackPointExtension>
        </extensions>
      </trkpt>
      <trkpt lat="31.923731125288743" lon="120.58794071427532">
        <ele>6.895392603240907</ele>
        <time>2025-09-16T11:50:09Z</time>
        <extensions>
          <gpxtpx:TrackPointExtension>
            <gpxtpx:hr>138</gpxtpx:hr>
          </gpxtpx:TrackPointExtension>
        </extensions>
      </trkpt>
      <trkpt lat="31.923727582950868" lon="120.58795309903968">
        <ele>6.880187011323869</ele>
        <time>2025-09-16T11:50:10Z</time>
        <extensions>
          <gpxtpx:TrackPointExtension>
            <gpxtpx:hr>138</gpxtpx:hr>
          </gpxtpx:TrackPointExtension>
        </extensions>
      </trkpt>
      <trkpt lat="31.923724051259054" lon="120.58796563834807">
        <ele>6.865971946157515</ele>
        <time>2025-09-16T11:50:11Z</time>
        <extensions>
          <gpxtpx:TrackPointExtension>
            <gpxtpx:hr>138</gpxtpx:hr>
          </gpxtpx:TrackPointExtension>
        </extensions>
      </trkpt>
      <trkpt lat="31.923720489197844" lon="120.5879783413027">
        <ele>6.85145063418895</ele>
        <time>2025-09-16T11:50:12Z</time>
        <extensions>
          <gpxtpx:TrackPointExtension>
            <gpxtpx:hr>138</gpxtpx:hr>
          </gpxtpx:TrackPointExtension>
        </extensions>
      </trkpt>
      <trkpt lat="31.92371669110983" lon="120.58799104599102">
        <ele>6.832892021164298</ele>
        <time>2025-09-16T11:50:13Z</time>
      </trkpt>
      <trkpt lat="31.92371248407455" lon="120.58800369014799">
        <ele>6.813140137121081</ele>
        <time>2025-09-16T11:50:14Z</time>
      </trkpt>
      <trkpt lat="31.92370783730957" lon="120.58801628469706">
        <ele>6.791762113571167</ele>
        <time>2025-09-16T11:50:15Z</time>
      </trkpt>
      <trkpt lat="31.923702914281996" lon="120.58802883240907">
        <ele>6.7765156999230385</ele>
        <time>2025-09-16T11:50:16Z</time>
      </trkpt>
      <trkpt lat="31.923697989162612" lon="120.58804151092227">
        <ele>6.759010243229568</ele>
        <time>2025-09-16T11:50:17Z</time>
      </trkpt>
      <trkpt lat="31.923693181643635" lon="120.58805399117149">
        <ele>6.745411600917578</ele>
        <time>2025-09-16T11:50:18Z</time>
      </trkpt>
      <trkpt lat="31.92368857380114" lon="120.58806635187744">
        <ele>6.733848347328603</ele>
        <time>2025-09-16T11:50:19Z</time>
      </trkpt>
      <trkpt lat="31.923684301539446" lon="120.58807909471801">
        <ele>6.714822995476425</ele>
        <time>2025-09-16T11:50:20Z</time>
      </trkpt>
      <trkpt lat="31.923680329861856" lon="120.58809202187138">
        <ele>6.695570668205619</ele>
        <time>2025-09-16T11:50:21Z</time>
      </trkpt>
      <trkpt lat="31.92367661019843" lon="120.5881049843101">
        <ele>6.674072105437517</ele>
        <time>2025-09-16T11:50:22Z</time>
      </trkpt>
      <trkpt lat="31.92367303302604" lon="120.58811788003078">
        <ele>6.650887472555041</ele>
        <time>2025-09-16T11:50:23Z</time>
      </trkpt>
      <trkpt lat="31.923669445868313" lon="120.58813064858116">
        <ele>6.627534000203013</ele>
        <time>2025-09-16T11:50:24Z</time>
      </trkpt>
      <trkpt lat="31.92366576550826" lon="120.58814338605598">
        <ele>6.605320726521313</ele>
        <time>2025-09-16T11:50:25Z</time>
      </trkpt>
      <trkpt lat="31.923662024233522" lon="120.5881562031095">
        <ele>6.574476532638073</ele>
        <time>2025-09-16T11:50:26Z</time>
      </trkpt>
      <trkpt lat="31.923658418725278" lon="120.58816904410088">
        <ele>6.544442883692682</ele>
        <time>2025-09-16T11:50:27Z</time>
      </trkpt>
      <trkpt lat="31.923654951428848" lon="120.58818179095864">
        <ele>6.510798696428537</ele>
        <time>2025-09-16T11:50:28Z</time>
      </trkpt>
      <trkpt lat="31.92365136365175" lon="120.5881945161333">
        <ele>6.499405857175589</ele>
        <time>2025-09-16T11:50:29Z</time>
      </trkpt>
      <trkpt lat="31.923647462608255" lon="120.58820721952343">
        <ele>6.488864440470934</ele>
        <time>2025-09-16T11:50:30Z</time>
      </trkpt>
      <trkpt lat="31.923643329001024" lon="120.58821960396311">
        <ele>6.45121047180146</ele>
        <time>2025-09-16T11:50:31Z</time>
      </trkpt>
      <trkpt lat="31.92363912656976" lon="120.5882315293197">
        <ele>6.413507835939527</ele>
        <time>2025-09-16T11:50:32Z</time>
      </trkpt>
      <trkpt lat="31.923635059371453" lon="120.58824314919833">
        <ele>6.374424428679049</ele>
        <time>2025-09-16T11:50:33Z</time>
      </trkpt>
      <trkpt lat="31.923631589947792" lon="120.58825424424246">
        <ele>6.326854556798935</ele>
        <time>2025-09-16T11:50:34Z</time>
      </trkpt>
      <trkpt lat="31.923629549514352" lon="120.58826402920738">
        <ele>6.279759435914457</ele>
        <time>2025-09-16T11:50:35Z</time>
      </trkpt>
      <trkpt lat="31.923629477438443" lon="120.58827184745203">
        <ele>6.242622854188085</ele>
        <time>2025-09-16T11:50:36Z</time>
      </trkpt>
      <trkpt lat="31.923630905899" lon="120.58827862318019">
        <ele>6.206428744830191</ele>
        <time>2025-09-16T11:50:37Z</time>
      </trkpt>
      <trkpt lat="31.923632555870196" lon="120.58828635995307">
        <ele>6.170984507538378</ele>
        <time>2025-09-16T11:50:38Z</time>
      </trkpt>
      <trkpt lat="31.923633126565765" lon="120.58829609037727">
        <ele>6.134504511021078</ele>
        <time>2025-09-16T11:50:39Z</time>
      </trkpt>
      <trkpt lat="31.923631886897084" lon="120.58830759883381">
        <ele>6.101344252936542</ele>
        <time>2025-09-16T11:50:40Z</time>
      </trkpt>
      <trkpt lat="31.923629004213858" lon="120.58831991484669">
        <ele>6.06782153993845</ele>
        <time>2025-09-16T11:50:41Z</time>
      </trkpt>
      <trkpt lat="31.923625239075164" lon="120.58833245372038">
        <ele>6.033463355153799</ele>
        <time>2025-09-16T11:50:42Z</time>
      </trkpt>
      <trkpt lat="31.923621312663382" lon="120.5883453215375">
        <ele>5.996572446078062</ele>
        <time>2025-09-16T11:50:43Z</time>
      </trkpt>
      <trkpt lat="31.92361757926958" lon="120.58835839886781">
        <ele>5.970406087115407</ele>
        <time>2025-09-16T11:50:44Z</time>
      </trkpt>
      <trkpt lat="31.923614135695004" lon="120.58837194367176">
        <ele>5.943854073062539</ele>
        <time>2025-09-16T11:50:45Z</time>
      </trkpt>
      <trkpt lat="31.923611183342253" lon="120.58838574023667">
        <ele>5.920884604565799</ele>
        <time>2025-09-16T11:50:46Z</time>
      </trkpt>
      <trkpt lat="31.923608378472345" lon="120.58839953675412">
        <ele>5.899060851894319</ele>
        <time>2025-09-16T11:50:47Z</time>
      </trkpt>
      <trkpt lat="31.923605141425337" lon="120.58841362739595">
        <ele>5.879331638105214</ele>
        <time>2025-09-16T11:50:48Z</time>
      </trkpt>
      <trkpt lat="31.923601426113112" lon="120.58842733225023">
        <ele>5.860655881464481</ele>
        <time>2025-09-16T11:50:49Z</time>
      </trkpt>
      <trkpt lat="31.923597136236243" lon="120.58844063955458">
        <ele>5.841044353321195</ele>
        <time>2025-09-16T11:50:50Z</time>
      </trkpt>
      <trkpt lat="31.92359234848861" lon="120.58845402246226">
        <ele>5.828975124284625</ele>
        <time>2025-09-16T11:50:51Z</time>
      </trkpt>
      <trkpt lat="31.92358752131402" lon="120.58846739070704">
        <ele>5.807089811190963</ele>
        <time>2025-09-16T11:50:52Z</time>
      </trkpt>
      <trkpt lat="31.923582935786698" lon="120.58848067511154">
        <ele>5.7753212582319975</ele>
        <time>2025-09-16T11:50:53Z</time>
      </trkpt>
      <trkpt lat="31.92357864687313" lon="120.58849399771736">
        <ele>5.747441983781755</ele>
        <time>2025-09-16T11:50:54Z</time>
      </trkpt>
      <trkpt lat="31.92357449500748" lon="120.58850733179086">
        <ele>5.71795723028481</ele>
        <time>2025-09-16T11:50:55Z</time>
      </trkpt>
      <trkpt lat="31.923570332424532" lon="120.58852032502182">
        <ele>5.690188709646463</ele>
        <time>2025-09-16T11:50:56Z</time>
      </trkpt>
      <trkpt lat="31.923565736423146" lon="120.58853297321322">
        <ele>5.6584944278001785</ele>
        <time>2025-09-16T11:50:57Z</time>
      </trkpt>
      <trkpt lat="31.92356067710136" lon="120.58854560925528">
        <ele>5.627604824490845</ele>
        <time>2025-09-16T11:50:58Z</time>
      </trkpt>
      <trkpt lat="31.923555681961698" lon="120.58855836983939">
        <ele>5.595908572897315</ele>
        <time>2025-09-16T11:50:59Z</time>
      </trkpt>
      <trkpt lat="31.923550904727367" lon="120.58857127942127">
        <ele>5.562945222482085</ele>
        <time>2025-09-16T11:51:00Z</time>
      </trkpt>
      <trkpt lat="31.92354619459921" lon="120.58858428637414">
        <ele>5.531181965954602</ele>
        <time>2025-09-16T11:51:01Z</time>
      </trkpt>
      <trkpt lat="31.923541466353257" lon="120.58859718573692">
        <ele>5.499209379777312</ele>
        <time>2025-09-16T11:51:02Z</time>
      </trkpt>
      <trkpt lat="31.92353647453264" lon="120.58860968807109">
        <ele>5.46797423902899</ele>
        <time>2025-09-16T11:51:03Z</time>
      </trkpt>
      <trkpt lat="31.923531193757125" lon="120.58862181504173">
        <ele>5.437207653187215</ele>
        <time>2025-09-16T11:51:04Z</time>
      </trkpt>
      <trkpt lat="31.923525863671514" lon="120.58863380349368">
        <ele>5.409721718169749</ele>
        <time>2025-09-16T11:51:05Z</time>
      </trkpt>
      <trkpt lat="31.923520488276967" lon="120.58864568851688">
        <ele>5.379693374969065</ele>
        <time>2025-09-16T11:51:06Z</time>
      </trkpt>
      <trkpt lat="31.923514971074233" lon="120.5886575437548">
        <ele>5.351569639518857</ele>
        <time>2025-09-16T11:51:07Z</time>
      </trkpt>
      <trkpt lat="31.923509388099376" lon="120.5886695760464">
        <ele>5.321190293878317</ele>
        <time>2025-09-16T11:51:08Z</time>
      </trkpt>
      <trkpt lat="31.923504056380327" lon="120.58868186414125">
        <ele>5.2947540720924735</ele>
        <time>2025-09-16T11:51:09Z</time>
      </trkpt>
      <trkpt lat="31.923499039912688" lon="120.5886945032587">
        <ele>5.2682675970718265</ele>
        <time>2025-09-16T11:51:10Z</time>
      </trkpt>
      <trkpt lat="31.92349429194511" lon="120.58870735531663">
        <ele>5.245550903491676</ele>
        <time>2025-09-16T11:51:11Z</time>
      </trkpt>
      <trkpt lat="31.923489723674177" lon="120.58872035323587">
        <ele>5.224088785238564</ele>
        <time>2025-09-16T11:51:12Z</time>
      </trkpt>
      <trkpt lat="31.923485305916508" lon="120.5887335214985">
        <ele>5.205055977217853</ele>
        <time>2025-09-16T11:51:13Z</time>
      </trkpt>
      <trkpt lat="31.923481182438984" lon="120.58874676845376">
        <ele>5.186619735322893</ele>
        <time>2025-09-16T11:51:14Z</time>
      </trkpt>
      <trkpt lat="31.92347737090289" lon="120.58876000104284">
        <ele>5.1663251323625445</ele>
        <time>2025-09-16T11:51:15Z</time>
      </trkpt>
      <trkpt lat="31.92347372094845" lon="120.58877298354567">
        <ele>5.141034645028412</ele>
        <time>2025-09-16T11:51:16Z</time>
      </trkpt>
      <trkpt lat="31.923469856635773" lon="120.58878579666903">
        <ele>5.116197985596955</ele>
        <time>2025-09-16T11:51:17Z</time>
      </trkpt>
      <trkpt lat="31.92346555284734" lon="120.5887986968741">
        <ele>5.091466899961233</ele>
        <time>2025-09-16T11:51:18Z</time>
      </trkpt>
      <trkpt lat="31.923460873531617" lon="120.5888114572077">
        <ele>5.053385437466204</ele>
        <time>2025-09-16T11:51:19Z</time>
      </trkpt>
      <trkpt lat="31.923455922018643" lon="120.58882389395336">
        <ele>5.023352675139904</ele>
        <time>2025-09-16T11:51:20Z</time>
      </trkpt>
      <trkpt lat="31.92345089161188" lon="120.58883608547565">
        <ele>4.993174870498478</ele>
        <time>2025-09-16T11:51:21Z</time>
      </trkpt>
      <trkpt lat="31.923445969234688" lon="120.5888482849793">
        <ele>4.974733117036521</ele>
        <time>2025-09-16T11:51:22Z</time>
      </trkpt>
      <trkpt lat="31.92344133352546" lon="120.58886066580106">
        <ele>4.949803170748055</ele>
        <time>2025-09-16T11:51:23Z</time>
      </trkpt>
      <trkpt lat="31.923436985924642" lon="120.5888732311715">
        <ele>4.922447694465518</ele>
        <time>2025-09-16T11:51:24Z</time>
      </trkpt>
      <trkpt lat="31.923432775190527" lon="120.58888585380137">
        <ele>4.892163078300655</ele>
        <time>2025-09-16T11:51:25Z</time>
      </trkpt>
      <trkpt lat="31.92342847387378" lon="120.58889824638408">
        <ele>4.860362123697996</ele>
        <time>2025-09-16T11:51:26Z</time>
      </trkpt>
      <trkpt lat="31.923424212207447" lon="120.5889104601">
        <ele>4.83427982032299</ele>
        <time>2025-09-16T11:51:27Z</time>
      </trkpt>
      <trkpt lat="31.923420339264013" lon="120.58892279677683">
        <ele>4.801816246472299</ele>
        <time>2025-09-16T11:51:27.900000Z</time>
      </trkpt>
      <trkpt lat="31.923417042354664" lon="120.58893537636347">
        <ele>4.781671294942498</ele>
        <time>2025-09-16T11:51:28.900000Z</time>
      </trkpt>
      <trkpt lat="31.923414088709357" lon="120.5889482245619">
        <ele>4.768939002417028</ele>
        <time>2025-09-16T11:51:29.900000Z</time>
      </trkpt>
      <trkpt lat="31.923411325815596" lon="120.58896110300707">
        <ele>4.76037710160017</ele>
        <time>2025-09-16T11:51:30.900000Z</time>
        <extensions>
          <gpxtpx:TrackPointExtension>
            <gpxtpx:hr>137</gpxtpx:hr>
          </gpxtpx:TrackPointExtension>
        </extensions>
      </trkpt>
      <trkpt lat="31.923408577002768" lon="120.58897423416055">
        <ele>4.7471556682139635</ele>
        <time>2025-09-16T11:51:31.900000Z</time>
        <extensions>
          <gpxtpx:TrackPointExtension>
            <gpxtpx:hr>137</gpxtpx:hr>
          </gpxtpx:TrackPointExtension>
        </extensions>
      </trkpt>
      <trkpt lat="31.92340545519282" lon="120.5889874071689">
        <ele>4.746154083870351</ele>
        <time>2025-09-16T11:51:32.900000Z</time>
        <extensions>
          <gpxtpx:TrackPointExtension>
            <gpxtpx:hr>137</gpxtpx:hr>
          </gpxtpx:TrackPointExtension>
        </extensions>
      </trkpt>
      <trkpt lat="31.92340168137546" lon="120.5890002543533">
        <ele>4.7553117936477065</ele>
        <time>2025-09-16T11:51:33.900000Z</time>
        <extensions>
          <gpxtpx:TrackPointExtension>
            <gpxtpx:hr>137</gpxtpx:hr>
          </gpxtpx:TrackPointExtension>
        </extensions>
      </trkpt>
      <trkpt lat="31.923397560820202" lon="120.58901324930434">
        <ele>4.774308405816555</ele>
        <time>2025-09-16T11:51:34.900000Z</time>
        <extensions>
          <gpxtpx:TrackPointExtension>
            <gpxtpx:hr>137</gpxtpx:hr>
          </gpxtpx:TrackPointExtension>
        </extensions>
      </trkpt>
      <trkpt lat="31.92339356524039" lon="120.58902651074912">
        <ele>4.791850510053337</ele>
        <time>2025-09-16T11:51:35.900000Z</time>
        <extensions>
          <gpxtpx:TrackPointExtension>
            <gpxtpx:hr>137</gpxtpx:hr>
          </gpxtpx:TrackPointExtension>
        </extensions>
      </trkpt>
      <trkpt lat="31.923389654200328" lon="120.58903984525153">
        <ele>4.803685910999775</ele>
        <time>2025-09-16T11:51:36.900000Z</time>
        <extensions>
          <gpxtpx:TrackPointExtension>
            <gpxtpx:hr>137</gpxtpx:hr>
          </gpxtpx:TrackPointExtension>
        </extensions>
      </trkpt>
      <trkpt lat="31.923385897991302" lon="120.58905269407256">
        <ele>4.818751757964492</ele>
        <time>2025-09-16T11:51:37.900000Z</time>
        <extensions>
          <gpxtpx:TrackPointExtension>
            <gpxtpx:hr>137</gpxtpx:hr>
          </gpxtpx:TrackPointExtension>
        </extensions>
      </trkpt>
      <trkpt lat="31.923382315931864" lon="120.58906542909659">
        <ele>4.834837840870023</ele>
        <time>2025-09-16T11:51:38.900000Z</time>
        <extensions>
          <gpxtpx:TrackPointExtension>
            <gpxtpx:hr>137</gpxtpx:hr>
          </gpxtpx:TrackPointExtension>
        </extensions>
      </trkpt>
      <trkpt lat="31.92337880411781" lon="120.58907838746498">
        <ele>4.851905150339007</ele>
        <time>2025-09-16T11:51:39.900000Z</time>
        <extensions>
          <gpxtpx:TrackPointExtension>
            <gpxtpx:hr>137</gpxtpx:hr>
          </gpxtpx:TrackPointExtension>
        </extensions>
      </trkpt>
      <trkpt lat="31.923374976866477" lon="120.58909110721315">
        <ele>4.863548567518592</ele>
        <time>2025-09-16T11:51:40.900000Z</time>
        <extensions>
          <gpxtpx:TrackPointExtension>
            <gpxtpx:hr>137</gpxtpx:hr>
          </gpxtpx:TrackPointExtension>
        </extensions>
      </trkpt>
      <trkpt lat="31.923370456944234" lon="120.58910411210776">
        <ele>4.874872935935855</ele>
        <time>2025-09-16T11:51:41.900000Z</time>
        <extensions>
          <gpxtpx:TrackPointExtension>
            <gpxtpx:hr>137</gpxtpx:hr>
          </gpxtpx:TrackPointExtension>
        </extensions>
      </trkpt>
      <trkpt lat="31.92336562153686" lon="120.58911722097197">
        <ele>4.885647149756551</ele>
        <time>2025-09-16T11:51:42.900000Z</time>
        <extensions>
          <gpxtpx:TrackPointExtension>
            <gpxtpx:hr>137</gpxtpx:hr>
          </gpxtpx:TrackPointExtension>
        </extensions>
      </trkpt>
      <trkpt lat="31.923360320105413" lon="120.58913038219646">
        <ele>4.870882609859109</ele>
        <time>2025-09-16T11:51:43.900000Z</time>
        <extensions>
          <gpxtpx:TrackPointExtension>
            <gpxtpx:hr>137</gpxtpx:hr>
          </gpxtpx:TrackPointExtension>
        </extensions>
      </trkpt>
      <trkpt lat="31.923354206961296" lon="120.58914389792355">
        <ele>4.842391004785895</ele>
        <time>2025-09-16T11:51:44.900000Z</time>
        <extensions>
          <gpxtpx:TrackPointExtension>
            <gpxtpx:hr>137</gpxtpx:hr>
          </gpxtpx:TrackPointExtension>
        </extensions>
      </trkpt>
      <trkpt lat="31.923347860555282" lon="120.58915660908929">
        <ele>4.81511979456991</ele>
        <time>2025-09-16T11:51:45.900000Z</time>
        <extensions>
          <gpxtpx:TrackPointExtension>
            <gpxtpx:hr>137</gpxtpx:hr>
          </gpxtpx:TrackPointExtension>
        </extensions>
      </trkpt>
      <trkpt lat="31.9233417670896" lon="120.58916884218601">
        <ele>4.7838412169367075</ele>
        <time>2025-09-16T11:51:46.900000Z</time>
        <extensions>
          <gpxtpx:TrackPointExtension>
            <gpxtpx:hr>137</gpxtpx:hr>
          </gpxtpx:TrackPointExtension>
        </extensions>
      </trkpt>
      <trkpt lat="31.92333630991319" lon="120.5891816215118">
        <ele>4.741715989075601</ele>
        <time>2025-09-16T11:51:47.900000Z</time>
        <extensions>
          <gpxtpx:TrackPointExtension>
            <gpxtpx:hr>137</gpxtpx:hr>
          </gpxtpx:TrackPointExtension>
        </extensions>
      </trkpt>
      <trkpt lat="31.923331650392484" lon="120.58919481818096">
        <ele>4.697065482847393</ele>
        <time>2025-09-16T11:51:48.900000Z</time>
        <extensions>
          <gpxtpx:TrackPointExtension>
            <gpxtpx:hr>137</gpxtpx:hr>
          </gpxtpx:TrackPointExtension>
        </extensions>
      </trkpt>
      <trkpt lat="31.923327638256822" lon="120.58920875910592">
        <ele>4.650507709942758</ele>
        <time>2025-09-16T11:51:49.900000Z</time>
        <extensions>
          <gpxtpx:TrackPointExtension>
            <gpxtpx:hr>137</gpxtpx:hr>
          </gpxtpx:TrackPointExtension>
        </extensions>
      </trkpt>
      <trkpt lat="31.92332407197301" lon="120.58922325454319">
        <ele>4.6110570235177875</ele>
        <time>2025-09-16T11:51:50.900000Z</time>
        <extensions>
          <gpxtpx:TrackPointExtension>
            <gpxtpx:hr>137</gpxtpx:hr>
          </gpxtpx:TrackPointExtension>
        </extensions>
      </trkpt>
      <trkpt lat="31.92332067700458" lon="120.58923777100703">
        <ele>4.565533169545233</ele>
        <time>2025-09-16T11:51:51.900000Z</time>
        <extensions>
          <gpxtpx:TrackPointExtension>
            <gpxtpx:hr>137</gpxtpx:hr>
          </gpxtpx:TrackPointExtension>
        </extensions>
      </trkpt>
      <trkpt lat="31.923317316550857" lon="120.58925203885298">
        <ele>4.531041382811964</ele>
        <time>2025-09-16T11:51:52.900000Z</time>
        <extensions>
          <gpxtpx:TrackPointExtension>
            <gpxtpx:hr>137</gpxtpx:hr>
          </gpxtpx:TrackPointExtension>
        </extensions>
      </trkpt>
      <trkpt lat="31.923313822211615" lon="120.589266079594">
        <ele>4.494629216380417</ele>
        <time>2025-09-16T11:51:53.900000Z</time>
        <extensions>
          <gpxtpx:TrackPointExtension>
            <gpxtpx:hr>137</gpxtpx:hr>
          </gpxtpx:TrackPointExtension>
        </extensions>
      </trkpt>
      <trkpt lat="31.92331036142562" lon="120.58928017047148">
        <ele>4.456586581654847</ele>
        <time>2025-09-16T11:51:54.900000Z</time>
        <extensions>
          <gpxtpx:TrackPointExtension>
            <gpxtpx:hr>137</gpxtpx:hr>
          </gpxtpx:TrackPointExtension>
        </extensions>
      </trkpt>
      <trkpt lat="31.923307297626735" lon="120.5892939658029">
        <ele>4.432727629318833</ele>
        <time>2025-09-16T11:51:55.900000Z</time>
        <extensions>
          <gpxtpx:TrackPointExtension>
            <gpxtpx:hr>137</gpxtpx:hr>
          </gpxtpx:TrackPointExtension>
        </extensions>
      </trkpt>
      <trkpt lat="31.923304496381576" lon="120.58930725554067">
        <ele>4.413768462836742</ele>
        <time>2025-09-16T11:51:56.900000Z</time>
        <extensions>
          <gpxtpx:TrackPointExtension>
            <gpxtpx:hr>137</gpxtpx:hr>
          </gpxtpx:TrackPointExtension>
        </extensions>
      </trkpt>
      <trkpt lat="31.923301775010668" lon="120.58932070769842">
        <ele>4.4013622514903545</ele>
        <time>2025-09-16T11:51:57.900000Z</time>
        <extensions>
          <gpxtpx:TrackPointExtension>
            <gpxtpx:hr>137</gpxtpx:hr>
          </gpxtpx:TrackPointExtension>
        </extensions>
      </trkpt>
      <trkpt lat="31.92329934252259" lon="120.58933468310029">
        <ele>4.398923510685563</ele>
        <time>2025-09-16T11:51:58.900000Z</time>
        <extensions>
          <gpxtpx:TrackPointExtension>
            <gpxtpx:hr>137</gpxtpx:hr>
          </gpxtpx:TrackPointExtension>
        </extensions>
      </trkpt>
      <trkpt lat="31.923297389980068" lon="120.58934861128681">
        <ele>4.401612260378897</ele>
        <time>2025-09-16T11:51:59.900000Z</time>
        <extensions>
          <gpxtpx:TrackPointExtension>
            <gpxtpx:hr>137</gpxtpx:hr>
          </gpxtpx:TrackPointExtension>
        </extensions>
      </trkpt>
      <trkpt lat="31.923297188320618" lon="120.58936253550874">
        <ele>4.407230827026069</ele>
        <time>2025-09-16T11:52:00.900000Z</time>
        <extensions>
          <gpxtpx:TrackPointExtension>
            <gpxtpx:hr>137</gpxtpx:hr>
          </gpxtpx:TrackPointExtension>
        </extensions>
      </trkpt>
      <trkpt lat="31.923299266498038" lon="120.58937691130336">
        <ele>4.437046753242612</ele>
        <time>2025-09-16T11:52:01.900000Z</time>
        <extensions>
          <gpxtpx:TrackPointExtension>
            <gpxtpx:hr>138</gpxtpx:hr>
          </gpxtpx:TrackPointExtension>
        </extensions>
      </trkpt>
      <trkpt lat="31.923302671217943" lon="120.58939138980877">
        <ele>4.463504574261606</ele>
        <time>2025-09-16T11:52:02.900000Z</time>
        <extensions>
          <gpxtpx:TrackPointExtension>
            <gpxtpx:hr>138</gpxtpx:hr>
          </gpxtpx:TrackPointExtension>
        </extensions>
      </trkpt>
      <trkpt lat="31.92330723574732" lon="120.58940540694394">
        <ele>4.4923609383404255</ele>
        <time>2025-09-16T11:52:03.900000Z</time>
        <extensions>
          <gpxtpx:TrackPointExtension>
            <gpxtpx:hr>138</gpxtpx:hr>
          </gpxtpx:TrackPointExtension>
        </extensions>
      </trkpt>
      <trkpt lat="31.92331305289818" lon="120.58941872095178">
        <ele>4.517921003513038</ele>
        <time>2025-09-16T11:52:04.900000Z</time>
        <extensions>
          <gpxtpx:TrackPointExtension>
            <gpxtpx:hr>138</gpxtpx:hr>
          </gpxtpx:TrackPointExtension>
        </extensions>
      </trkpt>
      <trkpt lat="31.92331988660541" lon="120.58943124933681">
        <ele>4.54754869826138</ele>
        <time>2025-09-16T11:52:06Z</time>
        <extensions>
          <gpxtpx:TrackPointExtension>
            <gpxtpx:hr>138</gpxtpx:hr>
          </gpxtpx:TrackPointExtension>
        </extensions>
      </trkpt>
      <trkpt lat="31.923327689407465" lon="120.58944271288848">
        <ele>4.583415526896715</ele>
        <time>2025-09-16T11:52:07Z</time>
        <extensions>
          <gpxtpx:TrackPointExtension>
            <gpxtpx:hr>138</gpxtpx:hr>
          </gpxtpx:TrackPointExtension>
        </extensions>
      </trkpt>
      <trkpt lat="31.92333622916545" lon="120.58945316127294">
        <ele>4.622633527033031</ele>
        <time>2025-09-16T11:52:08Z</time>
        <extensions>
          <gpxtpx:TrackPointExtension>
            <gpxtpx:hr>138</gpxtpx:hr>
          </gpxtpx:TrackPointExtension>
        </extensions>
      </trkpt>
      <trkpt lat="31.92334497766243" lon="120.58946285899567">
        <ele>4.663203803822398</ele>
        <time>2025-09-16T11:52:09Z</time>
        <extensions>
          <gpxtpx:TrackPointExtension>
            <gpxtpx:hr>138</gpxtpx:hr>
          </gpxtpx:TrackPointExtension>
        </extensions>
      </trkpt>
      <trkpt lat="31.923353589089928" lon="120.58947206089907">
        <ele>4.701234936714172</ele>
        <time>2025-09-16T11:52:10Z</time>
        <extensions>
          <gpxtpx:TrackPointExtension>
            <gpxtpx:hr>138</gpxtpx:hr>
          </gpxtpx:TrackPointExtension>
        </extensions>
      </trkpt>
      <trkpt lat="31.92336229607645" lon="120.58948068485402">
        <ele>4.736049957573414</ele>
        <time>2025-09-16T11:52:11Z</time>
        <extensions>
          <gpxtpx:TrackPointExtension>
            <gpxtpx:hr>138</gpxtpx:hr>
          </gpxtpx:TrackPointExtension>
        </extensions>
      </trkpt>
      <trkpt lat="31.92337145215975" lon="120.58948877534849">
        <ele>4.764898068271577</ele>
        <time>2025-09-16T11:52:12Z</time>
        <extensions>
          <gpxtpx:TrackPointExtension>
            <gpxtpx:hr>138</gpxtpx:hr>
          </gpxtpx:TrackPointExtension>
        </extensions>
      </trkpt>
      <trkpt lat="31.923380707342968" lon="120.58949701862143">
        <ele>4.790032960474491</ele>
        <time>2025-09-16T11:52:13Z</time>
        <extensions>
          <gpxtpx:TrackPointExtension>
            <gpxtpx:hr>138</gpxtpx:hr>
          </gpxtpx:TrackPointExtension>
        </extensions>
      </trkpt>
      <trkpt lat="31.923389477946557" lon="120.58950603025573">
        <ele>4.810901110991836</ele>
        <time>2025-09-16T11:52:14Z</time>
        <extensions>
          <gpxtpx:TrackPointExtension>
            <gpxtpx:hr>138</gpxtpx:hr>
          </gpxtpx:TrackPointExtension>
        </extensions>
      </trkpt>
      <trkpt lat="31.923397346352868" lon="120.58951586150708">
        <ele>4.831322828307748</ele>
        <time>2025-09-16T11:52:14.900000Z</time>
        <extensions>
          <gpxtpx:TrackPointExtension>
            <gpxtpx:hr>138</gpxtpx:hr>
          </gpxtpx:TrackPointExtension>
        </extensions>
      </trkpt>
      <trkpt lat="31.92340439117203" lon="120.58952655078724">
        <ele>4.849871853366494</ele>
        <time>2025-09-16T11:52:15.900000Z</time>
        <extensions>
          <gpxtpx:TrackPointExtension>
            <gpxtpx:hr>138</gpxtpx:hr>
          </gpxtpx:TrackPointExtension>
        </extensions>
      </trkpt>
      <trkpt lat="31.92341070208791" lon="120.58953806219502">
        <ele>4.865060049109161</ele>
        <time>2025-09-16T11:52:16.900000Z</time>
        <extensions>
          <gpxtpx:TrackPointExtension>
            <gpxtpx:hr>136</gpxtpx:hr>
          </gpxtpx:TrackPointExtension>
        </extensions>
      </trkpt>
      <trkpt lat="31.923416125913732" lon="120.58955015496711">
        <ele>4.878753594122827</ele>
        <time>2025-09-16T11:52:17.900000Z</time>
        <extensions>
          <gpxtpx:TrackPointExtension>
            <gpxtpx:hr>136</gpxtpx:hr>
          </gpxtpx:TrackPointExtension>
        </extensions>
      </trkpt>
      <trkpt lat="31.923420384124867" lon="120.58956279148185">
        <ele>4.890552292577922</ele>
        <time>2025-09-16T11:52:18.900000Z</time>
        <extensions>
          <gpxtpx:TrackPointExtension>
            <gpxtpx:hr>136</gpxtpx:hr>
          </gpxtpx:TrackPointExtension>
        </extensions>
      </trkpt>
      <trkpt lat="31.923423135485187" lon="120.58957604551313">
        <ele>4.900746525265276</ele>
        <time>2025-09-16T11:52:19.900000Z</time>
        <extensions>
          <gpxtpx:TrackPointExtension>
            <gpxtpx:hr>136</gpxtpx:hr>
          </gpxtpx:TrackPointExtension>
        </extensions>
      </trkpt>
      <trkpt lat="31.923424211192444" lon="120.58958983470347">
        <ele>4.915312604978681</ele>
        <time>2025-09-16T11:52:20.900000Z</time>
        <extensions>
          <gpxtpx:TrackPointExtension>
            <gpxtpx:hr>136</gpxtpx:hr>
          </gpxtpx:TrackPointExtension>
        </extensions>
      </trkpt>
      <trkpt lat="31.923423617336212" lon="120.58960353488672">
        <ele>4.925362139008939</ele>
        <time>2025-09-16T11:52:21.900000Z</time>
        <extensions>
          <gpxtpx:TrackPointExtension>
            <gpxtpx:hr>136</gpxtpx:hr>
          </gpxtpx:TrackPointExtension>
        </extensions>
      </trkpt>
      <trkpt lat="31.923421271338988" lon="120.58961689182279">
        <ele>4.933370077982545</ele>
        <time>2025-09-16T11:52:22.900000Z</time>
        <extensions>
          <gpxtpx:TrackPointExtension>
            <gpxtpx:hr>136</gpxtpx:hr>
          </gpxtpx:TrackPointExtension>
        </extensions>
      </trkpt>
      <trkpt lat="31.923417219883966" lon="120.58963016389387">
        <ele>4.937907529063523</ele>
        <time>2025-09-16T11:52:23.900000Z</time>
        <extensions>
          <gpxtpx:TrackPointExtension>
            <gpxtpx:hr>136</gpxtpx:hr>
          </gpxtpx:TrackPointExtension>
        </extensions>
      </trkpt>
      <trkpt lat="31.92341195690847" lon="120.58964328356474">
        <ele>4.9354506097733974</ele>
        <time>2025-09-16T11:52:24.900000Z</time>
        <extensions>
          <gpxtpx:TrackPointExtension>
            <gpxtpx:hr>136</gpxtpx:hr>
          </gpxtpx:TrackPointExtension>
        </extensions>
      </trkpt>
      <trkpt lat="31.923406343116255" lon="120.58965623564467">
        <ele>4.934697777964175</ele>
        <time>2025-09-16T11:52:25.900000Z</time>
        <extensions>
          <gpxtpx:TrackPointExtension>
            <gpxtpx:hr>135</gpxtpx:hr>
          </gpxtpx:TrackPointExtension>
        </extensions>
      </trkpt>
      <trkpt lat="31.92340108675372" lon="120.58966901640727">
        <ele>4.938232742249966</ele>
        <time>2025-09-16T11:52:26.900000Z</time>
        <extensions>
          <gpxtpx:TrackPointExtension>
            <gpxtpx:hr>135</gpxtpx:hr>
          </gpxtpx:TrackPointExtension>
        </extensions>
      </trkpt>
      <trkpt lat="31.923396145076985" lon="120.58968156490843">
        <ele>4.9073127107694745</ele>
        <time>2025-09-16T11:52:27.900000Z</time>
        <extensions>
          <gpxtpx:TrackPointExtension>
            <gpxtpx:hr>135</gpxtpx:hr>
          </gpxtpx:TrackPointExtension>
        </extensions>
      </trkpt>
      <trkpt lat="31.92339121567551" lon="120.58969397228329">
        <ele>4.884163050912321</ele>
        <time>2025-09-16T11:52:28.900000Z</time>
        <extensions>
          <gpxtpx:TrackPointExtension>
            <gpxtpx:hr>135</gpxtpx:hr>
          </gpxtpx:TrackPointExtension>
        </extensions>
      </trkpt>
      <trkpt lat="31.923386322136004" lon="120.58970639709675">
        <ele>4.861538775265217</ele>
        <time>2025-09-16T11:52:29.900000Z</time>
        <extensions>
          <gpxtpx:TrackPointExtension>
            <gpxtpx:hr>135</gpxtpx:hr>
          </gpxtpx:TrackPointExtension>
        </extensions>
      </trkpt>
      <trkpt lat="31.923381680895428" lon="120.58971898001141">
        <ele>4.843440509401262</ele>
        <time>2025-09-16T11:52:30.900000Z</time>
        <extensions>
          <gpxtpx:TrackPointExtension>
            <gpxtpx:hr>135</gpxtpx:hr>
          </gpxtpx:TrackPointExtension>
        </extensions>
      </trkpt>
      <trkpt lat="31.923377435722372" lon="120.58973176352326">
        <ele>4.823885689489543</ele>
        <time>2025-09-16T11:52:31.900000Z</time>
        <extensions>
          <gpxtpx:TrackPointExtension>
            <gpxtpx:hr>135</gpxtpx:hr>
          </gpxtpx:TrackPointExtension>
        </extensions>
      </trkpt>
      <trkpt lat="31.923373561809168" lon="120.58974482838819">
        <ele>4.804670567624271</ele>
        <time>2025-09-16T11:52:32.900000Z</time>
        <extensions>
          <gpxtpx:TrackPointExtension>
            <gpxtpx:hr>135</gpxtpx:hr>
          </gpxtpx:TrackPointExtension>
        </extensions>
      </trkpt>
      <trkpt lat="31.923369897875094" lon="120.58975817962546">
        <ele>4.787045649252832</ele>
        <time>2025-09-16T11:52:33.900000Z</time>
        <extensions>
          <gpxtpx:TrackPointExtension>
            <gpxtpx:hr>135</gpxtpx:hr>
          </gpxtpx:TrackPointExtension>
        </extensions>
      </trkpt>
      <trkpt lat="31.923366294967455" lon="120.58977148589973">
        <ele>4.770402437075973</ele>
        <time>2025-09-16T11:52:34.900000Z</time>
        <extensions>
          <gpxtpx:TrackPointExtension>
            <gpxtpx:hr>135</gpxtpx:hr>
          </gpxtpx:TrackPointExtension>
        </extensions>
      </trkpt>
      <trkpt lat="31.923362856645983" lon="120.5897844099391">
        <ele>4.755723129026592</ele>
        <time>2025-09-16T11:52:35.900000Z</time>
        <extensions>
          <gpxtpx:TrackPointExtension>
            <gpxtpx:hr>136</gpxtpx:hr>
          </gpxtpx:TrackPointExtension>
        </extensions>
      </trkpt>
      <trkpt lat="31.923359605491182" lon="120.58979639876863">
        <ele>4.747847707010806</ele>
        <time>2025-09-16T11:52:36.900000Z</time>
        <extensions>
          <gpxtpx:TrackPointExtension>
            <gpxtpx:hr>136</gpxtpx:hr>
          </gpxtpx:TrackPointExtension>
        </extensions>
      </trkpt>
      <trkpt lat="31.92335618209416" lon="120.58980729485329">
        <ele>4.745245382189751</ele>
        <time>2025-09-16T11:52:37.900000Z</time>
        <extensions>
          <gpxtpx:TrackPointExtension>
            <gpxtpx:hr>136</gpxtpx:hr>
          </gpxtpx:TrackPointExtension>
        </extensions>
      </trkpt>
      <trkpt lat="31.923352302977598" lon="120.58981859719923">
        <ele>4.750376024283469</ele>
        <time>2025-09-16T11:52:38.900000Z</time>
        <extensions>
          <gpxtpx:TrackPointExtension>
            <gpxtpx:hr>136</gpxtpx:hr>
          </gpxtpx:TrackPointExtension>
        </extensions>
      </trkpt>
      <trkpt lat="31.923348081101246" lon="120.58983108103888">
        <ele>4.760694074444473</ele>
        <time>2025-09-16T11:52:39.900000Z</time>
        <extensions>
          <gpxtpx:TrackPointExtension>
            <gpxtpx:hr>136</gpxtpx:hr>
          </gpxtpx:TrackPointExtension>
        </extensions>
      </trkpt>
      <trkpt lat="31.923343749754945" lon="120.58984397679342">
        <ele>4.779228235594928</ele>
        <time>2025-09-16T11:52:40.900000Z</time>
        <extensions>
          <gpxtpx:TrackPointExtension>
            <gpxtpx:hr>136</gpxtpx:hr>
          </gpxtpx:TrackPointExtension>
        </extensions>
      </trkpt>
      <trkpt lat="31.923339578739586" lon="120.58985668406676">
        <ele>4.794464549981058</ele>
        <time>2025-09-16T11:52:41.900000Z</time>
        <extensions>
          <gpxtpx:TrackPointExtension>
            <gpxtpx:hr>136</gpxtpx:hr>
          </gpxtpx:TrackPointExtension>
        </extensions>
      </trkpt>
      <trkpt lat="31.923335377237517" lon="120.58986944208917">
        <ele>4.821166921406984</ele>
        <time>2025-09-16T11:52:42.900000Z</time>
        <extensions>
          <gpxtpx:TrackPointExtension>
            <gpxtpx:hr>136</gpxtpx:hr>
          </gpxtpx:TrackPointExtension>
        </extensions>
      </trkpt>
      <trkpt lat="31.923330857396515" lon="120.58988244534781">
        <ele>4.8644405053928494</ele>
        <time>2025-09-16T11:52:43.900000Z</time>
        <extensions>
          <gpxtpx:TrackPointExtension>
            <gpxtpx:hr>136</gpxtpx:hr>
          </gpxtpx:TrackPointExtension>
        </extensions>
      </trkpt>
      <trkpt lat="31.923326256657294" lon="120.58989553025151">
        <ele>4.914927188307047</ele>
        <time>2025-09-16T11:52:44.900000Z</time>
        <extensions>
          <gpxtpx:TrackPointExtension>
            <gpxtpx:hr>136</gpxtpx:hr>
          </gpxtpx:TrackPointExtension>
        </extensions>
      </trkpt>
      <trkpt lat="31.923321809344202" lon="120.58990882640538">
        <ele>4.975238702259958</ele>
        <time>2025-09-16T11:52:45.900000Z</time>
        <extensions>
          <gpxtpx:TrackPointExtension>
            <gpxtpx:hr>136</gpxtpx:hr>
          </gpxtpx:TrackPointExtension>
        </extensions>
      </trkpt>
      <trkpt lat="31.92331766195323" lon="120.58992217761792">
        <ele>5.0333784930408</ele>
        <time>2025-09-16T11:52:46.900000Z</time>
        <extensions>
          <gpxtpx:TrackPointExtension>
            <gpxtpx:hr>136</gpxtpx:hr>
          </gpxtpx:TrackPointExtension>
        </extensions>
      </trkpt>
      <trkpt lat="31.92331376563163" lon="120.58993559648995">
        <ele>5.085969532839954</ele>
        <time>2025-09-16T11:52:47.900000Z</time>
        <extensions>
          <gpxtpx:TrackPointExtension>
            <gpxtpx:hr>136</gpxtpx:hr>
          </gpxtpx:TrackPointExtension>
        </extensions>
      </trkpt>
      <trkpt lat="31.92330993055418" lon="120.58994915093959">
        <ele>5.1410617381334305</ele>
        <time>2025-09-16T11:52:48.900000Z</time>
        <extensions>
          <gpxtpx:TrackPointExtension>
            <gpxtpx:hr>136</gpxtpx:hr>
          </gpxtpx:TrackPointExtension>
        </extensions>
      </trkpt>
      <trkpt lat="31.92330607694217" lon="120.58996262083208">
        <ele>5.19484983291477</ele>
        <time>2025-09-16T11:52:49.900000Z</time>
        <extensions>
          <gpxtpx:TrackPointExtension>
            <gpxtpx:hr>136</gpxtpx:hr>
          </gpxtpx:TrackPointExtension>
        </extensions>
      </trkpt>
      <trkpt lat="31.923302298263124" lon="120.58997586010611">
        <ele>5.247172092087567</ele>
        <time>2025-09-16T11:52:50.900000Z</time>
        <extensions>
          <gpxtpx:TrackPointExtension>
            <gpxtpx:hr>136</gpxtpx:hr>
          </gpxtpx:TrackPointExtension>
        </extensions>
      </trkpt>
      <trkpt lat="31.923298610999563" lon="120.58998902208337">
        <ele>5.295920632779598</ele>
        <time>2025-09-16T11:52:51.900000Z</time>
        <extensions>
          <gpxtpx:TrackPointExtension>
            <gpxtpx:hr>136</gpxtpx:hr>
          </gpxtpx:TrackPointExtension>
        </extensions>
      </trkpt>
      <trkpt lat="31.923294962951605" lon="120.59000225134659">
        <ele>5.342951803468168</ele>
        <time>2025-09-16T11:52:52.900000Z</time>
        <extensions>
          <gpxtpx:TrackPointExtension>
            <gpxtpx:hr>136</gpxtpx:hr>
          </gpxtpx:TrackPointExtension>
        </extensions>
      </trkpt>
      <trkpt lat="31.923291351184915" lon="120.59001536069874">
        <ele>5.387308679521084</ele>
        <time>2025-09-16T11:52:53.900000Z</time>
        <extensions>
          <gpxtpx:TrackPointExtension>
            <gpxtpx:hr>135</gpxtpx:hr>
          </gpxtpx:TrackPointExtension>
        </extensions>
      </trkpt>
      <trkpt lat="31.923287691276133" lon="120.5900282635026">
        <ele>5.435819013044238</ele>
        <time>2025-09-16T11:52:54.900000Z</time>
        <extensions>
          <gpxtpx:TrackPointExtension>
            <gpxtpx:hr>135</gpxtpx:hr>
          </gpxtpx:TrackPointExtension>
        </extensions>
      </trkpt>
      <trkpt lat="31.9232838895527" lon="120.59004118773609">
        <ele>5.482423337176442</ele>
        <time>2025-09-16T11:52:55.900000Z</time>
        <extensions>
          <gpxtpx:TrackPointExtension>
            <gpxtpx:hr>135</gpxtpx:hr>
          </gpxtpx:TrackPointExtension>
        </extensions>
      </trkpt>
      <trkpt lat="31.923280058972264" lon="120.59005410627003">
        <ele>5.523192949593067</ele>
        <time>2025-09-16T11:52:56.900000Z</time>
        <extensions>
          <gpxtpx:TrackPointExtension>
            <gpxtpx:hr>134</gpxtpx:hr>
          </gpxtpx:TrackPointExtension>
        </extensions>
      </trkpt>
      <trkpt lat="31.923276247441343" lon="120.5900670001421">
        <ele>5.561080007813871</ele>
        <time>2025-09-16T11:52:57.900000Z</time>
        <extensions>
          <gpxtpx:TrackPointExtension>
            <gpxtpx:hr>134</gpxtpx:hr>
          </gpxtpx:TrackPointExtension>
        </extensions>
      </trkpt>
      <trkpt lat="31.923272306164645" lon="120.5900799317657">
        <ele>5.5901092598214746</ele>
        <time>2025-09-16T11:52:58.900000Z</time>
        <extensions>
          <gpxtpx:TrackPointExtension>
            <gpxtpx:hr>134</gpxtpx:hr>
          </gpxtpx:TrackPointExtension>
        </extensions>
      </trkpt>
      <trkpt lat="31.923268178514164" lon="120.59009261223233">
        <ele>5.622087484225631</ele>
        <time>2025-09-16T11:52:59.900000Z</time>
        <extensions>
          <gpxtpx:TrackPointExtension>
            <gpxtpx:hr>134</gpxtpx:hr>
          </gpxtpx:TrackPointExtension>
        </extensions>
      </trkpt>
      <trkpt lat="31.923263936730557" lon="120.59010490932076">
        <ele>5.652515773661435</ele>
        <time>2025-09-16T11:53:00.900000Z</time>
        <extensions>
          <gpxtpx:TrackPointExtension>
            <gpxtpx:hr>133</gpxtpx:hr>
          </gpxtpx:TrackPointExtension>
        </extensions>
      </trkpt>
      <trkpt lat="31.92325962660938" lon="120.59011727401113">
        <ele>5.679915321990848</ele>
        <time>2025-09-16T11:53:02Z</time>
        <extensions>
          <gpxtpx:TrackPointExtension>
            <gpxtpx:hr>133</gpxtpx:hr>
          </gpxtpx:TrackPointExtension>
        </extensions>
      </trkpt>
      <trkpt lat="31.92325514232771" lon="120.59012984040905">
        <ele>5.706697102636099</ele>
        <time>2025-09-16T11:53:03Z</time>
        <extensions>
          <gpxtpx:TrackPointExtension>
            <gpxtpx:hr>133</gpxtpx:hr>
          </gpxtpx:TrackPointExtension>
        </extensions>
      </trkpt>
      <trkpt lat="31.923250545596943" lon="120.59014250770583">
        <ele>5.734558755531907</ele>
        <time>2025-09-16T11:53:04Z</time>
        <extensions>
          <gpxtpx:TrackPointExtension>
            <gpxtpx:hr>133</gpxtpx:hr>
          </gpxtpx:TrackPointExtension>
        </extensions>
      </trkpt>
      <trkpt lat="31.92324597651317" lon="120.5901552634791">
        <ele>5.762463812716305</ele>
        <time>2025-09-16T11:53:05Z</time>
        <extensions>
          <gpxtpx:TrackPointExtension>
            <gpxtpx:hr>133</gpxtpx:hr>
          </gpxtpx:TrackPointExtension>
        </extensions>
      </trkpt>
      <trkpt lat="31.923241462755573" lon="120.59016819647327">
        <ele>5.791131534613669</ele>
        <time>2025-09-16T11:53:06Z</time>
        <extensions>
          <gpxtpx:TrackPointExtension>
            <gpxtpx:hr>133</gpxtpx:hr>
          </gpxtpx:TrackPointExtension>
        </extensions>
      </trkpt>
      <trkpt lat="31.923237049538006" lon="120.59018133454607">
        <ele>5.815355338156223</ele>
        <time>2025-09-16T11:53:07Z</time>
        <extensions>
          <gpxtpx:TrackPointExtension>
            <gpxtpx:hr>132</gpxtpx:hr>
          </gpxtpx:TrackPointExtension>
        </extensions>
      </trkpt>
      <trkpt lat="31.923232792406" lon="120.59019451573606">
        <ele>5.840547061525285</ele>
        <time>2025-09-16T11:53:08Z</time>
        <extensions>
          <gpxtpx:TrackPointExtension>
            <gpxtpx:hr>132</gpxtpx:hr>
          </gpxtpx:TrackPointExtension>
        </extensions>
      </trkpt>
      <trkpt lat="31.923228814509233" lon="120.59020770587084">
        <ele>5.8587454138323665</ele>
        <time>2025-09-16T11:53:09Z</time>
        <extensions>
          <gpxtpx:TrackPointExtension>
            <gpxtpx:hr>132</gpxtpx:hr>
          </gpxtpx:TrackPointExtension>
        </extensions>
      </trkpt>
      <trkpt lat="31.92322509019507" lon="120.59022113146567">
        <ele>5.876785463653505</ele>
        <time>2025-09-16T11:53:10Z</time>
        <extensions>
          <gpxtpx:TrackPointExtension>
            <gpxtpx:hr>131</gpxtpx:hr>
          </gpxtpx:TrackPointExtension>
        </extensions>
      </trkpt>
      <trkpt lat="31.92322134712793" lon="120.5902347579262">
        <ele>5.897100443020463</ele>
        <time>2025-09-16T11:53:11Z</time>
        <extensions>
          <gpxtpx:TrackPointExtension>
            <gpxtpx:hr>131</gpxtpx:hr>
          </gpxtpx:TrackPointExtension>
        </extensions>
      </trkpt>
      <trkpt lat="31.923217403776583" lon="120.59024832424775">
        <ele>5.921713521704078</ele>
        <time>2025-09-16T11:53:12Z</time>
        <extensions>
          <gpxtpx:TrackPointExtension>
            <gpxtpx:hr>131</gpxtpx:hr>
          </gpxtpx:TrackPointExtension>
        </extensions>
      </trkpt>
      <trkpt lat="31.92321319283082" lon="120.59026175789295">
        <ele>5.947274065576494</ele>
        <time>2025-09-16T11:53:13Z</time>
        <extensions>
          <gpxtpx:TrackPointExtension>
            <gpxtpx:hr>131</gpxtpx:hr>
          </gpxtpx:TrackPointExtension>
        </extensions>
      </trkpt>
      <trkpt lat="31.923208811761715" lon="120.59027511035308">
        <ele>5.974704473279417</ele>
        <time>2025-09-16T11:53:14Z</time>
        <extensions>
          <gpxtpx:TrackPointExtension>
            <gpxtpx:hr>131</gpxtpx:hr>
          </gpxtpx:TrackPointExtension>
        </extensions>
      </trkpt>
      <trkpt lat="31.923204485278298" lon="120.59028853916266">
        <ele>5.996396442875266</ele>
        <time>2025-09-16T11:53:15Z</time>
        <extensions>
          <gpxtpx:TrackPointExtension>
            <gpxtpx:hr>131</gpxtpx:hr>
          </gpxtpx:TrackPointExtension>
        </extensions>
      </trkpt>
      <trkpt lat="31.923200285272472" lon="120.59030190496196">
        <ele>6.021424748003483</ele>
        <time>2025-09-16T11:53:16Z</time>
        <extensions>
          <gpxtpx:TrackPointExtension>
            <gpxtpx:hr>131</gpxtpx:hr>
          </gpxtpx:TrackPointExtension>
        </extensions>
      </trkpt>
      <trkpt lat="31.923196167786003" lon="120.59031526990141">
        <ele>6.040537931956351</ele>
        <time>2025-09-16T11:53:17Z</time>
        <extensions>
          <gpxtpx:TrackPointExtension>
            <gpxtpx:hr>133</gpxtpx:hr>
          </gpxtpx:TrackPointExtension>
        </extensions>
      </trkpt>
      <trkpt lat="31.92319211161449" lon="120.59032884865091">
        <ele>6.058419700711966</ele>
        <time>2025-09-16T11:53:18Z</time>
        <extensions>
          <gpxtpx:TrackPointExtension>
            <gpxtpx:hr>133</gpxtpx:hr>
          </gpxtpx:TrackPointExtension>
        </extensions>
      </trkpt>
      <trkpt lat="31.92318812463841" lon="120.5903426259014">
        <ele>6.073906812816858</ele>
        <time>2025-09-16T11:53:19Z</time>
        <extensions>
          <gpxtpx:TrackPointExtension>
            <gpxtpx:hr>133</gpxtpx:hr>
          </gpxtpx:TrackPointExtension>
        </extensions>
      </trkpt>
      <trkpt lat="31.92318416088762" lon="120.5903565443858">
        <ele>6.089866369962692</ele>
        <time>2025-09-16T11:53:19.900000Z</time>
        <extensions>
          <gpxtpx:TrackPointExtension>
            <gpxtpx:hr>133</gpxtpx:hr>
          </gpxtpx:TrackPointExtension>
        </extensions>
      </trkpt>
      <trkpt lat="31.923180108233318" lon="120.59037021152484">
        <ele>6.109929004684091</ele>
        <time>2025-09-16T11:53:20.900000Z</time>
        <extensions>
          <gpxtpx:TrackPointExtension>
            <gpxtpx:hr>133</gpxtpx:hr>
          </gpxtpx:TrackPointExtension>
        </extensions>
      </trkpt>
      <trkpt lat="31.92317583245435" lon="120.5903837889053">
        <ele>6.128028832376003</ele>
        <time>2025-09-16T11:53:21.900000Z</time>
        <extensions>
          <gpxtpx:TrackPointExtension>
            <gpxtpx:hr>133</gpxtpx:hr>
          </gpxtpx:TrackPointExtension>
        </extensions>
      </trkpt>
      <trkpt lat="31.923171264749783" lon="120.5903976648268">
        <ele>6.149301653727889</ele>
        <time>2025-09-16T11:53:22.900000Z</time>
        <extensions>
          <gpxtpx:TrackPointExtension>
            <gpxtpx:hr>133</gpxtpx:hr>
          </gpxtpx:TrackPointExtension>
        </extensions>
      </trkpt>
      <trkpt lat="31.92316650623006" lon="120.59041154911382">
        <ele>6.171285975724459</ele>
        <time>2025-09-16T11:53:23.900000Z</time>
        <extensions>
          <gpxtpx:TrackPointExtension>
            <gpxtpx:hr>135</gpxtpx:hr>
          </gpxtpx:TrackPointExtension>
        </extensions>
      </trkpt>
      <trkpt lat="31.923161786827674" lon="120.59042554191463">
        <ele>6.187920557335019</ele>
        <time>2025-09-16T11:53:24.900000Z</time>
        <extensions>
          <gpxtpx:TrackPointExtension>
            <gpxtpx:hr>135</gpxtpx:hr>
          </gpxtpx:TrackPointExtension>
        </extensions>
      </trkpt>
      <trkpt lat="31.92315719796936" lon="120.59043933558597">
        <ele>6.200317973271012</ele>
        <time>2025-09-16T11:53:25.900000Z</time>
        <extensions>
          <gpxtpx:TrackPointExtension>
            <gpxtpx:hr>135</gpxtpx:hr>
          </gpxtpx:TrackPointExtension>
        </extensions>
      </trkpt>
      <trkpt lat="31.923152704476347" lon="120.59045282144592">
        <ele>6.21810510661453</ele>
        <time>2025-09-16T11:53:26.900000Z</time>
        <extensions>
          <gpxtpx:TrackPointExtension>
            <gpxtpx:hr>135</gpxtpx:hr>
          </gpxtpx:TrackPointExtension>
        </extensions>
      </trkpt>
      <trkpt lat="31.923148366862225" lon="120.5904663056482">
        <ele>6.23525401763618</ele>
        <time>2025-09-16T11:53:27.900000Z</time>
        <extensions>
          <gpxtpx:TrackPointExtension>
            <gpxtpx:hr>135</gpxtpx:hr>
          </gpxtpx:TrackPointExtension>
        </extensions>
      </trkpt>
      <trkpt lat="31.923144254629207" lon="120.59047964916398">
        <ele>6.257151465862989</ele>
        <time>2025-09-16T11:53:28.900000Z</time>
        <extensions>
          <gpxtpx:TrackPointExtension>
            <gpxtpx:hr>134</gpxtpx:hr>
          </gpxtpx:TrackPointExtension>
        </extensions>
      </trkpt>
      <trkpt lat="31.923140322135314" lon="120.59049297055545">
        <ele>6.278854165226221</ele>
        <time>2025-09-16T11:53:29.900000Z</time>
        <extensions>
          <gpxtpx:TrackPointExtension>
            <gpxtpx:hr>134</gpxtpx:hr>
          </gpxtpx:TrackPointExtension>
        </extensions>
      </trkpt>
      <trkpt lat="31.923136389419536" lon="120.59050629505226">
        <ele>6.303724874742329</ele>
        <time>2025-09-16T11:53:30.900000Z</time>
        <extensions>
          <gpxtpx:TrackPointExtension>
            <gpxtpx:hr>134</gpxtpx:hr>
          </gpxtpx:TrackPointExtension>
        </extensions>
      </trkpt>
      <trkpt lat="31.923132227536144" lon="120.5905195716301">
        <ele>6.330993401817977</ele>
        <time>2025-09-16T11:53:31.900000Z</time>
        <extensions>
          <gpxtpx:TrackPointExtension>
            <gpxtpx:hr>134</gpxtpx:hr>
          </gpxtpx:TrackPointExtension>
        </extensions>
      </trkpt>
      <trkpt lat="31.923127817978852" lon="120.59053306063193">
        <ele>6.343482289463282</ele>
        <time>2025-09-16T11:53:32.900000Z</time>
        <extensions>
          <gpxtpx:TrackPointExtension>
            <gpxtpx:hr>134</gpxtpx:hr>
          </gpxtpx:TrackPointExtension>
        </extensions>
      </trkpt>
      <trkpt lat="31.923123375422655" lon="120.59054672181618">
        <ele>6.357465615496039</ele>
        <time>2025-09-16T11:53:33.900000Z</time>
        <extensions>
          <gpxtpx:TrackPointExtension>
            <gpxtpx:hr>134</gpxtpx:hr>
          </gpxtpx:TrackPointExtension>
        </extensions>
      </trkpt>
      <trkpt lat="31.92311905761794" lon="120.5905603469509">
        <ele>6.369443617761135</ele>
        <time>2025-09-16T11:53:34.900000Z</time>
        <extensions>
          <gpxtpx:TrackPointExtension>
            <gpxtpx:hr>134</gpxtpx:hr>
          </gpxtpx:TrackPointExtension>
        </extensions>
      </trkpt>
      <trkpt lat="31.923114854181282" lon="120.59057393095264">
        <ele>6.386871580034494</ele>
        <time>2025-09-16T11:53:35.900000Z</time>
        <extensions>
          <gpxtpx:TrackPointExtension>
            <gpxtpx:hr>135</gpxtpx:hr>
          </gpxtpx:TrackPointExtension>
        </extensions>
      </trkpt>
      <trkpt lat="31.92311062617611" lon="120.59058721496753">
        <ele>6.396172448061407</ele>
        <time>2025-09-16T11:53:36.900000Z</time>
        <extensions>
          <gpxtpx:TrackPointExtension>
            <gpxtpx:hr>135</gpxtpx:hr>
          </gpxtpx:TrackPointExtension>
        </extensions>
      </trkpt>
      <trkpt lat="31.92310633915273" lon="120.5906002778897">
        <ele>6.4007062166929245</ele>
        <time>2025-09-16T11:53:37.900000Z</time>
        <extensions>
          <gpxtpx:TrackPointExtension>
            <gpxtpx:hr>135</gpxtpx:hr>
          </gpxtpx:TrackPointExtension>
        </extensions>
      </trkpt>
      <trkpt lat="31.923101853707408" lon="120.59061329805431">
        <ele>6.425487827509642</ele>
        <time>2025-09-16T11:53:38.900000Z</time>
        <extensions>
          <gpxtpx:TrackPointExtension>
            <gpxtpx:hr>135</gpxtpx:hr>
          </gpxtpx:TrackPointExtension>
        </extensions>
      </trkpt>
      <trkpt lat="31.923097078405114" lon="120.59062607771982">
        <ele>6.433524184860289</ele>
        <time>2025-09-16T11:53:39.900000Z</time>
        <extensions>
          <gpxtpx:TrackPointExtension>
            <gpxtpx:hr>135</gpxtpx:hr>
          </gpxtpx:TrackPointExtension>
        </extensions>
      </trkpt>
      <trkpt lat="31.92309204559382" lon="120.59063862476513">
        <ele>6.433909890241921</ele>
        <time>2025-09-16T11:53:40.900000Z</time>
        <extensions>
          <gpxtpx:TrackPointExtension>
            <gpxtpx:hr>135</gpxtpx:hr>
          </gpxtpx:TrackPointExtension>
        </extensions>
      </trkpt>
      <trkpt lat="31.923086825754122" lon="120.59065084492204">
        <ele>6.431414309889078</ele>
        <time>2025-09-16T11:53:41.900000Z</time>
        <extensions>
          <gpxtpx:TrackPointExtension>
            <gpxtpx:hr>133</gpxtpx:hr>
          </gpxtpx:TrackPointExtension>
        </extensions>
      </trkpt>
      <trkpt lat="31.923081225981086" lon="120.59066238231868">
        <ele>6.435802398249507</ele>
        <time>2025-09-16T11:53:42.900000Z</time>
        <extensions>
          <gpxtpx:TrackPointExtension>
            <gpxtpx:hr>133</gpxtpx:hr>
          </gpxtpx:TrackPointExtension>
        </extensions>
      </trkpt>
      <trkpt lat="31.923074953858077" lon="120.59067326700793">
        <ele>6.440066059119999</ele>
        <time>2025-09-16T11:53:43.900000Z</time>
        <extensions>
          <gpxtpx:TrackPointExtension>
            <gpxtpx:hr>133</gpxtpx:hr>
          </gpxtpx:TrackPointExtension>
        </extensions>
      </trkpt>
      <trkpt lat="31.923068135801156" lon="120.59068406442162">
        <ele>6.45175195671618</ele>
        <time>2025-09-16T11:53:44.900000Z</time>
        <extensions>
          <gpxtpx:TrackPointExtension>
            <gpxtpx:hr>133</gpxtpx:hr>
          </gpxtpx:TrackPointExtension>
        </extensions>
      </trkpt>
      <trkpt lat="31.923061352419627" lon="120.5906954367249">
        <ele>6.45223556086421</ele>
        <time>2025-09-16T11:53:45.900000Z</time>
        <extensions>
          <gpxtpx:TrackPointExtension>
            <gpxtpx:hr>133</gpxtpx:hr>
          </gpxtpx:TrackPointExtension>
        </extensions>
      </trkpt>
      <trkpt lat="31.92305491429427" lon="120.59070736302286">
        <ele>6.451245401054621</ele>
        <time>2025-09-16T11:53:46.900000Z</time>
        <extensions>
          <gpxtpx:TrackPointExtension>
            <gpxtpx:hr>133</gpxtpx:hr>
          </gpxtpx:TrackPointExtension>
        </extensions>
      </trkpt>
      <trkpt lat="31.92304876079096" lon="120.59071929015745">
        <ele>6.436032528057694</ele>
        <time>2025-09-16T11:53:47.900000Z</time>
        <extensions>
          <gpxtpx:TrackPointExtension>
            <gpxtpx:hr>133</gpxtpx:hr>
          </gpxtpx:TrackPointExtension>
        </extensions>
      </trkpt>
      <trkpt lat="31.923043034474862" lon="120.59073135402232">
        <ele>6.42380265891552</ele>
        <time>2025-09-16T11:53:48.900000Z</time>
        <extensions>
          <gpxtpx:TrackPointExtension>
            <gpxtpx:hr>133</gpxtpx:hr>
          </gpxtpx:TrackPointExtension>
        </extensions>
      </trkpt>
      <trkpt lat="31.923037967035345" lon="120.5907436880922">
        <ele>6.405501678586006</ele>
        <time>2025-09-16T11:53:49.900000Z</time>
        <extensions>
          <gpxtpx:TrackPointExtension>
            <gpxtpx:hr>133</gpxtpx:hr>
          </gpxtpx:TrackPointExtension>
        </extensions>
      </trkpt>
      <trkpt lat="31.92303378888673" lon="120.5907560430115">
        <ele>6.383287134580314</ele>
        <time>2025-09-16T11:53:50.900000Z</time>
        <extensions>
          <gpxtpx:TrackPointExtension>
            <gpxtpx:hr>133</gpxtpx:hr>
          </gpxtpx:TrackPointExtension>
        </extensions>
      </trkpt>
      <trkpt lat="31.923030173924598" lon="120.5907686877154">
        <ele>6.355745914392173</ele>
        <time>2025-09-16T11:53:51.900000Z</time>
        <extensions>
          <gpxtpx:TrackPointExtension>
            <gpxtpx:hr>133</gpxtpx:hr>
          </gpxtpx:TrackPointExtension>
        </extensions>
      </trkpt>
      <trkpt lat="31.923026603099952" lon="120.59078151032058">
        <ele>6.319261819124222</ele>
        <time>2025-09-16T11:53:52.900000Z</time>
        <extensions>
          <gpxtpx:TrackPointExtension>
            <gpxtpx:hr>133</gpxtpx:hr>
          </gpxtpx:TrackPointExtension>
        </extensions>
      </trkpt>
      <trkpt lat="31.923023084609028" lon="120.59079435038142">
        <ele>6.280742634087801</ele>
        <time>2025-09-16T11:53:53.900000Z</time>
        <extensions>
          <gpxtpx:TrackPointExtension>
            <gpxtpx:hr>133</gpxtpx:hr>
          </gpxtpx:TrackPointExtension>
        </extensions>
      </trkpt>
      <trkpt lat="31.923019805758713" lon="120.59080738099934">
        <ele>6.23473628424108</ele>
        <time>2025-09-16T11:53:54.900000Z</time>
        <extensions>
          <gpxtpx:TrackPointExtension>
            <gpxtpx:hr>133</gpxtpx:hr>
          </gpxtpx:TrackPointExtension>
        </extensions>
      </trkpt>
      <trkpt lat="31.92301645483875" lon="120.59082072085242">
        <ele>6.190049183554947</ele>
        <time>2025-09-16T11:53:55.900000Z</time>
        <extensions>
          <gpxtpx:TrackPointExtension>
            <gpxtpx:hr>132</gpxtpx:hr>
          </gpxtpx:TrackPointExtension>
        </extensions>
      </trkpt>
      <trkpt lat="31.92301236122822" lon="120.59083412026729">
        <ele>6.122060230001807</ele>
        <time>2025-09-16T11:53:56.900000Z</time>
        <extensions>
          <gpxtpx:TrackPointExtension>
            <gpxtpx:hr>132</gpxtpx:hr>
          </gpxtpx:TrackPointExtension>
        </extensions>
      </trkpt>
      <trkpt lat="31.923007246465183" lon="120.59084675202827">
        <ele>6.063980582170188</ele>
        <time>2025-09-16T11:53:57.900000Z</time>
        <extensions>
          <gpxtpx:TrackPointExtension>
            <gpxtpx:hr>132</gpxtpx:hr>
          </gpxtpx:TrackPointExtension>
        </extensions>
      </trkpt>
      <trkpt lat="31.923001274775384" lon="120.59085891837607">
        <ele>6.014554940164089</ele>
        <time>2025-09-16T11:53:58.900000Z</time>
        <extensions>
          <gpxtpx:TrackPointExtension>
            <gpxtpx:hr>132</gpxtpx:hr>
          </gpxtpx:TrackPointExtension>
        </extensions>
      </trkpt>
      <trkpt lat="31.922994975217833" lon="120.5908713005455">
        <ele>5.966106649488211</ele>
        <time>2025-09-16T11:53:59.900000Z</time>
        <extensions>
          <gpxtpx:TrackPointExtension>
            <gpxtpx:hr>132</gpxtpx:hr>
          </gpxtpx:TrackPointExtension>
        </extensions>
      </trkpt>
      <trkpt lat="31.922988883648383" lon="120.59088390477088">
        <ele>5.92721132747829</ele>
        <time>2025-09-16T11:54:00.900000Z</time>
        <extensions>
          <gpxtpx:TrackPointExtension>
            <gpxtpx:hr>132</gpxtpx:hr>
          </gpxtpx:TrackPointExtension>
        </extensions>
      </trkpt>
      <trkpt lat="31.922983102012264" lon="120.59089637990387">
        <ele>5.88674221560359</ele>
        <time>2025-09-16T11:54:01.900000Z</time>
        <extensions>
          <gpxtpx:TrackPointExtension>
            <gpxtpx:hr>132</gpxtpx:hr>
          </gpxtpx:TrackPointExtension>
        </extensions>
      </trkpt>
      <trkpt lat="31.922977256165428" lon="120.59090889193587">
        <ele>5.848714172840118</ele>
        <time>2025-09-16T11:54:02.900000Z</time>
        <extensions>
          <gpxtpx:TrackPointExtension>
            <gpxtpx:hr>132</gpxtpx:hr>
          </gpxtpx:TrackPointExtension>
        </extensions>
      </trkpt>
      <trkpt lat="31.922971548201485" lon="120.59092155254537">
        <ele>5.811653680168092</ele>
        <time>2025-09-16T11:54:03.900000Z</time>
        <extensions>
          <gpxtpx:TrackPointExtension>
            <gpxtpx:hr>132</gpxtpx:hr>
          </gpxtpx:TrackPointExtension>
        </extensions>
      </trkpt>
      <trkpt lat="31.922966267868603" lon="120.59093408185517">
        <ele>5.785064558498561</ele>
        <time>2025-09-16T11:54:04.900000Z</time>
        <extensions>
          <gpxtpx:TrackPointExtension>
            <gpxtpx:hr>132</gpxtpx:hr>
          </gpxtpx:TrackPointExtension>
        </extensions>
      </trkpt>
      <trkpt lat="31.922961230656004" lon="120.59094647419973">
        <ele>5.762173596769571</ele>
        <time>2025-09-16T11:54:05.900000Z</time>
        <extensions>
          <gpxtpx:TrackPointExtension>
            <gpxtpx:hr>132</gpxtpx:hr>
          </gpxtpx:TrackPointExtension>
        </extensions>
      </trkpt>
      <trkpt lat="31.92295639525406" lon="120.59095873360174">
        <ele>5.744251077063382</ele>
        <time>2025-09-16T11:54:06.900000Z</time>
        <extensions>
          <gpxtpx:TrackPointExtension>
            <gpxtpx:hr>132</gpxtpx:hr>
          </gpxtpx:TrackPointExtension>
        </extensions>
      </trkpt>
      <trkpt lat="31.92295142498865" lon="120.59097134287191">
        <ele>5.718358348123729</ele>
        <time>2025-09-16T11:54:07.900000Z</time>
        <extensions>
          <gpxtpx:TrackPointExtension>
            <gpxtpx:hr>132</gpxtpx:hr>
          </gpxtpx:TrackPointExtension>
        </extensions>
      </trkpt>
      <trkpt lat="31.922946244538707" lon="120.59098447438024">
        <ele>5.702421403490007</ele>
        <time>2025-09-16T11:54:08.900000Z</time>
        <extensions>
          <gpxtpx:TrackPointExtension>
            <gpxtpx:hr>132</gpxtpx:hr>
          </gpxtpx:TrackPointExtension>
        </extensions>
      </trkpt>
      <trkpt lat="31.922941152512994" lon="120.59099746768838">
        <ele>5.688551887869835</ele>
        <time>2025-09-16T11:54:09.900000Z</time>
        <extensions>
          <gpxtpx:TrackPointExtension>
            <gpxtpx:hr>132</gpxtpx:hr>
          </gpxtpx:TrackPointExtension>
        </extensions>
      </trkpt>
      <trkpt lat="31.922936197452394" lon="120.59101035841614">
        <ele>5.676107885316014</ele>
        <time>2025-09-16T11:54:10.900000Z</time>
        <extensions>
          <gpxtpx:TrackPointExtension>
            <gpxtpx:hr>132</gpxtpx:hr>
          </gpxtpx:TrackPointExtension>
        </extensions>
      </trkpt>
      <trkpt lat="31.922931247579385" lon="120.59102364130915">
        <ele>5.670241110958159</ele>
        <time>2025-09-16T11:54:11.900000Z</time>
        <extensions>
          <gpxtpx:TrackPointExtension>
            <gpxtpx:hr>133</gpxtpx:hr>
          </gpxtpx:TrackPointExtension>
        </extensions>
      </trkpt>
      <trkpt lat="31.922926259410268" lon="120.59103709810957">
        <ele>5.660284818150103</ele>
        <time>2025-09-16T11:54:12.900000Z</time>
        <extensions>
          <gpxtpx:TrackPointExtension>
            <gpxtpx:hr>133</gpxtpx:hr>
          </gpxtpx:TrackPointExtension>
        </extensions>
      </trkpt>
      <trkpt lat="31.92292122237975" lon="120.59105064530983">
        <ele>5.651259088888764</ele>
        <time>2025-09-16T11:54:13.900000Z</time>
        <extensions>
          <gpxtpx:TrackPointExtension>
            <gpxtpx:hr>133</gpxtpx:hr>
          </gpxtpx:TrackPointExtension>
        </extensions>
      </trkpt>
      <trkpt lat="31.922916330721012" lon="120.59106417593331">
        <ele>5.6411234540864825</ele>
        <time>2025-09-16T11:54:14.900000Z</time>
        <extensions>
          <gpxtpx:TrackPointExtension>
            <gpxtpx:hr>132</gpxtpx:hr>
          </gpxtpx:TrackPointExtension>
        </extensions>
      </trkpt>
      <trkpt lat="31.92291177614695" lon="120.5910776559676">
        <ele>5.637905539013445</ele>
        <time>2025-09-16T11:54:15.900000Z</time>
        <extensions>
          <gpxtpx:TrackPointExtension>
            <gpxtpx:hr>132</gpxtpx:hr>
          </gpxtpx:TrackPointExtension>
        </extensions>
      </trkpt>
      <trkpt lat="31.92290788712905" lon="120.59109123289969">
        <ele>5.636364424601197</ele>
        <time>2025-09-16T11:54:16.900000Z</time>
        <extensions>
          <gpxtpx:TrackPointExtension>
            <gpxtpx:hr>132</gpxtpx:hr>
          </gpxtpx:TrackPointExtension>
        </extensions>
      </trkpt>
      <trkpt lat="31.92290494603605" lon="120.59110490237072">
        <ele>5.62957229744643</ele>
        <time>2025-09-16T11:54:17.900000Z</time>
        <extensions>
          <gpxtpx:TrackPointExtension>
            <gpxtpx:hr>132</gpxtpx:hr>
          </gpxtpx:TrackPointExtension>
        </extensions>
      </trkpt>
      <trkpt lat="31.922902991909528" lon="120.59111898537334">
        <ele>5.606272120960057</ele>
        <time>2025-09-16T11:54:18.900000Z</time>
        <extensions>
          <gpxtpx:TrackPointExtension>
            <gpxtpx:hr>132</gpxtpx:hr>
          </gpxtpx:TrackPointExtension>
        </extensions>
      </trkpt>
      <trkpt lat="31.922901976249015" lon="120.59113358356227">
        <ele>5.585258407518268</ele>
        <time>2025-09-16T11:54:19.900000Z</time>
        <extensions>
          <gpxtpx:TrackPointExtension>
            <gpxtpx:hr>132</gpxtpx:hr>
          </gpxtpx:TrackPointExtension>
        </extensions>
      </trkpt>
      <trkpt lat="31.922901516198657" lon="120.59114845895712">
        <ele>5.562986681237817</ele>
        <time>2025-09-16T11:54:20.900000Z</time>
        <extensions>
          <gpxtpx:TrackPointExtension>
            <gpxtpx:hr>130</gpxtpx:hr>
          </gpxtpx:TrackPointExtension>
        </extensions>
      </trkpt>
      <trkpt lat="31.922900996646163" lon="120.59116294300286">
        <ele>5.553007235750556</ele>
        <time>2025-09-16T11:54:21.900000Z</time>
        <extensions>
          <gpxtpx:TrackPointExtension>
            <gpxtpx:hr>130</gpxtpx:hr>
          </gpxtpx:TrackPointExtension>
        </extensions>
      </trkpt>
      <trkpt lat="31.922899962531336" lon="120.5911764731792">
        <ele>5.549620950594544</ele>
        <time>2025-09-16T11:54:22.900000Z</time>
        <extensions>
          <gpxtpx:TrackPointExtension>
            <gpxtpx:hr>130</gpxtpx:hr>
          </gpxtpx:TrackPointExtension>
        </extensions>
      </trkpt>
      <trkpt lat="31.922898002477858" lon="120.59118950833557">
        <ele>5.552700352855027</ele>
        <time>2025-09-16T11:54:23.900000Z</time>
        <extensions>
          <gpxtpx:TrackPointExtension>
            <gpxtpx:hr>130</gpxtpx:hr>
          </gpxtpx:TrackPointExtension>
        </extensions>
      </trkpt>
      <trkpt lat="31.922894901379408" lon="120.5912019705235">
        <ele>5.556139480322599</ele>
        <time>2025-09-16T11:54:24.900000Z</time>
        <extensions>
          <gpxtpx:TrackPointExtension>
            <gpxtpx:hr>130</gpxtpx:hr>
          </gpxtpx:TrackPointExtension>
        </extensions>
      </trkpt>
      <trkpt lat="31.92289113669863" lon="120.59121383691105">
        <ele>5.570978154428303</ele>
        <time>2025-09-16T11:54:25.900000Z</time>
        <extensions>
          <gpxtpx:TrackPointExtension>
            <gpxtpx:hr>130</gpxtpx:hr>
          </gpxtpx:TrackPointExtension>
        </extensions>
      </trkpt>
      <trkpt lat="31.92288707897294" lon="120.59122567557891">
        <ele>5.5846392987295985</ele>
        <time>2025-09-16T11:54:26.900000Z</time>
        <extensions>
          <gpxtpx:TrackPointExtension>
            <gpxtpx:hr>130</gpxtpx:hr>
          </gpxtpx:TrackPointExtension>
        </extensions>
      </trkpt>
      <trkpt lat="31.922882876797246" lon="120.59123768069374">
        <ele>5.594150826334953</ele>
        <time>2025-09-16T11:54:27.900000Z</time>
        <extensions>
          <gpxtpx:TrackPointExtension>
            <gpxtpx:hr>135</gpxtpx:hr>
          </gpxtpx:TrackPointExtension>
        </extensions>
      </trkpt>
      <trkpt lat="31.922878638097348" lon="120.59124947479282">
        <ele>5.608201312832534</ele>
        <time>2025-09-16T11:54:28.900000Z</time>
        <extensions>
          <gpxtpx:TrackPointExtension>
            <gpxtpx:hr>135</gpxtpx:hr>
          </gpxtpx:TrackPointExtension>
        </extensions>
      </trkpt>
      <trkpt lat="31.922874234411523" lon="120.59126156289966">
        <ele>5.624107327312231</ele>
        <time>2025-09-16T11:54:29.900000Z</time>
        <extensions>
          <gpxtpx:TrackPointExtension>
            <gpxtpx:hr>135</gpxtpx:hr>
          </gpxtpx:TrackPointExtension>
        </extensions>
      </trkpt>
      <trkpt lat="31.92286948310794" lon="120.5912746591986">
        <ele>5.640421401709318</ele>
        <time>2025-09-16T11:54:30.900000Z</time>
        <extensions>
          <gpxtpx:TrackPointExtension>
            <gpxtpx:hr>135</gpxtpx:hr>
          </gpxtpx:TrackPointExtension>
        </extensions>
      </trkpt>
      <trkpt lat="31.922864483411878" lon="120.59128832169645">
        <ele>5.65994162298739</ele>
        <time>2025-09-16T11:54:31.900000Z</time>
        <extensions>
          <gpxtpx:TrackPointExtension>
            <gpxtpx:hr>134</gpxtpx:hr>
          </gpxtpx:TrackPointExtension>
        </extensions>
      </trkpt>
      <trkpt lat="31.922859249525516" lon="120.59130211616905">
        <ele>5.677859202027321</ele>
        <time>2025-09-16T11:54:32.900000Z</time>
        <extensions>
          <gpxtpx:TrackPointExtension>
            <gpxtpx:hr>134</gpxtpx:hr>
          </gpxtpx:TrackPointExtension>
        </extensions>
      </trkpt>
      <trkpt lat="31.922853761137592" lon="120.59131621684566">
        <ele>5.683922962285578</ele>
        <time>2025-09-16T11:54:33.900000Z</time>
        <extensions>
          <gpxtpx:TrackPointExtension>
            <gpxtpx:hr>134</gpxtpx:hr>
          </gpxtpx:TrackPointExtension>
        </extensions>
      </trkpt>
      <trkpt lat="31.92284837418678" lon="120.59133040407654">
        <ele>5.691717218607664</ele>
        <time>2025-09-16T11:54:34.900000Z</time>
        <extensions>
          <gpxtpx:TrackPointExtension>
            <gpxtpx:hr>134</gpxtpx:hr>
          </gpxtpx:TrackPointExtension>
        </extensions>
      </trkpt>
      <trkpt lat="31.922843186408258" lon="120.59134458684476">
        <ele>5.690106010064483</ele>
        <time>2025-09-16T11:54:35.900000Z</time>
        <extensions>
          <gpxtpx:TrackPointExtension>
            <gpxtpx:hr>134</gpxtpx:hr>
          </gpxtpx:TrackPointExtension>
        </extensions>
      </trkpt>
      <trkpt lat="31.92283810012327" lon="120.59135873005728">
        <ele>5.68571615871042</ele>
        <time>2025-09-16T11:54:36.900000Z</time>
        <extensions>
          <gpxtpx:TrackPointExtension>
            <gpxtpx:hr>134</gpxtpx:hr>
          </gpxtpx:TrackPointExtension>
        </extensions>
      </trkpt>
      <trkpt lat="31.92283349627988" lon="120.59137251653132">
        <ele>5.680477438494563</ele>
        <time>2025-09-16T11:54:37.900000Z</time>
        <extensions>
          <gpxtpx:TrackPointExtension>
            <gpxtpx:hr>134</gpxtpx:hr>
          </gpxtpx:TrackPointExtension>
        </extensions>
      </trkpt>
      <trkpt lat="31.92282943431749" lon="120.59138601656215">
        <ele>5.677121079526842</ele>
        <time>2025-09-16T11:54:38.900000Z</time>
        <extensions>
          <gpxtpx:TrackPointExtension>
            <gpxtpx:hr>134</gpxtpx:hr>
          </gpxtpx:TrackPointExtension>
        </extensions>
      </trkpt>
      <trkpt lat="31.9228252777727" lon="120.59139908656535">
        <ele>5.672240190207958</ele>
        <time>2025-09-16T11:54:39.900000Z</time>
        <extensions>
          <gpxtpx:TrackPointExtension>
            <gpxtpx:hr>134</gpxtpx:hr>
          </gpxtpx:TrackPointExtension>
        </extensions>
      </trkpt>
      <trkpt lat="31.92282058625958" lon="120.59141164671999">
        <ele>5.66623926628381</ele>
        <time>2025-09-16T11:54:40.900000Z</time>
        <extensions>
          <gpxtpx:TrackPointExtension>
            <gpxtpx:hr>134</gpxtpx:hr>
          </gpxtpx:TrackPointExtension>
        </extensions>
      </trkpt>
      <trkpt lat="31.922815385056126" lon="120.59142385768216">
        <ele>5.6676580952480435</ele>
        <time>2025-09-16T11:54:41.900000Z</time>
        <extensions>
          <gpxtpx:TrackPointExtension>
            <gpxtpx:hr>134</gpxtpx:hr>
          </gpxtpx:TrackPointExtension>
        </extensions>
      </trkpt>
      <trkpt lat="31.922810028272913" lon="120.59143591798033">
        <ele>5.675243203528225</ele>
        <time>2025-09-16T11:54:42.900000Z</time>
        <extensions>
          <gpxtpx:TrackPointExtension>
            <gpxtpx:hr>134</gpxtpx:hr>
          </gpxtpx:TrackPointExtension>
        </extensions>
      </trkpt>
      <trkpt lat="31.922804757430633" lon="120.59144800039935">
        <ele>5.669050089083612</ele>
        <time>2025-09-16T11:54:43.900000Z</time>
        <extensions>
          <gpxtpx:TrackPointExtension>
            <gpxtpx:hr>133</gpxtpx:hr>
          </gpxtpx:TrackPointExtension>
        </extensions>
      </trkpt>
      <trkpt lat="31.922799469000267" lon="120.59146019021271">
        <ele>5.6780676394701</ele>
        <time>2025-09-16T11:54:44.900000Z</time>
        <extensions>
          <gpxtpx:TrackPointExtension>
            <gpxtpx:hr>133</gpxtpx:hr>
          </gpxtpx:TrackPointExtension>
        </extensions>
      </trkpt>
      <trkpt lat="31.9227940784363" lon="120.59147228470113">
        <ele>5.670848671346903</ele>
        <time>2025-09-16T11:54:45.900000Z</time>
        <extensions>
          <gpxtpx:TrackPointExtension>
            <gpxtpx:hr>133</gpxtpx:hr>
          </gpxtpx:TrackPointExtension>
        </extensions>
      </trkpt>
      <trkpt lat="31.9227887327702" lon="120.59148397048921">
        <ele>5.678127224557102</ele>
        <time>2025-09-16T11:54:46.900000Z</time>
        <extensions>
          <gpxtpx:TrackPointExtension>
            <gpxtpx:hr>133</gpxtpx:hr>
          </gpxtpx:TrackPointExtension>
        </extensions>
      </trkpt>
      <trkpt lat="31.92278369394494" lon="120.59149526087737">
        <ele>5.679194430820644</ele>
        <time>2025-09-16T11:54:47.900000Z</time>
        <extensions>
          <gpxtpx:TrackPointExtension>
            <gpxtpx:hr>133</gpxtpx:hr>
          </gpxtpx:TrackPointExtension>
        </extensions>
      </trkpt>
      <trkpt lat="31.922779226868602" lon="120.59150652127857">
        <ele>5.712803049013019</ele>
        <time>2025-09-16T11:54:48.900000Z</time>
        <extensions>
          <gpxtpx:TrackPointExtension>
            <gpxtpx:hr>133</gpxtpx:hr>
          </gpxtpx:TrackPointExtension>
        </extensions>
      </trkpt>
      <trkpt lat="31.922775441298853" lon="120.59151827579639">
        <ele>5.72846494987607</ele>
        <time>2025-09-16T11:54:49.900000Z</time>
        <extensions>
          <gpxtpx:TrackPointExtension>
            <gpxtpx:hr>133</gpxtpx:hr>
          </gpxtpx:TrackPointExtension>
        </extensions>
      </trkpt>
      <trkpt lat="31.922772054760646" lon="120.59153069172434">
        <ele>5.739684670232236</ele>
        <time>2025-09-16T11:54:50.900000Z</time>
        <extensions>
          <gpxtpx:TrackPointExtension>
            <gpxtpx:hr>133</gpxtpx:hr>
          </gpxtpx:TrackPointExtension>
        </extensions>
      </trkpt>
      <trkpt lat="31.922768855388334" lon="120.59154353365685">
        <ele>5.762761337682605</ele>
        <time>2025-09-16T11:54:51.900000Z</time>
        <extensions>
          <gpxtpx:TrackPointExtension>
            <gpxtpx:hr>133</gpxtpx:hr>
          </gpxtpx:TrackPointExtension>
        </extensions>
      </trkpt>
      <trkpt lat="31.922765747259522" lon="120.59155645279975">
        <ele>5.784619524143636</ele>
        <time>2025-09-16T11:54:52.900000Z</time>
        <extensions>
          <gpxtpx:TrackPointExtension>
            <gpxtpx:hr>133</gpxtpx:hr>
          </gpxtpx:TrackPointExtension>
        </extensions>
      </trkpt>
      <trkpt lat="31.922762504940067" lon="120.59156900738246">
        <ele>5.8056414145976305</ele>
        <time>2025-09-16T11:54:53.900000Z</time>
        <extensions>
          <gpxtpx:TrackPointExtension>
            <gpxtpx:hr>133</gpxtpx:hr>
          </gpxtpx:TrackPointExtension>
        </extensions>
      </trkpt>
      <trkpt lat="31.92275900536222" lon="120.59158125292844">
        <ele>5.8271096628159285</ele>
        <time>2025-09-16T11:54:54.900000Z</time>
        <extensions>
          <gpxtpx:TrackPointExtension>
            <gpxtpx:hr>131</gpxtpx:hr>
          </gpxtpx:TrackPointExtension>
        </extensions>
      </trkpt>
      <trkpt lat="31.922755126034627" lon="120.59159351695918">
        <ele>5.847920658998191</ele>
        <time>2025-09-16T11:54:55.900000Z</time>
        <extensions>
          <gpxtpx:TrackPointExtension>
            <gpxtpx:hr>131</gpxtpx:hr>
          </gpxtpx:TrackPointExtension>
        </extensions>
      </trkpt>
      <trkpt lat="31.92275098213653" lon="120.59160635287921">
        <ele>5.86608125269413</ele>
        <time>2025-09-16T11:54:56.900000Z</time>
        <extensions>
          <gpxtpx:TrackPointExtension>
            <gpxtpx:hr>131</gpxtpx:hr>
          </gpxtpx:TrackPointExtension>
        </extensions>
      </trkpt>
      <trkpt lat="31.922746990902258" lon="120.5916201060746">
        <ele>5.887692224234343</ele>
        <time>2025-09-16T11:54:57.900000Z</time>
        <extensions>
          <gpxtpx:TrackPointExtension>
            <gpxtpx:hr>131</gpxtpx:hr>
          </gpxtpx:TrackPointExtension>
        </extensions>
      </trkpt>
      <trkpt lat="31.92274366393194" lon="120.59163379218812">
        <ele>5.901155394501984</ele>
        <time>2025-09-16T11:54:58.900000Z</time>
        <extensions>
          <gpxtpx:TrackPointExtension>
            <gpxtpx:hr>131</gpxtpx:hr>
          </gpxtpx:TrackPointExtension>
        </extensions>
      </trkpt>
      <trkpt lat="31.922741042339666" lon="120.59164635351935">
        <ele>5.91352267190814</ele>
        <time>2025-09-16T11:54:59.900000Z</time>
        <extensions>
          <gpxtpx:TrackPointExtension>
            <gpxtpx:hr>131</gpxtpx:hr>
          </gpxtpx:TrackPointExtension>
        </extensions>
      </trkpt>
      <trkpt lat="31.92273821461603" lon="120.59165765430184">
        <ele>5.92501397524029</ele>
        <time>2025-09-16T11:55:00.900000Z</time>
        <extensions>
          <gpxtpx:TrackPointExtension>
            <gpxtpx:hr>131</gpxtpx:hr>
          </gpxtpx:TrackPointExtension>
        </extensions>
      </trkpt>
      <trkpt lat="31.92273464567234" lon="120.59166867237208">
        <ele>5.936929801478982</ele>
        <time>2025-09-16T11:55:01.900000Z</time>
        <extensions>
          <gpxtpx:TrackPointExtension>
            <gpxtpx:hr>131</gpxtpx:hr>
          </gpxtpx:TrackPointExtension>
        </extensions>
      </trkpt>
      <trkpt lat="31.922730518279753" lon="120.59168002354416">
        <ele>5.9478692431002855</ele>
        <time>2025-09-16T11:55:02.900000Z</time>
        <extensions>
          <gpxtpx:TrackPointExtension>
            <gpxtpx:hr>131</gpxtpx:hr>
          </gpxtpx:TrackPointExtension>
        </extensions>
      </trkpt>
      <trkpt lat="31.92272621647113" lon="120.59169162086582">
        <ele>5.954621920362115</ele>
        <time>2025-09-16T11:55:03.900000Z</time>
        <extensions>
          <gpxtpx:TrackPointExtension>
            <gpxtpx:hr>131</gpxtpx:hr>
          </gpxtpx:TrackPointExtension>
        </extensions>
      </trkpt>
      <trkpt lat="31.922722026899667" lon="120.59170340975554">
        <ele>5.957389553077519</ele>
        <time>2025-09-16T11:55:04.900000Z</time>
        <extensions>
          <gpxtpx:TrackPointExtension>
            <gpxtpx:hr>131</gpxtpx:hr>
          </gpxtpx:TrackPointExtension>
        </extensions>
      </trkpt>
      <trkpt lat="31.922717787663892" lon="120.59171576213616">
        <ele>5.957520344294608</ele>
        <time>2025-09-16T11:55:05.900000Z</time>
        <extensions>
          <gpxtpx:TrackPointExtension>
            <gpxtpx:hr>131</gpxtpx:hr>
          </gpxtpx:TrackPointExtension>
        </extensions>
      </trkpt>
      <trkpt lat="31.922713368071594" lon="120.5917284373964">
        <ele>5.9566941456869245</ele>
        <time>2025-09-16T11:55:06.900000Z</time>
        <extensions>
          <gpxtpx:TrackPointExtension>
            <gpxtpx:hr>131</gpxtpx:hr>
          </gpxtpx:TrackPointExtension>
        </extensions>
      </trkpt>
      <trkpt lat="31.922708833320016" lon="120.59174064663917">
        <ele>5.954013889655471</ele>
        <time>2025-09-16T11:55:07.900000Z</time>
        <extensions>
          <gpxtpx:TrackPointExtension>
            <gpxtpx:hr>131</gpxtpx:hr>
          </gpxtpx:TrackPointExtension>
        </extensions>
      </trkpt>
      <trkpt lat="31.92270427259135" lon="120.59175221182252">
        <ele>5.9509694911539555</ele>
        <time>2025-09-16T11:55:08.900000Z</time>
        <extensions>
          <gpxtpx:TrackPointExtension>
            <gpxtpx:hr>131</gpxtpx:hr>
          </gpxtpx:TrackPointExtension>
        </extensions>
      </trkpt>
      <trkpt lat="31.922699988133846" lon="120.59176349088781">
        <ele>5.94803156144917</ele>
        <time>2025-09-16T11:55:09.900000Z</time>
        <extensions>
          <gpxtpx:TrackPointExtension>
            <gpxtpx:hr>131</gpxtpx:hr>
          </gpxtpx:TrackPointExtension>
        </extensions>
      </trkpt>
      <trkpt lat="31.922696077775154" lon="120.59177520946632">
        <ele>5.946806487627327</ele>
        <time>2025-09-16T11:55:10.900000Z</time>
        <extensions>
          <gpxtpx:TrackPointExtension>
            <gpxtpx:hr>131</gpxtpx:hr>
          </gpxtpx:TrackPointExtension>
        </extensions>
      </trkpt>
      <trkpt lat="31.92269251687412" lon="120.59178748317615">
        <ele>5.944606991484761</ele>
        <time>2025-09-16T11:55:11.900000Z</time>
        <extensions>
          <gpxtpx:TrackPointExtension>
            <gpxtpx:hr>131</gpxtpx:hr>
          </gpxtpx:TrackPointExtension>
        </extensions>
      </trkpt>
      <trkpt lat="31.92268917455181" lon="120.59179998013227">
        <ele>5.941807282157242</ele>
        <time>2025-09-16T11:55:12.900000Z</time>
        <extensions>
          <gpxtpx:TrackPointExtension>
            <gpxtpx:hr>131</gpxtpx:hr>
          </gpxtpx:TrackPointExtension>
        </extensions>
      </trkpt>
      <trkpt lat="31.922685706657752" lon="120.59181239132104">
        <ele>5.9406021209433675</ele>
        <time>2025-09-16T11:55:13.900000Z</time>
        <extensions>
          <gpxtpx:TrackPointExtension>
            <gpxtpx:hr>131</gpxtpx:hr>
          </gpxtpx:TrackPointExtension>
        </extensions>
      </trkpt>
      <trkpt lat="31.922681829968468" lon="120.59182439059119">
        <ele>5.938690890558064</ele>
        <time>2025-09-16T11:55:14.900000Z</time>
        <extensions>
          <gpxtpx:TrackPointExtension>
            <gpxtpx:hr>131</gpxtpx:hr>
          </gpxtpx:TrackPointExtension>
        </extensions>
      </trkpt>
      <trkpt lat="31.92267758755543" lon="120.59183599721129">
        <ele>5.940608628094196</ele>
        <time>2025-09-16T11:55:15.900000Z</time>
        <extensions>
          <gpxtpx:TrackPointExtension>
            <gpxtpx:hr>133</gpxtpx:hr>
          </gpxtpx:TrackPointExtension>
        </extensions>
      </trkpt>
      <trkpt lat="31.92267319894099" lon="120.59184752440225">
        <ele>5.943383336998522</ele>
        <time>2025-09-16T11:55:17Z</time>
        <extensions>
          <gpxtpx:TrackPointExtension>
            <gpxtpx:hr>133</gpxtpx:hr>
          </gpxtpx:TrackPointExtension>
        </extensions>
      </trkpt>
      <trkpt lat="31.922668772401433" lon="120.59185922510791">
        <ele>5.942936608567834</ele>
        <time>2025-09-16T11:55:18Z</time>
        <extensions>
          <gpxtpx:TrackPointExtension>
            <gpxtpx:hr>133</gpxtpx:hr>
          </gpxtpx:TrackPointExtension>
        </extensions>
      </trkpt>
      <trkpt lat="31.92266438439456" lon="120.5918710750566">
        <ele>5.9418819872662425</ele>
        <time>2025-09-16T11:55:19Z</time>
        <extensions>
          <gpxtpx:TrackPointExtension>
            <gpxtpx:hr>133</gpxtpx:hr>
          </gpxtpx:TrackPointExtension>
        </extensions>
      </trkpt>
      <trkpt lat="31.92266003026567" lon="120.59188283294692">
        <ele>5.941471527330577</ele>
        <time>2025-09-16T11:55:20Z</time>
        <extensions>
          <gpxtpx:TrackPointExtension>
            <gpxtpx:hr>133</gpxtpx:hr>
          </gpxtpx:TrackPointExtension>
        </extensions>
      </trkpt>
      <trkpt lat="31.92265561844294" lon="120.59189450220185">
        <ele>5.942572712898254</ele>
        <time>2025-09-16T11:55:21Z</time>
        <extensions>
          <gpxtpx:TrackPointExtension>
            <gpxtpx:hr>133</gpxtpx:hr>
          </gpxtpx:TrackPointExtension>
        </extensions>
      </trkpt>
      <trkpt lat="31.922651085401796" lon="120.59190616397257">
        <ele>5.941576432436705</ele>
        <time>2025-09-16T11:55:22Z</time>
        <extensions>
          <gpxtpx:TrackPointExtension>
            <gpxtpx:hr>133</gpxtpx:hr>
          </gpxtpx:TrackPointExtension>
        </extensions>
      </trkpt>
      <trkpt lat="31.922646346218844" lon="120.59191780401379">
        <ele>5.941773122176528</ele>
        <time>2025-09-16T11:55:23Z</time>
        <extensions>
          <gpxtpx:TrackPointExtension>
            <gpxtpx:hr>134</gpxtpx:hr>
          </gpxtpx:TrackPointExtension>
        </extensions>
      </trkpt>
      <trkpt lat="31.92264141873721" lon="120.59192932798508">
        <ele>5.948219249024987</ele>
        <time>2025-09-16T11:55:24Z</time>
        <extensions>
          <gpxtpx:TrackPointExtension>
            <gpxtpx:hr>134</gpxtpx:hr>
          </gpxtpx:TrackPointExtension>
        </extensions>
      </trkpt>
      <trkpt lat="31.922636470845017" lon="120.5919407516294">
        <ele>5.953955423086882</ele>
        <time>2025-09-16T11:55:25Z</time>
        <extensions>
          <gpxtpx:TrackPointExtension>
            <gpxtpx:hr>134</gpxtpx:hr>
          </gpxtpx:TrackPointExtension>
        </extensions>
      </trkpt>
      <trkpt lat="31.922631785251372" lon="120.59195227323713">
        <ele>5.958765751682222</ele>
        <time>2025-09-16T11:55:25.900000Z</time>
        <extensions>
          <gpxtpx:TrackPointExtension>
            <gpxtpx:hr>134</gpxtpx:hr>
          </gpxtpx:TrackPointExtension>
        </extensions>
      </trkpt>
      <trkpt lat="31.92262761322382" lon="120.59196395795966">
        <ele>5.967510505579412</ele>
        <time>2025-09-16T11:55:26.900000Z</time>
        <extensions>
          <gpxtpx:TrackPointExtension>
            <gpxtpx:hr>133</gpxtpx:hr>
          </gpxtpx:TrackPointExtension>
        </extensions>
      </trkpt>
      <trkpt lat="31.92262403842922" lon="120.59197563360034">
        <ele>5.974827473051846</ele>
        <time>2025-09-16T11:55:27.900000Z</time>
        <extensions>
          <gpxtpx:TrackPointExtension>
            <gpxtpx:hr>133</gpxtpx:hr>
          </gpxtpx:TrackPointExtension>
        </extensions>
      </trkpt>
      <trkpt lat="31.922620890615924" lon="120.5919873668967">
        <ele>5.985015983693302</ele>
        <time>2025-09-16T11:55:28.900000Z</time>
        <extensions>
          <gpxtpx:TrackPointExtension>
            <gpxtpx:hr>133</gpxtpx:hr>
          </gpxtpx:TrackPointExtension>
        </extensions>
      </trkpt>
      <trkpt lat="31.922617873365425" lon="120.59199908144247">
        <ele>5.991435958072543</ele>
        <time>2025-09-16T11:55:29.900000Z</time>
        <extensions>
          <gpxtpx:TrackPointExtension>
            <gpxtpx:hr>133</gpxtpx:hr>
          </gpxtpx:TrackPointExtension>
        </extensions>
      </trkpt>
      <trkpt lat="31.92261472904886" lon="120.5920105620708">
        <ele>6.006489139981568</ele>
        <time>2025-09-16T11:55:30.900000Z</time>
        <extensions>
          <gpxtpx:TrackPointExtension>
            <gpxtpx:hr>134</gpxtpx:hr>
          </gpxtpx:TrackPointExtension>
        </extensions>
      </trkpt>
      <trkpt lat="31.922611294535425" lon="120.59202197455389">
        <ele>6.015379298478365</ele>
        <time>2025-09-16T11:55:31.900000Z</time>
        <extensions>
          <gpxtpx:TrackPointExtension>
            <gpxtpx:hr>134</gpxtpx:hr>
          </gpxtpx:TrackPointExtension>
        </extensions>
      </trkpt>
      <trkpt lat="31.922607572589488" lon="120.59203351108455">
        <ele>6.026403391733766</ele>
        <time>2025-09-16T11:55:32.900000Z</time>
        <extensions>
          <gpxtpx:TrackPointExtension>
            <gpxtpx:hr>134</gpxtpx:hr>
          </gpxtpx:TrackPointExtension>
        </extensions>
      </trkpt>
      <trkpt lat="31.922603638326866" lon="120.592045072592">
        <ele>6.03965381346643</ele>
        <time>2025-09-16T11:55:33.900000Z</time>
        <extensions>
          <gpxtpx:TrackPointExtension>
            <gpxtpx:hr>134</gpxtpx:hr>
          </gpxtpx:TrackPointExtension>
        </extensions>
      </trkpt>
      <trkpt lat="31.922599723002023" lon="120.59205647668715">
        <ele>6.052602360956371</ele>
        <time>2025-09-16T11:55:34.900000Z</time>
        <extensions>
          <gpxtpx:TrackPointExtension>
            <gpxtpx:hr>134</gpxtpx:hr>
          </gpxtpx:TrackPointExtension>
        </extensions>
      </trkpt>
      <trkpt lat="31.922595952232317" lon="120.59206784148212">
        <ele>6.065311563201249</ele>
        <time>2025-09-16T11:55:35.900000Z</time>
        <extensions>
          <gpxtpx:TrackPointExtension>
            <gpxtpx:hr>134</gpxtpx:hr>
          </gpxtpx:TrackPointExtension>
        </extensions>
      </trkpt>
      <trkpt lat="31.922592170838918" lon="120.59207950733172">
        <ele>6.07852659188211</ele>
        <time>2025-09-16T11:55:36.900000Z</time>
        <extensions>
          <gpxtpx:TrackPointExtension>
            <gpxtpx:hr>134</gpxtpx:hr>
          </gpxtpx:TrackPointExtension>
        </extensions>
      </trkpt>
      <trkpt lat="31.92258826552926" lon="120.5920913818697">
        <ele>6.090502527542412</ele>
        <time>2025-09-16T11:55:37.900000Z</time>
        <extensions>
          <gpxtpx:TrackPointExtension>
            <gpxtpx:hr>133</gpxtpx:hr>
          </gpxtpx:TrackPointExtension>
        </extensions>
      </trkpt>
      <trkpt lat="31.92258433460343" lon="120.59210313463305">
        <ele>6.103923032991588</ele>
        <time>2025-09-16T11:55:38.900000Z</time>
        <extensions>
          <gpxtpx:TrackPointExtension>
            <gpxtpx:hr>133</gpxtpx:hr>
          </gpxtpx:TrackPointExtension>
        </extensions>
      </trkpt>
      <trkpt lat="31.922580664607008" lon="120.59211481289216">
        <ele>6.11794288828969</ele>
        <time>2025-09-16T11:55:39.900000Z</time>
        <extensions>
          <gpxtpx:TrackPointExtension>
            <gpxtpx:hr>133</gpxtpx:hr>
          </gpxtpx:TrackPointExtension>
        </extensions>
      </trkpt>
      <trkpt lat="31.922577519490677" lon="120.59212660833144">
        <ele>6.133763680234551</ele>
        <time>2025-09-16T11:55:40.900000Z</time>
        <extensions>
          <gpxtpx:TrackPointExtension>
            <gpxtpx:hr>133</gpxtpx:hr>
          </gpxtpx:TrackPointExtension>
        </extensions>
      </trkpt>
      <trkpt lat="31.92257487698411" lon="120.59213858514629">
        <ele>6.148005400784314</ele>
        <time>2025-09-16T11:55:41.900000Z</time>
        <extensions>
          <gpxtpx:TrackPointExtension>
            <gpxtpx:hr>132</gpxtpx:hr>
          </gpxtpx:TrackPointExtension>
        </extensions>
      </trkpt>
      <trkpt lat="31.922572358406526" lon="120.59215073492489">
        <ele>6.162077141925693</ele>
        <time>2025-09-16T11:55:42.900000Z</time>
        <extensions>
          <gpxtpx:TrackPointExtension>
            <gpxtpx:hr>132</gpxtpx:hr>
          </gpxtpx:TrackPointExtension>
        </extensions>
      </trkpt>
      <trkpt lat="31.922569554851133" lon="120.59216288992255">
        <ele>6.1744596203789115</ele>
        <time>2025-09-16T11:55:43.900000Z</time>
        <extensions>
          <gpxtpx:TrackPointExtension>
            <gpxtpx:hr>132</gpxtpx:hr>
          </gpxtpx:TrackPointExtension>
        </extensions>
      </trkpt>
      <trkpt lat="31.922566342533855" lon="120.59217486577964">
        <ele>6.187118318863213</ele>
        <time>2025-09-16T11:55:44.900000Z</time>
        <extensions>
          <gpxtpx:TrackPointExtension>
            <gpxtpx:hr>135</gpxtpx:hr>
          </gpxtpx:TrackPointExtension>
        </extensions>
      </trkpt>
      <trkpt lat="31.922562823039137" lon="120.59218655995635">
        <ele>6.200805093161762</ele>
        <time>2025-09-16T11:55:45.900000Z</time>
        <extensions>
          <gpxtpx:TrackPointExtension>
            <gpxtpx:hr>135</gpxtpx:hr>
          </gpxtpx:TrackPointExtension>
        </extensions>
      </trkpt>
      <trkpt lat="31.922559170521758" lon="120.59219797859292">
        <ele>6.212950912304223</ele>
        <time>2025-09-16T11:55:46.900000Z</time>
        <extensions>
          <gpxtpx:TrackPointExtension>
            <gpxtpx:hr>135</gpxtpx:hr>
          </gpxtpx:TrackPointExtension>
        </extensions>
      </trkpt>
      <trkpt lat="31.92255558702037" lon="120.59220931023849">
        <ele>6.223836433142424</ele>
        <time>2025-09-16T11:55:47.900000Z</time>
        <extensions>
          <gpxtpx:TrackPointExtension>
            <gpxtpx:hr>135</gpxtpx:hr>
          </gpxtpx:TrackPointExtension>
        </extensions>
      </trkpt>
      <trkpt lat="31.92255220290893" lon="120.59222073920643">
        <ele>6.231182606890798</ele>
        <time>2025-09-16T11:55:48.900000Z</time>
        <extensions>
          <gpxtpx:TrackPointExtension>
            <gpxtpx:hr>135</gpxtpx:hr>
          </gpxtpx:TrackPointExtension>
        </extensions>
      </trkpt>
      <trkpt lat="31.922548975082268" lon="120.59223235153497">
        <ele>6.235302758403122</ele>
        <time>2025-09-16T11:55:49.900000Z</time>
        <extensions>
          <gpxtpx:TrackPointExtension>
            <gpxtpx:hr>135</gpxtpx:hr>
          </gpxtpx:TrackPointExtension>
        </extensions>
      </trkpt>
      <trkpt lat="31.922545720023585" lon="120.59224408690903">
        <ele>6.234372788108885</ele>
        <time>2025-09-16T11:55:50.900000Z</time>
        <extensions>
          <gpxtpx:TrackPointExtension>
            <gpxtpx:hr>135</gpxtpx:hr>
          </gpxtpx:TrackPointExtension>
        </extensions>
      </trkpt>
      <trkpt lat="31.92254217244398" lon="120.59225572323051">
        <ele>6.232538561336696</ele>
        <time>2025-09-16T11:55:51.900000Z</time>
        <extensions>
          <gpxtpx:TrackPointExtension>
            <gpxtpx:hr>134</gpxtpx:hr>
          </gpxtpx:TrackPointExtension>
        </extensions>
      </trkpt>
      <trkpt lat="31.92253819124041" lon="120.59226723785333">
        <ele>6.231524038128555</ele>
        <time>2025-09-16T11:55:52.900000Z</time>
        <extensions>
          <gpxtpx:TrackPointExtension>
            <gpxtpx:hr>134</gpxtpx:hr>
          </gpxtpx:TrackPointExtension>
        </extensions>
      </trkpt>
      <trkpt lat="31.92253391639912" lon="120.592278760627">
        <ele>6.226833607070148</ele>
        <time>2025-09-16T11:55:53.900000Z</time>
        <extensions>
          <gpxtpx:TrackPointExtension>
            <gpxtpx:hr>134</gpxtpx:hr>
          </gpxtpx:TrackPointExtension>
        </extensions>
      </trkpt>
      <trkpt lat="31.922529671028443" lon="120.59229041898243">
        <ele>6.2207711059600115</ele>
        <time>2025-09-16T11:55:54.900000Z</time>
        <extensions>
          <gpxtpx:TrackPointExtension>
            <gpxtpx:hr>134</gpxtpx:hr>
          </gpxtpx:TrackPointExtension>
        </extensions>
      </trkpt>
      <trkpt lat="31.92252566027276" lon="120.59230220608562">
        <ele>6.210386282764375</ele>
        <time>2025-09-16T11:55:55.900000Z</time>
        <extensions>
          <gpxtpx:TrackPointExtension>
            <gpxtpx:hr>134</gpxtpx:hr>
          </gpxtpx:TrackPointExtension>
        </extensions>
      </trkpt>
      <trkpt lat="31.922522009465734" lon="120.59231431719232">
        <ele>6.194545714184642</ele>
        <time>2025-09-16T11:55:56.900000Z</time>
        <extensions>
          <gpxtpx:TrackPointExtension>
            <gpxtpx:hr>134</gpxtpx:hr>
          </gpxtpx:TrackPointExtension>
        </extensions>
      </trkpt>
      <trkpt lat="31.92251845799411" lon="120.59232686966904">
        <ele>6.181672168895602</ele>
        <time>2025-09-16T11:55:57.900000Z</time>
        <extensions>
          <gpxtpx:TrackPointExtension>
            <gpxtpx:hr>133</gpxtpx:hr>
          </gpxtpx:TrackPointExtension>
        </extensions>
      </trkpt>
      <trkpt lat="31.92251452815539" lon="120.5923393273517">
        <ele>6.15574218146503</ele>
        <time>2025-09-16T11:55:58.900000Z</time>
        <extensions>
          <gpxtpx:TrackPointExtension>
            <gpxtpx:hr>133</gpxtpx:hr>
          </gpxtpx:TrackPointExtension>
        </extensions>
      </trkpt>
      <trkpt lat="31.922510222688533" lon="120.59235155223526">
        <ele>6.135008363984525</ele>
        <time>2025-09-16T11:55:59.900000Z</time>
        <extensions>
          <gpxtpx:TrackPointExtension>
            <gpxtpx:hr>133</gpxtpx:hr>
          </gpxtpx:TrackPointExtension>
        </extensions>
      </trkpt>
      <trkpt lat="31.922505895357368" lon="120.59236386689314">
        <ele>6.107711182907224</ele>
        <time>2025-09-16T11:56:00.900000Z</time>
        <extensions>
          <gpxtpx:TrackPointExtension>
            <gpxtpx:hr>133</gpxtpx:hr>
          </gpxtpx:TrackPointExtension>
        </extensions>
      </trkpt>
      <trkpt lat="31.92250181942873" lon="120.59237625778087">
        <ele>6.073541819117963</ele>
        <time>2025-09-16T11:56:01.900000Z</time>
        <extensions>
          <gpxtpx:TrackPointExtension>
            <gpxtpx:hr>132</gpxtpx:hr>
          </gpxtpx:TrackPointExtension>
        </extensions>
      </trkpt>
      <trkpt lat="31.92249801467828" lon="120.59238856820247">
        <ele>6.03793157171458</ele>
        <time>2025-09-16T11:56:02.900000Z</time>
        <extensions>
          <gpxtpx:TrackPointExtension>
            <gpxtpx:hr>132</gpxtpx:hr>
          </gpxtpx:TrackPointExtension>
        </extensions>
      </trkpt>
      <trkpt lat="31.92249434428898" lon="120.5924007718962">
        <ele>5.991799456067383</ele>
        <time>2025-09-16T11:56:03.900000Z</time>
        <extensions>
          <gpxtpx:TrackPointExtension>
            <gpxtpx:hr>132</gpxtpx:hr>
          </gpxtpx:TrackPointExtension>
        </extensions>
      </trkpt>
      <trkpt lat="31.9224906762653" lon="120.5924130205863">
        <ele>5.946795810945332</ele>
        <time>2025-09-16T11:56:04.900000Z</time>
        <extensions>
          <gpxtpx:TrackPointExtension>
            <gpxtpx:hr>132</gpxtpx:hr>
          </gpxtpx:TrackPointExtension>
        </extensions>
      </trkpt>
      <trkpt lat="31.922486960681496" lon="120.59242533450521">
        <ele>5.895616739988327</ele>
        <time>2025-09-16T11:56:05.900000Z</time>
        <extensions>
          <gpxtpx:TrackPointExtension>
            <gpxtpx:hr>134</gpxtpx:hr>
          </gpxtpx:TrackPointExtension>
        </extensions>
      </trkpt>
      <trkpt lat="31.922483095025704" lon="120.59243763586555">
        <ele>5.84358979575336</ele>
        <time>2025-09-16T11:56:06.900000Z</time>
        <extensions>
          <gpxtpx:TrackPointExtension>
            <gpxtpx:hr>134</gpxtpx:hr>
          </gpxtpx:TrackPointExtension>
        </extensions>
      </trkpt>
      <trkpt lat="31.922478952155338" lon="120.59244976491435">
        <ele>5.7901198184117675</ele>
        <time>2025-09-16T11:56:07.900000Z</time>
        <extensions>
          <gpxtpx:TrackPointExtension>
            <gpxtpx:hr>134</gpxtpx:hr>
          </gpxtpx:TrackPointExtension>
        </extensions>
      </trkpt>
      <trkpt lat="31.92247440804489" lon="120.59246187686347">
        <ele>5.729530160315335</ele>
        <time>2025-09-16T11:56:08.900000Z</time>
        <extensions>
          <gpxtpx:TrackPointExtension>
            <gpxtpx:hr>134</gpxtpx:hr>
          </gpxtpx:TrackPointExtension>
        </extensions>
      </trkpt>
      <trkpt lat="31.922469466086135" lon="120.59247419585505">
        <ele>5.6798084788024426</ele>
        <time>2025-09-16T11:56:09.900000Z</time>
        <extensions>
          <gpxtpx:TrackPointExtension>
            <gpxtpx:hr>134</gpxtpx:hr>
          </gpxtpx:TrackPointExtension>
        </extensions>
      </trkpt>
      <trkpt lat="31.92246450892382" lon="120.59248659336629">
        <ele>5.636079790070653</ele>
        <time>2025-09-16T11:56:10.900000Z</time>
        <extensions>
          <gpxtpx:TrackPointExtension>
            <gpxtpx:hr>135</gpxtpx:hr>
          </gpxtpx:TrackPointExtension>
        </extensions>
      </trkpt>
      <trkpt lat="31.92245982926566" lon="120.59249899659285">
        <ele>5.591235989704728</ele>
        <time>2025-09-16T11:56:11.900000Z</time>
        <extensions>
          <gpxtpx:TrackPointExtension>
            <gpxtpx:hr>135</gpxtpx:hr>
          </gpxtpx:TrackPointExtension>
        </extensions>
      </trkpt>
      <trkpt lat="31.92245557051414" lon="120.59251163645074">
        <ele>5.552016026340425</ele>
        <time>2025-09-16T11:56:12.900000Z</time>
        <extensions>
          <gpxtpx:TrackPointExtension>
            <gpxtpx:hr>135</gpxtpx:hr>
          </gpxtpx:TrackPointExtension>
        </extensions>
      </trkpt>
      <trkpt lat="31.922451704735717" lon="120.59252452471398">
        <ele>5.513997617177665</ele>
        <time>2025-09-16T11:56:13.900000Z</time>
        <extensions>
          <gpxtpx:TrackPointExtension>
            <gpxtpx:hr>135</gpxtpx:hr>
          </gpxtpx:TrackPointExtension>
        </extensions>
      </trkpt>
      <trkpt lat="31.922448023772258" lon="120.59253759494057">
        <ele>5.476701511070132</ele>
        <time>2025-09-16T11:56:14.900000Z</time>
        <extensions>
          <gpxtpx:TrackPointExtension>
            <gpxtpx:hr>135</gpxtpx:hr>
          </gpxtpx:TrackPointExtension>
        </extensions>
      </trkpt>
      <trkpt lat="31.92244436915312" lon="120.5925509382547">
        <ele>5.446416271850467</ele>
        <time>2025-09-16T11:56:15.900000Z</time>
        <extensions>
          <gpxtpx:TrackPointExtension>
            <gpxtpx:hr>135</gpxtpx:hr>
          </gpxtpx:TrackPointExtension>
        </extensions>
      </trkpt>
      <trkpt lat="31.9224406210401" lon="120.59256432476033">
        <ele>5.421805010177195</ele>
        <time>2025-09-16T11:56:16.900000Z</time>
        <extensions>
          <gpxtpx:TrackPointExtension>
            <gpxtpx:hr>135</gpxtpx:hr>
          </gpxtpx:TrackPointExtension>
        </extensions>
      </trkpt>
      <trkpt lat="31.922436811453203" lon="120.59257751757387">
        <ele>5.399770621210337</ele>
        <time>2025-09-16T11:56:17.900000Z</time>
        <extensions>
          <gpxtpx:TrackPointExtension>
            <gpxtpx:hr>133</gpxtpx:hr>
          </gpxtpx:TrackPointExtension>
        </extensions>
      </trkpt>
      <trkpt lat="31.92243298543599" lon="120.5925906942063">
        <ele>5.386100138537586</ele>
        <time>2025-09-16T11:56:18.900000Z</time>
        <extensions>
          <gpxtpx:TrackPointExtension>
            <gpxtpx:hr>133</gpxtpx:hr>
          </gpxtpx:TrackPointExtension>
        </extensions>
      </trkpt>
      <trkpt lat="31.922429078096574" lon="120.59260405751917">
        <ele>5.3825199054554105</ele>
        <time>2025-09-16T11:56:19.900000Z</time>
        <extensions>
          <gpxtpx:TrackPointExtension>
            <gpxtpx:hr>133</gpxtpx:hr>
          </gpxtpx:TrackPointExtension>
        </extensions>
      </trkpt>
      <trkpt lat="31.922424844681053" lon="120.5926175165769">
        <ele>5.394907111302018</ele>
        <time>2025-09-16T11:56:20.900000Z</time>
        <extensions>
          <gpxtpx:TrackPointExtension>
            <gpxtpx:hr>133</gpxtpx:hr>
          </gpxtpx:TrackPointExtension>
        </extensions>
      </trkpt>
      <trkpt lat="31.92242033628403" lon="120.59263073705272">
        <ele>5.4152195025235415</ele>
        <time>2025-09-16T11:56:21.900000Z</time>
        <extensions>
          <gpxtpx:TrackPointExtension>
            <gpxtpx:hr>134</gpxtpx:hr>
          </gpxtpx:TrackPointExtension>
        </extensions>
      </trkpt>
      <trkpt lat="31.922415870253733" lon="120.59264374752296">
        <ele>5.429040173068643</ele>
        <time>2025-09-16T11:56:22.900000Z</time>
        <extensions>
          <gpxtpx:TrackPointExtension>
            <gpxtpx:hr>134</gpxtpx:hr>
          </gpxtpx:TrackPointExtension>
        </extensions>
      </trkpt>
      <trkpt lat="31.922411585584033" lon="120.59265677955403">
        <ele>5.4173188004642725</ele>
        <time>2025-09-16T11:56:23.900000Z</time>
        <extensions>
          <gpxtpx:TrackPointExtension>
            <gpxtpx:hr>134</gpxtpx:hr>
          </gpxtpx:TrackPointExtension>
        </extensions>
      </trkpt>
      <trkpt lat="31.922407388612534" lon="120.5926700497363">
        <ele>5.414710788056254</ele>
        <time>2025-09-16T11:56:24.900000Z</time>
        <extensions>
          <gpxtpx:TrackPointExtension>
            <gpxtpx:hr>134</gpxtpx:hr>
          </gpxtpx:TrackPointExtension>
        </extensions>
      </trkpt>
      <trkpt lat="31.922403125990115" lon="120.59268354932695">
        <ele>5.413533471524715</ele>
        <time>2025-09-16T11:56:25.900000Z</time>
        <extensions>
          <gpxtpx:TrackPointExtension>
            <gpxtpx:hr>134</gpxtpx:hr>
          </gpxtpx:TrackPointExtension>
        </extensions>
      </trkpt>
      <trkpt lat="31.92239884966595" lon="120.59269693912017">
        <ele>5.420576677657664</ele>
        <time>2025-09-16T11:56:26.900000Z</time>
        <extensions>
          <gpxtpx:TrackPointExtension>
            <gpxtpx:hr>134</gpxtpx:hr>
          </gpxtpx:TrackPointExtension>
        </extensions>
      </trkpt>
      <trkpt lat="31.922394597619768" lon="120.59271020608995">
        <ele>5.428116691298783</ele>
        <time>2025-09-16T11:56:27.900000Z</time>
        <extensions>
          <gpxtpx:TrackPointExtension>
            <gpxtpx:hr>134</gpxtpx:hr>
          </gpxtpx:TrackPointExtension>
        </extensions>
      </trkpt>
      <trkpt lat="31.922390554827338" lon="120.59272374048713">
        <ele>5.43768381793052</ele>
        <time>2025-09-16T11:56:28.900000Z</time>
        <extensions>
          <gpxtpx:TrackPointExtension>
            <gpxtpx:hr>134</gpxtpx:hr>
          </gpxtpx:TrackPointExtension>
        </extensions>
      </trkpt>
      <trkpt lat="31.922387065419425" lon="120.59273752898109">
        <ele>5.446974266320467</ele>
        <time>2025-09-16T11:56:29.900000Z</time>
        <extensions>
          <gpxtpx:TrackPointExtension>
            <gpxtpx:hr>134</gpxtpx:hr>
          </gpxtpx:TrackPointExtension>
        </extensions>
      </trkpt>
      <trkpt lat="31.922384316668357" lon="120.59275086469798">
        <ele>5.457095872610807</ele>
        <time>2025-09-16T11:56:30.900000Z</time>
        <extensions>
          <gpxtpx:TrackPointExtension>
            <gpxtpx:hr>134</gpxtpx:hr>
          </gpxtpx:TrackPointExtension>
        </extensions>
      </trkpt>
      <trkpt lat="31.92238163537473" lon="120.59276302767587">
        <ele>5.457414316944778</ele>
        <time>2025-09-16T11:56:31.900000Z</time>
        <extensions>
          <gpxtpx:TrackPointExtension>
            <gpxtpx:hr>135</gpxtpx:hr>
          </gpxtpx:TrackPointExtension>
        </extensions>
      </trkpt>
      <trkpt lat="31.92237819194159" lon="120.59277406857088">
        <ele>5.4648686377331614</ele>
        <time>2025-09-16T11:56:32.900000Z</time>
        <extensions>
          <gpxtpx:TrackPointExtension>
            <gpxtpx:hr>135</gpxtpx:hr>
          </gpxtpx:TrackPointExtension>
        </extensions>
      </trkpt>
      <trkpt lat="31.92237409483692" lon="120.59278453357425">
        <ele>5.472077515907586</ele>
        <time>2025-09-16T11:56:33.900000Z</time>
        <extensions>
          <gpxtpx:TrackPointExtension>
            <gpxtpx:hr>135</gpxtpx:hr>
          </gpxtpx:TrackPointExtension>
        </extensions>
      </trkpt>
      <trkpt lat="31.922369754983528" lon="120.59279612036323">
        <ele>5.479276221245527</ele>
        <time>2025-09-16T11:56:34.900000Z</time>
        <extensions>
          <gpxtpx:TrackPointExtension>
            <gpxtpx:hr>135</gpxtpx:hr>
          </gpxtpx:TrackPointExtension>
        </extensions>
      </trkpt>
      <trkpt lat="31.922365646274905" lon="120.59280971670788">
        <ele>5.489470808766782</ele>
        <time>2025-09-16T11:56:35.900000Z</time>
        <extensions>
          <gpxtpx:TrackPointExtension>
            <gpxtpx:hr>135</gpxtpx:hr>
          </gpxtpx:TrackPointExtension>
        </extensions>
      </trkpt>
      <trkpt lat="31.922362399738965" lon="120.5928238428739">
        <ele>5.499045871198177</ele>
        <time>2025-09-16T11:56:36.900000Z</time>
        <extensions>
          <gpxtpx:TrackPointExtension>
            <gpxtpx:hr>134</gpxtpx:hr>
          </gpxtpx:TrackPointExtension>
        </extensions>
      </trkpt>
      <trkpt lat="31.922360994658856" lon="120.59283777861232">
        <ele>5.506181291304529</ele>
        <time>2025-09-16T11:56:37.900000Z</time>
        <extensions>
          <gpxtpx:TrackPointExtension>
            <gpxtpx:hr>134</gpxtpx:hr>
          </gpxtpx:TrackPointExtension>
        </extensions>
      </trkpt>
      <trkpt lat="31.92236177468453" lon="120.59285214014415">
        <ele>5.507531973533332</ele>
        <time>2025-09-16T11:56:38.900000Z</time>
        <extensions>
          <gpxtpx:TrackPointExtension>
            <gpxtpx:hr>134</gpxtpx:hr>
          </gpxtpx:TrackPointExtension>
        </extensions>
      </trkpt>
      <trkpt lat="31.92236397547828" lon="120.59286713367362">
        <ele>5.500294367782772</ele>
        <time>2025-09-16T11:56:39.900000Z</time>
        <extensions>
          <gpxtpx:TrackPointExtension>
            <gpxtpx:hr>134</gpxtpx:hr>
          </gpxtpx:TrackPointExtension>
        </extensions>
      </trkpt>
      <trkpt lat="31.922366632125655" lon="120.59288235486824">
        <ele>5.485949751920998</ele>
        <time>2025-09-16T11:56:40.900000Z</time>
        <extensions>
          <gpxtpx:TrackPointExtension>
            <gpxtpx:hr>133</gpxtpx:hr>
          </gpxtpx:TrackPointExtension>
        </extensions>
      </trkpt>
      <trkpt lat="31.922369096721386" lon="120.59289723665422">
        <ele>5.453178398311138</ele>
        <time>2025-09-16T11:56:41.900000Z</time>
        <extensions>
          <gpxtpx:TrackPointExtension>
            <gpxtpx:hr>133</gpxtpx:hr>
          </gpxtpx:TrackPointExtension>
        </extensions>
      </trkpt>
      <trkpt lat="31.922371066344407" lon="120.5929118367877">
        <ele>5.42199373152107</ele>
        <time>2025-09-16T11:56:42.900000Z</time>
        <extensions>
          <gpxtpx:TrackPointExtension>
            <gpxtpx:hr>133</gpxtpx:hr>
          </gpxtpx:TrackPointExtension>
        </extensions>
      </trkpt>
      <trkpt lat="31.922372535054887" lon="120.59292649138405">
        <ele>5.391323931515217</ele>
        <time>2025-09-16T11:56:43.900000Z</time>
        <extensions>
          <gpxtpx:TrackPointExtension>
            <gpxtpx:hr>133</gpxtpx:hr>
          </gpxtpx:TrackPointExtension>
        </extensions>
      </trkpt>
      <trkpt lat="31.92237363396852" lon="120.59294114978925">
        <ele>5.360496485605836</ele>
        <time>2025-09-16T11:56:44.900000Z</time>
        <extensions>
          <gpxtpx:TrackPointExtension>
            <gpxtpx:hr>133</gpxtpx:hr>
          </gpxtpx:TrackPointExtension>
        </extensions>
      </trkpt>
      <trkpt lat="31.922374445966234" lon="120.59295563088605">
        <ele>5.323387106880546</ele>
        <time>2025-09-16T11:56:45.900000Z</time>
        <extensions>
          <gpxtpx:TrackPointExtension>
            <gpxtpx:hr>132</gpxtpx:hr>
          </gpxtpx:TrackPointExtension>
        </extensions>
      </trkpt>
      <trkpt lat="31.922374899401557" lon="120.59297004648066">
        <ele>5.282744994387031</ele>
        <time>2025-09-16T11:56:46.900000Z</time>
        <extensions>
          <gpxtpx:TrackPointExtension>
            <gpxtpx:hr>132</gpxtpx:hr>
          </gpxtpx:TrackPointExtension>
        </extensions>
      </trkpt>
      <trkpt lat="31.922374819663677" lon="120.59298434159926">
        <ele>5.245599145069718</ele>
        <time>2025-09-16T11:56:47.900000Z</time>
        <extensions>
          <gpxtpx:TrackPointExtension>
            <gpxtpx:hr>132</gpxtpx:hr>
          </gpxtpx:TrackPointExtension>
        </extensions>
      </trkpt>
      <trkpt lat="31.922374043439955" lon="120.59299829162195">
        <ele>5.205849904567003</ele>
        <time>2025-09-16T11:56:48.900000Z</time>
        <extensions>
          <gpxtpx:TrackPointExtension>
            <gpxtpx:hr>132</gpxtpx:hr>
          </gpxtpx:TrackPointExtension>
        </extensions>
      </trkpt>
      <trkpt lat="31.922372544414134" lon="120.59301173482484">
        <ele>5.165058338083327</ele>
        <time>2025-09-16T11:56:49.900000Z</time>
        <extensions>
          <gpxtpx:TrackPointExtension>
            <gpxtpx:hr>132</gpxtpx:hr>
          </gpxtpx:TrackPointExtension>
        </extensions>
      </trkpt>
      <trkpt lat="31.922370567476015" lon="120.59302479269752">
        <ele>5.125249680131674</ele>
        <time>2025-09-16T11:56:50.900000Z</time>
        <extensions>
          <gpxtpx:TrackPointExtension>
            <gpxtpx:hr>132</gpxtpx:hr>
          </gpxtpx:TrackPointExtension>
        </extensions>
      </trkpt>
      <trkpt lat="31.92236856693483" lon="120.59303781251785">
        <ele>5.095282833091915</ele>
        <time>2025-09-16T11:56:51.900000Z</time>
        <extensions>
          <gpxtpx:TrackPointExtension>
            <gpxtpx:hr>132</gpxtpx:hr>
          </gpxtpx:TrackPointExtension>
        </extensions>
      </trkpt>
      <trkpt lat="31.92236692005644" lon="120.59305092136628">
        <ele>5.079369019716978</ele>
        <time>2025-09-16T11:56:52.900000Z</time>
        <extensions>
          <gpxtpx:TrackPointExtension>
            <gpxtpx:hr>132</gpxtpx:hr>
          </gpxtpx:TrackPointExtension>
        </extensions>
      </trkpt>
      <trkpt lat="31.922365810704903" lon="120.59306408562689">
        <ele>5.0595374666154385</ele>
        <time>2025-09-16T11:56:53.900000Z</time>
        <extensions>
          <gpxtpx:TrackPointExtension>
            <gpxtpx:hr>132</gpxtpx:hr>
          </gpxtpx:TrackPointExtension>
        </extensions>
      </trkpt>
      <trkpt lat="31.922365625663044" lon="120.59307665243159">
        <ele>5.039363658055663</ele>
        <time>2025-09-16T11:56:54.900000Z</time>
        <extensions>
          <gpxtpx:TrackPointExtension>
            <gpxtpx:hr>132</gpxtpx:hr>
          </gpxtpx:TrackPointExtension>
        </extensions>
      </trkpt>
      <trkpt lat="31.922366700378216" lon="120.59308804763148">
        <ele>5.015731496736407</ele>
        <time>2025-09-16T11:56:55.900000Z</time>
        <extensions>
          <gpxtpx:TrackPointExtension>
            <gpxtpx:hr>132</gpxtpx:hr>
          </gpxtpx:TrackPointExtension>
        </extensions>
      </trkpt>
      <trkpt lat="31.922369343577717" lon="120.5930984721313">
        <ele>4.995920188724995</ele>
        <time>2025-09-16T11:56:56.900000Z</time>
        <extensions>
          <gpxtpx:TrackPointExtension>
            <gpxtpx:hr>132</gpxtpx:hr>
          </gpxtpx:TrackPointExtension>
        </extensions>
      </trkpt>
      <trkpt lat="31.922373985348095" lon="120.59310824217914">
        <ele>4.9730805810540915</ele>
        <time>2025-09-16T11:56:57.900000Z</time>
        <extensions>
          <gpxtpx:TrackPointExtension>
            <gpxtpx:hr>132</gpxtpx:hr>
          </gpxtpx:TrackPointExtension>
        </extensions>
      </trkpt>
      <trkpt lat="31.92238073141088" lon="120.59311704392131">
        <ele>4.964901055209339</ele>
        <time>2025-09-16T11:56:58.900000Z</time>
        <extensions>
          <gpxtpx:TrackPointExtension>
            <gpxtpx:hr>132</gpxtpx:hr>
          </gpxtpx:TrackPointExtension>
        </extensions>
      </trkpt>
      <trkpt lat="31.922389324506113" lon="120.59312423100262">
        <ele>4.955815372057259</ele>
        <time>2025-09-16T11:56:59.900000Z</time>
        <extensions>
          <gpxtpx:TrackPointExtension>
            <gpxtpx:hr>132</gpxtpx:hr>
          </gpxtpx:TrackPointExtension>
        </extensions>
      </trkpt>
      <trkpt lat="31.922399297769022" lon="120.59312937967077">
        <ele>4.952417588792741</ele>
        <time>2025-09-16T11:57:00.900000Z</time>
        <extensions>
          <gpxtpx:TrackPointExtension>
            <gpxtpx:hr>132</gpxtpx:hr>
          </gpxtpx:TrackPointExtension>
        </extensions>
      </trkpt>
      <trkpt lat="31.922409851318967" lon="120.59313250762271">
        <ele>4.952365490607917</ele>
        <time>2025-09-16T11:57:01.900000Z</time>
        <extensions>
          <gpxtpx:TrackPointExtension>
            <gpxtpx:hr>132</gpxtpx:hr>
          </gpxtpx:TrackPointExtension>
        </extensions>
      </trkpt>
      <trkpt lat="31.922420174185806" lon="120.59313481361072">
        <ele>4.944003510288894</ele>
        <time>2025-09-16T11:57:02.900000Z</time>
        <extensions>
          <gpxtpx:TrackPointExtension>
            <gpxtpx:hr>132</gpxtpx:hr>
          </gpxtpx:TrackPointExtension>
        </extensions>
      </trkpt>
      <trkpt lat="31.922429960990694" lon="120.59313766836986">
        <ele>4.943319107405841</ele>
        <time>2025-09-16T11:57:03.900000Z</time>
        <extensions>
          <gpxtpx:TrackPointExtension>
            <gpxtpx:hr>132</gpxtpx:hr>
          </gpxtpx:TrackPointExtension>
        </extensions>
      </trkpt>
      <trkpt lat="31.92243949505503" lon="120.59314142996047">
        <ele>4.9426723420619965</ele>
        <time>2025-09-16T11:57:04.900000Z</time>
        <extensions>
          <gpxtpx:TrackPointExtension>
            <gpxtpx:hr>132</gpxtpx:hr>
          </gpxtpx:TrackPointExtension>
        </extensions>
      </trkpt>
      <trkpt lat="31.92244902456122" lon="120.59314585146689">
        <ele>4.941427670419216</ele>
        <time>2025-09-16T11:57:05.900000Z</time>
        <extensions>
          <gpxtpx:TrackPointExtension>
            <gpxtpx:hr>133</gpxtpx:hr>
          </gpxtpx:TrackPointExtension>
        </extensions>
      </trkpt>
      <trkpt lat="31.922458512657588" lon="120.59315054046489">
        <ele>4.937376559711993</ele>
        <time>2025-09-16T11:57:06.900000Z</time>
        <extensions>
          <gpxtpx:TrackPointExtension>
            <gpxtpx:hr>133</gpxtpx:hr>
          </gpxtpx:TrackPointExtension>
        </extensions>
      </trkpt>
      <trkpt lat="31.922468045677633" lon="120.59315499935057">
        <ele>4.92758858948946</ele>
        <time>2025-09-16T11:57:07.900000Z</time>
        <extensions>
          <gpxtpx:TrackPointExtension>
            <gpxtpx:hr>133</gpxtpx:hr>
          </gpxtpx:TrackPointExtension>
        </extensions>
      </trkpt>
      <trkpt lat="31.922477932938282" lon="120.59315900706142">
        <ele>4.91692612413317</ele>
        <time>2025-09-16T11:57:08.900000Z</time>
        <extensions>
          <gpxtpx:TrackPointExtension>
            <gpxtpx:hr>133</gpxtpx:hr>
          </gpxtpx:TrackPointExtension>
        </extensions>
      </trkpt>
      <trkpt lat="31.92248816313868" lon="120.59316260971724">
        <ele>4.902438529767096</ele>
        <time>2025-09-16T11:57:09.900000Z</time>
        <extensions>
          <gpxtpx:TrackPointExtension>
            <gpxtpx:hr>133</gpxtpx:hr>
          </gpxtpx:TrackPointExtension>
        </extensions>
      </trkpt>
      <trkpt lat="31.922498188339638" lon="120.59316588017418">
        <ele>4.880563475191593</ele>
        <time>2025-09-16T11:57:10.900000Z</time>
        <extensions>
          <gpxtpx:TrackPointExtension>
            <gpxtpx:hr>133</gpxtpx:hr>
          </gpxtpx:TrackPointExtension>
        </extensions>
      </trkpt>
      <trkpt lat="31.922507379947263" lon="120.59316899651483">
        <ele>4.851534290239215</ele>
        <time>2025-09-16T11:57:11.900000Z</time>
        <extensions>
          <gpxtpx:TrackPointExtension>
            <gpxtpx:hr>133</gpxtpx:hr>
          </gpxtpx:TrackPointExtension>
        </extensions>
      </trkpt>
      <trkpt lat="31.92251604291019" lon="120.59317262430115">
        <ele>4.812687639147043</ele>
        <time>2025-09-16T11:57:12.900000Z</time>
        <extensions>
          <gpxtpx:TrackPointExtension>
            <gpxtpx:hr>133</gpxtpx:hr>
          </gpxtpx:TrackPointExtension>
        </extensions>
      </trkpt>
      <trkpt lat="31.92252515468283" lon="120.59317731887897">
        <ele>4.805295480415225</ele>
        <time>2025-09-16T11:57:13.900000Z</time>
        <extensions>
          <gpxtpx:TrackPointExtension>
            <gpxtpx:hr>133</gpxtpx:hr>
          </gpxtpx:TrackPointExtension>
        </extensions>
      </trkpt>
      <trkpt lat="31.92253503586352" lon="120.59318282171547">
        <ele>4.792659825645387</ele>
        <time>2025-09-16T11:57:14.900000Z</time>
        <extensions>
          <gpxtpx:TrackPointExtension>
            <gpxtpx:hr>133</gpxtpx:hr>
          </gpxtpx:TrackPointExtension>
        </extensions>
      </trkpt>
      <trkpt lat="31.922545414731633" lon="120.59318846006359">
        <ele>4.77679899148643</ele>
        <time>2025-09-16T11:57:15.900000Z</time>
        <extensions>
          <gpxtpx:TrackPointExtension>
            <gpxtpx:hr>132</gpxtpx:hr>
          </gpxtpx:TrackPointExtension>
        </extensions>
      </trkpt>
      <trkpt lat="31.92255607248098" lon="120.5931936591594">
        <ele>4.7719104290008545</ele>
        <time>2025-09-16T11:57:16.900000Z</time>
        <extensions>
          <gpxtpx:TrackPointExtension>
            <gpxtpx:hr>132</gpxtpx:hr>
          </gpxtpx:TrackPointExtension>
        </extensions>
      </trkpt>
      <trkpt lat="31.922566847828005" lon="120.5931983637741">
        <ele>4.7790190344676375</ele>
        <time>2025-09-16T11:57:17.900000Z</time>
        <extensions>
          <gpxtpx:TrackPointExtension>
            <gpxtpx:hr>132</gpxtpx:hr>
          </gpxtpx:TrackPointExtension>
        </extensions>
      </trkpt>
      <trkpt lat="31.922577384036142" lon="120.593202965729">
        <ele>4.783664098009467</ele>
        <time>2025-09-16T11:57:18.900000Z</time>
        <extensions>
          <gpxtpx:TrackPointExtension>
            <gpxtpx:hr>132</gpxtpx:hr>
          </gpxtpx:TrackPointExtension>
        </extensions>
      </trkpt>
      <trkpt lat="31.92258756272557" lon="120.59320770372784">
        <ele>4.786866235546768</ele>
        <time>2025-09-16T11:57:19.900000Z</time>
        <extensions>
          <gpxtpx:TrackPointExtension>
            <gpxtpx:hr>132</gpxtpx:hr>
          </gpxtpx:TrackPointExtension>
        </extensions>
      </trkpt>
      <trkpt lat="31.922597627124645" lon="120.59321212682207">
        <ele>4.796050255186856</ele>
        <time>2025-09-16T11:57:20.900000Z</time>
        <extensions>
          <gpxtpx:TrackPointExtension>
            <gpxtpx:hr>132</gpxtpx:hr>
          </gpxtpx:TrackPointExtension>
        </extensions>
      </trkpt>
      <trkpt lat="31.922607667693757" lon="120.59321587105967">
        <ele>4.813193712383509</ele>
        <time>2025-09-16T11:57:21.900000Z</time>
        <extensions>
          <gpxtpx:TrackPointExtension>
            <gpxtpx:hr>133</gpxtpx:hr>
          </gpxtpx:TrackPointExtension>
        </extensions>
      </trkpt>
      <trkpt lat="31.92261767328672" lon="120.59321935913678">
        <ele>4.83591028675437</ele>
        <time>2025-09-16T11:57:22.900000Z</time>
        <extensions>
          <gpxtpx:TrackPointExtension>
            <gpxtpx:hr>133</gpxtpx:hr>
          </gpxtpx:TrackPointExtension>
        </extensions>
      </trkpt>
      <trkpt lat="31.9226279516409" lon="120.59322342854159">
        <ele>4.8679559556767344</ele>
        <time>2025-09-16T11:57:24Z</time>
        <extensions>
          <gpxtpx:TrackPointExtension>
            <gpxtpx:hr>133</gpxtpx:hr>
          </gpxtpx:TrackPointExtension>
        </extensions>
      </trkpt>
      <trkpt lat="31.922638846303997" lon="120.59322818095708">
        <ele>4.906326190568507</ele>
        <time>2025-09-16T11:57:25Z</time>
        <extensions>
          <gpxtpx:TrackPointExtension>
            <gpxtpx:hr>133</gpxtpx:hr>
          </gpxtpx:TrackPointExtension>
        </extensions>
      </trkpt>
      <trkpt lat="31.922650156865174" lon="120.5932336419341">
        <ele>4.949346044100821</ele>
        <time>2025-09-16T11:57:26Z</time>
        <extensions>
          <gpxtpx:TrackPointExtension>
            <gpxtpx:hr>132</gpxtpx:hr>
          </gpxtpx:TrackPointExtension>
        </extensions>
      </trkpt>
      <trkpt lat="31.92266144535281" lon="120.59324047502011">
        <ele>4.989283208735287</ele>
        <time>2025-09-16T11:57:27Z</time>
        <extensions>
          <gpxtpx:TrackPointExtension>
            <gpxtpx:hr>132</gpxtpx:hr>
          </gpxtpx:TrackPointExtension>
        </extensions>
      </trkpt>
      <trkpt lat="31.92267258587141" lon="120.59324900046205">
        <ele>5.035669510252774</ele>
        <time>2025-09-16T11:57:28Z</time>
        <extensions>
          <gpxtpx:TrackPointExtension>
            <gpxtpx:hr>132</gpxtpx:hr>
          </gpxtpx:TrackPointExtension>
        </extensions>
      </trkpt>
      <trkpt lat="31.92268302987076" lon="120.59325874294139">
        <ele>5.0801112381741405</ele>
        <time>2025-09-16T11:57:29Z</time>
        <extensions>
          <gpxtpx:TrackPointExtension>
            <gpxtpx:hr>132</gpxtpx:hr>
          </gpxtpx:TrackPointExtension>
        </extensions>
      </trkpt>
      <trkpt lat="31.92269273806715" lon="120.59326914877501">
        <ele>5.125048270449042</ele>
        <time>2025-09-16T11:57:30Z</time>
        <extensions>
          <gpxtpx:TrackPointExtension>
            <gpxtpx:hr>132</gpxtpx:hr>
          </gpxtpx:TrackPointExtension>
        </extensions>
      </trkpt>
      <trkpt lat="31.922702304873273" lon="120.59327978233203">
        <ele>5.183508040383458</ele>
        <time>2025-09-16T11:57:31Z</time>
        <extensions>
          <gpxtpx:TrackPointExtension>
            <gpxtpx:hr>132</gpxtpx:hr>
          </gpxtpx:TrackPointExtension>
        </extensions>
      </trkpt>
      <trkpt lat="31.922711496848805" lon="120.59328989300627">
        <ele>5.236063651740551</ele>
        <time>2025-09-16T11:57:31.900000Z</time>
        <extensions>
          <gpxtpx:TrackPointExtension>
            <gpxtpx:hr>132</gpxtpx:hr>
          </gpxtpx:TrackPointExtension>
        </extensions>
      </trkpt>
      <trkpt lat="31.922720404195992" lon="120.59329989640375">
        <ele>5.300958160310984</ele>
        <time>2025-09-16T11:57:32.900000Z</time>
        <extensions>
          <gpxtpx:TrackPointExtension>
            <gpxtpx:hr>132</gpxtpx:hr>
          </gpxtpx:TrackPointExtension>
        </extensions>
      </trkpt>
      <trkpt lat="31.922729167619178" lon="120.59331051421373">
        <ele>5.3690447667613626</ele>
        <time>2025-09-16T11:57:33.900000Z</time>
        <extensions>
          <gpxtpx:TrackPointExtension>
            <gpxtpx:hr>132</gpxtpx:hr>
          </gpxtpx:TrackPointExtension>
        </extensions>
      </trkpt>
      <trkpt lat="31.922737597519166" lon="120.59332142007855">
        <ele>5.437917537987232</ele>
        <time>2025-09-16T11:57:34.900000Z</time>
        <extensions>
          <gpxtpx:TrackPointExtension>
            <gpxtpx:hr>132</gpxtpx:hr>
          </gpxtpx:TrackPointExtension>
        </extensions>
      </trkpt>
      <trkpt lat="31.922745780004966" lon="120.59333231532445">
        <ele>5.5044038482010365</ele>
        <time>2025-09-16T11:57:35.900000Z</time>
        <extensions>
          <gpxtpx:TrackPointExtension>
            <gpxtpx:hr>132</gpxtpx:hr>
          </gpxtpx:TrackPointExtension>
        </extensions>
      </trkpt>
      <trkpt lat="31.922753738138724" lon="120.59334281183237">
        <ele>5.567293269559741</ele>
        <time>2025-09-16T11:57:36.900000Z</time>
        <extensions>
          <gpxtpx:TrackPointExtension>
            <gpxtpx:hr>132</gpxtpx:hr>
          </gpxtpx:TrackPointExtension>
        </extensions>
      </trkpt>
      <trkpt lat="31.92276154732281" lon="120.5933525231268">
        <ele>5.6320203728973866</ele>
        <time>2025-09-16T11:57:37.900000Z</time>
        <extensions>
          <gpxtpx:TrackPointExtension>
            <gpxtpx:hr>132</gpxtpx:hr>
          </gpxtpx:TrackPointExtension>
        </extensions>
      </trkpt>
      <trkpt lat="31.922769666710494" lon="120.59336143183808">
        <ele>5.696220930665731</ele>
        <time>2025-09-16T11:57:38.900000Z</time>
        <extensions>
          <gpxtpx:TrackPointExtension>
            <gpxtpx:hr>132</gpxtpx:hr>
          </gpxtpx:TrackPointExtension>
        </extensions>
      </trkpt>
      <trkpt lat="31.922778341232693" lon="120.59336959395537">
        <ele>5.759252406656742</ele>
        <time>2025-09-16T11:57:39.900000Z</time>
        <extensions>
          <gpxtpx:TrackPointExtension>
            <gpxtpx:hr>132</gpxtpx:hr>
          </gpxtpx:TrackPointExtension>
        </extensions>
      </trkpt>
      <trkpt lat="31.922787514053244" lon="120.59337700993461">
        <ele>5.819712953642011</ele>
        <time>2025-09-16T11:57:40.900000Z</time>
        <extensions>
          <gpxtpx:TrackPointExtension>
            <gpxtpx:hr>132</gpxtpx:hr>
          </gpxtpx:TrackPointExtension>
        </extensions>
      </trkpt>
      <trkpt lat="31.922797149204108" lon="120.59338342504401">
        <ele>5.878368788398802</ele>
        <time>2025-09-16T11:57:41.900000Z</time>
        <extensions>
          <gpxtpx:TrackPointExtension>
            <gpxtpx:hr>130</gpxtpx:hr>
          </gpxtpx:TrackPointExtension>
        </extensions>
      </trkpt>
      <trkpt lat="31.922807399631754" lon="120.59338899251918">
        <ele>5.935805802233517</ele>
        <time>2025-09-16T11:57:42.900000Z</time>
        <extensions>
          <gpxtpx:TrackPointExtension>
            <gpxtpx:hr>130</gpxtpx:hr>
          </gpxtpx:TrackPointExtension>
        </extensions>
      </trkpt>
      <trkpt lat="31.92281798383866" lon="120.59339409133898">
        <ele>5.9932346530258656</ele>
        <time>2025-09-16T11:57:43.900000Z</time>
        <extensions>
          <gpxtpx:TrackPointExtension>
            <gpxtpx:hr>130</gpxtpx:hr>
          </gpxtpx:TrackPointExtension>
        </extensions>
      </trkpt>
      <trkpt lat="31.9228284367767" lon="120.59339880049036">
        <ele>6.045970440842211</ele>
        <time>2025-09-16T11:57:44.900000Z</time>
        <extensions>
          <gpxtpx:TrackPointExtension>
            <gpxtpx:hr>130</gpxtpx:hr>
          </gpxtpx:TrackPointExtension>
        </extensions>
      </trkpt>
      <trkpt lat="31.922838731473593" lon="120.59340325286935">
        <ele>6.096106654964387</ele>
        <time>2025-09-16T11:57:45.900000Z</time>
        <extensions>
          <gpxtpx:TrackPointExtension>
            <gpxtpx:hr>130</gpxtpx:hr>
          </gpxtpx:TrackPointExtension>
        </extensions>
      </trkpt>
      <trkpt lat="31.92284887577621" lon="120.5934076091136">
        <ele>6.140406241640449</ele>
        <time>2025-09-16T11:57:46.900000Z</time>
        <extensions>
          <gpxtpx:TrackPointExtension>
            <gpxtpx:hr>130</gpxtpx:hr>
          </gpxtpx:TrackPointExtension>
        </extensions>
      </trkpt>
      <trkpt lat="31.922859027938376" lon="120.59341216437885">
        <ele>6.181282724253833</ele>
        <time>2025-09-16T11:57:47.900000Z</time>
        <extensions>
          <gpxtpx:TrackPointExtension>
            <gpxtpx:hr>131</gpxtpx:hr>
          </gpxtpx:TrackPointExtension>
        </extensions>
      </trkpt>
      <trkpt lat="31.92286932129307" lon="120.59341694815302">
        <ele>6.219058545306325</ele>
        <time>2025-09-16T11:57:48.900000Z</time>
        <extensions>
          <gpxtpx:TrackPointExtension>
            <gpxtpx:hr>131</gpxtpx:hr>
          </gpxtpx:TrackPointExtension>
        </extensions>
      </trkpt>
      <trkpt lat="31.922879827646774" lon="120.59342168531259">
        <ele>6.250668421387672</ele>
        <time>2025-09-16T11:57:49.900000Z</time>
        <extensions>
          <gpxtpx:TrackPointExtension>
            <gpxtpx:hr>131</gpxtpx:hr>
          </gpxtpx:TrackPointExtension>
        </extensions>
      </trkpt>
      <trkpt lat="31.92289050006834" lon="120.59342608384746">
        <ele>6.2754007605835795</ele>
        <time>2025-09-16T11:57:50.900000Z</time>
        <extensions>
          <gpxtpx:TrackPointExtension>
            <gpxtpx:hr>131</gpxtpx:hr>
          </gpxtpx:TrackPointExtension>
        </extensions>
      </trkpt>
      <trkpt lat="31.9229012408215" lon="120.59343003186837">
        <ele>6.2951641865074635</ele>
        <time>2025-09-16T11:57:51.900000Z</time>
        <extensions>
          <gpxtpx:TrackPointExtension>
            <gpxtpx:hr>131</gpxtpx:hr>
          </gpxtpx:TrackPointExtension>
        </extensions>
      </trkpt>
      <trkpt lat="31.922912115382296" lon="120.59343371544404">
        <ele>6.309583486057818</ele>
        <time>2025-09-16T11:57:52.900000Z</time>
        <extensions>
          <gpxtpx:TrackPointExtension>
            <gpxtpx:hr>132</gpxtpx:hr>
          </gpxtpx:TrackPointExtension>
        </extensions>
      </trkpt>
      <trkpt lat="31.922923047657118" lon="120.5934374308025">
        <ele>6.316719599068165</ele>
        <time>2025-09-16T11:57:53.900000Z</time>
        <extensions>
          <gpxtpx:TrackPointExtension>
            <gpxtpx:hr>132</gpxtpx:hr>
          </gpxtpx:TrackPointExtension>
        </extensions>
      </trkpt>
      <trkpt lat="31.9229337930167" lon="120.59344144472195">
        <ele>6.322921074926853</ele>
        <time>2025-09-16T11:57:54.900000Z</time>
        <extensions>
          <gpxtpx:TrackPointExtension>
            <gpxtpx:hr>132</gpxtpx:hr>
          </gpxtpx:TrackPointExtension>
        </extensions>
      </trkpt>
      <trkpt lat="31.922944217734386" lon="120.59344598821075">
        <ele>6.32251625880599</ele>
        <time>2025-09-16T11:57:55.900000Z</time>
        <extensions>
          <gpxtpx:TrackPointExtension>
            <gpxtpx:hr>132</gpxtpx:hr>
          </gpxtpx:TrackPointExtension>
        </extensions>
      </trkpt>
      <trkpt lat="31.922954277861702" lon="120.59345096403388">
        <ele>6.317108657211065</ele>
        <time>2025-09-16T11:57:56.900000Z</time>
        <extensions>
          <gpxtpx:TrackPointExtension>
            <gpxtpx:hr>132</gpxtpx:hr>
          </gpxtpx:TrackPointExtension>
        </extensions>
      </trkpt>
      <trkpt lat="31.92296403751433" lon="120.59345588943287">
        <ele>6.303178671747446</ele>
        <time>2025-09-16T11:57:57.900000Z</time>
        <extensions>
          <gpxtpx:TrackPointExtension>
            <gpxtpx:hr>132</gpxtpx:hr>
          </gpxtpx:TrackPointExtension>
        </extensions>
      </trkpt>
      <trkpt lat="31.922973861760898" lon="120.59346045035377">
        <ele>6.286036605015397</ele>
        <time>2025-09-16T11:57:58.900000Z</time>
        <extensions>
          <gpxtpx:TrackPointExtension>
            <gpxtpx:hr>128</gpxtpx:hr>
          </gpxtpx:TrackPointExtension>
        </extensions>
      </trkpt>
      <trkpt lat="31.92298388931526" lon="120.59346478909535">
        <ele>6.263327233493328</ele>
        <time>2025-09-16T11:57:59.900000Z</time>
        <extensions>
          <gpxtpx:TrackPointExtension>
            <gpxtpx:hr>128</gpxtpx:hr>
          </gpxtpx:TrackPointExtension>
        </extensions>
      </trkpt>
      <trkpt lat="31.92299396517606" lon="120.59346921392029">
        <ele>6.238460072316229</ele>
        <time>2025-09-16T11:58:00.900000Z</time>
        <extensions>
          <gpxtpx:TrackPointExtension>
            <gpxtpx:hr>128</gpxtpx:hr>
          </gpxtpx:TrackPointExtension>
        </extensions>
      </trkpt>
      <trkpt lat="31.92300407404764" lon="120.59347383622263">
        <ele>6.203789792954922</ele>
        <time>2025-09-16T11:58:01.900000Z</time>
        <extensions>
          <gpxtpx:TrackPointExtension>
            <gpxtpx:hr>128</gpxtpx:hr>
          </gpxtpx:TrackPointExtension>
        </extensions>
      </trkpt>
      <trkpt lat="31.92301413587995" lon="120.59347853863845">
        <ele>6.169714699499309</ele>
        <time>2025-09-16T11:58:02.900000Z</time>
        <extensions>
          <gpxtpx:TrackPointExtension>
            <gpxtpx:hr>128</gpxtpx:hr>
          </gpxtpx:TrackPointExtension>
        </extensions>
      </trkpt>
      <trkpt lat="31.923024018584336" lon="120.59348319082915">
        <ele>6.1333785858005285</ele>
        <time>2025-09-16T11:58:03.900000Z</time>
        <extensions>
          <gpxtpx:TrackPointExtension>
            <gpxtpx:hr>128</gpxtpx:hr>
          </gpxtpx:TrackPointExtension>
        </extensions>
      </trkpt>
      <trkpt lat="31.92303369897912" lon="120.5934879005467">
        <ele>6.0981359807774425</ele>
        <time>2025-09-16T11:58:04.900000Z</time>
        <extensions>
          <gpxtpx:TrackPointExtension>
            <gpxtpx:hr>128</gpxtpx:hr>
          </gpxtpx:TrackPointExtension>
        </extensions>
      </trkpt>
      <trkpt lat="31.92304330758985" lon="120.59349281851529">
        <ele>6.056029931642115</ele>
        <time>2025-09-16T11:58:05.900000Z</time>
        <extensions>
          <gpxtpx:TrackPointExtension>
            <gpxtpx:hr>128</gpxtpx:hr>
          </gpxtpx:TrackPointExtension>
        </extensions>
      </trkpt>
      <trkpt lat="31.923053072443803" lon="120.59349783488783">
        <ele>5.9981528064236045</ele>
        <time>2025-09-16T11:58:06.900000Z</time>
        <extensions>
          <gpxtpx:TrackPointExtension>
            <gpxtpx:hr>128</gpxtpx:hr>
          </gpxtpx:TrackPointExtension>
        </extensions>
      </trkpt>
      <trkpt lat="31.92306307048666" lon="120.59350267113736">
        <ele>5.93486443720758</ele>
        <time>2025-09-16T11:58:07.900000Z</time>
        <extensions>
          <gpxtpx:TrackPointExtension>
            <gpxtpx:hr>128</gpxtpx:hr>
          </gpxtpx:TrackPointExtension>
        </extensions>
      </trkpt>
      <trkpt lat="31.9230731408731" lon="120.59350720762008">
        <ele>5.872824565507472</ele>
        <time>2025-09-16T11:58:08.900000Z</time>
        <extensions>
          <gpxtpx:TrackPointExtension>
            <gpxtpx:hr>128</gpxtpx:hr>
          </gpxtpx:TrackPointExtension>
        </extensions>
      </trkpt>
      <trkpt lat="31.923083205562776" lon="120.5935115237197">
        <ele>5.810938281938434</ele>
        <time>2025-09-16T11:58:09.900000Z</time>
        <extensions>
          <gpxtpx:TrackPointExtension>
            <gpxtpx:hr>128</gpxtpx:hr>
          </gpxtpx:TrackPointExtension>
        </extensions>
      </trkpt>
      <trkpt lat="31.92309325523408" lon="120.59351573707377">
        <ele>5.742091685533524</ele>
        <time>2025-09-16T11:58:10.900000Z</time>
        <extensions>
          <gpxtpx:TrackPointExtension>
            <gpxtpx:hr>128</gpxtpx:hr>
          </gpxtpx:TrackPointExtension>
        </extensions>
      </trkpt>
      <trkpt lat="31.92310327157495" lon="120.59351996952871">
        <ele>5.669333282858133</ele>
        <time>2025-09-16T11:58:11.900000Z</time>
        <extensions>
          <gpxtpx:TrackPointExtension>
            <gpxtpx:hr>128</gpxtpx:hr>
          </gpxtpx:TrackPointExtension>
        </extensions>
      </trkpt>
      <trkpt lat="31.92311318169808" lon="120.59352436831442">
        <ele>5.601848918013275</ele>
        <time>2025-09-16T11:58:12.900000Z</time>
        <extensions>
          <gpxtpx:TrackPointExtension>
            <gpxtpx:hr>129</gpxtpx:hr>
          </gpxtpx:TrackPointExtension>
        </extensions>
      </trkpt>
      <trkpt lat="31.923122947325094" lon="120.59352901690652">
        <ele>5.527515806257725</ele>
        <time>2025-09-16T11:58:13.900000Z</time>
        <extensions>
          <gpxtpx:TrackPointExtension>
            <gpxtpx:hr>129</gpxtpx:hr>
          </gpxtpx:TrackPointExtension>
        </extensions>
      </trkpt>
      <trkpt lat="31.923132712216933" lon="120.59353375529383">
        <ele>5.456555521115661</ele>
        <time>2025-09-16T11:58:14.900000Z</time>
        <extensions>
          <gpxtpx:TrackPointExtension>
            <gpxtpx:hr>129</gpxtpx:hr>
          </gpxtpx:TrackPointExtension>
        </extensions>
      </trkpt>
      <trkpt lat="31.9231425717338" lon="120.59353822690359">
        <ele>5.376461780630052</ele>
        <time>2025-09-16T11:58:15.900000Z</time>
        <extensions>
          <gpxtpx:TrackPointExtension>
            <gpxtpx:hr>129</gpxtpx:hr>
          </gpxtpx:TrackPointExtension>
        </extensions>
      </trkpt>
      <trkpt lat="31.92315241677415" lon="120.59354224289042">
        <ele>5.302962051704526</ele>
        <time>2025-09-16T11:58:16.900000Z</time>
        <extensions>
          <gpxtpx:TrackPointExtension>
            <gpxtpx:hr>129</gpxtpx:hr>
          </gpxtpx:TrackPointExtension>
        </extensions>
      </trkpt>
      <trkpt lat="31.92316229571597" lon="120.59354591823684">
        <ele>5.238215710036457</ele>
        <time>2025-09-16T11:58:17.900000Z</time>
        <extensions>
          <gpxtpx:TrackPointExtension>
            <gpxtpx:hr>129</gpxtpx:hr>
          </gpxtpx:TrackPointExtension>
        </extensions>
      </trkpt>
      <trkpt lat="31.92317213824239" lon="120.59354933975075">
        <ele>5.177956950850785</ele>
        <time>2025-09-16T11:58:18.900000Z</time>
        <extensions>
          <gpxtpx:TrackPointExtension>
            <gpxtpx:hr>129</gpxtpx:hr>
          </gpxtpx:TrackPointExtension>
        </extensions>
      </trkpt>
      <trkpt lat="31.92318190069241" lon="120.5935528092042">
        <ele>5.118906133808196</ele>
        <time>2025-09-16T11:58:19.900000Z</time>
        <extensions>
          <gpxtpx:TrackPointExtension>
            <gpxtpx:hr>129</gpxtpx:hr>
          </gpxtpx:TrackPointExtension>
        </extensions>
      </trkpt>
      <trkpt lat="31.923191677394268" lon="120.59355653373393">
        <ele>5.062874410301447</ele>
        <time>2025-09-16T11:58:20.900000Z</time>
        <extensions>
          <gpxtpx:TrackPointExtension>
            <gpxtpx:hr>129</gpxtpx:hr>
          </gpxtpx:TrackPointExtension>
        </extensions>
      </trkpt>
      <trkpt lat="31.9232013438467" lon="120.59356002717375">
        <ele>5.014174018055201</ele>
        <time>2025-09-16T11:58:21.900000Z</time>
        <extensions>
          <gpxtpx:TrackPointExtension>
            <gpxtpx:hr>129</gpxtpx:hr>
          </gpxtpx:TrackPointExtension>
        </extensions>
      </trkpt>
      <trkpt lat="31.92321077922946" lon="120.59356274535541">
        <ele>4.964795650914311</ele>
        <time>2025-09-16T11:58:22.900000Z</time>
        <extensions>
          <gpxtpx:TrackPointExtension>
            <gpxtpx:hr>129</gpxtpx:hr>
          </gpxtpx:TrackPointExtension>
        </extensions>
      </trkpt>
      <trkpt lat="31.923220309715816" lon="120.59356476773587">
        <ele>4.922638402320445</ele>
        <time>2025-09-16T11:58:23.900000Z</time>
        <extensions>
          <gpxtpx:TrackPointExtension>
            <gpxtpx:hr>129</gpxtpx:hr>
          </gpxtpx:TrackPointExtension>
        </extensions>
      </trkpt>
      <trkpt lat="31.923229786944642" lon="120.59356621232648">
        <ele>4.888662318699062</ele>
        <time>2025-09-16T11:58:24.900000Z</time>
        <extensions>
          <gpxtpx:TrackPointExtension>
            <gpxtpx:hr>129</gpxtpx:hr>
          </gpxtpx:TrackPointExtension>
        </extensions>
      </trkpt>
      <trkpt lat="31.923238793805385" lon="120.59356704320463">
        <ele>4.860606975853443</ele>
        <time>2025-09-16T11:58:25.900000Z</time>
        <extensions>
          <gpxtpx:TrackPointExtension>
            <gpxtpx:hr>129</gpxtpx:hr>
          </gpxtpx:TrackPointExtension>
        </extensions>
      </trkpt>
      <trkpt lat="31.92324730068817" lon="120.59356681300899">
        <ele>4.835983053781092</ele>
        <time>2025-09-16T11:58:26.900000Z</time>
        <extensions>
          <gpxtpx:TrackPointExtension>
            <gpxtpx:hr>129</gpxtpx:hr>
          </gpxtpx:TrackPointExtension>
        </extensions>
      </trkpt>
      <trkpt lat="31.92325508612354" lon="120.59356487790285">
        <ele>4.818122790195048</ele>
        <time>2025-09-16T11:58:27.900000Z</time>
        <extensions>
          <gpxtpx:TrackPointExtension>
            <gpxtpx:hr>129</gpxtpx:hr>
          </gpxtpx:TrackPointExtension>
        </extensions>
      </trkpt>
      <trkpt lat="31.923262294161944" lon="120.59356112871716">
        <ele>4.80373805295676</ele>
        <time>2025-09-16T11:58:28.900000Z</time>
        <extensions>
          <gpxtpx:TrackPointExtension>
            <gpxtpx:hr>129</gpxtpx:hr>
          </gpxtpx:TrackPointExtension>
        </extensions>
      </trkpt>
      <trkpt lat="31.923269299460014" lon="120.59355554977408">
        <ele>4.794169167988002</ele>
        <time>2025-09-16T11:58:29.900000Z</time>
        <extensions>
          <gpxtpx:TrackPointExtension>
            <gpxtpx:hr>129</gpxtpx:hr>
          </gpxtpx:TrackPointExtension>
        </extensions>
      </trkpt>
      <trkpt lat="31.923275611208293" lon="120.59354791954803">
        <ele>4.791634254157543</ele>
        <time>2025-09-16T11:58:30.900000Z</time>
        <extensions>
          <gpxtpx:TrackPointExtension>
            <gpxtpx:hr>129</gpxtpx:hr>
          </gpxtpx:TrackPointExtension>
        </extensions>
      </trkpt>
      <trkpt lat="31.923280721583172" lon="120.59353814614123">
        <ele>4.793997270986438</ele>
        <time>2025-09-16T11:58:31.900000Z</time>
        <extensions>
          <gpxtpx:TrackPointExtension>
            <gpxtpx:hr>129</gpxtpx:hr>
          </gpxtpx:TrackPointExtension>
        </extensions>
      </trkpt>
      <trkpt lat="31.92328488845474" lon="120.59352688437718">
        <ele>4.803062574006617</ele>
        <time>2025-09-16T11:58:32.900000Z</time>
        <extensions>
          <gpxtpx:TrackPointExtension>
            <gpxtpx:hr>130</gpxtpx:hr>
          </gpxtpx:TrackPointExtension>
        </extensions>
      </trkpt>
      <trkpt lat="31.9232884414284" lon="120.59351502745356">
        <ele>4.815332045778632</ele>
        <time>2025-09-16T11:58:33.900000Z</time>
        <extensions>
          <gpxtpx:TrackPointExtension>
            <gpxtpx:hr>130</gpxtpx:hr>
          </gpxtpx:TrackPointExtension>
        </extensions>
      </trkpt>
      <trkpt lat="31.923291731910055" lon="120.5935030456957">
        <ele>4.8318479442968965</ele>
        <time>2025-09-16T11:58:34.900000Z</time>
        <extensions>
          <gpxtpx:TrackPointExtension>
            <gpxtpx:hr>130</gpxtpx:hr>
          </gpxtpx:TrackPointExtension>
        </extensions>
      </trkpt>
      <trkpt lat="31.92329502675637" lon="120.59349118228062">
        <ele>4.850022018887103</ele>
        <time>2025-09-16T11:58:35.900000Z</time>
        <extensions>
          <gpxtpx:TrackPointExtension>
            <gpxtpx:hr>130</gpxtpx:hr>
          </gpxtpx:TrackPointExtension>
        </extensions>
      </trkpt>
      <trkpt lat="31.923298424432677" lon="120.59347952377426">
        <ele>4.873717438429594</ele>
        <time>2025-09-16T11:58:36.900000Z</time>
        <extensions>
          <gpxtpx:TrackPointExtension>
            <gpxtpx:hr>130</gpxtpx:hr>
          </gpxtpx:TrackPointExtension>
        </extensions>
      </trkpt>
      <trkpt lat="31.92330196649671" lon="120.59346795974943">
        <ele>4.890605085529387</ele>
        <time>2025-09-16T11:58:37.900000Z</time>
        <extensions>
          <gpxtpx:TrackPointExtension>
            <gpxtpx:hr>130</gpxtpx:hr>
          </gpxtpx:TrackPointExtension>
        </extensions>
      </trkpt>
      <trkpt lat="31.92330557191753" lon="120.59345637165684">
        <ele>4.910799262113869</ele>
        <time>2025-09-16T11:58:38.900000Z</time>
        <extensions>
          <gpxtpx:TrackPointExtension>
            <gpxtpx:hr>130</gpxtpx:hr>
          </gpxtpx:TrackPointExtension>
        </extensions>
      </trkpt>
      <trkpt lat="31.92330914250395" lon="120.59344474868713">
        <ele>4.940335154533386</ele>
        <time>2025-09-16T11:58:39.900000Z</time>
        <extensions>
          <gpxtpx:TrackPointExtension>
            <gpxtpx:hr>130</gpxtpx:hr>
          </gpxtpx:TrackPointExtension>
        </extensions>
      </trkpt>
      <trkpt lat="31.92331273044172" lon="120.59343319240475">
        <ele>4.968750724568963</ele>
        <time>2025-09-16T11:58:40.900000Z</time>
        <extensions>
          <gpxtpx:TrackPointExtension>
            <gpxtpx:hr>130</gpxtpx:hr>
          </gpxtpx:TrackPointExtension>
        </extensions>
      </trkpt>
      <trkpt lat="31.9233164654652" lon="120.59342170674451">
        <ele>4.997845678590238</ele>
        <time>2025-09-16T11:58:41.900000Z</time>
        <extensions>
          <gpxtpx:TrackPointExtension>
            <gpxtpx:hr>130</gpxtpx:hr>
          </gpxtpx:TrackPointExtension>
        </extensions>
      </trkpt>
      <trkpt lat="31.923320415510183" lon="120.59341025002773">
        <ele>5.028970442712307</ele>
        <time>2025-09-16T11:58:42.900000Z</time>
        <extensions>
          <gpxtpx:TrackPointExtension>
            <gpxtpx:hr>130</gpxtpx:hr>
          </gpxtpx:TrackPointExtension>
        </extensions>
      </trkpt>
      <trkpt lat="31.923324507436032" lon="120.59339880663202">
        <ele>5.058959359303117</ele>
        <time>2025-09-16T11:58:43.900000Z</time>
        <extensions>
          <gpxtpx:TrackPointExtension>
            <gpxtpx:hr>130</gpxtpx:hr>
          </gpxtpx:TrackPointExtension>
        </extensions>
      </trkpt>
      <trkpt lat="31.92332863077243" lon="120.59338734502346">
        <ele>5.091582425870001</ele>
        <time>2025-09-16T11:58:44.900000Z</time>
        <extensions>
          <gpxtpx:TrackPointExtension>
            <gpxtpx:hr>130</gpxtpx:hr>
          </gpxtpx:TrackPointExtension>
        </extensions>
      </trkpt>
      <trkpt lat="31.923332909567687" lon="120.59337607719141">
        <ele>5.120179673656821</ele>
        <time>2025-09-16T11:58:45.900000Z</time>
        <extensions>
          <gpxtpx:TrackPointExtension>
            <gpxtpx:hr>130</gpxtpx:hr>
          </gpxtpx:TrackPointExtension>
        </extensions>
      </trkpt>
      <trkpt lat="31.923337451435945" lon="120.59336489298941">
        <ele>5.138216459192336</ele>
        <time>2025-09-16T11:58:46.900000Z</time>
        <extensions>
          <gpxtpx:TrackPointExtension>
            <gpxtpx:hr>130</gpxtpx:hr>
          </gpxtpx:TrackPointExtension>
        </extensions>
      </trkpt>
      <trkpt lat="31.923342062604036" lon="120.5933534311933">
        <ele>5.147785950452089</ele>
        <time>2025-09-16T11:58:47.900000Z</time>
        <extensions>
          <gpxtpx:TrackPointExtension>
            <gpxtpx:hr>129</gpxtpx:hr>
          </gpxtpx:TrackPointExtension>
        </extensions>
      </trkpt>
      <trkpt lat="31.923346700257877" lon="120.59334160718505">
        <ele>5.156405461020768</ele>
        <time>2025-09-16T11:58:48.900000Z</time>
        <extensions>
          <gpxtpx:TrackPointExtension>
            <gpxtpx:hr>129</gpxtpx:hr>
          </gpxtpx:TrackPointExtension>
        </extensions>
      </trkpt>
      <trkpt lat="31.923351409053765" lon="120.59332941091395">
        <ele>5.149738592095673</ele>
        <time>2025-09-16T11:58:49.900000Z</time>
        <extensions>
          <gpxtpx:TrackPointExtension>
            <gpxtpx:hr>129</gpxtpx:hr>
          </gpxtpx:TrackPointExtension>
        </extensions>
      </trkpt>
      <trkpt lat="31.923355931916184" lon="120.5933171557442">
        <ele>5.154259427450597</ele>
        <time>2025-09-16T11:58:50.900000Z</time>
        <extensions>
          <gpxtpx:TrackPointExtension>
            <gpxtpx:hr>129</gpxtpx:hr>
          </gpxtpx:TrackPointExtension>
        </extensions>
      </trkpt>
      <trkpt lat="31.923360115591212" lon="120.59330509025382">
        <ele>5.155193225480616</ele>
        <time>2025-09-16T11:58:51.900000Z</time>
        <extensions>
          <gpxtpx:TrackPointExtension>
            <gpxtpx:hr>129</gpxtpx:hr>
          </gpxtpx:TrackPointExtension>
        </extensions>
      </trkpt>
      <trkpt lat="31.923364043700417" lon="120.59329312082943">
        <ele>5.152458239346743</ele>
        <time>2025-09-16T11:58:52.900000Z</time>
        <extensions>
          <gpxtpx:TrackPointExtension>
            <gpxtpx:hr>129</gpxtpx:hr>
          </gpxtpx:TrackPointExtension>
        </extensions>
      </trkpt>
      <trkpt lat="31.92336781978648" lon="120.59328128616336">
        <ele>5.146101578138769</ele>
        <time>2025-09-16T11:58:53.900000Z</time>
        <extensions>
          <gpxtpx:TrackPointExtension>
            <gpxtpx:hr>129</gpxtpx:hr>
          </gpxtpx:TrackPointExtension>
        </extensions>
      </trkpt>
      <trkpt lat="31.92337162264929" lon="120.59326969302172">
        <ele>5.136332764290273</ele>
        <time>2025-09-16T11:58:54.900000Z</time>
        <extensions>
          <gpxtpx:TrackPointExtension>
            <gpxtpx:hr>129</gpxtpx:hr>
          </gpxtpx:TrackPointExtension>
        </extensions>
      </trkpt>
      <trkpt lat="31.92337551986411" lon="120.59325844372565">
        <ele>5.123560907319188</ele>
        <time>2025-09-16T11:58:55.900000Z</time>
        <extensions>
          <gpxtpx:TrackPointExtension>
            <gpxtpx:hr>129</gpxtpx:hr>
          </gpxtpx:TrackPointExtension>
        </extensions>
      </trkpt>
      <trkpt lat="31.923379461179923" lon="120.59324763581726">
        <ele>5.108424191363156</ele>
        <time>2025-09-16T11:58:56.900000Z</time>
        <extensions>
          <gpxtpx:TrackPointExtension>
            <gpxtpx:hr>129</gpxtpx:hr>
          </gpxtpx:TrackPointExtension>
        </extensions>
      </trkpt>
      <trkpt lat="31.923383444664584" lon="120.59323713269741">
        <ele>5.091702812351286</ele>
        <time>2025-09-16T11:58:57.900000Z</time>
        <extensions>
          <gpxtpx:TrackPointExtension>
            <gpxtpx:hr>129</gpxtpx:hr>
          </gpxtpx:TrackPointExtension>
        </extensions>
      </trkpt>
      <trkpt lat="31.92338742918724" lon="120.59322675021787">
        <ele>5.074117733165622</ele>
        <time>2025-09-16T11:58:58.900000Z</time>
        <extensions>
          <gpxtpx:TrackPointExtension>
            <gpxtpx:hr>129</gpxtpx:hr>
          </gpxtpx:TrackPointExtension>
        </extensions>
      </trkpt>
      <trkpt lat="31.92339119197149" lon="120.59321652868408">
        <ele>5.056205564178526</ele>
        <time>2025-09-16T11:58:59.900000Z</time>
        <extensions>
          <gpxtpx:TrackPointExtension>
            <gpxtpx:hr>129</gpxtpx:hr>
          </gpxtpx:TrackPointExtension>
        </extensions>
      </trkpt>
    </trkseg>
  </trk>
</gpx>